upper1,upper2,upper3,lower1,lower2,n,penalty
1.9921863079071045,1.9921863079071045,1.9921863079071045,-1.9921863079071045,-1.9921863079071045,19.962932467508356,0.37249502388001887
2.96112270158071,2.0938299422131497,1.7096049888611347,-2.96112270158071,-2.0938299422131497,17.554053946314937,0.33701550065771324
2.119577478632703,1.8734595104893361,1.8356079417852893,6.285533994301575e-16,1.1240757062936024,21.321185644750358,0.27147341744872416
2.9897105216552764,1.80457156367722,-3.0,0.3759754396738851,3.0,10.222216555722145,25.0
-2.7283455565779753,-2.8332506103324784,3.0,1.7891093670652247,3.0,29.7176195718054,25.0
2.630203338063176,2.7193874475539195,-0.1938545574995523,-2.7800038933627724,-3.0,11.490408997221499,25.0
-2.8917885095433546,-2.6788880922454137,1.0630812232674345,0.6604413543550421,3.0,10.97834203583818,25.0
-2.488524977399694,-2.2403684623102564,-1.5198755556673786,0.6284838612490089,-2.991905140729929,28.09782309536058,25.0
-1.8693011286918513,-2.754491178455233,2.2670804171247396,-1.3452644678641295,3.0,11.115264512122323,25.0
-2.122356663565887,-2.873410140623972,-2.2572327332908553,-2.909073539070193,-2.997465621187765,19.86467627923061,25.0
2.920142169974903,-1.9257701938647487,-0.8626127480851239,-1.8674768923806662,2.988966329623679,12.264831524315122,25.0
2.7002601693562296,2.0590471098960905,0.4000030213409258,-0.3146444105362176,-2.9962308122454124,17.478668789392,25.0
-2.6686655650546656,-1.1339606994125881,1.5222831303026343,0.9152574178121157,-3.0,26.53202352085363,25.0
2.961089758092448,-2.5686954390691974,-1.88783777386795,0.3037284830184535,2.9979501792411676,17.045838261634785,25.0
-2.35582813259843,2.7704119648245658,-2.6255201737887557,-2.3989395339415,2.988163813446744,14.026225397888403,25.0
2.632756475329778,-1.4023920414273976,1.7590000836885658,-1.2684415229900936,-3.0,10.149266173779841,25.0
2.7012107632244935,0.8298644175699417,1.6582454755932137,1.9794118908505143,-0.9742873316972843,19.96590988456996,25.0
-0.6270269324148345,-2.4395410072243093,0.4870912009803101,1.7294477989290282,2.2303765429585996,25.443427406675653,25.0
2.298220749297096,-1.2068062635055852,-0.36359921312824284,2.9832208927309196,2.544396279704854,10.902422715534712,25.0
0.7880840621377052,0.2290980400905953,-1.7529425330143953,1.827606246767739,2.9871090036643855,16.6680156288201,25.0
-1.7576788275166537,2.502007165966667,1.2913154826693898,1.2750557898240675,1.9268244204942304,22.31183681712091,25.0
1.718335731299602,-1.3916569574521653,1.4305627720609948,-1.379501900074112,0.5491246545710888,17.08518895887703,25.0
-1.1043267160372907,-0.9023979965933706,1.0085510546205043,-1.6230554317306893,-2.9512930816334983,13.169319323585942,25.0
-2.839214827052357,-2.3745271202746157,2.4988730156014007,0.6288780342725651,0.4127327979727502,18.85853785151342,25.0
-1.3673178369322319,-1.070524488733244,-0.10481458442284053,-1.3260562793675095,-1.0296183633623546,27.757379814026706,25.0
0.3301090658185202,0.6262934576007706,0.2816303607730193,-1.7153983524669836,1.7947699554416552,25.60739601638535,25.0
-1.2882368310759351,-2.7154485872019944,-2.5695865836240706,1.9616042129767672,-1.945026943176778,23.852362744319514,25.0
1.1008852799170574,-1.858806078978902,-2.1211468180459603,1.4904551742569385,-2.112196498238032,12.10776350678174,25.0
-2.4114947877304282,-2.5029747055191702,2.6314105315314835,2.4748214308086514,1.302556351716201,19.27845664239756,25.0
-0.7700745549894958,-2.9233901169060053,0.06046006651218416,-2.6500137725376502,2.6330479911825666,12.421541646643949,25.0
1.1977228406985407,2.0934294555871666,-0.9505296476146365,-2.039207259456575,1.274576699040182,13.204963027607018,25.0
0.5639497785307532,2.876006614635971,0.3310174334233098,1.96429415099976,0.23589622002177757,17.098219514823406,25.0
0.464360005364175,1.5559771108950944,1.5747767338216878,2.70735256289918,0.6882574691037013,19.78747683600187,25.0
-1.913362016385919,1.3712853327943142,0.18631471510798425,-0.6665505497613786,2.2494171780637444,25.828871975533616,25.0
1.4001367958465512,-1.4888767767143247,0.6347708638767613,2.4135225183225923,-0.06666105047561821,17.753147905823234,25.0
-1.5064402475257435,2.4997032901341436,2.040081355542041,-1.9554697638214296,-0.8129626675191197,13.043487140500059,25.0
-0.8035075414003123,-0.7342756952481113,2.921529948608427,-2.887557210902503,0.7513684686275042,14.455049074656445,25.0
1.8473826884143048,1.8676699257795342,-1.8368931720603165,1.9189789674179476,2.3146530317186613,12.930145442076352,25.0
0.29838330770483834,-2.6879372073595738,-1.4298369901945618,2.6481718518928403,-1.059346020733039,20.342823597069767,25.0
0.1440171320140502,-1.600169161749573,0.6888338209865008,-0.01093106223379392,0.43468496424369807,14.517062288689907,25.0
1.6580966071104388,1.353578391824322,-0.6712934992519495,0.6520406668921472,-2.8709086170805027,26.710167137611233,25.0
-0.20500840061570047,1.00125656982829,2.165338288022779,2.8764106337612567,-1.4310216747363174,20.374431753147743,25.0
-2.7824609297813496,1.188018957395622,2.7224061171299923,-0.937595342227878,1.4750603472404196,25.40461828902938,25.0
-0.5823965098570345,1.596608689785553,2.5630357351971735,0.8402549011026674,2.6150784123339132,11.408744367261416,25.0
-0.7804190915467322,0.41245538516702185,-2.3579126177354706,-1.6383308084491652,-1.2502393768592315,14.177346087118604,25.0
1.8628823655660938,1.7732053114270645,-2.05878578008458,1.2622241815712698,2.7120803414429986,11.026592798858381,25.0
0.3590189162561752,0.3748152970815908,-1.0628247474424528,-0.5699891283792002,0.2621307355580784,23.906497744618388,25.0
0.8226770719586192,-0.10797259406144821,2.3852619576856364,-0.07765601679165268,1.1422942517095684,14.070646950422514,25.0
-1.9811498910822651,-0.6995362922078385,2.8375435632700796,-1.1063650167529948,0.3949924172412822,23.485521460463318,25.0
0.4713496566521962,0.36148371705228,0.8583607322443969,-1.1234934714182216,0.05660133420005753,28.09633289518771,25.0
-1.6641139481531364,-1.7688787101303278,-1.1774916143196155,1.3285610121815772,-0.6661038071227217,16.445734416776755,25.0
1.596564921105685,1.1940097845151811,-1.973479146354105,-1.0058708579097249,2.3880561978389956,10.940871094656174,25.0
2.602655673686451,-2.1759039220986534,0.1293919570501023,-2.402838338614353,2.231803282182007,22.43001103524677,25.0
1.8415544936426533,-1.6598567290163455,-0.7232855287517279,0.9636814525842259,-1.1738890557185488,24.14868399838792,25.0
1.9964472405914826,-2.976732764189578,0.5885361958405819,-0.7194509109120482,0.8960013131563955,10.682092790727328,25.0
0.7516775383665899,0.3842166832233631,2.0952538917918044,-0.2420516798170138,2.785571414696264,23.768072500512964,25.0
-0.42433516622150336,0.39616505942110347,-2.7457654543870804,1.3406971292678378,1.334158469528452,15.479535747060172,25.0
0.8251693175652974,1.0715607744888729,1.163092226284821,-0.2921466778198005,-2.963765483567854,20.357966236449016,25.0
0.04658416160661405,-2.5845560783673323,-1.3368886936806739,-0.1693589573961778,1.5939771673217003,17.187151464388517,25.0
-0.24768442667185298,2.957330561560072,-0.44993505679418533,0.5588039589899769,1.4349572007177631,19.182160458774216,25.0
0.3567571095501956,1.9245858006490675,-1.5717185127502655,1.197476898231268,1.360324814163823,10.73049684521358,25.0
-1.1855444849941703,-0.45868690119913413,-1.6328842956596272,-1.90188006979177,1.548716599223921,12.858404769425174,25.0
0.8410362599151537,-1.3573277747985135,-0.5846979676907713,0.4311403213653171,0.4284331976275011,27.16986182225904,25.0
-0.2770100713975361,-1.4374790709435423,1.2318576366976588,-2.3151357870878932,-2.7781161586408,15.205881401783605,25.0
2.875702663546674,-0.5082531913867285,-1.2703810815674301,-2.666501326982448,-0.6515069898434422,21.042772633488617,25.0
1.3554598178514867,-1.5375256542634008,-2.5075620361191646,-1.033274972679255,2.808280088217302,24.684559099852052,25.0
2.545156575539604,1.17626489333807,0.903930575038169,2.1318890231155407,-0.49671434093225564,18.02335304428937,25.0
1.5244307755628341,-0.859023232482587,-2.8214220810713244,1.5824485136619124,-1.5406824452389447,18.498155884974672,25.0
2.3899457795308443,-2.2317282844787565,-0.3023563222588974,2.6049236193446577,1.1118010219459586,22.709067959713842,25.0
-1.4957892947931462,-1.6590527503111843,0.9620105318478798,1.7564060587389,0.8661728114669742,12.905948365583782,25.0
1.394582098629991,2.6241946803634963,1.3794311374357484,1.0848950353168068,2.6559311371441847,16.347310654348966,25.0
-0.9355908264078816,2.998253186099797,2.445592109679864,2.788607934954907,-0.5324813270285289,10.521232641154711,25.0
0.11979169656285027,2.0656177937523186,-0.49493870138413687,2.8241148714935065,-0.21033806178715952,23.848464404762254,25.0
2.1429816324300823,-0.9187762690958396,2.313846381625469,-2.9494037840116683,1.339896209764964,24.55795837982911,25.0
1.5918529006773188,2.275894279889286,1.9286092295877575,2.719671706053443,-2.043147946902701,18.506617141668723,25.0
-1.4554624433568528,-1.5464164440706107,-2.312538387072633,-1.1570476580425715,-2.996758871566672,10.978296020331225,25.0
0.3438579027651434,1.6644227424290996,0.7941797892737519,2.1974366802083587,1.2422590570300258,22.10615818606131,25.0
-1.959249025992683,0.38374879358186664,-1.109029446503821,2.1697560920894183,-0.7810089849484232,26.46200187097415,25.0
1.5212353526518267,-2.9585322075496605,-0.2560710682690934,-0.999479405853168,1.452414841021909,16.35982814781628,25.0
0.18442992449834028,1.9300810432581104,-0.054010294799092584,-2.921339514058596,-2.747539460034735,23.899669985315157,25.0
-0.9454727331847734,2.8067771411043143,1.8830787285052182,-0.6409567692383842,-2.28006539993129,19.014319695899616,25.0
2.524079335540147,-0.9130542393970198,-2.2053882395931366,-1.5820808323840998,0.15284229966378415,20.829745026645284,25.0
0.4209300501550559,-2.4097809011224163,-1.2246502479161623,0.06955189921156668,1.9500799814725234,20.88940358439433,25.0
1.9780298470956748,2.4477701488013066,-2.865722418004091,2.826895273541634,-2.5898563921692848,29.044065398027044,25.0
-0.518373577759975,2.8043537727192236,-1.7035373461995391,-1.4261610573441001,-0.29634900661843133,20.371587050906122,25.0
2.768187007673733,-2.7183205895603217,-2.4149645699944724,1.279343134227199,-2.0344377024799845,10.295263230008654,25.0
2.7711346940118693,0.9838292901726216,1.109174841375884,0.6186451864251015,-0.1694307384396696,18.449159183163783,25.0
2.580516332586587,-1.5599700029048202,2.7860754083206354,-1.193448888245563,2.233987159304535,11.26659464038886,25.0
2.575201520951369,-2.1913778094216916,-0.788950769132613,1.927556057034936,-1.0836093811419758,14.698866957789857,25.0
-2.732389301300983,0.2311597661013325,-2.954148908051874,0.9209947115566406,2.1654389866813046,13.279577285103827,25.0
-1.884248492289712,-1.897541908416875,-0.9999272899438152,2.6669230256569705,-1.8675598562322042,12.01543706552858,25.0
1.0999813091688626,2.4205037695966425,1.47472063507929,2.4952000348485193,-2.532990308644115,20.06493751878142,25.0
1.9642794742628915,0.38307093541946147,2.214147293904862,0.5823006732050602,-2.6068893533870834,24.283988494478116,25.0
-0.5777486632743045,-1.3745237348759485,-2.683688448132481,-0.4261312923771552,2.820190330035941,27.141558342080977,25.0
1.6147938469957577,2.743098166349972,0.01448949044348069,-1.0822268153197347,2.390666499696369,14.019680843281002,25.0
-2.0016711452014335,-1.7965743095646336,0.738134707012001,1.628311958558779,1.8761791325111563,19.555387918341246,25.0
-2.399507798947628,-2.388109010030511,0.5376202299616599,-1.4848456424908165,-2.432884199714899,11.418786003386288,25.0
-2.4955167824166127,-1.388654618514101,-2.463152505264985,-0.505832420637808,-1.230691684083836,12.167665163081685,25.0
-2.503623098675302,-2.2353881778249214,0.44337320654165113,-2.2470466434133787,0.4065448415230879,22.234363856778465,25.0
-1.892971858105362,-0.13175707827492467,-0.9061612093956488,-2.8667395554236452,-0.017486759130195484,23.50822011601588,25.0
1.0683816684068876,-0.5191913080385389,-2.910320667708851,0.5489760948145164,2.4339548703342846,13.784608147288825,25.0
-0.29700278405163116,1.222018738657523,0.23479326292942604,2.108339355254385,0.3235732014087529,26.72459754604374,25.0
-2.075462311105913,-1.7063355671919136,-1.3830003066718795,0.12341009413347015,2.8390028130424367,16.728308083722556,25.0
-0.20007649895610902,-2.453824710609219,2.675898734814286,1.567116297796984,-2.170813867644816,28.07771275344349,25.0
-2.256844615462152,2.4486355958561594,-0.5391140188727612,-1.8498261757007377,-2.156269772444287,21.125088816512534,25.0
-2.46395231658824,-2.0307498206974284,-0.6287166120139291,-2.412047162355583,0.6534363261102452,18.841111981207913,25.0
-2.8487077343269176,2.07581386910762,-1.475186956847057,0.27850335465109355,-2.971618177053508,18.62018191682818,25.0
-1.9659178666115662,-1.7558218097820908,1.336765747829177,-1.0592701391824213,2.6583911494073202,23.24274861951871,25.0
-2.4535853205207294,2.814715336607785,-2.163304055374284,1.3829053302000283,0.5337113207691906,22.32589471807902,25.0
2.9489016413978995,0.8715405328161827,-0.14638327896365766,0.3503701132481014,-0.5443843201178047,14.8605534372542,25.0
2.6614965809500655,0.886182248382569,-0.4059439079776537,-0.9273223943590843,-1.043821656943389,13.47968957200781,25.0
-0.22312564229768928,-1.0620395161143263,-2.017100972743295,-2.9692600348360765,-0.39651849833005803,25.51936138151803,25.0
-2.780670416424044,-1.4938727069558992,-1.7949415795417485,-1.296668914364448,-1.708603661846034,26.650048376028575,25.0
1.422982070708823,0.4026530901633931,2.879086052826681,0.1865248452125554,-1.3923350216114914,14.539576402833356,25.0
-1.8779683986959315,-2.9735920273673515,-1.9302209657597595,-0.8122577416438435,-0.648022904972378,17.17707023665371,25.0
-2.9411839371300736,-1.59305054750098,1.6159327730829034,-1.7029010396127688,-0.27619471328002776,14.952097261824097,25.0
1.594283993262298,-2.597702733032756,1.799136345289118,-0.37246256098393493,-1.3792246813979654,26.758806607192223,25.0
-1.389502982683513,2.5544831063208697,2.9607023240327885,-2.4877889673393287,1.927745120208832,19.830108938148516,25.0
-2.4026389105462713,1.2141607817419533,-2.783970600302893,2.252658654211573,-2.132779302529939,27.64578492159198,25.0
1.4441458098669124,2.1411623890438007,-0.8254559091061585,0.8042254626210351,-0.20817654637194322,26.533494553509087,25.0
0.19395941966947738,2.5015730206542433,2.3498041014707134,2.7377384636661475,-0.06076714817729112,16.999614776172866,25.0
-0.29334069342769453,1.5849444895847,-1.6684526617815476,1.941735152692189,-2.0864393669304975,29.565180729939083,25.0
2.9173069058082888,2.917772147567754,2.130052980976698,1.2579147232553267,-2.2595035310483613,13.90955765918541,25.0
0.5885370010367731,1.9017950057474355,0.3652582289500657,-2.558524202129567,2.658886439399724,28.10471572615902,25.0
0.39022453295363085,-0.332184356695068,1.1974856025936613,-0.012831742065450834,-2.1015846942931335,18.654435655972478,25.0
0.6886666202631289,-1.7287604438400859,0.09435037262906887,2.234408845228028,0.08287944521399959,22.016210909019165,25.0
1.4887896113317556,-2.664071530974887,-0.019693915792660555,-2.787467046373318,-1.3992640145723008,14.664247336957885,25.0
-2.424956243643756,-0.6520024274642519,-1.1432144935406434,0.532795946906518,-0.9975718493549576,14.161187680974317,25.0
-1.7216795493566206,-1.2337730327566994,2.5976483090892217,-1.3447376193351501,2.581580423685528,15.83160903065591,25.0
2.002527583538262,0.6348769476899432,1.9622902576096992,2.108175782193584,-2.1166892572479874,19.188468397118474,25.0
1.23369106177713,2.7829781107713902,-1.3039449366899487,-2.160273352802794,0.39730225062736385,13.28930485190918,25.0
1.8022061280033135,2.4709609223379725,-0.7563045778328885,-1.2268237640420494,-1.2968039705256609,24.341029755825137,25.0
2.539890687878593,2.636256099867492,2.0003670375044664,-1.1571652825937815,-0.3303469451392055,19.98264888451984,25.0
2.9211056145752012,2.9441919285155658,1.9836866065681198,2.143254864310198,-2.897193229327157,14.35540708360481,25.0
-0.27960851868947767,0.3560942930114648,1.692464045850407,-0.7721353068932629,2.9826890236022345,18.3321878455951,25.0
-1.6316774852634506,1.233920585584188,1.7237908025425808,0.329294115597577,-2.9666633402197786,16.079883285363515,25.0
0.586492021699486,0.7735869583802988,1.8507622409473958,0.19788178949236712,2.957005644212819,19.902915230104597,25.0
1.528655946414439,-1.6942846558542763,1.8258055444703205,-1.8274421429279348,-2.987472395356684,27.52790425879473,25.0
1.2865682607066868,-2.838582597013567,2.531275275886688,-0.7797269543881459,-2.970570608611333,17.627017617702815,25.0
-1.33557337445353,0.3488730556351094,0.8264191622342713,1.0092184291932824,-2.9462894283651684,20.464225639753344,25.0
0.9555642591236138,0.29647344524491187,2.7541629392311986,-2.6323708185628383,-2.9184683176779225,22.72533866564621,25.0
-0.8552986278247164,0.10410364056745608,-2.0899525294511405,2.361838113919886,-2.989774576593157,24.76304226118017,25.0
-1.0017195576285527,0.8788087273802672,-1.0314137478625918,2.55854182408879,2.9396971516324593,16.840341391238823,25.0
-2.72806089122891,-1.3241025981541967,-0.22500142186124303,-1.7756456946982,2.9833106572889174,12.73498051138896,25.0
2.217243260364333,-0.7032208121794722,-2.715025121473586,1.5900204557208564,-2.966657188006694,27.61295506709074,25.0
-2.691952006746579,-0.030607310657212325,-2.538408073333997,2.470582347940323,-2.9819571615621463,22.42406776917196,25.0
2.680720396596612,-0.8349304387642892,-1.6025796146634914,2.1286496358175504,-2.943745231446669,28.613328846770457,25.0
-0.934641731109555,1.224933422124468,-0.3330729521681439,-2.0774559583753995,-2.9825046197367877,27.85733625695318,25.0
1.532075515038702,-1.4585814847927951,2.4151185334153347,0.7256935067004,-2.919776509522771,27.12776834071164,25.0
-1.5116275233142031,-0.032443862137477776,2.066335962653452,-1.99000119807496,-2.9882135159752066,14.824644152031851,25.0
2.6662985451719408,2.4713910530808776,1.2613981879282101,-1.2842434502384288,2.9186210245423894,24.624812467227738,25.0
-1.0974572581857156,-2.821017334251752,-2.654972081910297,2.4046616704580845,-2.737029813190328,22.47475414399017,25.0
1.4174866430285196,1.5594342590532817,0.9329859450973111,-2.9572725535059146,-2.976153674162941,16.900323172572545,25.0
1.6833643851718947,1.709355224139419,0.15765236844944402,1.811832823300336,-2.9523953992989913,15.945365886574425,25.0
-0.48071412092388,-0.1373492599233817,-2.5975678792299894,1.1177677737683982,-2.9694396600266093,10.439797371327755,25.0
-0.6386466080719878,0.2846598552310838,-2.3863810366627085,2.3762460261358425,2.9946466306810264,19.966792643692024,25.0
1.3261028836806568,-1.2027332636788424,0.7663807085386538,-0.040835101425328466,-2.9429359204894814,26.7354010798623,25.0
-1.1085841689554492,-2.1784804522251493,-2.2849560153063915,1.790350534926178,2.9890162344890006,25.136921602894542,25.0
2.3461640033979796,-0.773363751171252,1.0358587149424858,2.0724036605673293,-2.91891552489919,28.973705457631837,25.0
1.3943481803094535,0.021872750767650464,2.4722271105770277,-0.6893321128849755,2.9200111410453777,24.62791293669684,25.0
-2.9180382387047965,1.9142875631852254,1.1363146701951239,2.2906366175413657,2.998740109853265,22.171724294591353,25.0
1.1925275129569446,1.4744945115734776,0.6617290083068493,-1.1692709178105833,-2.9769972410463548,25.904877885409153,25.0
-2.7860909938717673,-0.22053142608578463,2.240641698874178,-2.645875788187271,-2.717579735385358,13.121359075282601,25.0
0.5012579237230479,-2.9552833245026964,1.5486313852015106,2.9010425929971184,2.9303217622747555,18.366271724181733,25.0
-1.4025334281320465,0.602714122904589,-0.6973775663656935,-1.6155280425682432,2.9801038826605533,11.338686404251005,25.0
0.7895744396610814,2.83838758861413,-2.2313647861483146,0.571711186464238,2.9665627512948416,20.25458140082731,25.0
-0.8725498719072502,1.9756261834994824,-1.5459082174344791,-1.2939524081854568,2.985663652378327,14.90296271599735,25.0
0.8355455433940011,0.07706133753971425,2.8117476051103374,-1.5388029760976116,-2.955447324859977,15.210524973094405,25.0
2.7102088288452415,2.8126328543637364,-0.07937074866913793,-0.008791604004712714,2.9865163214356634,17.551938012247724,25.0
-2.0918288841498254,1.1541038152042837,1.4049797019041539,1.9150852625297743,-2.992633003009969,26.64227112825195,25.0
-1.6333473099174023,-2.1583193015065936,-1.8623640667925316,0.987298496152764,-2.9974215826550905,20.00829012921378,25.0
-2.3823005852344523,-0.8387414319708121,1.8380334345043206,0.7196888958885856,2.8511166271476474,28.59477633134621,25.0
-0.41566767771850677,1.7404552717549169,1.8330842660642654,1.500336319011416,-1.3247157489470962,25.131627811666647,25.0
2.736600412840616,2.1220853769420582,0.2986575395717024,-2.9599538575121644,0.27668796387533456,28.726937976323565,11.058564844623117
-0.8811184047901315,0.6411260305278992,-2.491750206107227,0.818502066666102,-2.1639409382118413,20.117135216510697,25.0
2.0051175780626416,-1.5174582035362674,-1.4514911955019927,1.5858244941679418,2.897095557549134,10.497536416650819,25.0
-1.830180237820327,2.3248533073304323,-2.8876279821055437,-2.979847745830529,-1.5133636955665923,21.550220323656994,25.0
-1.4204364101807005,-1.504326973893427,2.5131034353006116,-1.9523880119055184,-0.7007728301399729,10.954761083553798,25.0
-2.3462438034373214,2.226047164205208,-0.23934335262594741,2.3462605876530453,-0.3609408698284984,14.808877460742949,25.0
0.8413430895869838,2.9283156308596805,0.9186884748489486,-2.6510717013582186,0.8253782927506683,12.23006002175682,25.0
2.3515632991538613,1.1489252343471898,-1.9968839470771549,2.6622289477158922,-2.4036166825346155,20.11923884762385,25.0
0.9034153528207831,1.2617647042881615,1.633153756140299,2.8257661434833583,-1.181072305179716,10.58933496404466,25.0
0.2755099390154956,0.7741837126672468,-2.846052468464722,1.7588578872907643,2.6166762450568903,22.08084526295911,25.0
0.8837098100643548,2.284724076141159,0.9474447929807628,0.027891923646792716,-0.6406165391517882,22.578693635593645,25.0
0.18222101790047063,1.6862815994047207,-1.5034953995936111,-2.532436133275703,1.615178734050879,12.05135942652758,25.0
2.193016161974156,0.4053728654979474,2.691499335036477,0.23513735307396333,-0.7502831979514548,12.111043356171699,25.0
0.2526143149337612,2.4796458536713413,0.6194481237787297,1.6597057126848176,-0.5158424814477893,10.096321896575828,25.0
0.9124724977995871,-2.345865371956881,2.14971994922393,-2.379241120250168,1.2756110203831845,17.079013634149312,25.0
2.216638512499568,0.3255690005829761,-0.6557651527553112,-0.370201542556158,2.861397057209391,12.734233139363159,25.0
0.05493759114473695,-1.2221143541092565,0.10945942428768651,-1.6298242912640113,-2.3688038109457152,27.803015428772934,25.0
-2.4451940500602136,0.4399164826636288,-0.4329926601746048,-1.5234555800046268,2.2481601093947985,28.58675219935913,25.0
0.5699097712606878,1.4007264870951301,1.7418538993006702,-2.894956000853151,-0.5670112942372163,28.06538913119292,25.0
1.7441835985740424,0.2576316254234916,-2.982064810057568,2.110036397585075,-2.9438449821640704,20.547706554916015,25.0
-0.20881956204981966,-0.544387484482519,-0.5532206794085965,1.469229227526485,0.2590538673807634,22.255933113107332,25.0
-0.8516697221736793,-0.43207187146557,0.25000461397976403,-2.2224277327470805,2.1872053951053534,23.177578368674983,25.0
-1.5062953132293324,2.441996627051501,0.5204242930746399,-0.19918830717336977,1.9976715762722694,24.00749119922005,25.0
-2.700331609065163,0.20363114154585693,-1.404343784110968,-2.8651622807714996,-1.1523137325149602,23.449908612782878,25.0
-2.78787217668514,-2.4511200493670597,-0.16286524006805925,-2.3283441677827006,2.7824625314099354,23.97213317495357,25.0
1.1789314186545763,1.7398271586373433,1.6733088926296737,-0.046760199275665215,0.38095617546889526,18.92501678590032,25.0
-1.421084520903153,-2.86271362987809,1.3621911683513535,1.3770125919678655,-2.0768794290426023,26.707414465785078,25.0
-1.5825093164882045,0.9307364695710598,0.07859753452919316,1.1287083197157086,-0.2589175570390867,23.85606594044173,25.0
0.800750470544255,-1.662847330155297,2.9452494300834724,2.5354323824967064,-0.3077429512218992,13.546616324791634,25.0
-1.1988354960129488,2.49188574907577,-2.449053060383348,-0.9127288711810939,1.67082419816008,26.162288318923665,25.0
-1.3242591675663484,-2.9030948261568468,-0.9793515402995383,2.2219285019864827,-2.3966553240900716,24.638082306328947,25.0
-1.4886392404119877,2.145611421810303,-2.3281763454233926,-1.655829216686898,1.3004679819342595,29.88401945533483,25.0
1.0742788123566038,-0.5174172830115662,1.0800590215720884,-0.33311740407345836,2.1855871957183233,28.614814822897348,25.0
-1.8666625018773133,-0.534626158413984,1.7764652584707754,-1.3963729946219643,1.8919640746170092,21.698931976707136,25.0
-1.832437056328489,1.061189235988878,1.2465263211831203,0.1757880151009008,-2.3219707490089854,19.062439724672863,25.0
1.3116638336284083,1.0440089059490987,-0.00035238547837579404,1.806504411955137,-0.2984366592693286,22.489061315827175,25.0
-1.146382380212891,-0.9048256164803812,2.015760507037852,-1.0990365006864962,-1.5814522981318042,22.06529487156675,25.0
0.04059089858409726,-0.4477888921844779,-1.0139142207600078,-2.343323925041754,-2.370937147460279,13.46635073517383,25.0
2.0910010386449507,1.3666726366590218,0.3467434445614468,2.955292084602636,-0.5606599375851613,24.089827120793462,25.0
1.4021412135751952,-2.9952599448199937,1.599252667823289,-2.2071865793512537,-2.370747873235234,22.161147859845265,25.0
2.330418347521494,-0.682264720682273,-1.9539923850060172,-0.7705213571797498,0.6878966839629612,20.624435715794714,25.0
2.3005311601831586,-0.7681100418028879,2.8954426235944606,0.7442073093273094,1.5930482883184052,23.9941544191135,25.0
-0.6932288286827473,1.7250233127300092,1.3191968603706687,-0.9433745931553412,2.4502640784258194,11.5372996229953,25.0
-0.4060024589428246,2.080882564801021,0.566626794324923,-0.6944801311738904,0.24908135956640987,14.899670536800208,25.0
1.017657405754541,1.852962645406656,-0.8800134993665463,-2.070583771016524,2.441395611837515,18.524871592603365,25.0
-2.3914655331046366,-1.0099315013198047,1.4490019463005304,-0.3154428752264531,1.8675950615152281,19.859569539465948,25.0
-0.24627266670638503,1.6762335691185921,0.7092732142589999,-2.9699102495021497,1.7712594317149515,14.966119731792604,25.0
1.419633563125637,2.926017853532138,0.03248254800565542,1.7899908668380107,0.25853234519266444,22.540261813545293,25.0
0.6977014132587844,-0.7556976611621113,1.867056742775043,-2.9619469921946484,2.183509021468062,17.131238214145945,25.0
1.91562216899408,0.44327032586555815,2.112339369197085,-1.9620643165381364,1.6971851212612723,21.033773734806744,25.0
-2.717110465652214,-2.823692110034719,1.9144132483009475,-2.794960577978923,-1.559572086699172,14.67802218107671,25.0
-2.950399637219773,-0.33655737298770294,-0.9281241332977719,-2.6038075844004607,1.3057466220894636,29.875718202333672,25.0
-1.1518669042422087,1.201144408279105,0.5030445207716445,2.4283362162646416,1.5105714830633588,28.75351267259697,25.0
-1.9102395283846976,0.9404200520394679,-0.3493344849348712,-0.15878162913097782,-1.3478221292953596,29.98787050761917,25.0
-2.236749551877646,-0.5341352605287613,0.4593684769320454,1.2829464245316125,-1.5543357482302174,16.476088198817056,25.0
-2.8757199126451845,0.9647372108919794,-1.7789880795425135,-1.3008227765264109,1.5443320060645238,21.643868408000944,25.0
-2.4346660610736044,1.7929534778341765,-0.28026881807160375,-2.071448788783192,1.7719611189562805,29.476609681125968,25.0
1.012143278907784,0.5715603600183159,-0.8406825075569992,2.9602618454745473,2.7285055055822234,15.503765199264992,25.0
0.4165165219743461,0.47821343281185547,-0.4661825086921385,-1.6000630511134952,-0.8316077050540551,20.636468239620992,25.0
2.0147803328281775,-1.8716189916748331,-2.1772177770933774,-0.4391361102919489,1.7138114652085683,24.117236873856154,25.0
-1.909002900264289,2.54440881042345,-1.2481077294583405,2.5551442094004795,0.5881096120196561,12.96450414125701,25.0
-1.8997889217079282,2.2906688046683064,2.2931199398709428,1.5155025249209686,-2.094082275052532,15.46019709424851,25.0
-2.444765197018061,-0.28716129614255204,-0.3182067002249118,-1.1649137090345545,-2.459588954027407,23.9633117679382,25.0
-2.636033839652623,-1.0927350228916084,-2.4291854135034856,0.015565098042231718,1.3248706795712497,14.893300948044605,25.0
-0.8513126124317139,-1.2372742539732178,0.6024570213599088,-0.7085922149922808,2.522185489377021,15.251648824393612,25.0
0.3529526352726782,2.7680461032048775,1.5014836933079758,0.4456175005451719,2.507728560968765,22.162283710437904,25.0
2.508530017762908,-2.5194469505298915,-2.9305696468619686,1.7782182512314364,-0.7901809083019211,16.781581950185522,25.0
2.0009387356487682,-1.8429959370068456,-2.0727993860218885,-0.5654055728983804,-1.7080562835006,23.626972663833648,25.0
-1.1712591430634083,1.932878343413055,0.8772516672261768,-1.9458491872539074,-0.6721960866175185,16.06855718155218,25.0
-0.5881765207841823,-0.9210502694518756,-2.043750903252314,-0.7222951223111083,1.7159071115906794,21.618824031972007,25.0
-2.9584627716009178,2.9222418293873824,-0.5193439231979928,0.7699929303400403,-1.0578371191296614,11.98681028526838,25.0
2.1540892067042243,0.1164321999750535,-1.1971689988193908,-1.3716830745919477,2.4049945087244327,26.312772357774374,25.0
-1.3065932918884458,-2.8830631698672553,-1.0936192882379236,-2.919441998705164,1.9640728082490888,11.885004260232762,25.0
0.6442051921196419,-2.018325118167604,1.1791278226446362,-1.7862962644057685,2.5768119998737316,26.953232488961632,25.0
-2.8192981649006787,2.4056856306849097,2.9819894221224175,-0.7761904333269447,1.8800434936797359,20.727689470203607,25.0
-1.6624523997539287,0.3948848135369274,-2.7692393778450914,0.3955260378413561,-1.7815209318576968,19.60813386307985,25.0
-1.4778015592715996,-0.26049521202009407,2.646360082983332,2.9152368604700065,-2.523449278795149,14.968652286270888,25.0
-1.9832264019947772,0.4090917843313395,-0.3788389766453082,-1.0802919686704442,0.1837334199953169,13.16309738785649,25.0
1.217621081536187,-2.332060295763818,-1.7345894763609833,1.9229313863163053,2.91761822017933,11.64448999242397,25.0
2.639411702133911,-2.5827978585763596,-2.1481544750775274,0.40040034653108103,-2.99713465631095,22.572914129769877,25.0
-1.6096773062074208,0.9942414947124338,-1.9157757012882368,1.7760318655340495,2.923706820262545,29.0076729794872,25.0
-1.3070004534331443,-1.5503856959936804,0.41829281790940565,0.3167880162844172,-1.0981180060967732,23.510175274685935,25.0
-0.48461393560686705,2.7157220859194,-0.129537389680225,-2.333930906921343,-0.4506968176889736,10.716289581713031,25.0
2.53954142996494,-2.9838887985571145,-0.6011156768872534,2.4049337834812468,-0.00695288626930779,20.44160565202185,25.0
0.2790893900356268,0.8906110744151854,0.9883989223102962,1.0189750782798361,-1.3155361681350106,12.61143723069916,25.0
-0.28548810542897574,1.1222123421013848,2.614154002127359,2.451604481322695,-1.1778355987633047,25.00739847263848,25.0
-1.9777303119133887,-1.4451704672923613,1.2156835490777507,0.6964471192831372,-1.7531047953797554,17.98255521685611,25.0
2.4583437249512894,-2.2839119309060854,2.705638082257116,2.1281777191466666,-0.810201289392718,29.008624646885778,25.0
-0.6882580776876912,-1.8185613272966292,-0.7736141929715381,2.975639079616111,1.4981588954469442,22.283283437040918,25.0
-0.6217642095942377,1.5851732103847072,-1.8213685337533896,2.281909548859714,0.5035670194000654,28.27538486423329,25.0
-1.5222367761543034,-2.24980643818122,2.8536552588152277,1.6991102952640027,-0.2088409146188459,20.665942507037744,25.0
1.6560461731831797,1.4134275336736186,-2.69826220986975,1.6601259970709492,1.4377341825483034,15.544997583124633,25.0
-0.24574241884901893,2.031685432414439,-0.03692199734763202,1.2482093859363,2.997947073483184,26.75837407867608,25.0
2.8660582411640263,2.688711189940368,0.3132130062531959,-2.555385881479632,1.5166530408670766,25.87273391757733,25.0
0.9685421748272471,-2.4302692679887223,-1.2861506054286118,-1.552590633064824,2.5101773112151538,15.69045996192385,25.0
0.18359755647968967,2.2483252806751466,-0.21064233971697055,-2.408467236240563,2.22893705930675,21.65439366181274,25.0
1.6961350391652124,1.7455318946849214,-1.3642147130624593,-0.1656213202654655,-2.2688050332792207,27.16754535876634,25.0
2.8191407750354784,2.00083462870949,-2.8004508593430444,2.2246173140108514,0.8891523379256361,18.77561168400461,25.0
1.1892645173843093,-0.29379757857135536,-0.17767185505113225,1.601498701515915,-1.8508091399733968,29.53842224967126,25.0
2.896481802058381,-1.4622952339636779,2.1897449599659993,2.7621578966676807,0.5012559024728755,11.119853618606879,25.0
-1.9259461623008876,1.3140940200057702,-1.6880501601264717,1.5403249092790983,0.46131285261971033,23.03262352218578,25.0
1.4173355946903863,0.4986548103233637,2.366560416198949,-1.6541436832507403,-1.5167857300642211,19.596250756752166,25.0
1.9085231366119668,1.4141530911333318,-0.8056889748777261,2.601845632853001,-2.5578213047583103,28.487134976504734,25.0
1.3040590388426097,1.775417128073613,0.2651374468043155,-0.8691401031519521,0.4922755216649848,29.456309275838912,25.0
1.3747417668965918,0.800885829416651,-1.6176272309167938,1.729343238290606,0.7791692508036023,14.317677339204247,25.0
1.3942770283598431,-0.37282129129153674,-1.3191935555505165,0.5569172049948401,0.621168162050231,23.005543504481437,25.0
-0.27066182302619257,1.8826614865731095,-2.552842656918459,-1.7771419072871812,1.0672974224733398,13.061760491408588,25.0
-2.6123936787671336,2.360471335396884,2.581356735844249,-0.8586800792177889,2.742564892339243,28.71052538570469,25.0
-2.9103498785738524,0.33414837142184783,2.332162633309043,0.4349650534496279,0.06939940143541445,29.202627164729627,25.0
-2.0561192636885863,0.2842073161382639,-0.7405285898240552,0.04359188245740775,-2.576533542624252,20.1535763549263,25.0
-1.9502763939958956,2.0510682704633894,2.399780479923579,1.9599775314553591,-2.4938874624817395,23.602326039707023,25.0
-0.4944814917710101,1.8434602266453606,-1.0459174173249863,2.201162907249202,-2.4179104417317308,26.874542652498615,25.0
1.9339088494110435,-2.896186495808405,0.1721127147440633,0.3982329182693638,0.8416144194783426,28.81246479935358,25.0
0.9498293843794383,-2.0136041126143818,0.21714392176561326,1.7075640911993188,0.3818199287179844,10.384264689562865,25.0
2.162429918779223,2.4793961131477307,0.7241306150519611,-0.3587263519660331,2.0070458328375516,10.932098209124206,25.0
0.8706620267206664,1.51417101282924,-1.1618856293966027,2.795626498345573,-0.5155789682075675,29.34981487638506,25.0
-0.07015419447616367,2.3066181058516237,0.20051642487233678,-1.7878291446874357,0.9230904823477126,24.947810538294583,25.0
-2.1431485327067206,-2.386890842129894,0.5523283076830388,-2.8544863002321152,0.4169749061035892,15.577512734169927,25.0
0.2798084877001572,2.247588966584771,-0.5698918712012864,-1.3402047631308207,-2.0808233528363913,10.963386079504955,25.0
-2.502957956119359,1.0013485110050606,1.9430888312760324,2.89292586568191,0.4375780872297814,16.892202632696886,25.0
-2.8753482921342806,-2.7379494485016576,-1.6476473710356339,-2.8001784887396117,-2.132526242481026,29.46331215235634,25.0
-2.146075638632542,0.1281739425651307,-1.077544604201257,-0.3477744957392144,0.15609882956330523,22.7814948629537,25.0
-0.6046034431908205,-1.5980093241522781,0.38446654828390914,0.12443096437140655,-0.3663225459054069,12.647398970154399,25.0
-1.607728913908764,-2.803048194962545,-2.1071585681521765,1.7167488616237616,1.3800836513212964,29.07474065563848,25.0
0.9902612939016291,-1.3014753553981886,1.0945628669151368,-2.4908908592032,1.9951442153865528,13.219112111043657,25.0
2.71566655744581,-1.9159160401985669,1.2757162378292737,2.0902922242082944,1.02605789087964,20.711881437581077,25.0
0.9415204885716495,-0.20585766313865728,-2.400688087970664,-1.079047454589074,-2.655982680279463,28.641706110509887,25.0
-1.4828297447744787,-2.3995283986739953,-1.7183614727345806,1.0887853537980519,-2.7803160898005275,14.908370361972247,25.0
-2.6811519262157244,-0.4150260989074015,2.771357096129776,2.4996162590886897,0.4902955219907885,16.050252770400334,25.0
-2.488244891134049,0.3352564468372208,-2.6399218245141762,0.6697353350151514,-1.749355887666292,11.34805920278033,25.0
-0.6097809547291244,1.8081452923331156,2.7389225906734556,-2.391254951809069,0.06800778170427746,17.879217735076807,25.0
-0.7613311178104745,2.2048395562988876,1.8984952462763873,-0.663768090789389,0.681239963728173,15.908710650278536,25.0
2.705574189342661,1.0776288913203143,-1.1270591846805589,-0.10380393638839447,-1.916748323392898,26.79568414835144,25.0
-2.554330542610729,2.729281524341859,-2.4776561990616925,-2.9913839777203006,2.339465897930088,29.21387579245073,25.0
0.7118213527201656,-1.6011103067340011,2.5491146198046106,1.9660215868809043,-2.840514820285385,21.540665669214903,25.0
0.49317456175361096,-1.2472117857179774,0.8421142959534356,2.185887308099276,0.9144376528242311,14.537300124409537,25.0
2.202575115497625,-1.6866173748629878,-0.9644683581868221,1.531326584426104,1.8066664475302376,21.127144386196917,25.0
1.813255353452817,0.5114798114545795,0.808184163771605,2.1495155019164685,2.03238630954376,28.97544659063334,25.0
-2.3139370229353324,1.4572427577498246,2.6613778898118863,-1.3770472378657832,-0.06977749966543412,27.942756590603715,25.0
2.6630723355461896,2.2956042207460836,2.080718201949253,-2.244793736797969,0.5946589678819225,13.284385432643383,6.092817863523532
-0.263298374212086,1.4793884944835654,-2.731328173522408,0.9158246123094655,-1.2735639201862576,17.432240416637462,25.0
2.1217486390216918,2.1641336998334335,-2.5235365186192498,-2.9275263944066063,2.105990278542114,20.0008963729407,25.0
1.0320202672363639,0.913329183404501,-1.58800483818603,-2.922442339495169,2.0559017323441955,24.124132477882632,25.0
-1.488662677120908,-2.0171890450653875,2.4298708447548467,-0.11219602126371653,-0.37085803197997924,24.92622804419471,25.0
-1.7376928975434915,1.869846820009906,-2.342520452708328,-1.2010512285392037,2.454693024246856,26.825560434599417,25.0
2.6008753890956164,-1.1702397053399975,-2.6691676656170267,-2.1599080370639876,-2.811895322401093,20.641995996071884,25.0
2.2400261710352654,1.8823850530696005,-0.4807822857777846,0.1975220595727487,-0.24079765503420525,22.977868243124956,25.0
1.4589841136018302,1.5547254336768965,-2.372254934243718,-1.3295418106349897,1.071777765294593,29.804097811772134,25.0
2.3504091443614925,-1.1449997611659093,0.6751646979727681,2.9556072006311425,-1.457544319271285,29.67807747998847,25.0
-2.4775823531431604,1.076880372910419,0.7522705870707695,0.06579844308942961,0.9176737641850137,24.172150677498834,25.0
-1.205311821503384,0.7326124462572534,-1.9015089408229837,-2.1711240969407655,2.8480927815220367,17.016214862563473,25.0
1.101717915904599,1.5116618308985625,0.14324835912634093,-0.25741600850993196,1.561537733515153,15.780233460270763,25.0
-0.3721071817226469,-2.0227154940934113,0.6482469005397244,2.8717597413426574,2.1785020848611207,18.722749034475,25.0
0.9548687608574626,1.6780706154893537,1.3054308287086336,1.8804012094963447,1.0941985909166254,25.302682303102415,25.0
0.8123374377764367,-0.8790306649623112,-2.1910414877352844,1.950683093200941,-0.921860703334195,24.704197250079254,25.0
-0.521392856420853,-2.509052052992092,-1.3503561642885664,0.674616199112557,0.8232271274846292,19.63051262161897,25.0
-1.361818229942592,2.7673704445021965,-2.583982834159654,-2.7259264129728837,-0.16087354036812007,23.0939838831909,25.0
-1.7114774712288527,-1.5761776985490177,0.046274603826411465,-0.4471421408797944,-2.180771950256677,19.106927863370768,25.0
1.1105940269168713,-2.128804995861394,-0.6151913505106288,-0.7742704165716883,0.6907967738428518,16.364388305685843,25.0
-2.789331089772122,2.6779026504860415,-1.2113478578361705,0.11556417663841811,2.938736416019717,27.390604683294463,25.0
1.7397720200694184,-0.32510423637960795,-2.9686185881036344,1.2578614705405977,-2.979591325994683,10.706426491905535,25.0
-1.5674156486505932,1.7397232984492579,1.1227129972880308,-2.953281348425305,2.7038993578256107,11.163814928835706,25.0
0.7370696006520285,1.1229506745729712,-2.6111910615840195,0.7690470605903346,-1.187916560996268,10.612485351884487,25.0
-1.9591756932180155,-2.1061271486842212,-0.4196111825523472,1.645905855829307,-1.359736214509578,20.299624841574605,25.0
2.1994456383254413,0.7142801006529185,-2.2986540974540137,0.6305891128175696,0.24235828376248758,26.07838710255686,25.0
-2.1275116542909105,0.8619914978861507,-0.39230317205053034,2.2484268611132183,2.701606264528431,21.53335105157626,25.0
0.25218346220228494,-2.236793463041443,-0.6421633660336794,2.9521955384057588,-1.7689938934171536,27.578778971018107,25.0
-2.959845365032479,2.248678014578555,1.049428729747099,2.0571239708947138,0.7267758879982233,21.744695727566302,25.0
-2.9871726516521724,-2.1380972140735675,-1.4892679520286305,-2.1208866762295253,-2.937253391906379,25.859980942174623,25.0
-2.401224719878598,-2.389126584833123,0.4735086770729473,-2.7843265544255895,2.415584757148763,27.6626228969973,25.0
0.30621946995018234,0.9251561805187825,0.7805653846694001,-1.2010581945158818,0.3192070642563194,14.029638750703363,25.0
2.0504914438322963,-2.556317069027008,-2.2707698124386084,-0.777879482211524,0.512003835154411,24.817246865589837,25.0
-0.8764294914705157,-1.9519861639808642,-2.1346364115609306,-1.1931463649510314,0.8843999984071994,26.666503841109044,25.0
-0.4881671914264043,0.846204044723764,1.0223821754083495,-0.841527382332147,-2.822822631029971,29.424067304659168,25.0
-1.2197446461388215,-2.2098515967998504,2.4856356873122962,0.14477600488582043,1.4376596004458957,12.880032480585593,25.0
0.08947406458223739,-2.255446206654033,1.8123991473424859,0.42385209380464595,-1.5541989257831266,21.18274432288972,25.0
1.051638148124976,-2.2310453052718415,-2.0304935185097603,-1.4047611810788783,-1.6315963127830164,11.823329060167588,25.0
1.0584105752912474,-2.389796029350797,1.1497236646718167,2.8997030282703475,-1.582442996017586,26.79138909569516,25.0
-1.2252943319531964,-2.6650765116271136,0.8906639068601923,1.678634225925368,1.8417573308906867,12.589980275995174,25.0
1.8677890144760303,1.8770131218246187,2.4587567781006268,0.18634592395563176,2.5286735333297568,26.710641797395166,25.0
0.15907495669055693,-0.9590370462716393,1.5353572566561162,2.265929428957482,-1.0400883352174888,23.892868180589414,25.0
-2.5512830533073383,1.4621709148419662,2.2274304942149783,0.194465521193961,-2.0560373066986557,15.103005570716794,25.0
-2.668518279729506,1.0723124003777444,1.4879468019042132,-2.682485700333915,-0.004790650670293051,12.309233597164848,25.0
0.7509583163643727,-1.706677136901157,-1.808432358691523,-0.2965625281835709,0.17253779885994236,23.507330002862563,25.0
1.0258364905667792,2.6216808864974483,-0.6843196475006117,1.0582940497288504,-2.614757402214013,18.011533593874063,25.0
-0.8584714448057543,2.9654481989715618,0.9753299276688987,-0.9256609940998554,2.5193362698111246,21.637138178146078,25.0
-1.0881704967107044,2.1641507418036774,2.053280429681994,2.1656311852469,-0.11139156692408214,18.995198751379778,25.0
-1.7185158159673444,0.9993143502520012,2.25373914041937,-2.9156773321775162,-2.3385187021082197,12.705652418817493,25.0
-2.6340726235603085,-0.25296527485009124,-0.8930784347315739,1.428470642189838,-2.2080026882803923,15.539622675921784,25.0
-0.09073465942190317,0.19470930061535174,2.2800565829046624,-0.0071627666102385135,0.3502922095353993,24.99774920406221,25.0
-0.845936373533037,0.7071569902180205,2.9086457558947876,-0.6686151052771442,2.2417452552019923,25.25187202704711,25.0
-2.0623362113749586,-1.9938742345017935,1.5618817044177453,-0.12320273169650484,-2.920967015501782,21.807639222747383,25.0
0.3996458553137501,1.511913157795619,-1.5330469233646222,-1.124851185070546,-1.1408953121592926,21.449969157925565,25.0
1.6447609446722848,1.4394121052624766,-2.2181625041830597,-1.2983319877218267,-0.009192650547062902,29.961736855442144,25.0
-2.5684718331739727,0.05786022532819146,-1.7659879822301168,-2.255756331242171,-1.4962478101326346,13.148904817985647,25.0
-1.9323945775542652,2.2629118283238716,2.824511325572466,-2.3955854699302046,2.2132162284778474,16.84338519523819,25.0
2.478825794439784,-2.219052408509645,-2.244433093999339,2.281109412916858,-1.4633906413758817,18.296229653516,25.0
1.6928497369242874,1.1402887023897699,-1.558681946775233,-1.7520159695859223,-0.04864231821972595,25.24938294052407,25.0
1.29940747212569,-0.01899689026930967,-0.7104367448739575,2.2001154111346537,0.38767389857890316,15.468297157312218,25.0
-0.055910576392445545,1.1936267574755959,2.798977563385979,1.0827943607436825,2.944643521613414,29.974738037746327,25.0
1.6841516750234753,-2.9807298782612306,1.4617302004807495,-1.71987223938206,-1.0768128485139474,10.119428481266763,25.0
-2.0394785701481855,-1.2311236173099327,1.4179551004570605,1.9253679763990519,2.602923719881823,16.28265210773819,25.0
1.0798849481975683,-2.132049510709035,-1.4171228570181227,1.8696438505712374,2.0929989120320256,20.052535570355452,25.0
-2.610480073812233,-2.884660917211577,-1.8750878128532462,-0.8112067732115955,-1.3496256647392384,21.589891496191935,25.0
-1.573231622912125,-1.0042408945697514,1.3922195056488378,0.7129478626654812,-0.5865618871188585,11.547837072450918,25.0
1.6629538879435803,0.3329244684580376,-1.8497360253607957,-0.30083212465181697,-1.4401059592293148,19.80313453700667,25.0
1.905644629854704,-1.4503939420685836,1.349536738065753,-1.39274198195521,0.41845225224574545,18.170413781284683,25.0
0.6987626809959021,2.680327143295295,2.866234435510805,0.8589904754209323,-0.29926326426625355,27.026274588021117,25.0
-2.402967792698167,0.49355037851046424,-0.09192579813292978,-2.520649140005175,-0.5275376700650312,20.558253168524256,25.0
-0.7587077367867257,-0.5508804948376773,-0.06689358534532053,2.468008183228111,-1.0281319516812295,10.438785948176363,25.0
2.6493382907335636,-2.0854073214936486,0.4312718950183534,-0.9770809394222865,1.9444365156761203,21.051321309210632,25.0
-1.8594549856151814,-0.49171081394765315,1.6452975814008024,-0.4589485549423289,-0.9619187510536724,12.390609742498832,25.0
-0.9235964836058548,-1.0151605027805466,-0.11705566297731818,1.0520001632894986,-0.977392413082864,11.22584269065191,25.0
-2.6347419820911515,2.946768081980263,-0.5070809825309535,-1.9417676207303152,2.6246369204629882,27.24257840955779,25.0
-1.3360016327386557,-2.3275900669637513,1.587060244320634,0.6825847591432521,-2.257932460517033,23.0142046643454,25.0
0.1394409046016145,0.005009271445117758,2.2020256720685794,-1.788577557341799,-1.500439233365888,13.36937065179439,25.0
-1.7500676897088545,-1.3557959471008156,-2.833706681501306,1.0526096925742277,-0.4828818495325118,18.46433625805105,25.0
1.4444055025054767,1.3534256356376924,2.028198515497696,1.5589629828139777,0.8695740114147529,24.170758845344317,25.0
-1.0026661840178344,1.9844193113870239,2.1778737462424496,-2.436354071889144,-0.5303092143889712,24.056372503365715,25.0
-1.726946736434558,-0.7047378890830887,-1.9420767837437718,-1.0496706810150638,0.8768791320394511,17.717095432478587,25.0
-0.787162716471675,1.9446576888215859,-0.2682711831696403,-2.5924080207275404,-1.0845822816334179,14.126863701060897,25.0
2.8849478258278873,-1.7685667606700313,2.9334343058206356,1.242987407713521,-2.211998837501079,11.7307462625242,25.0
2.0220512997849505,2.833417965252077,-1.463451471897581,-0.6203802682542131,2.4547557041014714,10.566650403966795,25.0
2.5575920952576556,-2.212060795830709,-2.942434654615504,-0.19633226102289156,-2.1016144081043353,12.333650916653605,25.0
-0.12108206918431641,-0.05460603245033191,-1.2364006304789168,2.1289620165879297,2.3135090426265084,20.958485856572487,25.0
-1.8751534059022599,-0.19520825551984222,-1.9851495999982571,2.8459230318109014,1.586853797428459,17.402922843836134,25.0
-0.5588708420994112,-0.423736132588095,-2.757209428301593,-2.767629984496105,-2.604214673148324,29.06773262095332,25.0
2.9723471954131626,-2.758574409785961,-0.9394956927399267,-1.675273982687841,-0.02974431500200108,26.662395082008427,25.0
-0.8752732715118373,-1.2353767952133374,1.787974106140617,-1.6160016222142057,-1.0461427430027097,13.528439995661104,25.0
-2.475193927809752,-1.2747293018656718,-2.8990690219693365,-2.7633683462062066,0.7045809753897304,12.505527764195,25.0
1.7278168224652222,2.580802659613465,-1.259295626112026,1.7609049044493095,0.6676022114894251,18.417499840725586,25.0
0.6344084212079367,2.145873241469072,-0.2913818952427011,0.6681028915707179,2.324359803495196,25.686819772805134,25.0
-0.9484695115771178,2.0415299769241884,-0.9171733714319763,2.5526997244492318,1.197323941901523,16.296819392282984,25.0
0.7133753096580662,-2.048250703172417,-2.8766668641898114,-2.2828986568857483,1.8950592983471466,27.931730504881966,25.0
-0.025418659019466272,1.4324550334657014,-1.440780108635143,-0.19606495101089802,0.9986649192640622,22.59508559524859,25.0
2.7657963899902116,2.715423225505672,-0.8517436140489439,-2.067787469497939,-0.2851669095690395,20.301333607552746,25.0
-2.4506350699967046,2.0728533685148056,0.5774949869415182,-2.898809352797199,-1.0961460617888885,14.788156393832011,25.0
2.4041152976179907,1.4516281920491116,-1.3933777463119088,1.3713693411260928,-0.7400067262441621,14.057011410469334,25.0
2.3420505518833212,-0.161382567186888,1.9730400947569187,0.027893309762626745,-0.9423837433196569,11.202931557881882,25.0
-0.4714720274889346,1.0250432010162385,2.971217993354509,2.55872594473448,-2.25367998185486,24.502136793728422,25.0
-1.822786269839348,2.8495165085602814,1.5119508967444215,2.0579484248624933,0.9532397035964189,21.438771568120323,25.0
-2.160157168142782,-2.382295982143082,-2.810982190946508,-1.4270933079042423,1.7254728115414342,12.588482763148669,25.0
0.4185612319170177,2.8469678630910593,-1.6580693562662983,2.1802501882530705,2.2559424963053707,21.769615242631296,25.0
-2.1040135051484983,-2.5711520261690497,2.3033588366840676,2.996501193049662,-2.141300237485585,29.583248256850798,25.0
1.9704353838344963,-1.7347263300709879,-0.9897104750335364,2.7274319310670054,-0.2318858551955172,13.190232835575426,25.0
2.1409555222604673,-2.5159425267454285,0.6992121889477697,0.3369327927924881,-0.9123206304954953,22.83588777920204,25.0
1.0180631785025172,-1.1797530236201472,-2.0071686235076616,-0.1466803277679229,-0.7177889074109436,20.4429029861457,25.0
1.3750922801972374,0.995759619711692,-2.9205222016822616,-0.3494653370548217,-0.19673368275416606,26.068443241941583,25.0
2.2543778999951574,-0.20341267871736823,0.11947305463203728,2.0443228330295113,1.9459786619002797,11.939139386932055,25.0
2.960656368724796,0.02316788300329047,-2.4393034393725483,2.208276613281679,1.3080144843852302,29.145478162609884,25.0
-1.4217866627943205,2.5672223398353458,0.9983596665717129,-1.007361886612681,-1.357698363808891,27.183635965677418,25.0
1.5285120324236967,-1.7117909668797529,-0.8156220775770726,-2.3153170694206464,2.3266605838382084,21.03091023165005,25.0
1.078207319826339,-2.576695971813982,-0.5290554184392575,2.2098607730078386,1.6729691484956835,17.912022032689055,25.0
-2.8232516371266616,-0.5539252200192593,-2.8558691022367206,-2.022237737882457,2.349924472125517,29.854294646135884,25.0
-2.793312050067104,0.5344478557434829,-1.1874671213145314,-2.475672652926834,-2.9233670695055545,20.91083030918573,25.0
1.3296733096150373,-1.394945356950521,2.1399343143498024,-1.4522299690270013,-0.9688494125075615,17.323045978575298,25.0
-1.7430561474242139,1.5767283411928767,-1.6782848118492666,-0.058426581976532166,-0.958610932149849,26.173519900718194,25.0
1.0805638985982515,1.9301213677663922,1.9527017458944478,2.361785933228732,0.3882972486235512,24.843698854270645,25.0
2.2815938622970036,-0.2813533847633238,-1.963861231051947,1.6093630882750818,2.554960320398058,12.072322060862632,25.0
0.4525380647168613,0.4578762141993611,0.37488695482872414,2.241707182337347,-0.7829331198682823,28.51040641419945,25.0
2.9818282463458767,1.1340742979692957,-0.009757318360025302,0.7954905122754857,-1.9600317962136888,11.885650020372813,25.0
0.7344451931754113,0.1439796984744538,-1.37357176987375,-2.3911806934376325,-2.2248294790996592,22.06051597194056,116.4561228076199
0.9968086556378019,1.6640291314166207,1.6828397144535032,-0.6278109270027866,0.32236462794665965,18.372118597505448,25.0
-0.6376888458218772,2.229477291997492,0.8678890480702712,1.734779248915923,-2.0564491701814838,18.002668243439686,25.0
-0.2651357137611388,2.901149035134755,2.3758822572900318,-2.7233750727270003,-0.5990023518535617,26.5022071729916,25.0
1.4016104376350107,0.5648527460866521,1.4398333563423709,-0.9862607152034935,2.8826237920630806,25.398126847023267,25.0
-0.0781242687692143,-0.1496754869443575,-1.1524982209203087,1.901954723973251,2.5784783421401682,28.996610244363406,25.0
-1.8038127871494087,1.5549416507321272,1.7018939411181249,2.769943008383325,1.7741637656788198,24.114283084531465,25.0
0.6533784885491202,1.2466889694666463,0.35590349018827266,-2.543905916146207,-1.4752671391753853,22.560833297591152,25.0
2.7789544649582267,1.618693921979214,1.1882041117610371,-2.507365189615673,-1.7624065666359814,23.688724115660694,2.6468053816033876
-2.668112692450252,0.628654085895228,2.3230459361699856,1.124623574810487,-1.6829997297413588,15.112359273102388,25.0
-2.264425492371553,0.5643024713487744,0.40912244561382993,2.1911152577126436,2.212895914643707,16.08648229984384,25.0
-0.9446281679684484,1.1356087300856337,-1.7439049554312305,0.8791296711910771,1.2371011777208738,21.895060025066776,25.0
2.8278151472091446,0.9812224428289178,2.5723452923538073,-0.11829743609212429,0.20226599199845152,28.44784596094845,25.0
-0.49184681516431855,1.528988547768962,0.8172671213763513,0.5563346470737504,0.9157652286084711,18.414185604596202,25.0
1.4555796090682995,-2.2788483548810157,1.2065546811304226,-2.8504712605646043,2.0129995367277953,27.485207153201483,25.0
1.575332676574921,-0.26860530583634756,2.5221904963452504,-0.2408660901901518,2.2223012470160253,13.062416697105625,25.0
1.238461800662925,-2.4843367148750954,0.06954101182223132,0.3174790274724031,-0.016673126394584983,26.241915189074163,25.0
-2.272092850998848,-1.8568655637735505,0.023444917392569264,-2.4589743899782697,-1.8852276140756095,12.57581886839366,25.0
-2.4248594119579048,-1.2178664514418958,1.7328647466049873,-0.8907785596939721,0.8908421263828104,13.851682615026473,25.0
-0.3028043844318007,2.67313103774422,2.9910752610460203,0.7306841865226955,2.5493301338192556,21.750000603446153,25.0
-2.8408970874184427,-1.8996187548671197,-1.1181350635982912,-2.5718186192358656,-0.5782227168763886,11.381101964809377,25.0
0.7788248038969359,2.0252029524309125,2.54026453262689,2.249372432767826,2.8220118626058306,14.124839305611182,25.0
-1.347018921753306,0.1668569401766175,-2.990966504919434,-2.667835316693379,-0.20613245424318663,28.063104554424832,25.0
-0.8510639850560858,-0.11591573586426782,-1.2951444835886532,-0.8479527551779638,-0.6507802817199825,13.699665724455018,25.0
0.5475576151917245,0.7466142504794315,0.3222784592659047,1.2289451608126036,-0.5357746425487195,21.381782098004912,25.0
-1.7392364647967251,0.5416138615316282,2.1211778132599086,1.2345779624526454,2.1712876898445153,13.388824305240078,25.0
-0.5602463639185167,2.5294270490038753,-1.3281072241018117,-0.6098736795519019,1.516755019542671,27.955617288297233,25.0
2.692544427948742,2.7999478800425615,2.3410142787930854,1.7017745330534049,0.07065862974761124,23.581588143641333,25.0
-1.3724125518736328,-1.0757701015795604,0.2261247390215452,0.17110458057567376,2.9919678488752774,21.303171702052353,25.0
1.4374302392799854,2.66106459360278,1.3279618211075588,-0.40055406174665714,-0.14419869574984637,15.514757246567061,25.0
1.4523345383721646,2.2567399792620386,-1.0227563529022217,-0.8869154333354284,-2.64357511204317,25.455453832347818,25.0
-1.2798973065035881,-2.0601832478471684,1.7676938328998364,-0.5149862459420506,2.984830239949721,23.48245190932225,25.0
0.43752674720811147,-2.6121168060856985,-0.8711625716563023,-0.027394108065288858,-1.3975393666441671,18.96616887190335,25.0
-1.6769714596813825,-1.9506656102601725,-0.764968967396505,-2.2083423985154496,2.4645494386854168,20.577187125116396,25.0
-2.2361411957649313,-1.691698416582411,1.7133467015168435,2.1614258764417937,2.9932989948547934,21.43685147228171,25.0
1.6598869263236242,2.1079491183851715,1.708042158652426,-2.1523107955390146,-2.8797051971046557,10.809101912777805,25.0
1.5999303071309177,-2.503360123647376,1.7105540580794918,-2.9331888881434742,-2.994676007102753,24.099113077355646,25.0
-1.4513054892706108,1.6335766670377332,-2.0520243339353166,0.6215616445624135,-0.3863206211040504,13.918167952436885,25.0
-0.41052715123280814,0.4906244915962543,-0.7969511679592065,-0.3268203314610041,0.7353829048606055,21.990193609851655,25.0
-2.6715425646210167,0.3674833962687769,2.157463519146053,-0.8499284509542488,2.3837240935125257,13.746291145978926,25.0
0.20679630243895852,-2.1933917436936037,-1.2787778935922147,-1.9469627040217423,-2.8132821280299267,26.034450013545367,25.0
-0.8716815115331285,-2.3989088205265667,-0.7328026768562466,2.48622885244081,-1.5174448323913374,21.9173490186652,25.0
-2.749253769577955,2.2175846069636016,-0.13892110261769863,-0.28634101864531747,0.5287744251447388,29.863828439739653,25.0
-0.35939219834623737,2.473996807890016,-0.17022440801805194,-0.5498293344609184,1.5238691812215848,10.817662689189028,25.0
-2.3277682334556737,0.09816244115166306,2.1051596292509416,2.383201202380948,2.7828737055017108,21.852630276785355,25.0
0.07114286036500062,-0.0063886755215416535,-2.098373456854502,-0.5537854759469134,-1.4619253768629652,21.6008289342071,25.0
2.6061740707721217,2.532825700488303,-0.18599504433584846,-2.5783336003748842,0.0664242047500263,24.63559256015973,25.0
2.895084202505444,0.6714500217422623,-2.0815555782265456,-1.9638707017442587,2.7250561954083388,13.746411004131044,25.0
2.522983200130911,2.3324644692621312,-0.37113664716881,0.35525477888530066,1.0050151487975443,12.277162966346506,25.0
0.8111933624687047,-0.22253686721581634,2.845272251010429,-0.4069118669273619,0.964217801394295,17.083794362757136,25.0
0.13923663976314948,-2.8353448619337294,2.00831921032489,-0.39197662755366913,0.3810679559003902,25.4288167548977,25.0
2.5033728233718513,-0.25489341121708264,0.2089044326936218,0.3771088569518004,-0.2097121653698264,23.81851236603728,25.0
-2.0056501353944136,-2.9914880143241245,0.5299915162833351,2.215226616054351,0.3160791885580374,13.724349973553585,25.0
-0.6260800195305554,1.4288411261773861,-0.15433200523639012,-1.4092423681869075,1.6201775116209074,20.84302341566147,25.0
-2.695681852213606,-1.9146485721697752,1.0724743605108724,0.8088854702115471,-1.3895879411253707,23.096129676557634,25.0
0.052796301618510455,1.366701655760842,2.7620628854107396,2.1411734653285848,1.3630040991501131,18.52111075305541,25.0
0.5717404517015301,1.1175268222810768,2.730977273361125,-0.6705957025589151,0.033834420214004624,12.990330757713902,25.0
-0.7897975335879437,0.49862748652451216,2.0880194026330905,-0.5171868672557136,-1.6456478265172798,18.1210865202548,25.0
-1.6888302797317745,-0.5012528566945513,1.874558391041509,-1.5475347357357618,-0.7680745194219645,28.444064587856932,25.0
-2.929552807299034,0.9450500338663526,-1.6102052991294737,-1.9724905003195676,0.4502656736043624,14.599681775195194,25.0
-0.7239723889933485,2.7717788489591015,2.7138375865836295,-2.63854788132409,1.7904758663189604,20.425197533265482,25.0
0.14592228793607998,1.916994345815259,-2.4989962188777106,-1.0473392090341407,-2.4505251174094695,12.843427630365735,25.0
-1.6488553700675372,2.6691782513092974,0.08687698481146677,-0.10120715911359612,-2.8028987756819994,14.505347054315445,25.0
-0.9312611034946507,-0.7207266460076922,-0.20157840031806673,2.679322507913543,2.1255037839094033,12.281729459149041,25.0
2.525403620028923,0.7153598937160432,-1.5107233631236938,-0.1426824541910765,-0.6557024211646052,19.92039656406156,25.0
0.010513366452850725,1.0632605766522172,0.2574108107098736,2.678422933051017,-1.1140698291397118,22.305384489571907,25.0
-0.34445923028688785,1.5098719783338197,2.4375286659695288,1.7360678973016004,-0.4672232044737257,22.915605746738088,25.0
-2.953043172690156,2.4981095033981457,1.6082437712095716,2.191478010818983,-0.4240708003025886,29.646354813691232,25.0
-2.0585552521356005,2.1101616238090806,-0.44087860453743577,-1.7714968636522133,-0.35945893122155637,24.14536661801803,25.0
1.0681486706772318,1.4789959076237231,-0.45802134088677526,0.09129306628888001,-1.478316191345991,18.231315463355926,25.0
0.29446717103277553,-0.7374883375559569,1.7518477622446404,-2.70869473244823,2.3227429970954763,21.414510028079818,25.0
-2.3370137432993903,-2.0792112936022575,0.9114579325426746,-0.268513161556998,0.3835972203346212,14.888776189514514,25.0
-0.477953234503107,2.80579381786408,-0.971984090985555,-0.25424369756287746,-0.19591624330394897,14.210918714367203,25.0
-1.901175627067016,1.5474501551880175,2.589699405947723,1.4793155024077471,2.776969899722345,20.772012978684124,25.0
-0.7078728260970402,1.289248503908274,1.9064941814076235,0.7882964984158778,-2.9418325744679974,27.21662592109738,25.0
-1.9698548058604235,1.8621197391225017,2.6235459875303295,-0.5771001497122676,2.8261075955721466,13.224767441588575,25.0
-0.4269506479461027,2.2875684993212015,-1.5799834393870502,1.8443718589865306,-2.6548778713259122,20.349439891049496,25.0
-1.9278383356850473,-2.6158430807588253,-2.350217937640823,1.4839782258748269,0.3134566326033097,11.75852175084923,25.0
1.4282535810821528,2.9998469121394944,-1.640486532561177,-2.5115077207327916,0.41928982064282794,12.875774214461337,25.0
-2.411879228918949,2.341807165124429,0.2736556120376208,1.8204330794058752,-0.5032615544467629,23.89361712513142,25.0
-2.6345000392440836,-0.34756270984337645,-1.7861343261516223,2.8243787526240887,0.23166865839014505,28.235336982169233,25.0
-0.7850745076133818,-1.9920892887341415,-2.7229334506993896,-2.29807848225617,1.7884561703551363,26.097254333423052,25.0
-0.18830997132379723,0.5668134927027006,1.2246973156319196,-1.7430151762209878,-1.9820264999454529,25.90181839121499,25.0
1.8240127008120384,2.7291052224752583,-1.8293897408546744,-1.5618675209628607,-0.9260132832435564,13.484717136362182,25.0
2.624274902156051,1.4067969860116074,0.8504627078288731,1.0447871137185007,2.402957657783327,12.686013011535916,25.0
-1.5909807517944206,1.6764031630131804,-1.7109637917859204,-0.8365119715527816,-2.9767071510762158,29.281896360002314,25.0
-2.4057141135669946,-1.6576126296725198,1.170449112444098,2.742746449010018,-1.0896191412311467,18.988981143869218,25.0
1.878337273542705,1.5375108794359553,-0.3406623902621124,0.655497994728746,1.4454026200249057,29.833358854673307,25.0
2.8364479326228533,-2.630847175150324,0.5102182800977846,-1.0523754115687236,-1.6183277610852063,14.945797519957864,25.0
-2.7671039950089766,-2.2152897668818743,1.2828749751691895,0.8403857768964285,0.5405240600928991,13.472686288475128,25.0
-2.609562542343071,2.480057461190512,1.8908285746626508,-0.5681746752763606,-1.9036420156807554,20.64481846279395,25.0
-1.421983476514895,1.859319133339226,-0.3258486243447427,-0.48946752914499525,-1.804121498062973,15.220690046304668,25.0
0.6307102513941913,-1.2361576612359464,-1.169169261476077,-0.9219011368726178,2.736377692391324,14.973700705330092,25.0
-2.213184205541724,0.8230057005617906,-1.0537564685405454,0.7216305572953599,-2.971830234420509,18.367610979239902,25.0
-2.888266199367408,-2.5203021161485886,0.10154009303021994,1.5082666762446948,-0.297088828967373,26.541635713077056,25.0
0.8013114105187542,2.362103472033878,-2.5148904220126096,0.3548080495666448,-2.538214763519884,12.320413179010128,25.0
0.8463622265412232,0.8726650295934726,1.6253456302844578,-0.6309120495406164,2.8608463173232437,16.77935473886206,25.0
1.1349106444835835,-1.3667968270023567,-1.7267898159319182,-1.0624845439515012,0.29645070430009524,25.498588499005763,25.0
2.72670005036621,-0.02986375724915158,1.1016985525418868,-2.759536060864018,0.3327746166817347,27.356778973894205,25.0
1.4202240940685318,1.7167763722832836,-0.044910945396787305,0.8051620667728372,-1.7462779620209412,14.262122824836784,25.0
1.6145419962881071,-0.904729794237157,-1.0850074131379879,-0.35952361634695507,-2.7833028123125074,20.658233170527414,25.0
-0.6374575314855813,2.1719195887615133,-2.7061679657607125,-2.277358402571915,0.4498285587888189,17.351970210377825,25.0
1.7690826295746227,1.0327812887888914,0.8344475144764081,-2.192297172970631,0.16475412555735458,12.967219540355583,5.843467335529657
-0.004964960643977445,-2.059718966016194,2.358393954673417,-2.339916658658257,-1.0538192925111578,26.846588069435246,25.0
-1.8820850911946736,-2.130606015336157,-2.7767226001994305,-2.004386108423282,1.8462914209033947,15.997499269528962,25.0
2.8440926581449357,0.4500759636111651,-0.8329068097571604,0.8453337344584009,0.7701193464369243,13.20465288069888,25.0
1.3175470498182804,0.4147717074755177,-1.1354434359458963,0.896202152966433,2.119716157927318,28.49387028944036,25.0
-2.551004041613656,-2.215032137255442,-0.24711168221353796,-1.1276444249859656,-1.997242810901397,12.0530480982932,25.0
1.9862176674653327,-0.31343010624250844,-0.7476522465689222,-0.6688759512325069,-2.0228511921450694,17.798940348760866,25.0
-2.9901184530675757,0.7881410690260697,0.30597011976867705,0.13273323519162616,0.04539018314880838,28.685892518480163,25.0
-2.1979334781315947,2.380948741932217,-0.5608329232471934,2.397881847332835,0.6649506312026432,21.640325766837343,25.0
-1.3376742831800623,2.4569012082968467,-2.47033679701151,-1.3930231309546355,2.1141393391955248,29.40372479321219,25.0
-1.891691748334512,-2.487788154250097,-0.7818175454956355,-1.805783780785431,-1.9437781525076958,15.588027259962827,25.0
0.9538059023186194,1.2579933026300623,-2.560391038738991,0.9450590879018552,-1.6432847967299713,20.798793192320684,25.0
-0.003875889468495597,-1.6805891174455692,2.9526126766095633,-0.5855788435989298,-1.594634295778905,18.746724821999685,25.0
-2.2729020466239325,-2.9858656699502806,-0.02967093077851013,-2.003695909861392,-1.9721855950341332,28.393301732250364,25.0
-2.3025575146409687,-2.316964495022188,0.24237349985114065,0.12806596731044806,-1.6603266044090268,28.81195314520335,25.0
-2.8603099318546454,-0.11743224354473458,-0.577011269708668,-2.7735345344232893,-0.8523193606058732,16.645682928461785,25.0
-0.45258737077377864,-0.5069447018122033,-2.7925850251778965,0.8748901130562299,1.9684919562437813,29.23985943090013,25.0
2.0209450133601834,0.6528138570137738,0.5447955102379498,2.2631440876197058,2.5377606838322855,14.029389316604561,25.0
0.926912473314184,0.19157961086466813,1.3702834739334318,-2.535611945151431,-0.9571569513073945,10.039545106749284,25.0
-1.2351441306429711,1.0986775368229686,0.4520011875749992,2.4466455413727246,-2.8734053818487046,19.630424033291405,25.0
-1.3978126370966284,-0.5894162006434378,2.4076798216043347,-2.353691765415194,0.3326691127493855,10.138825214960425,25.0
-2.6966408445540977,0.5471513334827303,0.4950529421403158,-1.450476656669351,-2.950833271423306,28.424120618713935,25.0
-1.7336755757513767,-1.4348481727009634,-2.3203183410183024,1.2662275061582893,-2.7652478987145432,17.579505040794622,25.0
2.2833139030768415,-1.5835599728614405,0.6101269357929202,1.0448309083290592,0.9918159501503059,26.616357428797485,25.0
-2.3864572667287187,0.47901641507848236,2.6386217497346696,-0.4141984562854528,-0.21645200347462268,12.563051714816623,25.0
0.9295731055466012,-0.45196193587057243,-0.6632137973349748,1.53703243232028,-2.828553538508851,27.746842095689775,25.0
-1.1399063371844402,0.4532768763933759,-0.3109469998152461,-2.533982808233625,0.3164968961304604,25.57134904156304,25.0
-0.34702682143155883,-0.34832259208653316,0.2888463111679873,-0.6656184903799232,0.30024293407078684,27.391238223984857,25.0
0.31004107376527745,0.18915477014036952,-1.1015892886213812,2.0120112724648713,-2.4185673172464046,25.47310260149912,25.0
-1.260930239550031,2.209412147834197,-1.695929592037646,-2.6292172581475746,-0.32998477880684307,16.41352645315046,25.0
-2.6915234183611636,0.47555190830903005,2.605805861614588,0.4017716119730652,-2.587199899191576,14.362649942049718,25.0
-0.060030002395750515,2.1666798083803975,-1.6253798102346946,-0.5221022906791468,-1.4807747635565591,29.854981220016388,25.0
-1.1736426925558425,-2.5991375872707314,-2.530922989100954,1.6450021603940277,0.4049791625240666,12.457601069543895,25.0
-2.11689504843848,0.5157240881821061,1.2393780275599688,-2.1507985196737134,0.4181235990293599,15.313595058770515,25.0
-0.42030833848358995,-1.8128090689132539,2.683010524105054,-0.9767840123623999,-1.5487160945305196,23.00021877132867,25.0
-1.886800205413678,0.7963255163374985,0.3921480070480796,-0.40487363383667807,-2.2468266975104547,28.375173137694198,25.0
2.634122765506623,1.1302917695099346,-0.5920852295046273,-1.0921519607258916,1.8186799463051448,14.091703144001642,25.0
-2.226979998220029,-0.26572532679521776,0.006865478247354062,-2.1549941623254374,-0.5436314164009528,19.98718878349427,25.0
2.4507492806228157,2.0287286169279097,-2.1561453124402097,1.359719769888029,1.8609757918364735,19.696039830170623,25.0
2.869259828671387,-2.8339388312340046,2.073601749925251,2.238238322306959,1.9579165623622519,29.82764974008163,25.0
0.9635874824611577,1.5055043057119883,2.653754130368829,1.2058450744532418,0.5170498719401166,12.808883822981914,25.0
-1.1364727429889112,-1.0694033222834864,0.7167377596751763,-2.0559949117512497,-2.812944480038904,17.774020844610973,25.0
-0.33043689930443687,2.679600870728164,-1.0702288844985244,-1.6451528138135778,0.9630038099565295,16.678781947776862,25.0
1.9776449014972037,-1.4383991496618043,1.858193331877822,1.7048447086430345,-1.1936506158015026,27.260930284475265,25.0
-2.3787564143776785,0.12801551879980044,1.0872371807367092,2.7963228159262172,2.7818558178461785,26.76624663932836,25.0
-0.24524129983177945,-1.0103872296958505,0.6276010448636824,2.295521369112503,-0.3883369290065599,18.330784565595906,25.0
-0.8101214386565521,-2.455735576603068,2.4225981913832637,2.6435934723776757,-1.7100533825345936,12.641406525622788,25.0
-1.4192267193352053,-0.14328358661911178,-1.3120491784968715,-2.7623483669911084,-0.4819213055340499,14.882557768266125,25.0
1.3316011270158423,-2.977299518654308,2.6685360383801333,-1.232477939920146,-2.0053000592332606,15.375483087668371,25.0
-2.296825525368258,0.19607743475902994,2.746564982587196,2.0993008952969188,0.2400740242161743,29.200994364172598,25.0
-2.9901323488926863,0.7445137197011271,0.954752662001924,2.8876311697488415,-2.6909590718821272,24.474374522729143,25.0
-1.288298895288118,-1.186748269467485,0.16489229163858932,1.392949215335955,0.5442789051688508,16.956165613857962,25.0
2.511724512751192,1.6151060595061377,1.666037731490892,0.007189164571629991,-2.9495170862484423,25.96625060940507,25.0
-0.8034372398219269,-2.86276668837262,-2.6478361344839145,1.3168710026206902,-2.304744889676869,23.39265085440923,25.0
2.0333143191715006,1.7414486344440467,1.2539658853974593,-0.17968634247724147,0.5149968915680541,19.69185339261479,1.1384722994965208
2.453781144909877,-0.32321248530813307,2.392468138439443,2.681981398470353,-1.9890586412631754,13.705578598696317,25.0
2.1570135596539775,-1.8438778393483997,2.888044433380734,1.2216331098442605,2.107913339580988,15.506315297487001,25.0
2.95288208436867,-0.06022874864434513,-1.5953307401202115,0.5876611158835279,2.2119691160973876,16.731037569780355,25.0
-0.7247801741269607,-2.743855931481068,0.3382515335697308,0.5731500491898774,-2.790094920164198,15.728104345193177,25.0
-2.708749193794416,0.5913515758227068,-2.6764546683155648,0.9325674948038065,2.395730694679795,12.637032326778645,25.0
-0.510547729882365,-2.400506529855529,-0.4736092802767212,-1.365859402121413,2.8995740199346507,11.3313319357567,25.0
1.5999804026942923,-1.5345670680889834,-2.69083952677234,0.25798017908012705,0.2108356485044158,23.272631171012872,25.0
2.727155564559018,0.45258921001583996,1.935896509120723,-0.4819075009330476,-1.1205792258950082,11.33917507122975,25.0
-0.423309714614279,2.267599329350425,-2.961343942606781,0.7361477439495774,1.5828905182770718,28.222583494403644,25.0
-2.271961130095649,-0.17760693049694476,2.7787709868735107,2.0682799784925496,-0.4223346088243005,24.9190804613464,25.0
-2.2224980503820713,-2.7937554551850634,-2.3352336130716473,0.33113183312145233,-2.1655279410040325,26.70917822008065,25.0
2.7169703472407374,2.806632074286064,-1.0387127079919782,-2.4226499837700732,1.6362911880045594,20.418804570036713,25.0
1.7844513902348016,-1.352654202545187,2.505933432363153,-2.145745131144884,0.04656706403853672,24.71513297091082,25.0
-0.8828539337394532,-2.252289202571749,-2.2778899159728097,2.171269094749313,2.0188352462769545,12.503311387545924,25.0
-1.187201754814235,-0.8034129602938349,-1.922697183648293,-1.787480973787217,0.6596737444694329,22.42952324359218,25.0
-0.08025980046267689,2.4269546043575874,0.925881834377996,1.7411983457651647,-1.7401490164132771,25.334818605117487,25.0
1.2678176317952294,1.983828886622712,0.15033335577381512,1.584410082259807,1.4636672339384535,29.711724646586983,25.0
-1.0720359419262477,0.20690371862501777,-2.618299694246944,0.5777827874563912,0.3878324202395502,12.569598487928753,25.0
-1.3525624549847968,-1.9780933669585186,-2.3792859847672,-1.0590015594809916,1.8040822263694878,19.04933538236559,25.0
-2.478712365510619,-0.4728866356378356,-2.576850832019607,2.2930497606531786,1.2488504690230524,19.721550537305802,25.0
-1.478887097204351,0.1448228344084055,-2.662021728274113,-2.1667376145945116,0.789192557332949,29.17171051472119,25.0
-0.826189977400376,0.8695664636491545,0.7452194676859012,-2.7158230531909715,-1.3156540718951923,25.909542319196422,25.0
2.4155010336438085,-2.302993939739722,-2.3650469267621594,2.1444002468515997,2.685636817112316,15.524627476287357,25.0
0.05598925949566125,0.7505439258695623,-1.9086695158526452,2.035318074109208,-2.5219377232073272,19.43538615845853,25.0
-0.5995359304758039,-0.7648461519895604,-2.738683232009576,-1.3632015711807979,0.19678890686641326,20.04425210973452,25.0
-0.3973662576131489,-1.4093466101144214,0.053396535506657905,-2.021351097928593,-1.8795582353363187,21.518968755600962,25.0
0.788336791550829,1.5486547564298778,-0.2177806914480387,-2.491263437369468,-2.560083499914402,26.669167297931025,25.0
-2.6652430551364197,-2.500988665009891,1.9215405957309972,1.3520433490600299,-0.3949444058011733,26.460198523139628,25.0
-2.606559757194417,-0.12696453278267095,-0.23232857623371705,2.4018979398557665,-1.1571691600879297,17.05659219951455,25.0
0.8311380433510731,0.11326676397917268,0.9402056332829685,1.4471602198702556,-0.1452160322043361,26.367923798388688,25.0
-0.2970284188619323,-0.42670071892707817,1.2984363752898815,0.36036348199664703,-2.1206455036032663,23.344040371464246,25.0
-0.7703291230286791,-1.1817076363388077,0.46651024056032897,-0.6576601907269661,-0.7249503235179215,26.238414873426468,25.0
2.4815108879431893,1.435667396404794,-0.5462136447326156,-1.1686671580154093,1.412289108623444,13.964842200553896,25.0
0.11724546217878729,-2.3256070457391718,-2.4221499889559537,-1.7389855267715872,1.4579581797421106,21.184943133200175,25.0
2.258047338889096,0.1938309746472484,0.5593532721818315,-1.6750211907178105,-1.4785351259612267,26.00093181005989,25.0
1.9161787193948774,-1.592478720823515,-2.4080013348736276,1.2381224827178476,-1.2754802950857052,10.133130931833193,25.0
-2.097700015897694,2.8641750327730175,1.268729086167781,-2.041430248232371,2.812489132988377,29.072472565051314,25.0
2.7525224000269946,0.9518020461651884,-0.48778307854583636,0.9095166779887731,-2.3671496435543524,15.290754453821535,25.0
2.6405743792614285,-1.8565983566783326,-1.2042884422631377,-2.511870846530732,2.791613957642669,16.456363245967562,25.0
2.186971024401428,-2.148019998114353,0.7735902575636451,-1.5289319131865615,-1.7871150502933846,18.1476118053277,25.0
0.8993636470840767,-0.35167558999194437,-2.3936099464877403,-0.5305567802607247,-0.5833971967143201,16.99223258757071,25.0
0.5994015438493423,1.521001237756014,-2.632868308220234,0.20907368724811226,-2.148657201459135,20.811240315657965,25.0
0.8777872561565361,0.4445952629644845,-2.545416641485345,0.26559659070686026,0.6832648141736715,14.449183297310979,25.0
2.077240018259497,2.7869067007137414,-2.4846284983880262,-0.2984122269432463,-2.281804555520724,15.531050927723742,25.0
-1.55910939425581,0.8472496783415084,-2.198221215704111,-2.379558622645551,1.8393090971495223,29.284371136466106,25.0
-1.7926300314593884,2.0808773304825134,0.19357095434326688,0.6365934728384945,1.4984741429348425,16.889321634094898,25.0
-2.87221882370454,-0.3165567121970563,-1.4963376241253004,-0.23367785116891104,-2.718823330947433,19.825724714382055,25.0
1.8262611217754265,-1.4964591763543147,2.6985929680208205,2.5057025264769384,-0.6213764441139845,14.822432014067727,25.0
-1.685351346964457,-1.9837264629163152,-2.456043655722893,1.9021381133851172,-1.3335397822750514,27.362811884784932,25.0
1.890448338425351,1.4715452128332682,0.17917100309792344,2.3616639674528948,-2.8515186080499166,19.621962464966487,25.0
2.2351402660596627,1.0170632356509222,-0.3566234352787383,2.8924267586588925,-2.323848583857273,12.987406261593911,25.0
-1.599398771495876,0.25935298356492087,-0.9575056874913903,-2.3889252854825958,2.0152821924578843,23.180331537550384,25.0
-1.0928401614841456,2.7209429937419514,2.5560608232188784,1.507184551157133,-1.1065733716944477,12.442359239822158,25.0
1.0782570294462372,-0.967734182425632,0.5955647632045129,-0.03871191747726943,0.09297326489417657,18.008205143157774,25.0
2.3181754747102254,-0.703157677855378,0.7594059658267229,1.4866573023305174,1.066725090334003,20.80891837632215,25.0
1.920974715204198,-0.7695632145105066,-1.482208793206931,-1.4931624159036936,-2.098750789651767,12.76340355184253,25.0
0.717926204273831,-1.6277157593938965,-2.0657528224110355,2.71628132393551,-2.397591192122775,21.473614748044195,25.0
-1.8650984666016042,-1.6080967974459495,-0.6082866066536816,1.5808652701385135,-1.1274842123222593,18.44180085852774,25.0
-0.06137331161960757,1.6167985107382972,-2.1142829095290505,-0.8241194352867511,-0.30947585474041217,24.922354694832975,25.0
0.8524408096704157,2.8714829177299537,0.8012679950788151,-1.6062051765809215,2.9739173906520433,23.15187274828471,25.0
1.8092581924188416,-0.6377028121271202,0.7309991419142916,0.6854878812679179,-1.8686537346330292,26.245220740119095,25.0
-2.777852989070965,0.30895539563830443,-2.1840571208210577,-1.5219078002355304,-1.1824359942747944,23.26236833191455,25.0
2.589408917540531,1.40385904140341,-2.1703930669797864,1.8529148631555188,-0.6084242545701596,17.64478268412895,25.0
0.3655095628889273,-1.1377026073718028,-1.0068961176685238,1.076215737871223,1.0074170380488188,23.951302888605873,25.0
-1.7119375851718077,-1.4303567159089141,0.13635187922331612,1.0140278502920061,2.526378500686246,12.155969463191166,25.0
-2.856387008360721,-1.5976705791196046,-2.3056435379807425,-2.333933092650402,2.097486296225205,13.039142188039259,25.0
-1.5941241722085902,1.344796358073905,-1.3573038181811028,1.171835886514002,-0.20847121039504535,15.500593734581939,25.0
-1.1741045538172104,-2.612995264099767,-2.291774590212304,-2.4548449919608926,0.9972008927762163,17.448167254789247,25.0
-2.688527211432325,-0.6750797577991814,1.3122148064944392,1.5920710250155157,-1.3882783973847617,10.133158226620704,25.0
-1.8381784035369395,0.50886610505481,1.0153824515441379,1.575504741213213,1.4458553378648915,23.220695629976,25.0
2.257942527057722,1.2212066778027442,0.0393321632482011,-0.2658998744036074,-0.40496474514592995,18.814175123129523,25.0
-1.7322495969174088,0.39392362027520633,1.0563019493824353,-0.2143998505686051,-0.31678230470558333,10.113862772692542,25.0
2.111261883914409,-0.8016674765761302,0.4803316036920311,-2.9940731929937625,-2.820545135481065,20.037337971064176,25.0
0.09537338644131133,-1.1754038499033506,0.6820887069343149,-0.9659653313251106,1.2776112267226782,12.60030843489638,25.0
-1.6067042957371669,-0.4479571775115567,-2.6043910821268597,-1.2428193068086855,-0.025842280906578363,21.909531711728597,25.0
-1.7212168041520362,0.6797704890681042,-0.6490219233628842,-2.4981389540903427,1.8840019933470735,26.949452323047485,25.0
2.729184442902813,0.6210620089934515,-1.8946548572148791,-0.6329364558284016,-1.2530663324353037,29.943914183329134,25.0
1.811454798172966,2.690455230724485,-0.4128134170381975,0.07733809423999838,-0.7604814235780668,28.07174506885364,25.0
2.197786265707413,2.2088713562149564,1.1294057758913318,2.9471490343401534,1.9439075420926404,12.168564089967626,25.0
-1.042400415566866,-0.7208557064738317,-0.39909504460099754,-1.2435901937051281,2.636914804856822,22.812815603313105,25.0
-0.5754751661600519,-0.0944357887982959,0.7874326620669897,-1.6008829311180608,1.1495690435704269,27.41489881533136,25.0
2.184813987562987,0.20454728701546676,1.11586347781477,0.4851024658513743,2.5536595498277315,26.747689476754644,25.0
-2.0032278120129305,-1.0718744679926462,1.4947707812425817,1.186083079418446,0.0653774671822025,24.15293745387126,25.0
-1.2205100786624505,0.11975830853724252,-2.590788064763836,-1.7560854911105004,-0.03547759417497823,18.74736856626677,25.0
-1.3207974230502921,-0.17049748131017703,1.0427305598898464,0.3758945212125324,-1.7056751184937564,16.852955011778775,25.0
0.4444202851504717,-2.063326891502474,-2.263965691977854,-2.907774455466764,-2.8687406803083877,16.275639401804078,138.4619294378431
-0.7445758412447906,-1.3863648528860375,1.7170133825306462,0.7293393591299878,2.9419866797829384,17.89746608957902,25.0
-0.6197527042072392,-1.3334613413857321,-2.2520973641394284,-2.272979589533162,2.923115645215296,22.751667387928443,25.0
-1.9046889104421583,0.7597767143012545,1.8194519890695053,-2.075383197605917,2.6563370788026504,29.973691025722975,25.0
2.648087447373768,1.9244989648765958,1.0291242296501644,2.8454627349057295,2.782687892181725,12.455793076094734,25.0
-1.5011887199331704,-2.8309148586115547,-0.3855852366672666,1.502247216100153,-2.9661999601953024,16.99068733860839,25.0
-0.3825695799798053,-0.22623030177669531,-1.3436622959709352,-1.4921187636953912,-2.7765268259117284,26.769939044960093,25.0
1.1434525304847258,-2.718544155395847,-0.4262890261236405,-1.6600545306945012,-2.7941301203747266,24.734171338720852,25.0
-0.10164268241477058,-2.656647246200246,-2.9753151000590057,-2.298095186652365,2.630587405556559,18.13888848895935,25.0
0.3602290649467415,0.14520262440474385,-0.6218559056107005,1.8529352711420572,-2.5733623254581537,10.8210205339862,25.0
-1.1741921001178095,1.6703583734907528,-0.6354400544695397,-2.8072836355738255,2.660873141056254,20.693675388593867,25.0
-1.1074256628325,-0.40210889698128205,-2.1277934197180652,1.451533206052443,2.9423528850903833,14.116077987264253,25.0
-0.5710622287480233,-1.9342078192313736,-2.1413759617427384,0.31249328376276714,2.775325428460593,21.776811238005592,25.0
-0.2607111076598901,-1.5362551013592012,0.6414136381066996,1.643338405445335,-2.890930901780844,23.072780178404425,25.0
0.5484795066864255,2.187497629241977,1.6979843127814576,1.6216479307578244,2.9530455267302003,27.110427111037502,25.0
-2.552159968257201,0.2883729924795907,0.6548907620537364,-0.587056228089047,2.8368697980702335,27.506756342917395,25.0
-0.6378276687779417,1.9838001120787196,0.6684434391235958,2.8585335233214826,2.9755415720666996,20.977752632697396,25.0
-0.8452934843320999,1.8121784287764788,1.142924167330285,2.8328718753521365,-2.888662847386525,14.503172583604876,25.0
2.812393317311468,1.7252928418464413,1.1564050212143562,0.4169089382207145,2.5073092550060254,11.363386923085654,25.0
1.8094875161038937,-0.05527011734022061,-1.8016316036595508,0.8902538846663589,2.8121445840651673,14.286885148396479,25.0
1.0526306561193155,-0.5757965604236491,-1.2179257037454887,-2.5384211837896236,-2.6544416737178644,20.599414735757808,25.0
-1.7052245331316334,1.4712497688734272,1.80583993942602,1.0545180072013067,2.940697802491908,29.59697275096461,25.0
0.16878757689883075,-2.270966205484679,0.96858319542966,1.4257404136289407,-2.73137459060609,20.44437370774304,25.0
2.9547546493017682,1.2900809998178904,0.8839028269385213,1.8776934831592367,-2.888796593314159,29.177682269723803,25.0
2.8523406820941934,-0.408635927956929,0.8972889525306433,-0.038176371396613736,-2.8496084117647125,19.490385720503532,25.0
-2.8764964722320774,1.6206808150276297,1.1914338620366223,-2.06725212339307,2.5085274523142767,18.626918414698245,25.0
2.217408870564478,-0.7302782075873984,1.1853773251574793,0.2607785808525578,-2.79905341180123,22.621812573206387,25.0
2.7618508413686507,1.5921939595511019,-2.023753245237044,-0.5031059850438172,2.4528489399859392,27.58253574898461,25.0
2.8360400064085076,2.9365959317817074,-2.0370979517660968,-1.8804741594494039,2.9744668258082436,12.269227666451618,25.0
0.34178606908804676,0.6768969483088223,1.9895611095358257,1.6620144632251441,2.9394835656946356,17.91584478953295,25.0
-1.2457713756486901,1.9026025311463237,1.9943869659282478,2.974959953468775,-2.417214060073715,28.507985525810028,25.0
2.7061550819913895,1.5742024072899703,1.4814208427139,0.5030440753260385,2.499487873298191,13.06071673316453,25.0
2.0149559130804424,-2.3439879235766368,2.492344284512565,2.6405831002746627,-2.9814716704274487,27.59729901329513,25.0
1.544430435075933,-0.33600068996733384,2.479027152677104,-0.5285758083532156,-2.8981340342264224,24.643282608211457,25.0
-0.19039133679899703,-0.4396671635785157,2.465587246431968,2.219115265422862,-2.9694377944669563,22.146777539035273,25.0
2.266746599451748,1.802928904898915,2.452192999718191,1.5325660653496864,-2.9511170699698592,26.395493642216895,25.0
2.5717506470698996,-0.3534115274531881,2.901957703626568,1.2821808963193146,-2.91026900216675,17.210466736842942,25.0
1.0260962726387743,-0.9123511751057337,0.9818146677726008,1.1859551608436227,-2.501851062243013,12.368648916684196,25.0
-2.048094684543885,-0.3564296178280747,-1.8148820854855134,2.631913019489933,-2.816096286082542,10.12396136195414,25.0
-0.8638944015601695,0.11324945971575844,-2.2380095937185773,-1.1586293336362792,-2.788541572417767,17.200906339181756,25.0
-0.04622676526700803,2.177896154866429,-2.2248551065852675,-0.9534673036311422,-2.662510519007084,14.4138299361654,25.0
-0.7979582819917918,-0.9143703496157665,2.059917488476539,-1.4961807807307514,2.8239278236035426,15.400825158380034,25.0
0.8997140675641516,0.23578462605653003,2.0467597916998037,-1.862050377151173,2.9313036610486796,19.980698494971037,25.0
1.4006477254019978,1.5763519113711384,2.2604108517889085,0.09296801233334799,-2.9205755961384243,10.455966018995538,25.0
-1.004399287574636,-1.699405596467104,2.2472777581551657,-2.1823712700545523,2.6850600332458154,10.389296697895375,25.0
-1.3993669225580192,-1.7445005882076645,2.2341286655569284,0.33212473685999544,2.9356277547280194,13.254071743140516,25.0
-2.586070172471666,-2.170209182497966,2.220870417433137,-0.179636824971756,2.688533999484035,18.483832892166568,25.0
0.6495972023727888,2.8263313800610677,-1.5264145171672305,-1.458836696776992,2.9471799891721515,11.009370052897234,25.0
-2.6944437004249004,1.9864268960116571,1.5419937888150346,2.9867325884934517,-2.676549835388241,25.898711194640022,25.0
1.2392852566724168,2.0875257102039915,1.5551704927603758,-2.0132734080324606,2.879430733553732,18.619185057443076,25.0
0.7205803338812928,-2.9354176884349763,1.5288767772333192,0.9542637503802908,2.9634234769754135,11.330847444092182,25.0
1.3652167320246815,1.8444022137505127,-2.2117789534849583,-1.7904570134168625,-2.8995019363070558,16.371403956979453,25.0
0.4799776015428925,-2.363840031953182,-1.7725810699175288,2.582732342995661,-2.9191778684647613,19.063904501481183,25.0
-2.8138154332318663,-1.0120773592996049,-1.75949846427898,0.18955828274268363,-2.8143203376673576,21.00560040955745,25.0
-1.2314243704355732,2.466311557688928,2.8311018209968615,2.420226946949853,-2.925246321827755,26.848586907417662,25.0
2.774069444636839,-1.2320167147185932,1.4683108941669074,-0.8857221040679677,2.9979417312076135,10.638909033446453,25.0
0.6856056540729459,1.7899085645099337,2.2734792950820504,-0.012847545503682507,-2.916497897245379,13.954021586215001,25.0
-2.3811158007186126,-0.18891480986142642,2.2865345347462385,-1.818656648406455,2.9899184571677644,14.908953959092127,25.0
2.862800190555763,2.098350161646863,-1.5652645758788934,1.40168625880133,-2.6738897537932695,23.256058771884398,25.0
-2.513302308614998,-0.13378579594101606,-0.6777378368254543,2.088473084934577,2.916528686869094,11.001388934081962,25.0
2.7968995488690345,-2.64593928120614,-0.6907618300709433,0.3916642829668786,2.7154405510420108,22.28179679602294,25.0
-1.6482566526544304,2.4798962242502505,-0.703819967338548,-0.14102977884919254,-2.5470338371493666,17.957839920532194,25.0
-0.42923066268422816,-2.251958190445145,-0.8864885533550255,-2.310265348906324,-2.991477511633255,19.331907295004772,25.0
2.407632013118055,-0.016725334314670607,-0.8995566540667709,0.36581640042100166,2.853383172359788,18.625597619181043,25.0
-2.252656691131046,-1.5275143190533365,-0.7168181414146939,2.011660309320941,2.987838345904542,13.478827280273464,25.0
1.2679553620193347,1.774480913875428,1.5682516723339732,1.2319801730212667,2.9983442954915978,28.40476634334834,25.0
-2.3954066105871066,0.05925741842424444,2.9150151049436896,2.59120715104805,-2.640893646860224,18.312885864559806,25.0
2.719572320600731,-0.8970057450958364,1.6518369942161601,-0.724437658548575,2.7220997447525703,10.309257297451676,25.0
1.536467151297739,-0.28027054482628333,0.42473730789886865,2.175900873334416,-2.9964621709656165,20.512787898587316,25.0
0.9462404873327419,2.569422873353058,2.7924499884096208,-0.21272902560897294,-2.893809893848809,27.88919208011944,25.0
1.5559766237442287,-2.6936876076145317,1.4553990111709765,-1.9804744692249605,-2.6952553958469827,10.357393882560629,25.0
-2.650263159339514,1.777310441547781,-1.5393941137406384,1.5334262186595005,-2.9055611139113253,15.444827299105931,25.0
-1.7707248495241872,-1.1817514705355758,-1.5522936885981453,2.184806662431775,-2.8401236302187742,20.558986881986453,25.0
2.5672701993187905,0.16962759269468222,-1.8432390366212192,-1.262104975706966,-2.579320732792176,20.440102361002996,25.0
-1.0293728594324527,0.2798869273467148,-0.06040681292098134,0.5173246165067916,2.9588245825413506,28.245464767390583,25.0
0.7725756630354168,1.4553860306504913,2.805278877707491,-2.4060852407379705,2.954973757006753,18.465864496640602,25.0
-2.7976846522273475,1.8555090818311557,2.818128217971032,2.3527010653592155,2.970329563775884,12.500247225477967,25.0
-2.193261628488264,-2.5864140226136714,-1.8815419946606495,1.4572132929122796,-2.895688590299869,15.743707710120077,25.0
-0.8579702815582441,1.079020322714479,2.872709789291781,-1.521434628470269,2.979139366380534,15.790155430839848,25.0
-0.5714392290195319,1.8953988541429234,2.8599630593320655,-2.138443106212782,2.9009557156706633,22.805831223243544,25.0
2.684906439556174,-0.3255852049918734,1.4114669011890004,2.608482019432414,2.9100431672227165,26.96505698005181,25.0
2.6147610350295984,-1.3243800762462972,1.3986778845042458,-1.393130742281161,2.7692692077878722,27.79917799247449,25.0
-1.3203901148554926,-0.12186660206802857,1.3858603942601646,-2.0953861727940732,-2.8127994391326943,24.91434219638895,25.0
-2.447147722907581,-2.293733115561063,1.4242258737399425,1.0388279765040653,-2.7087783223910353,11.62847077984924,25.0
-0.14821618781648085,-1.3671502996997802,-1.8688075540065936,-0.29994486491334577,2.9678154227818174,22.438847881890574,25.0
2.288328523052549,-2.918056519970736,-1.8560508594587999,2.3474748115001565,2.9033918596797506,29.791891392736325,25.0
1.2691836640627998,-2.2246148366038576,1.343094576628796,1.7430243884680088,-2.6880085595960863,16.127153214270812,25.0
-2.5142158342820884,2.426018073015138,1.3558555893481665,-1.7719194521858657,2.7626705679968477,25.63992966597577,25.0
-2.0755415174868306,-0.8566141844817986,-0.09837357159013964,2.266122007990863,2.8854158905345737,19.962254154899142,25.0
0.757767642380119,0.8703408223595914,-1.410710541429034,-1.6022623197964365,-2.8985423211359915,10.769173164390358,25.0
-0.9222780109699324,1.0369221972978178,-1.4234255199592918,1.15162795901762,-2.6446931820724067,22.872515940033086,25.0
-2.282769152895838,-0.3851282154600409,-0.08572225897831748,-2.4242626252241477,-1.8143273272087757,22.321133001584304,25.0
0.3636606445030824,0.7835848530367189,-0.07313409579536824,-0.7733705258671569,-2.9083977337185716,16.15673237751761,25.0
1.4520848251057714,0.6027899061852835,2.1715509974004936,2.9322834398743303,2.973017419317436,25.052655450788713,25.0
2.9901614362782363,-1.5390380020225645,2.021900490561645,1.9920784409865175,2.8627517418403903,29.405997334548907,25.0
1.7265738455736663,-2.7336011690694617,-0.1233352056933429,0.10570019804174287,2.6752110503983593,29.557298346917463,25.0
-1.4473474447391903,2.25487677059608,-0.11093116029605499,-1.2440002582915533,2.9942892036004918,26.436990383486407,25.0
1.7653994185527409,1.5408254823257965,1.639226824448002,0.6168815466997054,2.812632802646606,28.028517609863325,25.0
-1.0856004866942637,0.4033750400011278,1.5808498540570106,0.5160456065255641,2.834999667559043,28.23536771985489,25.0
0.24410935923066626,-1.153198094224599,1.5931298899626298,-2.3753244278356784,2.923218368053032,28.463125685139016,25.0
-1.455760988450807,0.6628351947850613,0.43730352014917984,2.983831691368401,-2.57392092110708,18.853244145322623,25.0
-2.029813916476069,0.09373928409727536,-2.8399124974927994,-2.845146668551726,-2.913524399329434,16.08328013266232,25.0
-1.7698287870796627,0.06221261259329151,-2.8276051798596606,2.880409312721127,2.9087574716390217,22.386557158133932,25.0
-2.012196432878972,-1.5683770175401388,-0.5132490057762007,-0.6764187142536231,-2.7326964948604853,12.217768259435013,25.0
-2.385028530721108,-1.3553404678142107,-0.5010084729304886,2.129456699192516,-2.9918376256111987,17.317380577382462,25.0
2.040281364132139,-1.6901394822180011,0.2945371800172848,2.630196646852989,-2.9144338258170883,12.128861923207555,25.0
-2.491024212464392,1.944690607104523,2.208151038825068,1.9142171324590216,2.716131230358595,11.309343875102742,25.0
-2.7237010120501908,1.8496483281301028,2.1959506474521024,2.0407709739945674,2.838429531494969,24.752743886685824,25.0
-2.243812096353473,-2.0258287538845603,1.2517116275712097,0.5618397224664126,2.681079617568596,21.462035308773768,25.0
-2.2651955877684538,1.5001976276247366,1.2559562654099157,1.5794141453524841,-2.5671849695677795,23.60283580096471,25.0
-0.7408950751814167,-1.1593096665384095,-0.26213197690003814,2.886527802422152,-2.922322129558289,19.957452690527003,25.0
2.535732096805035,-2.1083195215707953,2.034140032670316,-2.1467237917578386,-2.95545182466081,19.70521266552641,25.0
0.40732440149037535,1.0725046450657827,2.1838104849063367,-1.4616593134072167,2.9474485001214106,28.53660142616266,25.0
2.6452664824953196,1.3715930895107318,-0.27421919765467867,0.43718885082796516,-2.89302297100116,15.652991650215275,25.0
-1.1125529701407806,2.471474683210492,-2.7632796948245058,-1.0661719287011,2.939152429507677,27.678391289571085,25.0
-2.022532257188787,1.222402265638032,2.927418095473105,1.8571525733898346,1.654958894000322,28.010244693523962,25.0
-1.404605563886161,-0.960840972175325,2.9393414888477905,1.846248717528672,2.6477574634642265,20.066355890756736,25.0
-1.1463445026791768,-2.6200159522791266,-1.9360937182136146,0.6060844162919992,-2.944935667790908,22.385729517555472,25.0
2.9994068622285104,-1.2253956441966536,-1.9480010342250553,2.951575658553064,-2.8792869279635176,24.575689072833917,25.0
-0.9300677281521157,-1.954517981296994,-1.4574542777606891,0.16060186219205766,-2.879994165252799,14.994975606300851,25.0
-1.9145126795071623,2.4422662196308385,-1.4693237475197614,-1.3764661235883795,2.6898168624047143,29.074463750321982,25.0
1.7317769626704511,2.4076776341175163,-1.2304687436963102,0.2449839062285189,-2.9814886287060567,15.732418438092868,25.0
-2.0917280837222085,-1.6117572190876956,1.9786972131856078,-2.7807498622671463,2.9216976339603216,28.55943063665054,25.0
2.9528002511211486,-0.8512326563070409,-1.2422067571947533,-0.5811325171769572,-2.8666778786551923,21.603106632319907,25.0
-0.35488970657038726,-2.2710261444121937,-2.936477160233798,-0.8039995001677381,2.8197710714553055,21.67344512698902,25.0
-1.4068597117768187,-1.397543024332375,-2.948296106634572,-2.1062001231095175,-2.5505047373165604,25.164456095704256,25.0
2.020421627056604,-0.6936566841001142,1.7092996338640143,-2.29460866568882,2.1184888784556932,13.330143519636325,25.0
-0.5914554367484692,1.6623732019187107,-1.7493393177313639,0.3032720608897259,0.6970070248563385,21.430330884042156,25.0
2.939733997502663,1.3919410096826823,2.5359815429013377,1.1405242940970446,-2.44609707217074,22.269990951084484,25.0
0.2473006793463699,-2.7712923221234793,-1.606627845504974,-2.4181420771637807,-0.6534437070173027,10.801657548299936,25.0
2.062721307636238,-2.7368717461914462,-0.9540005019563553,1.9399363160848075,-0.3188661140385314,14.047798055855436,25.0
1.029609769770305,1.1202049323509895,0.8201798105891038,-2.993022260003665,-1.3234135626404488,11.142917808033346,25.0
-1.9571577714359387,-0.8898131295208325,-1.6987412023597042,-1.6729819160330464,-2.186030795241488,14.808898453348188,25.0
1.3792296042567074,2.868304029132835,-2.011488916087651,0.42237496949968767,-2.7805517535764666,22.31122628274632,25.0
0.22084392342259596,-1.6355649066569133,1.709908549583845,-0.27012802636714134,0.711862656610012,18.3244659162393,25.0
-0.1278886554223293,-2.448655124866655,1.0986277083989142,2.0146117008528446,-0.049345864119462846,24.72902676382475,25.0
-0.28333211465233754,-0.9638166792093981,1.0664683587375485,-2.502810969384036,1.2465667758679944,25.01754814540362,25.0
0.04615796436263997,-0.4722615231495295,-1.0118908377437328,2.6541847190642907,2.68282860355235,16.089995241357645,25.0
1.4737189724268873,-0.4095807461422747,0.2714978549947653,-1.2271937138091262,-1.703531131771868,19.664456388170333,25.0
-1.2593623326815115,-2.293259236774938,-0.5360460027285354,0.444019413595385,1.8914209928252887,10.94988603854064,25.0
-2.9899054376523315,0.40724971982802716,-0.01422330337124178,2.370955101394621,-0.7616593608921991,28.649701036066276,25.0
-2.5832605993415494,1.7394262696134275,-2.254134594275607,1.0003430561042599,-0.4931570014952569,23.88257954541131,25.0
2.421183872066363,1.979696290568314,1.3078787948315673,1.828129618112687,-2.635101810772934,26.83764305687399,25.0
-2.5077778613447066,1.9337216430958613,0.7767646360326439,1.4529469897123297,1.2663327505833397,21.406523197123164,25.0
2.828538710643606,2.0705029096411005,-1.414240438129649,-2.4727828351971564,2.886143808134517,26.138825108389657,25.0
2.1454004371907125,-1.5616406752290275,-2.9162915359467676,-1.4045794389366293,-2.5599425086165946,13.469381747654573,25.0
-1.8507122518296462,2.2886449230922743,1.4715236473509723,2.9169976622203766,1.38803020673822,13.284561282249928,25.0
-2.223916365094795,2.1291986500151516,1.5147683751044276,-1.370862744378988,1.2519772075301994,16.48174066072174,25.0
2.711473783102015,1.4359242562164392,2.5688298304701505,2.296189151070255,2.585551450507035,18.300263141778824,25.0
0.7137437002843772,0.7932978048084647,-0.589422106483315,2.888648364338934,2.897589753297968,13.657060768719358,25.0
-0.2976221489183999,2.8490604072201906,-0.6056519748100757,2.0733072078748798,0.6160664352680616,27.663621384597676,25.0
-2.1949687002664624,-1.1821089470265673,-1.4849596336149804,1.565586999581222,0.040701564486461894,11.239077206480626,25.0
-0.4410533063776634,-2.3088886339258883,-2.1601067689785602,0.7634204618365983,-0.6332798854356554,16.98317823188045,25.0
-0.6209413739673217,-2.5656669134969725,-0.767928024700371,2.457741465785194,1.0569033679539537,20.426473700546552,25.0
-2.9430623606726614,2.9548567956040914,2.3212312558424966,-2.8622930138137304,1.0869318388017213,24.129792720296944,25.0
0.91626750373841,-1.527054595861105,-1.6703108269711708,2.9904445976850997,2.525394172141181,27.77754692733435,25.0
2.689239574147985,-2.810772519364342,2.937294284925411,1.9794784543605655,2.621416139550522,19.779254847873244,25.0
-2.5833385777816638,1.3745958366313067,-1.075591853139029,1.0462402042208474,2.2250873296314655,13.106998499358653,25.0
-2.8993481677509716,-1.6732587938936052,2.7084653631000446,2.461477535865157,-2.8153091676170066,13.99836316183384,25.0
1.5469176425950337,2.229581164821817,-0.23484147985640247,-0.2030966390963016,-0.9321233901832788,18.90339418214815,25.0
2.198619703747397,-2.656444430282487,-0.46380297838951057,1.9792175480520786,-1.1280533056174225,27.28439577193359,25.0
1.5944766542368383,-1.5746009720606744,-1.425428955897805,-0.816694132341024,0.5912305882203581,21.22376018267451,25.0
-0.3825904303845884,-1.597963213434229,0.6386728108015909,0.2991307030911705,1.2231844750427392,23.870045920007247,25.0
-1.2558585918861498,0.7840539641286819,-2.7197321163546953,1.5674013076342828,-0.3148549168039536,18.68436864549225,25.0
0.0881474927431718,-1.1556642457192985,-0.056522344811351655,0.2209283959598558,1.959469174176597,19.896194715714778,25.0
2.30339384954544,0.8959027514136988,-1.7012240062503707,-0.8271309418194601,2.276120485429753,11.122737342385864,25.0
0.1157832005699082,-2.791310769250298,0.7332374866200086,-2.5834100260091915,1.9396511916307206,28.208195523186816,25.0
-1.662357359267192,-1.982057795936834,1.3252358753698257,-1.4789440153711695,-1.4520576491287667,15.876071584192841,25.0
-0.8799658622520732,-2.2367253619909855,0.5234686566159441,-0.5750619333978242,-2.8899906515991267,10.127968171173531,25.0
-0.33290170601931646,-0.4596440476814303,-0.19794402507983122,-0.9391222375924513,-0.622648152125914,20.05661235366916,25.0
0.40107412813773324,2.292182625346915,2.658094093297863,-2.2610787781135713,-2.5760594282247187,10.61611246902395,25.0
1.012598288371974,2.8675315778392143,1.8478023248926867,0.9958767454714987,1.2090552560901564,17.604265731960606,25.0
-2.8463144036542056,-2.266692561675693,-2.7337657501877497,-2.964929335034851,2.412259436848281,25.796916387133756,25.0
-2.21668527636049,2.2308760114609765,-2.693283686206313,0.7410154205563502,-2.540225246114719,24.483977748944152,25.0
2.5632593869537494,-0.8210074830132652,-2.5355266780692203,2.0429542710149615,-1.1797622231942597,22.63405435507222,25.0
-1.9639291178449594,0.6894101583962642,-1.3674167660455692,-0.514075076334715,-2.3980283734240926,23.128609206082132,25.0
0.7364617803542859,-0.3009099546577576,0.8746183829683978,-1.896345813918384,-0.9833494697419431,22.129435685817413,25.0
0.40294111083529094,-1.668865753724364,-2.0942158903406964,1.779893443682922,1.3188163807147522,28.08024424683435,25.0
2.407117269516937,-2.2984605312591424,-0.7129412573147933,-2.128169509061041,-0.5232492517637577,25.907669213779172,25.0
0.9525234487332015,2.9609876924110337,1.8617740631598334,-0.1126282955164788,-0.5347043095043125,28.8387693514251,25.0
-1.0084964732035586,1.1141586693699104,2.0428295773188054,-2.396350023188744,2.0600782122462036,12.15513891858151,25.0
-0.1274336262082585,-0.8008938648917856,-2.6733097851458636,0.14702901056834206,2.544717876122993,18.863794673946927,25.0
0.7725799535022211,2.9585228065784435,-2.750361692532921,0.27533835700595244,-2.3429342964884836,27.770504763685963,25.0
-0.09342775066099485,-2.1340182717047687,-0.1429261563335653,2.2380261972105275,-0.654248228282341,19.328511163377154,25.0
-2.595844549327494,-2.768180073981734,0.028812942561857735,0.8028154354663712,1.6786177659288537,16.07350383778282,25.0
-1.478878248165283,-0.02833945055521614,0.3691982238345912,-0.08252503276841239,-1.2677354594171182,24.801198046033825,25.0
1.8149694744670928,1.3896732196310237,1.9321130762778065,-1.7580409403731085,0.022295273532606075,13.341002517078376,25.0
-0.8368032255040809,-2.248882845640136,-2.9258925746651605,-2.894958675383552,2.4416173757814796,22.233886075781907,25.0
1.1350215414723017,0.46069269293359794,-0.007196841632724826,1.490299822461937,2.459012991352716,21.336738759705813,25.0
-0.1655151005788471,-1.9864964617154977,1.294564524363409,0.5482013221602529,2.2737075047188036,26.812709113233318,25.0
-2.702839079043611,1.9040749101585703,-0.8363678219717965,-1.1618207288232019,2.5295755960179402,23.799216560860664,25.0
-2.072743118878271,-2.4343847544676205,-0.5327050462776457,2.731911165697473,-0.7737568664706704,17.123039292252535,25.0
-2.8730592398813224,2.5125043412909775,0.49748177366396673,-2.155031614751475,-1.9172700728230954,17.596609105659716,25.0
2.6105685804518703,1.1583631480279113,-2.467193472365908,-0.46684338224355537,-1.9860330583635264,17.04327718077389,25.0
-2.9826834552036443,2.050367988134843,2.7442400371093356,-1.5773026184685288,2.205341148395613,18.879358883910257,25.0
0.6971824847646371,1.4640553960191198,-0.5221353771042212,-0.7154808971795577,0.5834137280491944,11.612925255521374,25.0
-1.8594098174364055,2.738661281509879,0.22966798059161064,-2.3720620018026786,2.268659927002874,28.30341618354586,25.0
-0.12171243357434802,-2.9177820255416407,-2.054187846041314,1.137383390026507,2.3199979441796454,19.53482093014332,25.0
-1.6377272441982869,-0.8490724888582823,-2.889995465272652,2.6593227714208876,-1.263071374687617,22.038696125299566,25.0
2.463570282046308,-0.8429496943509753,-0.6611195742249247,-2.053887785600906,1.5151617696575315,16.69017932220434,25.0
-0.11391855102654302,-2.3912652987100076,-2.3398131989636095,2.409900721905423,-1.9500514440303474,29.229196233333887,25.0
-1.8214995016213322,0.03868761107717544,0.8995147805277739,-2.5580184798793675,0.04114886517050209,15.035810429215068,25.0
2.896913335286735,1.2496539915203844,-1.5437179193541724,-0.7209162312010777,0.8383508973320279,19.98687966756099,25.0
-1.8756214899101846,2.1503883302083455,2.7819594176763776,1.6802726130615238,2.749146023953273,26.65528567365933,25.0
-0.07108849774677228,-2.2909149003349887,0.9837653155376627,2.5580233713974927,-1.6420978168523623,25.38494478174,25.0
2.751887214445718,-1.5875659956743098,0.9576931033148655,-1.3377503923944731,2.66008901448716,22.534140899162946,25.0
-1.0549002968146026,-2.23310063704406,0.19834310788068654,-1.4665155522578246,-2.9996583325855646,19.953703469290357,25.0
-0.2049858312945112,-0.07387315768502045,2.2498496909959167,-1.871020524361231,0.3491806017715806,12.331378814406992,25.0
0.4600894762375818,2.1552136744621535,0.06300323620181558,1.8143051895840392,0.5976221813258169,17.837851629125794,25.0
1.7777475851576288,0.005964399096083817,1.0270326736277875,-0.47199242183594237,-1.1842462602013364,28.60822301357882,25.0
2.683469607464577,1.3001339336159798,0.4399016488937231,-1.324017104847775,-1.843139533227224,28.5447352406759,25.0
0.01457301699995206,-0.7445598299454113,1.1659920766411123,2.643632653794043,-2.2739044933968526,27.547171143723975,25.0
2.597239263337867,-1.3358917956622842,-2.045625585031011,-2.17925654868869,-0.3786939270443219,29.51547858660502,25.0
-2.8023250491829277,-0.3520245499708241,-2.7524332407938727,-1.2012516692207895,0.4125749928564719,21.20858413218636,25.0
1.4085301638205294,1.5624448744978707,-0.8215801786516894,1.411507412721141,-1.860199379490262,24.897946799470123,25.0
-1.0387405562573866,-1.665906800368151,-1.97742221221253,-2.404683193972795,1.5340406223197274,16.670064960869986,25.0
0.8162900331990168,0.650283056156979,2.0509964591457663,2.492528572174157,2.3089792820028476,23.30085268766442,25.0
2.3174330520529693,-1.689107694461573,-0.6333952996110681,-1.5993762858070704,-2.966926320512538,15.95708193814902,25.0
-0.7643790899564671,-2.6383616261900675,0.5011606126596169,2.601303334523548,1.8781626955724615,11.050323955081147,25.0
-0.8162907346879584,1.897006266416354,-1.1907834112320161,-1.9660751670676895,1.1724757558904768,17.81262861623839,25.0
2.4249040881339754,-0.48621044127539736,-2.766277369507421,2.2591646192447694,1.061285307412846,15.363700876235056,25.0
1.9201059556568438,-1.513032385991583,1.0825487957324453,0.27409283911006144,0.3544803233202001,27.18141341286624,25.0
-0.5138703906553079,-1.297099749352002,0.7497948435898758,0.5111877432111398,-0.6177971405983951,22.99049023652049,25.0
-1.6403679092143117,-0.676035716132104,-2.4198448944517934,-1.642470409220846,-0.5568380651947349,17.363673696948613,25.0
2.587256200364746,-1.23385558045383,2.4262034149247214,-2.8673666305756136,-2.4000923820075912,16.800077034169284,25.0
-2.7396820457582094,1.2154671878866878,-0.9367841733505364,-1.0973828861388282,-0.3043218755685557,19.758185307534006,25.0
-0.21714289027245837,0.9447905410702631,-0.023347738453781464,-0.9113733462082392,-2.662483554239627,14.76777738982232,25.0
-0.05960807690624392,-1.9604581216047183,-1.115720419159096,-1.7694019112680035,1.5379375561082238,26.3761490367185,25.0
-0.6003370335281386,-1.376281024847152,2.890939962706339,-1.0505079068994947,-0.8581015333444402,19.389658785575126,25.0
2.73627190882962,-1.282683241693939,-1.834003806353449,-0.6330465184479586,2.9639904633512053,27.0452041621612,25.0
-0.8556689007085683,-0.6768291621735201,0.1603114181959917,0.1000490935385594,-1.1715160216006764,15.080741220386237,25.0
1.5970015114183305,1.5468772234095018,-1.3853837823279713,-2.9670723775704753,0.17743417258141703,12.365555223473098,25.0
2.6330466698158244,-2.9999215977646374,-0.7595747255420244,0.9332787650350114,0.13700271487813387,27.042133933341432,25.0
-0.6484504240432507,1.6998995326305586,-2.0010282517381563,0.20781173657816643,-1.6885111143755505,14.42499182094493,25.0
-1.1038770529491448,-0.9833490016577477,-2.436306101596504,1.8757836617901988,0.49605505472891176,27.743644013829897,25.0
0.5936990500789241,2.543070042762457,2.5465452351074287,-1.9888703268205785,-2.543493914541402,28.106207517389983,25.0
-2.2233949893284786,-0.8947642752098566,2.1597393438199033,-0.01569290569477033,2.540165439376418,19.96092676954808,25.0
-1.0176636884187014,2.993133580742329,2.186455378900291,-2.701657310105104,0.8919021603263109,21.115704411269274,25.0
-0.21199295606974955,-0.7550530676189093,-0.9116559731613307,-0.42283456986284573,1.542198764206086,19.14472451381809,25.0
0.2913353215287344,2.7532087694556786,-0.48984156954851477,-2.970978428022696,1.7084328978318837,14.931823647332134,25.0
1.383946562575935,-0.874451433481231,2.3302437611121256,-1.3360720193326836,-1.2553938662492397,22.70301822081137,25.0
2.4144157187798463,1.9227586610720353,-0.1908531873095063,-1.6339385582162471,-2.1523438487442363,28.38726001291342,25.0
2.17231798382406,-2.005415290164251,-1.4482991527594553,-0.21364110085165855,-0.7978629889093471,10.475262497756258,25.0
2.7710004518781837,1.4846102737627085,0.7893016137361011,-2.8603561000755517,1.331498054369936,29.934124035507693,25.0
0.6996041942275935,0.03535367290970015,2.236743622391854,-1.4663450123440378,2.397434776417427,28.642920434813362,25.0
-2.101561225786026,0.5874402570663011,-1.1568466241997468,-2.9905775835811292,0.7248508680535521,14.46594793166251,25.0
-1.195872229580866,2.1533135936020944,0.21428507254609874,-0.6769109710702503,-1.2903969881066697,12.531918718501167,25.0
0.5379420812445703,-1.737139195698901,0.8801584624991681,-2.8362917114641637,1.2227790008401378,14.314602825438048,25.0
1.5757756866035608,-0.10017995690443104,-2.5480994622162116,-1.9038605983344445,0.8507499522512463,24.705299451285896,25.0
-2.356285927230719,0.13163521201683448,0.5128050480446005,-1.2069803201675007,1.170158273973585,14.913237498073073,25.0
0.7968162718448144,-1.3924745770105988,0.7841526926397937,0.6149195861882495,2.734219748501964,27.769628714346375,25.0
0.7778333299140083,2.532626560760236,1.4068279217160224,0.45818939319012975,-1.9585178027741343,22.64443284237439,25.0
2.1048116882609573,-0.9111072336096862,2.8844593642509455,-2.087144681166247,2.8460912608073556,16.53251002870033,25.0
0.7140116129885894,-1.5963705735839682,-2.78211989552775,-0.32260677746479915,-0.03719913666969532,24.278692440413103,25.0
1.7968539155450864,-2.833817915666342,1.9691467421031144,0.08522319274229861,0.8226801646483048,24.705500839292803,25.0
2.7524266269553017,0.19290642904547672,2.327310790169843,0.463756010490358,-0.09004889452993492,20.315003772052492,25.0
-1.9511803103078535,-2.3817209181609615,-1.7410427739165075,-1.5196474603297747,0.3238938048863935,19.78073316830624,25.0
0.34500379209580867,-1.6171001091624269,-1.76795448364854,2.825309134667285,0.3154839444841677,18.13870787624588,25.0
-1.7231070074802575,0.3366447857042254,1.030955365258471,2.344085847299354,1.123377360239953,25.780070958728135,25.0
-2.180761164421753,-1.5905840731139107,-2.8825302396624184,1.3943474155966324,-0.010360022725348195,25.081936226114195,25.0
0.18057463072755997,-2.592710682184204,-2.1581313627314134,1.0002641736461815,0.6276626804122247,16.71607655643737,25.0
-0.3475617106346034,1.2253741115335721,-2.521100672469331,0.41440553977881134,-1.4449134378737618,28.52831378457473,25.0
1.2428791913980373,-2.0011974693904855,-1.6503805730695045,-2.2430131122230508,2.4864085638352567,22.820903895232615,25.0
-2.5154358240012376,-0.9958632043310405,0.08940982631956551,0.8376459495698194,1.0910126016021495,23.743064917568027,25.0
0.36629482806080604,0.7798122627220505,-0.07647766980284754,2.5280773420105405,-0.4033705358422073,14.805459804469114,25.0
-0.6139885025677927,2.5846764327524845,-1.5548882858129462,-0.6471837162916856,-0.12140715113115519,17.872851025445456,25.0
-0.5578148139183559,2.545148930162215,0.54880701818916,1.3519087451079654,-0.6680274517972737,22.82781638612018,25.0
-2.6508192053151007,2.8212034116422124,-2.98811619507975,1.4819779585121058,0.5044830769427495,10.397134818331622,25.0
0.3173961984010014,-1.1378371467959605,2.218601945868463,2.938709613988509,0.4168385520808231,13.799297089286235,25.0
1.672578144794798,-2.0444388907875024,-1.3456366546936187,0.9978261783175624,0.6843606562725779,20.317116358048935,25.0
-2.04304584417971,-1.213268858392389,1.376135725563243,1.7857029639645479,-1.1489327487005028,22.813448744915817,25.0
-1.6862372666866934,0.07698176093906728,-0.5744632604062887,0.22282845224540848,-2.285212516697978,19.052803567901524,25.0
1.9737570403712894,-1.9214773584508413,-2.452412348822052,-0.8252497345928904,2.554372153696672,25.31638221893536,25.0
-1.7241869026751226,-0.7840469358367148,0.7555727971493686,-1.3502977135725978,0.4510272103629984,24.521845943485108,25.0
0.5518357992745093,-1.5535934822712307,1.7721737656493453,-1.433896308581052,2.1166872992139076,21.21429653826352,25.0
1.96372214065582,-1.1997084782471727,0.26046121553516555,-0.11324012029849362,-2.49434855231513,25.634916396381826,25.0
1.732289896055775,-1.043597381526483,0.6585108995759312,-1.755540642102059,-0.49111727711385544,27.015212345190708,25.0
0.5874882492274396,-1.7067921242752808,0.5714058245179823,-1.1733764549585728,2.6921915311479596,12.755425773290717,25.0
-2.3265304545641587,-2.593241446888914,2.8275887901732784,-1.1195921356150693,-0.3545146997510873,19.70133073929292,25.0
-0.4061374543592913,0.3390282049817155,-0.4168342370348119,2.887143656224211,2.5917492351160476,28.745057181562544,25.0
-1.2101507593951837,-1.3695786890013326,-2.202119374538297,0.7238599148215843,-2.6443627044927074,27.89826239975916,25.0
-1.8433999606237519,-1.1959321082656578,-2.480031979058211,-2.196152420324813,2.165796894766226,13.408175542550085,25.0
0.6313612788005503,-1.5776719287163252,0.23685633116480398,-2.2226724283373653,2.9348437760451436,11.327509210051963,25.0
-0.5124258925124696,-1.819653871511823,1.0767036342224516,1.5090758290011497,-1.9713440791536105,10.784329059751187,25.0
-0.6067065533104534,-2.440990598901198,1.7841712883911658,1.412455457008038,-1.7274435087913473,24.067438407657043,25.0
1.1293915718728371,-2.4560389181262177,-2.088024461229092,-1.2917691566550462,-1.8418612977002993,23.618406798888522,25.0
-1.4478778513257051,-1.8630846942256687,0.2908233403791134,-0.9734845236454794,-2.079396299337457,21.12045901972985,25.0
2.8538698164734964,2.747825112964229,-1.645506573088365,-0.5823747319457588,-0.22037758463195267,22.419427232587886,25.0
0.11988759414134176,1.0339639510997873,2.9743568171606167,1.0695287719647428,-1.9634587988690066,12.366785570480987,25.0
0.9579468101404323,-0.5513610168352909,-2.0628765273815644,-1.137401490504336,2.789126518045139,24.717585213027892,25.0
2.001767459869832,2.8085273929619827,2.3629723366534847,1.6884748847004314,-1.3739065152653125,11.251688345031354,25.0
-2.240158051732893,-1.041245568424503,1.1317347803791886,-1.3060553331726612,-2.32445330891438,14.049378741795348,25.0
-2.1698094683547624,0.6007052510644351,-1.7132293112810282,0.4455666670000107,1.5320227341680077,25.19166892553988,25.0
-1.4521010011739377,1.4417174136016397,2.0827502133684037,2.901851676965677,0.2174156972226431,14.263086479480585,25.0
-1.8054899190784748,-1.089885279959991,-0.79232934404659,2.144515943759525,2.9233227938581763,13.149523214755217,25.0
-2.5673000724766837,-1.8823096885011292,-1.8916241938775848,-2.2430232491002697,2.5126174057067976,28.78639280868263,25.0
-0.8842754991305672,0.6672920158233859,-0.09466293167009132,0.8009552609713433,-0.4731032058673401,23.8368732508209,25.0
1.5932762875325306,2.06875601578278,-0.9333677581394371,-1.2044392148826923,2.684462949693623,16.535845003016682,25.0
2.335463818688199,0.0775046369158674,-2.556087701512584,0.48500236970325084,1.5593333036392174,18.12166446005132,25.0
-0.5774653638643694,2.9714025404916153,0.5923620266904219,-1.2088588353279617,-2.8530356171277287,18.719472084632336,25.0
-2.721420324974153,-1.5816981219073036,2.7953479379569455,0.07032167478917772,-0.6830918471118901,20.972174066066003,25.0
0.019737104152542262,0.11179461789969025,-1.2089874006355097,1.8691300899984853,-0.46313709154492777,25.445592105992965,25.0
-2.989606972171284,-1.8038406933634294,2.242444833933403,-2.9314375049382813,-1.9792841371899543,27.45339114467872,25.0
-2.995576854623048,0.05424426878614952,2.3540036355795344,0.13740809646011387,-0.7511769120618479,23.838750621768398,25.0
-2.1847027646353525,-0.9415254548865089,0.3584842811067608,0.7831675713787254,1.486703442851649,23.978819659194244,25.0
-1.4908153277752128,1.0181093096087022,-1.7705486910805783,1.160200371778335,0.8958428883484646,29.03930459815514,25.0
1.6702221406592566,2.5055134608327467,-1.5617793437910925,-2.435086084651223,2.0716709430648903,20.284225138991516,25.0
1.937326111443456,0.3278010762878094,2.1357007777455284,-0.6982834942924883,-1.7344871733702552,15.411964222440897,25.0
-2.927552580168465,1.7308913294391992,1.2287234094934991,-2.9094855919830565,-0.7631468391292371,17.510723381475778,25.0
1.3219333444532033,-1.9293715912047325,0.515627686823878,2.1658613119786523,-2.0581465280082334,23.189801469355437,25.0
-1.7695288856842515,-2.953768819920015,0.5181595561930035,0.4624344087292682,-2.8268100581108286,12.15255522163913,25.0
1.2685847293975492,-2.8682194255893663,0.5426653930420362,0.06596791062571494,2.4998878116604413,25.559561083216572,25.0
2.575635114870197,-2.5464750708234716,0.9290416128516421,0.03047807941089209,-1.1133916168342677,24.464954675908036,25.0
-0.84963258435649,-1.9051783886216471,1.2114680802465756,0.7918507816720042,0.8830947163296181,19.000941223874577,25.0
0.5741635739433137,0.7349218010238006,-1.0976589931699934,2.136953060899227,0.26815307419938916,15.655382881196424,25.0
-1.8891813892644658,1.2017454573105582,-0.8539090655589501,-0.05339954754406673,2.777717607746963,18.187811657857985,25.0
0.9565011871038305,-0.2822389258044433,1.8217637409474303,-1.443738845053546,-0.9304435193809151,16.109394501980148,25.0
-0.23005035558629805,-1.8505678531677239,1.4336450653747246,1.677899764643854,-2.299666997546713,24.354094129873218,25.0
-2.323579107127533,-0.8120552833884722,-0.20527391895388458,2.495184448510293,-1.7119207627830875,14.956905326254063,25.0
-1.5381397059958344,2.064532047244901,2.835078014680496,1.779695282509815,-0.12564865802893355,20.707441570407823,25.0
0.6821292420959288,0.9638998695224057,-0.9851783551602695,-1.5976932951500293,2.287630619294111,29.80045785042575,25.0
1.1014477340893976,2.6934109104972386,-2.5932052071540874,2.6539953274535177,-2.869499369744173,17.60190545323814,25.0
1.2650824194192722,2.4270553594802964,1.37210343873204,1.603828144997495,-1.495907205578062,15.016645231248415,25.0
-2.287211602236101,0.2613877542809018,0.9935108313054051,-1.9711313959312822,-2.442348720228575,13.576115378169135,25.0
1.575586315245447,0.16281820857774099,2.0705219141401088,2.3798114002890607,-0.23738055475317843,19.25200576964715,25.0
-1.859467870966113,-0.2710681216329913,-0.2990784712851595,1.8708709279103948,0.4241450186272826,10.639483268276134,25.0
1.7716954599874128,-1.3726626477864659,0.846834523315874,2.3440122185004686,2.9073066242703067,17.735350067818267,25.0
0.2829191480048765,-1.8405809378147975,1.9754344951343432,0.370258557820208,-1.6330868364625513,17.393589187867672,25.0
-2.7569378582801622,0.8074110461164219,-1.628576532458232,2.6082616560160954,-2.664855678826818,22.09434097595048,25.0
-1.5167663122651192,1.8017740400588362,1.5258584966949869,-2.799368881957005,-2.1987582017140412,22.063412025813367,25.0
-1.7685094332300229,2.2336933036512656,-0.6657237928188517,-0.3205486340072867,-2.0199510994730843,15.838836116345135,25.0
0.6023909202191957,-1.3965447506414286,1.413958315198756,-0.8113796008577712,-1.815102157231967,15.26303787057679,25.0
0.6476147700869355,0.9482662022807582,0.32635809883861944,-1.4829877378892897,0.3994340430363299,29.871620979240625,25.0
-2.8938354134753532,-2.206510792526178,2.5250976236039158,-1.840749900073663,-0.9472423475399316,24.66674591474533,25.0
-1.3807398373877118,-1.9775921933049876,-0.6518414632648204,2.26005509484217,-0.8095568027053055,13.705949700151399,25.0
-2.665953933944937,0.44107609390900127,-0.06311970061191019,0.03432627823902168,-2.7376434292364653,10.982564212113314,25.0
2.113036638142919,-2.280393800654625,-0.04873663042493792,-2.8979144787418014,2.9024199905936907,27.953370833849476,25.0
2.4355860157749136,-0.9599789720647305,1.0396491674415689,-0.35907146657004096,-2.96060237231906,29.646743127857683,25.0
-2.373647904416095,-1.119985313846394,-2.5999745289049563,1.9732276973907137,-0.07474104298985917,27.54846116407133,25.0
-0.7534047249142448,-1.1968818639609156,-1.2557735347516528,2.304499901259117,0.5347380748416386,24.988224667014066,25.0
2.793811631660363,0.45730905811366007,-1.1331814644425209,-0.13242364557777986,1.4515963255043474,21.61085483437915,25.0
1.2012273754486174,-0.9258010808462958,0.9420552698709561,2.611675184206609,0.04650217412980373,24.008782172305537,25.0
1.6785057121502165,1.8442149103363246,1.7277928081070293,-0.4845556362201302,-2.3849750829470615,16.82642234352659,25.0
1.8599661695643661,2.2235805015081667,-0.6682952976138838,1.80981372344369,-0.432266986006987,17.82568957930689,25.0
-0.1923334355148003,0.05637609798909127,1.6687224741811582,2.600452445858499,1.25381674078991,23.17810063192974,25.0
1.4362818147684226,-0.8529610830461172,1.309720875219833,1.42760226143238,-2.947019672448688,26.16960663009843,25.0
-2.6847337416321597,2.053059428128524,-1.1036997561162538,-0.4652767568567713,-0.5326594346505997,27.393892931814477,25.0
1.0942115783388981,-0.43584314992738316,-1.3242929238470618,0.8573737477951555,1.1558980350454657,20.46900868395442,25.0
0.9738661571791116,-1.7008174718237203,-2.851106021470947,-2.1205803904986436,-2.2817725764060275,11.729346166103793,25.0
-1.6192328764974633,-2.9666174590404117,1.854768236563685,-0.9771688003683514,2.842906498946144,21.836809026136645,25.0
-2.1147285089661914,-0.9566009713647152,-0.8280614322090245,0.05918575783026858,2.9073398985376198,19.798575338203918,25.0
-1.901623618366794,0.8512945683253088,0.004518338250043996,2.726652484547433,-1.738373035143281,22.086443662970364,25.0
0.6811078704342499,-2.6843511582355486,2.8497894746931838,2.955930143309639,0.42956638185203255,14.615990921144384,25.0
2.0861425014959902,-2.6318432078792897,-1.6542374223154295,-0.27018126456863056,-1.7007569711472184,18.76669248188241,25.0
-0.7685348524665021,-0.6153118493035619,-1.792459773046235,0.48953159162181725,1.3703337261179964,25.849805941154838,25.0
-0.4138260935533471,-2.5635983193455525,-2.0352750218334332,-1.946939663627246,-1.7863071508363055,10.03050980684245,25.0
1.9097134015498574,2.3294856798477053,-2.3763470899460692,0.42817771905137336,-2.229457609919509,21.861648819778733,25.0
-0.6422867266453971,1.4257203683313247,0.4209235250799823,-0.7416737188569145,-1.0003404706456411,29.098239898898726,25.0
-1.934791281577271,-1.5210289565033102,1.3140722048709126,2.6092017924689834,-1.073448392787696,18.929924845376767,25.0
0.6917782642117931,-1.9485113118013389,1.3218420289471062,0.5655500604002182,-0.39589654279022257,13.904114840304956,25.0
0.016784664199444688,-0.4051781337654683,2.768958274170364,-0.5073297671710995,-2.8985455879684454,10.990071943863544,25.0
2.5086498674171374,-1.4937179734258157,0.8543451336238141,-2.6981798328934192,-2.3618743383982475,13.722473983888147,25.0
-0.9005011690531703,-1.3815668322685557,-2.6658561092146087,-2.4120101337487476,-0.8146109705347135,18.316444792444777,25.0
0.7580950102721196,0.8278461629968992,0.9524352403240632,1.0913441441722966,0.15966800584338436,24.233675415077407,25.0
1.377199454277367,-2.7786007945698303,-0.5570364256913005,-1.4825829703292337,1.515470462691443,24.306078043327464,25.0
-0.154194472901251,1.6916833391737107,-1.206486243746141,-2.099671188483085,0.7665884146534054,14.26560424035149,25.0
0.8032430999125837,-2.3955165293028378,1.7783459945151847,-0.8630613801809295,-1.953298281961903,18.918574385716312,25.0
1.908401246229424,1.8385149482796654,0.3806135427457442,-1.6338603179351519,2.5990967181481697,29.49785152899871,25.0
-1.929607227632328,0.027596825785808132,-1.3707142203603069,2.1311595682841293,-1.1879766512592242,22.29403670120933,25.0
-0.14642089798888325,-1.478541692399741,2.5873283635938664,0.7771461654247354,-0.97363202848685,25.455907560020687,25.0
-0.6299447433171705,1.3251895898218269,2.543263772796932,-2.605571641114782,-2.2689660283715023,23.531659712688825,25.0
1.5162837503469664,0.9004026015001574,1.66192122608099,-1.3508534045198095,1.821561722555959,16.99473349382057,25.0
-2.02184636523756,-1.075256081110008,-0.027446892423369285,0.8352995961263554,2.096247071088259,17.615518786839655,25.0
-2.107778771902525,0.6618946834338311,1.9564382350774494,-2.8953782463548716,0.8640502633521772,18.473109271792147,25.0
2.075949882195081,1.5146566305612499,0.5542291169037443,-2.1291186368278683,-0.8114120096658177,11.87527105432958,10.182881418677818
-1.1447682283655198,-2.918089601142236,2.976790358886648,0.6412247973882694,2.011294486109576,11.004594841541802,25.0
-0.07876445580585134,-0.9991926869581644,0.4136640488074175,1.6389805859853404,-2.717377496845819,15.686254175873845,25.0
1.3355712781697964,-1.7354701393516674,2.141816363250779,2.4471627531005513,-0.9376693081257366,16.83311881056868,25.0
0.42195290360480175,1.8192474987405074,-2.8539714399635376,-2.434849841082521,2.965455758636285,13.978459088425526,25.0
-2.857714969154451,1.2474578860624685,-1.7296039641139158,1.6547610268619604,2.578409496184527,10.39107966946184,25.0
2.161275781025843,-0.2055241085349131,-1.9267572686705807,-2.322242550668017,2.3058758289349317,18.469868684432377,25.0
-2.1895317211888417,-2.2517028502110144,-1.8124499714474536,2.540597139323295,-0.8149274685228645,26.663686931386938,25.0
-2.7406797808490317,2.43252845839924,-0.2955564647051716,2.4148571657453424,-0.5462327852881694,16.103227327551583,25.0
-2.5723518444148277,-2.0245014910861214,1.2268642896354098,-0.9724036302272117,-0.9774435079260262,21.654738506490943,25.0
-2.592208512605391,2.3735893907071386,-2.869582947507772,1.109470526854512,2.9593147150420407,16.238415753044094,25.0
-2.7696484292417236,-1.3768094300188167,2.9627584033651484,1.59819791367428,2.7904160389128263,25.428084285836153,25.0
1.0280262246463767,-1.4097990955094541,1.3671617725787328,-0.24164063684853287,1.157866553196527,26.985328872499572,25.0
-1.997449664472152,-2.2877917553488913,0.5995791526147505,-2.404876646574962,0.2493447892676386,17.23995533487528,25.0
-2.8471731734125054,-1.138481809470655,-2.950590267563602,-0.76944460729124,-0.32724717020496197,24.385963797950684,25.0
-2.223763918351995,1.819678865563045,-1.7760126273020882,2.662257170990875,-0.6546527129173216,15.279342221033371,25.0
2.248816802832465,1.1091437553143502,-1.1594409290997136,-1.3599937464420866,1.0294124644783587,23.949727585057687,25.0
-0.3706629815157525,-1.057553936499564,0.6644014760723125,-2.8001737837287535,0.24947219318074465,10.710190620774993,25.0
0.6714121130794255,2.6501603065905535,-1.5775208637030613,0.530269232442635,-1.8093287562684184,19.06408544822817,25.0
1.3977474156670002,1.2166138944789395,-2.652553341379374,-0.4954772355094601,0.1320193940314609,20.02422967588569,25.0
0.8212319360470524,2.176350977068692,-0.6448594705490729,-2.7770140212579513,0.7102091761374596,15.018028521521236,25.0
-2.974792972703806,0.5019652536345518,-1.25055339740064,-0.7660038168339951,1.4981858435382067,28.19677860571789,25.0
0.31213752333860656,1.4510698886980196,0.6708401148065253,-0.9856284612758928,0.1108578044834636,25.155968064911747,25.0
-2.2842563508051463,1.3200768897504407,2.801690847482692,1.2637367891034899,-0.21617921586531752,10.29883502504462,25.0
-2.1463510378297306,1.8861864614949004,-1.493827404211037,0.48461302826235286,1.2892995318037759,21.737204841431684,25.0
1.1174907603231832,2.2443997857385938,-2.165250407396453,-0.7418611099437928,1.129808328306627,26.005242245666828,25.0
-0.36338071206875844,0.847184513974566,-1.6139443447252013,2.2469094404891337,-0.46557059172152293,22.11736426715238,25.0
2.7807288213013575,-0.38040656488897184,1.1681473119803183,-0.09332492785549418,2.530501181932406,11.696887797012003,25.0
-1.89801046804862,1.4215228304575218,2.1381333567860237,-0.6357741016651612,1.6661943836298878,25.883421963407088,25.0
-0.8008802668989139,2.474838706988315,1.3954772160548883,-1.2801686881359693,-1.778107844850306,21.39808573678812,25.0
-2.435024459386043,0.17477290416608815,0.4030792050379226,-1.503447504825032,-1.398741040594175,29.7303556596238,25.0
-1.845046690288127,-1.6490097593643456,-1.85874601023959,-0.9739404465140287,-1.1206158559237904,21.638236397944542,25.0
1.0734251987929078,-0.15364402176543468,0.0578475830433991,-1.7659970800822191,-0.70193738349868,10.487039765847381,25.0
-1.7508040851802877,1.652789915365629,2.6253898493091565,0.7859865097726102,-1.1045845801808647,14.705185827465845,25.0
-0.5081088332735186,-1.0438923038277275,1.9086136522350632,1.507664780987449,-1.1274597463976157,28.993527358866462,25.0
-0.039490150723100914,-0.06860913968726212,-2.945820210086725,-1.0944534896931701,0.7915485106424338,29.85696455903694,25.0
-2.7106533393778265,-2.576930869760085,1.7352440629715744,-2.422005567512893,-2.5348678429601956,23.568554745290818,25.0
1.7722091326328364,-2.141002786526078,1.2802998527128615,-0.5284715679848802,-0.46856996240301996,10.807069349794784,25.0
-1.0636332200510847,-1.9328112817888754,-1.9040958947336772,2.4487287139274,2.917877222338377,10.838431827209094,25.0
-2.959452667540717,0.16497769011294938,-2.27357366896229,0.886818455941448,1.2687597485411963,12.207972823647966,25.0
-0.41602609235093935,-1.1493777032657477,-0.5439889127493411,2.9470741415408988,-2.47936754893084,26.314440518854283,25.0
-0.7602575639336906,-2.232994515697583,-1.7457121736495074,2.6024977348517577,-0.6471571406384702,21.055930023973456,25.0
-2.0330232422957892,2.5309594333217778,-0.1720738023202455,-1.644467326457809,0.5417551828902396,28.748950823837216,25.0
2.882678499663677,-0.12594520113042007,0.534204859385988,2.664319568489038,1.3388343415238442,22.116585771486896,25.0
-0.12372436432706158,1.8687137144427375,2.4761988579131735,1.401564364625882,2.975058292448253,19.241752418128687,25.0
-0.06551328703434889,1.4866544330429585,-2.4471522663180325,2.0908103577337416,-0.10269910501744128,23.1030798087578,25.0
2.780889659254594,1.495889306582443,-2.0028297226780207,0.7591786348610077,2.447237685230296,16.7211526021984,25.0
-0.39959095064610173,-1.6257096286133002,1.8458789018515436,-0.5283147737929301,0.07877729174493497,15.982722640682482,25.0
0.9644529422039532,-1.1503859095702103,1.82965097899341,-1.1587537979644642,-1.2084050864815041,16.878551479123356,25.0
0.8025465059007559,-1.775532548565344,1.5509261144007995,-1.4986859180703012,1.77140908853925,17.34815351375834,25.0
-1.5099688431054785,-1.2033884480812085,-2.473958686010021,-2.3254013915919134,-0.6133943249068463,10.940317751209951,25.0
-2.8331408817057597,-1.5098817708777679,1.605160835006707,2.4326510575547653,-0.7498045869997094,20.636353019415672,25.0
1.1543347467309335,-2.329281388341515,-1.6914573484040365,-2.440145710767395,2.2389369301580215,28.958860403028723,25.0
0.8866186136533609,-2.565245765742256,2.774611266502804,-0.2655400699360313,0.5324668382420823,11.445376273744925,25.0
1.2866941658625741,1.5932884232490991,-0.9260112325569518,1.1057067497410973,-0.039869124145551105,20.915915851246872,25.0
1.0346857794495214,0.9855606709416533,0.3104320753040386,2.5794300724065984,-1.7124055123203141,27.96014862046932,25.0
-0.6331245453015608,-2.6759971156673084,2.288535186486948,-2.960454554107007,1.534705903196535,12.882194374580349,25.0
-2.0042483772830506,-1.5963521050370604,-1.8536410548175493,-2.716719309737144,1.4839093309250568,24.009976730203544,25.0
2.306899394077016,-2.4162848515329163,-0.2579032741876266,0.3204908843272274,-1.5837773414035956,16.06767043265133,25.0
-0.6165516301722436,1.6238261847599524,-1.0430270634127585,1.977362647652873,1.8661529217155124,13.701526814866556,25.0
0.5822704059913542,0.5065869954955882,-1.2736279024051993,-1.6643298384956302,-2.4364710428237473,11.69254592219739,25.0
-0.20145265666429335,2.8745368441301,-2.904626701858015,1.8370788643165117,0.41866249147839385,10.722303360230189,25.0
0.21296590756529854,0.2612341071527533,2.517194823081084,1.8709750332354975,2.054736618759021,29.944835276463472,25.0
-1.9715681885411782,2.4587199289804156,-2.712961106253115,-0.7673972514328469,-0.8666943120560999,20.500283333947888,25.0
1.317984376899628,-1.6068723738171555,0.871288926412495,-0.4893145533533465,0.305746571894308,27.32747363313805,25.0
-1.748490510713245,-1.4118137879237431,-1.7967558323740307,0.4182710794230853,-0.7134873711412046,10.42859450172931,25.0
0.24180758032010496,-2.6193392891646603,-1.6369947671725735,-1.3682150627693996,0.736786739564224,24.471239288950812,25.0
2.897408945647414,0.41881983094942976,0.6505370093889757,-0.24443672146733864,-1.8034233015636159,27.254997511127236,25.0
-2.909591739437572,1.6523192697374327,0.4475086565027806,-1.3572960035487585,1.8555405181102422,14.060129791262703,25.0
-0.5321637838818769,-2.6589124233376795,2.3439632935974544,2.6545173085057794,-1.1857133700112215,12.963768653522152,25.0
-1.6884252245962923,2.9842993099975548,-1.7616152158172373,1.2742107669563705,2.295627791983966,12.276251108704797,25.0
-1.9623768973118212,-0.6276476777757063,0.5081712186547516,2.65718891409887,2.6306470140905587,29.23823496810217,25.0
1.6432821199053054,-1.323409581998626,0.04946897931356764,-0.48488507823132654,-0.5035118261644702,25.97281670808444,25.0
1.4114458193507833,2.4846953263059355,2.8478054462974045,2.9904359191488536,2.226573797555254,11.341818430509964,25.0
1.0904258479391888,-1.0557964197670748,1.0586340093502375,-0.24587177425149775,-1.2256544205846875,16.597075961957298,25.0
2.712555157335342,2.5994140317013414,0.5685870806887738,0.6827633382929266,-2.6946318916647227,29.88700146574221,25.0
-0.30456099182950336,0.9641346759578528,-0.3736942375409056,-2.9022750574130263,-1.5738961273766612,10.82338687112458,25.0
-0.8326344090613751,1.7523019989737563,-1.6646924121488977,-1.02491909892079,1.703077713252724,15.198829138030202,25.0
1.921356526689113,1.1606985515241268,1.2222011907658352,1.186093359222201,-1.4648630867715133,16.193962617227694,25.0
-1.8555311221274273,1.0165519223086577,0.7470196212023232,-0.5571201876515697,-0.7221586550031249,13.284223250721713,25.0
0.8075295419571162,0.21081599889087554,-1.306596546263318,-0.6406351610168288,-1.3755279373130747,14.948484166155115,25.0
-0.8160163760305177,0.27735383329129215,-0.32328111723701447,-2.811345667395757,0.5296787373883962,21.59276009477193,25.0
1.5026234930491462,-0.9565980234507077,-2.6307378581748018,-1.618774111062172,0.13857701577053438,12.378855572758415,25.0
1.57959688602506,-2.1082146829365915,-0.5725158056736608,-2.94977627126331,1.2126185243665653,26.74645934880456,25.0
1.002967455487342,0.3949371717681234,2.2845414602537044,-0.6618349710734548,-1.8166368581125698,13.931899655277324,25.0
-2.8333832503087804,1.3999313515386023,2.2302923514957573,0.10141086906224572,0.5858782427803995,18.91419580858082,25.0
1.0000411044850628,-2.5969575222845007,-1.0097101206986139,-2.1966145309755754,2.6594766504128344,18.242787646763304,25.0
-1.6550024700362638,-2.8388784212541003,2.930013255442775,0.20067101255947994,1.7162089003077536,26.566898460202303,25.0
-1.3807149789313184,2.939382304439812,2.4902027953359323,0.5537770178974006,1.9268359602156675,22.9382704125452,25.0
0.9640830025616323,0.9570351839148601,-0.45204094616816226,1.0417735038542713,2.8078746422893186,26.213298633984476,25.0
-1.0906448913151316,-2.4337633033697332,-0.24426210633641077,2.079528190622068,0.7283547395408991,21.03436108940513,25.0
1.0427461656157089,-0.4794326920421099,-2.8735069660515995,2.7975850314508195,-1.8946148895052892,18.016396064571914,25.0
0.3799296024083141,-1.7519282519921173,0.6242995757156722,2.1235775379180186,0.48771659733165595,28.897428729125743,25.0
1.9969533470059506,-1.072612613960466,-1.4724413088696333,2.9675096643033525,2.404235155462418,12.360553976214081,25.0
-2.833526644743773,-1.2306295638083138,-0.8665831936638884,0.07439428860806041,-2.1253618193255397,25.909319883359476,25.0
1.8255489918048688,2.864157500353649,-1.7314867058580132,-2.9995858919289673,0.05889784580362889,24.026503271015585,25.0
0.8000634216752207,0.5344388959237256,-2.786091885683664,0.7478408072353457,1.8621989046830816,20.198123427347596,25.0
1.1912452527604502,-0.6983332969515104,-0.6250143204427854,-2.511508687653603,-0.5348556596128664,23.721084178997593,25.0
-2.1381280320666143,-1.037630038910434,-2.614905375364386,0.41087672417680654,1.8211304338614829,15.551831901503954,25.0
-0.48947469274365885,-1.414640978870413,1.7389587436397278,0.7635080701642214,-2.359554194749009,11.137333025096545,25.0
-2.2589143418733113,2.8168271738754207,2.99815021532552,1.2587959249548266,2.094025662708809,15.518304091403422,25.0
2.571097083760959,2.6634427373067258,-1.5358478452515714,0.5583005842826241,2.768049027043155,20.646179592235754,25.0
1.327298119365647,-0.05274799473555536,2.5525078066981113,0.6075358428566431,-2.9014218304032626,22.26528551121485,25.0
-0.9593555624552903,-0.3471305950662176,-2.0965071567941456,-2.711628686300889,-2.757470383735673,22.910171716571043,25.0
-0.7528402418767985,-0.8614655129930822,-2.8427027338824504,-1.4661225301028904,2.332336570762857,15.169390523913764,25.0
-0.8084348357415969,2.0740471596077876,-0.6312769357559871,-2.459635428348421,0.0467582091856964,26.940257954574882,25.0
2.332920421931764,0.38833605674471716,-0.8773185655469025,1.8245332000801993,0.710422277598072,25.5759122537832,25.0
-0.06766204592363945,-0.08377793860524774,1.7465572768307505,-2.689647992356434,0.7668525972317175,20.16543233054419,25.0
0.31821086368795415,0.27686041049671184,1.1835354427202889,-1.0280271002457742,1.1397025943624453,22.4979433868395,25.0
-1.338803446465303,-0.17635650031516636,0.8858706559298053,-1.678127330397706,1.1317414448362388,19.558518444499214,25.0
-1.503922929842525,1.516035256097263,0.8239844279269235,-1.6043133645796614,1.5311137703149775,16.16735476476765,25.0
-1.5260687597617295,1.0114851643751397,0.21956817954303176,-2.5125884990713243,-1.1460297428188642,19.45382567849716,25.0
-2.5035373030186747,2.04096201348003,2.6354502749323387,2.5065421329257793,-2.830040282829467,17.626797524692318,25.0
0.9283141165260531,0.9888635731986737,-2.823878177262771,-2.0861875676459705,-1.5399702210404707,11.808766267030997,25.0
1.6620949227952302,0.30356311188753127,2.1691023826298697,2.5491413191246046,2.148455251226654,26.27918517592285,25.0
-0.04968077794534187,-0.7618943942404788,0.25253780245839375,1.2712815485259394,-0.8926873258052126,16.16594145827001,25.0
0.9684631519710032,0.8295874974398374,-2.907157466521387,-2.8846237282621585,1.801808484166953,21.747681337532722,25.0
2.1861257758222195,-2.1585082395467037,2.3461446725742388,0.3113965622278827,1.269076648958329,18.230230732388577,25.0
-2.1461664670717053,-2.271306548622492,-0.5254427866367011,-1.6969498042377236,-0.45719877207243265,25.51316373464855,25.0
-0.47947173922174624,1.7260996140414058,0.8139215885425766,2.2027790137971817,1.328422201445619,23.188430885162838,25.0
-2.753785485428966,-2.4351843750364153,0.285075451986875,1.2309427237090311,1.0805520380676086,29.641926321387437,25.0
2.3205525282041,-0.10713446624542655,-0.6583791961346184,-2.9207253651932645,2.435067746918822,17.858917930481383,25.0
-0.18110081799615818,0.8736850809294787,2.1526034321310688,-2.0638574536834233,-1.371735470687562,21.485099582558334,25.0
0.41867700560762167,-1.0988240906877502,-0.9139889884865928,2.305850816865094,0.849753485076925,20.860823738728737,25.0
-2.973004745724018,1.1478426077876156,-0.3547892395611636,0.5441112394548622,-2.6354072124389836,19.788177972209226,25.0
0.31154076194345626,0.4370566916695573,2.382251686623805,-1.040529494557609,-1.8069237224100738,18.08724324111903,25.0
1.7636362724754928,-2.8528559994783786,1.5180801943031437,0.6220288642346472,-1.0641731573703317,28.146183448334334,25.0
-1.0705875425818676,0.3362195419730334,-2.696114967948881,-1.1969221918656046,0.5702407930965752,19.15265052276082,25.0
2.73729498369803,1.2181321082361958,-2.3078389132845882,1.718691754685203,-1.975057745184567,13.252824841489442,25.0
1.6076421692763354,2.8595275958216746,1.0918519879250095,-2.093645705476025,-2.4350886253423685,18.393008037705908,25.0
-1.8449941099980531,0.039195000223597454,-0.9961047475719678,1.8555218037808503,-0.4515231799161481,16.24852456003241,25.0
0.8921667038738241,1.5079697934257457,-2.5033087545139225,1.1661551231103964,-2.1486908953411743,28.29564198673041,25.0
0.4147737979573214,-0.6326029924008667,-2.5410867750385133,-2.200526116879954,-1.4780927951149851,14.911401354785738,25.0
-0.9094380397907011,2.8707637599730536,2.7419236110920266,1.0536298485179278,-0.6887585167493588,13.88800771234703,25.0
1.037731517076205,-2.926265297407184,-1.0646363962599485,-2.6937747510911234,-1.1375952224130885,19.986246722665022,25.0
0.3402772610463898,0.09248139593440774,2.204384571819701,0.0010810477826517229,-1.6729588398032567,24.570027926386544,25.0
-2.5579850819741248,-1.1654778640372268,1.7309476547088583,1.6042825165506152,-0.6695035878126832,23.755469227254842,25.0
0.5980909071817311,-2.052294697902436,-2.395629483467149,-2.759613307977131,-1.336915637070609,29.950114566726448,25.0
-1.907756883731028,-2.343127396113768,1.1193427853691365,-1.6952597418037398,2.0643687994302056,21.271885816283998,25.0
2.297412201806253,-1.3759766438610215,1.9003159327731094,1.5710819973342947,-2.5868898568057244,12.007921334944584,25.0
-2.9848916328894313,-2.759327641924535,2.618986709591173,-2.0394382141236806,0.17672863569853225,24.208641837243228,25.0
1.917362192829966,-0.3207191049134992,-0.10778145150095009,0.9997155604849377,2.2413100111742317,23.828897677852275,25.0
2.112622625304615,-1.5771494820293288,-0.44278058113472474,-0.2952272705771706,1.2765707743610406,28.448977343767133,25.0
-0.45789593689895725,2.052274496896155,-1.060967821608196,0.7555970911700491,1.646068200960137,16.81453799166867,25.0
-0.03107351442608053,-0.5826621952165554,0.1254196924623816,0.29483854211793936,-0.7706137695450832,17.026808850547628,25.0
-1.1591904654679936,0.6902542345515417,-1.7366213758674114,0.05682730685414894,2.0826293384961065,19.417647790570634,25.0
0.8591953502632603,0.22693429046211344,1.053305802221292,2.756956045510881,2.2254954311572543,13.17765729808119,25.0
-1.8999045076766605,-1.6348074960046168,1.3824338223637849,-1.802149771903466,1.5112525545025175,21.729467044667487,25.0
-0.9978943174779964,-0.005364618574182245,-0.2764225040049597,1.235601947427023,2.7720259315816964,16.872323248627158,25.0
-2.2204296877411887,0.47337808290677286,-2.8023584687508607,0.28903741757066204,-2.162620525496596,15.77306284738199,25.0
2.052613785790311,1.7225212953312834,2.906412000803927,-2.9279320983190487,-2.998980007794364,16.641483157764632,25.0
1.0788200673836679,-1.8830691900612049,-2.1186394912967152,-2.6924252814790335,2.466472240106726,18.072456509229365,25.0
1.6121007916752497,2.890304033541038,0.04339114038877856,-1.6019269958087339,-0.8024569541545774,26.586079675558103,25.0
-2.3494368416360003,-1.0465218929297144,0.6324576429544213,0.39593600581656796,-1.490485934596152,23.181083867973435,25.0
1.516235572788137,-2.099580585524913,-2.5882280537981806,2.7516940437081505,1.5723611062062917,27.285544331821974,25.0
0.37666950948596156,-1.547924098383199,0.1883951792254157,0.44227275346924566,1.894703039127922,10.38414036020415,25.0
0.5997644157662956,0.08883556770640366,-0.38899506140617524,2.982997956639882,-2.401561185936712,21.511055405567305,25.0
0.06478953107799557,1.935765455421854,1.6215068038960831,0.16607649478587794,-1.3555938321349545,18.165394105041827,25.0
-0.6001333459188407,1.7396474153391246,1.1761468295198014,1.0152980861476149,-1.8754179939779476,11.219236060078973,25.0
0.9286361436009112,0.505532567685524,1.3903736128202882,-2.7714745358345483,2.6015729226921778,18.869020877840313,25.0
2.9974737790192902,-0.026895709286627767,2.441334501278636,-1.7563902527167246,2.9633480124787734,28.128748237464798,25.0
-2.179829090287396,1.8324917661750675,0.1409282809481125,-0.9981864322995242,-0.5363620736585415,15.19211068258214,25.0
-0.9770701733724838,1.3796985304356504,0.20487472541314267,-0.8287531285738403,2.256926212126432,24.527434867396096,25.0
-2.298977858850449,2.1115155675396515,2.8639932249401863,1.0158560455943269,-0.08883157492429472,13.692987951221598,25.0
-2.898832351089565,2.108802664964516,0.6434877508740309,2.804179838016088,1.7303258730486117,14.333718175837546,25.0
1.3892562419006893,-1.8225906397405423,0.6858861177078559,0.20342628411785446,1.7404519182143305,16.61895864327051,25.0
2.6561885287051403,-1.3643579014101488,-0.516623462229806,-0.051155769283409036,1.0990921717980608,11.581809564787036,25.0
1.4138907538758172,-1.3210001792190287,-1.8785337188353295,2.7036856386384054,-2.933911092087089,21.724154004724085,25.0
-1.7057403614529072,-0.22638396411471007,-2.5054735990650903,-0.2951683478267664,-2.7724440187937645,20.10246019827339,25.0
1.5706462069306788,0.951379730643398,2.593705219741266,-1.3361070329390752,-0.36911521115850343,27.733256520963753,25.0
0.4513546743565291,2.8856526063176853,1.8881530260327333,-2.6011282504265494,-2.550134174335573,10.681468910911537,25.0
-1.3729667879116492,2.9324259511986748,1.2966407209578001,1.5187543599221947,-2.7320013010412416,28.86418205772101,25.0
-0.11548548500640221,-1.7400695464208877,1.9109301314815186,2.9307730081068657,0.40290082975086694,15.818026212426322,25.0
-2.563543462181332,1.4131948506178222,-1.5243499149977557,0.5900929341924193,-0.8675470640176215,26.82427822362539,25.0
1.1991600222283214,-1.4429801149464252,0.8116511610007278,2.3842934422967197,0.5902087708705381,27.50141516124426,25.0
-2.5196896952764565,-2.9290235585550133,-1.619639830602086,0.5028512104428202,-2.9069600587786866,11.799845374973273,25.0
0.565230408963004,-0.6652870006779446,-2.221076903861798,-1.2682892980137503,0.16095043494736272,14.522426748691469,25.0
0.8815358460414493,0.14106140734082206,-2.9329637914504967,-1.8060661366122504,0.14585777489282048,21.80558026250079,25.0
1.7935960403818338,2.3371884426322325,-2.175144405860644,0.7294530630914391,0.7805317624919859,25.50152560861757,25.0
0.3016819554622634,-0.1757337039142155,-1.7249300217832233,-1.1822711576616434,0.3656256988603168,13.036651456180138,25.0
-1.152488555186297,-1.9448650754043149,-2.214564878368229,0.941343264497748,-1.1075269404662311,21.482831332854477,25.0
-2.397749321076258,-1.5198144383812164,1.3408345019611918,2.0446101710379363,-0.9788008225595886,28.917370883959617,25.0
0.1303681868888309,-2.664946913112427,-1.9603869823103897,-2.18563972785294,0.3026736534193848,14.03390091728895,25.0
-1.6947189895079653,-2.850231288421674,2.2983854521809057,1.2090543213950555,-2.5116454462022233,11.41644840473659,25.0
1.1858745033524922,-0.3079039281508966,-2.9230281784099605,-2.5278291314398365,-2.3358763291081286,28.882021020843503,25.0
0.5259517684461432,0.10385957551806069,-2.5735311618469225,-1.694038914269568,0.7701563288505131,16.26538366336336,25.0
2.205473492997003,-0.4871923356507457,-1.0810816328134258,0.7661992143577883,-0.29935620668341256,27.947896547592403,25.0
1.02054809039804,-0.015926073662366758,-2.432089571550995,0.12716665493679402,1.0759785017927177,24.919099023021865,25.0
-0.5002954181324895,-2.7965368763649834,-2.884572385592059,-2.3758538938716316,-0.27282581432753883,16.475423952245492,25.0
-2.638311454408626,2.906941053714169,-1.1243242806784632,-1.0658804204875838,2.402484224232351,15.434735512177014,25.0
-2.020034484277896,-1.2777661534311795,2.1622317494942305,2.1928876285607153,1.8939757863017839,29.0313869471119,25.0
-0.6007213605111583,-1.3521870147251742,-0.7379655889280854,1.1656943220872629,2.2854849622822364,19.80675100485588,25.0
2.3532525396909065,-2.82635129318078,2.559483653259699,-1.2683053256833139,2.2708592744131444,25.13770521652708,25.0
-1.303425310125701,1.223183837292833,-1.1207889491281802,0.01564939056973902,-1.4027666472321418,11.668455121288709,25.0
-1.1864703957323353,-0.030858057814068918,-1.8401961416360848,-0.22385834606162813,-0.3713048471030933,20.519835427019693,25.0
-2.812616059243281,1.278658343682034,0.844539233070464,1.1428942400869415,-2.1408451131925816,20.92958613277254,25.0
0.29157757529764083,-1.7026168383318252,2.413087381028956,-0.625836431931007,0.8486800142426381,16.741271435219026,25.0
0.7841424222142344,1.913503816381927,1.7967985987417947,1.2731860741037924,-2.0831597722423187,25.82871669633292,25.0
0.15694904011800048,-2.836242897512989,-2.488958283071478,-2.4151416605404505,-2.69948526103508,21.30596528532336,25.0
2.4366995931620483,-1.6971432664464619,-1.2914606844911032,2.0528319938974313,2.1849989482998,10.268637193775337,25.0
-0.40648947040812944,1.5405012204633053,-0.9701495891806768,1.7312629873334338,0.9611129515192225,28.359137146177524,25.0
-1.772073030408933,-1.4909050875494647,1.9593332234096437,-1.3250636209421778,-1.664845088527235,23.523489929757673,25.0
-1.4133407845580477,0.4336808553522258,-2.9774333655216174,0.8529624435924581,-0.9021207801940081,17.285572432977425,25.0
-2.9401096708105783,-2.5743078847027183,-0.042590158707041414,-2.339292565678912,1.1039686288323498,16.293523463968036,25.0
0.4903315040714675,1.2376168688869615,-2.144240364078282,2.241192175787237,0.005104236095162751,26.756828916055415,25.0
-1.942653892830596,2.1305983263599027,1.8960572502336195,1.8484094724909355,-1.026256875950435,19.696895137841828,25.0
1.1326872809719903,-1.662053232119015,1.9648978541732482,-1.7498302003749093,2.2581983403285495,22.12150802440515,25.0
-0.6606311159987581,2.710844255585023,0.4774328819980278,2.2098071022670744,-2.036555910444381,18.738271961274418,25.0
-1.051506772354129,0.33511288291428976,-1.3549007620015612,0.8379529340559602,2.4688894962623076,22.208617308811665,25.0
-1.2517021635946874,-1.557605682878227,0.2480512626801641,-1.8436001304661946,2.766959833755651,28.04452285602047,25.0
-2.4242878950872107,-2.1042854688347896,1.9163942434555663,0.8605285145278474,-0.7920100062451452,10.242752960017727,25.0
-1.6410580406057287,2.994025951341892,2.509581154251814,2.823211084945372,-2.842256700000002,15.628382586480246,25.0
2.02273080969384,2.3981542780228526,-0.8132145714440444,1.0767399728113265,1.9170444315163788,18.257186629755715,25.0
1.4123784077192045,0.4427694945981573,1.2177785909590586,-1.3967969632577257,-2.186319378503868,24.056522881009613,25.0
-0.9124690573939107,0.9405710290527232,-0.004497862908154016,1.1994308483251537,1.3820318183429343,25.952558291722966,25.0
2.1461908158139202,1.3592955549737642,2.6791000305375325,-0.7904687430614001,1.6626552152543024,21.624469535234432,25.0
-0.25216446564094364,1.9110677389675583,-2.3541985043597236,1.3185390256698817,1.0623332497789466,13.033785551219438,25.0
0.9868307128209444,2.14620700981897,2.2112085394867353,-1.0879771718450604,0.941964657878247,19.384812842346804,25.0
0.08271160608179118,1.9221301416108467,0.16970317155262116,2.3985819938103923,2.6122732701872984,18.822544545953654,25.0
1.2140312145334082,0.5536891475410348,-1.9390674324522923,0.2666495016716377,0.6674611896851732,25.880570353388737,25.0
0.3319420421274968,-0.913785272858842,-1.5225072619879318,1.0797264943543752,1.6255372734141975,17.236972058005648,25.0
0.7985556371519742,0.5453670443595593,2.1986925981643433,-0.19000181240059533,0.29196187792087036,25.8465238428402,25.0
2.9969841036683773,-2.2952445167261017,-1.6666190113651305,1.062103352334729,-2.3116531882823956,10.892721812921934,25.0
0.16689766377110793,-1.4675820135337925,-0.21503068003820225,-2.6086257222130174,-2.610921748712974,14.93141971496852,25.0
-0.1990804248666258,-2.9550003376902887,-1.8710964386522084,1.6860684284840897,-2.9425609918108235,14.156498306690576,25.0
-2.5773990463523084,-2.8786935981410684,-0.9682387707162707,-1.2861513431190925,1.8642727959579615,26.3980216844028,25.0
1.231168572337607,-0.7746264267264324,-2.8968532904256383,-0.4524785970898839,-1.438007686784549,17.928123142148177,25.0
2.498395020170914,-0.20977269560022505,2.7290822803144668,0.46736998632132476,-0.25526288001588204,16.046291425620957,25.0
-2.263607779762707,0.7396114752793519,-1.1806987186273772,-2.9330529855593914,-2.897800979280516,29.05691696540827,25.0
1.4009636973392308,-2.9287774859420606,-2.2097079919866136,0.15771192216673047,2.4729861756262483,24.718041736151534,25.0
-1.3071048303915074,-0.64131746368431,1.6422490096153357,1.983880453925444,-2.478322213133769,24.579630785668773,25.0
-1.3031244277175897,0.3829487246544816,1.7903430837186498,-2.6109050468121398,-1.4644089567945513,25.280862004896967,25.0
2.4081865157932256,-0.05405261518259952,1.9856245408143645,1.7974618369186395,-2.3220700089216386,12.388002061981677,25.0
-0.06282315325713661,-1.0923841381545119,0.453816828668109,-0.918419607150097,-2.7486210297868383,19.778914753222967,25.0
-0.5225922367605378,-0.7412839020867592,-2.46121582476196,-2.2946458170008404,-1.48570396934609,15.782756499392567,25.0
1.8037426273856774,0.9469975768530032,2.5034775494831845,-0.13342827559801762,-0.2781642315613464,26.193373115565663,25.0
0.7475672849568964,-0.5156592667779551,1.6639438015670294,-0.8921509366689437,2.93657059380271,29.819999015940695,25.0
-2.316820870859757,2.2029528679343056,2.276456343865661,1.5628142936867828,-0.5404588341730565,29.559432694369395,25.0
-1.7317444753720816,-0.11510538075280996,-1.2000032847140218,1.4398293900829362,0.7220601744260451,23.013632830273902,25.0
-0.976399399964639,2.6035163282097464,1.8764973274120234,-1.0936775801567955,-0.563397689377314,24.04067452818884,25.0
-1.0992830731550898,0.4950550241946914,-0.9451297847697031,-0.4863436732227866,-1.2265488452132343,29.664287255350192,25.0
1.1005781026742048,2.1148151995826527,1.7060004394647725,1.3286548259255078,-0.26040877442899335,23.631697022352007,25.0
2.5377711077385587,-2.5261177683926794,-1.400042260960097,-1.538687205622319,2.695837331037726,17.133290210440073,25.0
-2.0951467088499163,-0.19697719355819254,1.2593018560251412,1.9137781995685614,-1.9350152545587656,15.64753307810288,25.0
-1.0365838728934489,1.4248108865449947,-2.938986839887294,0.41888994980050054,-0.3241834037639495,26.985300636784345,25.0
-1.2288919885429288,-2.8332914996509224,2.37848845405426,-0.5362294868920516,-2.565663743137038,15.672243501572165,25.0
-1.2026411740505805,2.4038734706036067,-1.9203336426455477,-1.7460787836172709,1.9852229121643141,24.5010130568205,25.0
0.7959360518820913,-0.059541689920090235,-2.6358018492599333,-0.9115495548167223,2.3838630864133465,10.613602089502994,25.0
-2.9811674884385257,1.389692833397432,0.1537050402459843,2.083137123585522,1.188718008074905,26.603048664374086,25.0
-0.4621058322872975,1.0093612382505706,0.13229062230296318,-0.8124846360154425,-2.312234551694011,14.751451088524172,25.0
-0.8544203526795369,1.5256317446626468,-0.33082000639637243,2.765761839900078,-1.3086890668428408,18.615579125141885,25.0
2.9773791743433,2.5400018567843485,0.6782188272496299,-0.6162758815713092,-1.323489390099462,15.542440664817523,25.0
-0.07053348888264654,0.03103755639845307,-1.599724410312457,1.9670971775295252,2.7367614778251124,16.592396526179215,25.0
0.22811449169319964,2.919190518538705,2.17484450896049,-0.004619105122346312,-2.101496722952325,24.037402148689885,25.0
2.178499140404652,2.2705683834280252,-1.9562853957246094,0.9486855939388481,1.722458903620221,12.513325809540547,25.0
2.2724981141838603,0.5242822729883456,-0.30723678423860923,-1.6566141544422024,2.9331082185122686,27.846427544248318,25.0
-2.7672130730156344,1.4825144380430784,-1.5163048962889158,1.633019577925623,-1.4986369253331326,13.820530823009971,25.0
2.438525222377871,0.9808260080979685,2.3348061661141033,1.7423079838837348,-2.8817141693255666,11.954819353863545,25.0
0.5940056743158917,1.5314754878865555,-1.9117225545138639,-0.7500837491415857,0.959782887249335,12.595737668919696,25.0
-1.3359303607151407,2.132367702155494,2.0254508512855844,-1.7353013623831437,1.3527224150434876,29.94852374334986,25.0
0.07806786019837464,-2.594970166040968,-0.9225725497048747,-1.8499869040031904,-0.5559469700646358,27.814434463046,25.0
-1.3972261411103557,2.804389704401512,0.5739185374074038,2.888412992884671,-0.5063135696415926,19.60104709976551,25.0
-0.502979509499776,-2.8523103898374313,1.5653474140857995,0.9768571174841041,0.4761105528362024,10.231430777900874,25.0
-1.3345458334581903,1.2366856819459473,-1.3144712401271312,1.0526307623896738,1.774865929990474,18.49892751308569,25.0
-0.23783597050958205,-2.2185909307815885,-2.7284632288245247,2.779206458876912,-2.4574774136618394,19.537481873707826,25.0
-1.9656228741181416,-0.08217494252272717,2.8412956310489044,-0.9055614376837879,0.49036945085213857,21.6488023179851,25.0
0.8993967811476629,-0.9456189717464496,2.665159660337056,-0.8349877500901748,-1.6872260965038506,13.189539178253092,25.0
2.8914048248386823,-1.737632739099384,1.6896275237391265,-2.050878559572468,2.8278592223546513,13.279773569237193,25.0
2.594199453007115,2.8434443644197795,-1.9673851913406337,2.4762297873836285,-0.4613786149642882,14.108247405011621,25.0
-2.9190154852776824,-1.6464134442414693,0.3489365980556376,1.966523660579365,-2.2023359972802625,13.042718806929901,25.0
1.123087340993628,-2.1333145657214025,-2.347426468758104,1.6788374113349267,2.856618576294128,16.784563611459124,25.0
2.9791782420177757,2.182222316084667,-1.0912039516550083,0.4415742802427367,-2.1094839701833354,22.358190183213196,25.0
-1.2091768468785347,-0.15896760913500163,0.8642617904180443,-2.618976448503617,1.065932092941372,29.319554784676075,25.0
0.8007034010772656,-1.2509757564237582,-0.5098356891835176,-1.109397382150045,-1.7372476977306097,24.39068518120681,25.0
2.339300495073706,1.8535209011609926,2.9040123399023603,-0.5417127780881086,-0.11649002033969902,15.537447573113901,25.0
0.7446369850496994,0.40116871715164537,-0.01174374003989076,-1.2794558241823677,2.300532952545341,13.871948303136655,25.0
2.419158651192441,1.2732426299460773,2.496599269196837,2.3433580502346665,-0.4681839768775049,21.487019831729988,25.0
2.3291221202305117,-1.6963525041464402,2.4054429812110296,2.609894452206972,1.808131817436637,14.927945613534837,25.0
-2.4258618132277836,-0.8177195014782668,1.649312379966533,0.43438304885848167,-2.921244083509213,16.33181988520036,25.0
1.410116031676722,2.4578046605741015,1.2419956819054345,0.25048022712641727,2.092679248453509,26.71438032758571,25.0
-2.6886567394958787,-0.4253769354467991,0.7111924899851596,0.4081019409621893,1.097248394410986,26.95843853394664,25.0
-2.0631561090198423,0.16211243874609327,-0.7503266227396082,-0.2643931671778281,2.747733470825092,14.960042544473811,25.0
0.7955817666714013,-1.8163515986286156,-0.1960211542956869,-2.9983491659435773,-1.5335451178181359,15.348499270337847,25.0
2.817883331585949,0.6364791023285559,-0.4025131431233473,-1.2314193111771803,-0.3035344007957499,18.847338412458004,25.0
-1.5245434531160074,-2.0570877226306807,-0.46895127617882126,0.08997799375132143,-2.596511258888127,16.321777484138053,25.0
2.4560847545605897,0.08182810426747489,0.7211381606067957,-0.285304961411331,1.564862867468328,21.284292044775217,25.0
-1.4203345043356155,-1.0496242887135407,1.8015167071401361,-2.752584040646178,1.569329377451373,26.134787117152957,25.0
0.6036939735007452,1.5886575245364458,-2.794578750038195,-1.7380686860452386,2.9607948936079502,10.862766108069648,25.0
-0.38020081226653746,2.936479591916026,1.4928597602080504,-1.2974782173702817,-2.8434786052900503,18.158509399897742,25.0
2.5908330779960913,0.3395525729111224,-2.301605371775877,-2.687029754205751,-2.8884426815042645,18.303495792517147,25.0
-0.23783118124392466,0.7167267192465929,-2.9011052168934035,-0.6915879218693188,-2.110428967957892,22.11396536156116,25.0
0.16285542671174902,2.2548378308933703,2.0308197545537583,1.1403674944904658,2.5235840525271893,20.65527592614135,25.0
1.012259314561721,2.4435125078813567,1.303189544094952,2.5856256679963447,-2.265825845965811,24.642888712467595,25.0
-1.9969564478150175,0.47978816368106747,2.4541423811866663,-1.6297836097202256,-1.0418932652558248,17.539351515763162,25.0
-2.6244474667201065,1.525531787310408,-2.787913622937626,-2.4885038553770773,2.435768660085115,21.194869590181767,25.0
-0.3229774989919809,-1.5119951005295733,2.719578515200647,0.7357746283383526,2.5955255593153854,28.57422777196314,25.0
-1.968029161570688,1.843282074999891,1.5036209702291519,0.9734120498444696,-1.961159290972864,18.047342149661056,25.0
1.3521755156731938,-2.933912668962018,-0.3601275741840597,-2.177266649298202,-0.7555518837147179,23.222131596555936,25.0
-0.664633355315575,-2.7468166676119026,0.9020735371666553,0.1505104403244104,-0.2026555080482062,22.765934180523317,25.0
-2.382227467407141,2.543852141079171,-0.8735496654690524,-2.3026811332124253,-1.8747566410396272,10.103748073113593,25.0
0.910692245321469,2.68453601732538,-1.5137456770744446,-0.30517724984921246,0.21034760525328222,15.297890878106287,25.0
2.5248251820675893,-0.12113703799274145,-1.5681602230729816,-1.9089185048065254,0.8274483517251592,22.98026290438969,25.0
1.0810827921080772,0.026666951608339762,-1.4982907330999855,-1.1294582391151793,0.6547442707316731,25.116803775263467,25.0
2.473160594507333,-1.2618618459108228,1.2346139382227905,-2.346097174007823,-1.862856545696284,15.986461144142403,25.0
2.2314835097991814,0.0766270929498778,-0.15092526799488848,1.2218889289528203,-2.362568519631926,29.17614261336218,25.0
1.8878088473435364,2.395788778297029,-1.3894041955581544,1.1733136731005889,1.6558372621085446,20.193577126497246,25.0
-0.42754994794569434,-0.3823252350557742,-2.579001812973315,-2.538278002642379,0.8199804445533503,11.466906735393675,25.0
-2.6895458174268234,2.776360997249263,-1.4064443542915925,-1.9150344829270454,-2.4802167227846543,11.629889837480603,25.0
-2.4483922261376323,0.6256647558449959,0.9376696375778182,2.6199545023588495,1.6906053121843936,22.287383788126217,25.0
1.6526101671463893,-0.804615121579332,-0.3155123816605001,-2.6283225948990134,0.929525683293742,16.727263035229534,25.0
-2.709109175730708,-0.6274213610433903,-2.316503603785727,-1.269836664222173,0.27892809509107286,19.84409764137036,25.0
-0.5729063706669342,-2.56140544304038,-2.9942152456621254,1.4650681696266936,2.7852410166031696,14.292463576333123,25.0
1.5444143276371411,2.2518130864184016,2.7501640864127097,-2.966433268981323,0.6256463452223815,25.398438389196045,25.0
0.8733907925950146,-1.7816098952411434,-0.8456468232574355,0.046999166795037794,1.9068209608421327,24.0852613668902,25.0
2.1423888812455463,-1.2519452823961048,-0.3686362206211764,1.4594606759046371,-1.10662219990285,27.538486770267617,25.0
0.0960451530183537,1.7888277500438683,-0.6031712806368779,2.4175153614030016,0.40618393305939726,26.11291360222195,25.0
0.9204832780363974,-1.8000941472872638,-2.3600184051170836,0.6039558268705618,-2.9564959533897066,26.1473215996643,25.0
0.7773513243902102,0.4301081792355115,1.3322737979120802,0.34340592237312206,-2.056728383598187,10.062910127662125,25.0
-2.4690557702605256,-1.642620016189686,2.6085850197730602,0.9250573386027598,-0.8895976282371039,26.96858931294047,25.0
0.830268945263736,-2.894134848577769,-1.5082423563335197,-1.2582272681205149,0.6905352502342414,25.042921654266685,25.0
0.2964159504866801,2.5390368961583203,1.539783783577418,1.0327384561827593,0.10598706365754307,11.393818631071863,25.0
0.9737910750827607,1.705405121239827,2.017740338224371,-1.2491946757907129,2.2644791294549043,29.317144598479747,25.0
1.485810543057367,0.5042516742568659,0.11178930366439443,-2.5908893495867558,-2.0259105621390807,28.473068227583028,32.7545026145636
-0.223822490595893,-0.22070400699675607,-0.293547133340748,2.4936325191565407,-2.6732135831894013,13.689040672026263,25.0
1.1500949642964384,2.4862963406616077,1.7491543007640464,2.3037696512611525,1.0703597042742334,29.968597690988204,25.0
0.4454655656422557,0.42326183868983946,0.3526776260707285,-1.4019228626180156,2.9005051222550318,29.935758895055812,25.0
-1.1703667228970445,-2.3379139808342533,-0.8950988099175774,-1.392643888045455,-0.7406026663506213,28.773881280627304,25.0
-1.9966712846811059,-2.885994321066889,1.6367593336687474,-1.4544236204044867,-0.13060572096032974,10.242193167062128,25.0
1.4925350039599152,0.12224715899925087,-0.6876697372940197,-1.6680783422220018,1.5607061050888866,22.35921894399049,25.0
2.57175616172705,-0.37295147120494976,-0.8488539357242093,-0.7482964224141893,-2.7777695943507834,27.465813906440705,25.0
1.621039548965765,2.0614144178610925,0.6460808961740456,1.9304870491664694,-2.258142400288765,20.5136991296351,25.0
1.063624847933359,1.6009398254878402,-0.06495919664957572,1.7686401987743663,0.7246785171255055,21.846655859457094,25.0
0.47624945568358923,-0.2289879588873971,-0.6394013800191005,-2.5619557518231124,1.3660723881564127,28.249470803592693,25.0
1.428015130085594,2.4788423699933357,2.7171962163086576,2.4868287816841548,-1.0581045891325753,26.301691086304785,25.0
1.5539179291227363,0.37634800627034615,1.2653671342878603,-2.569163635624727,-1.5956198761922322,17.949933485340715,25.0
-0.04231853228705029,-2.3702332287783703,-1.3962794511737875,-2.93737903722777,-0.16327311927426402,26.674942795907562,25.0
-0.9853370287725176,-2.1526288821697053,-1.7061390102371852,1.3077233333624214,2.64149148860405,26.381679184038852,25.0
-1.5785115072795959,-2.9487165263258635,1.2200245926465545,0.874832307285617,-2.979308969085124,13.044608282416172,25.0
2.1202373955441676,1.5479867849653042,2.987170742795426,-2.68909579210654,-0.9785786417258775,20.218655486256157,25.0
1.947887482131847,1.6274780821057853,-0.581981798284088,0.8481580063993697,-1.3561925431524098,23.9293360088572,25.0
0.3937202701097653,0.6228749091945893,-1.2135092525789632,0.6318340928621144,2.5697044425246247,19.007522127434207,25.0
-1.4396940504289835,1.7784519507468417,1.0845170205214103,0.726095439902148,2.440672826913869,21.82970886221326,25.0
1.2004494106802976,1.6093179716213237,2.673073860426162,2.0555932843643934,1.4655378518562232,19.962519801125364,25.0
-2.0880882306781188,-2.0489668418116844,0.46942864850288757,0.5154029805869658,2.896424905589879,19.861662537025047,25.0
2.0534743942444447,-2.528185979494782,-1.067477954242197,2.4541733044437093,-0.3249878561441446,20.92481467079213,25.0
1.349856569573963,-1.8947010752091322,-1.332865227291657,-1.1625484224028972,1.2392466076505357,20.09427119643324,25.0
1.8905106702536312,1.1195577846920148,-0.9016931123719907,-2.372636106885997,-0.5075927948445145,25.607804297602236,25.0
2.9531203594077837,0.5779998935328079,2.711693977604831,-0.9676413835202173,-0.1957626117918716,27.398440851098684,25.0
2.9380916184180688,-2.844970581259989,-0.9080352780670715,1.7005407633528815,2.9798165704734716,12.128192817942992,25.0
-2.2455587444825515,-0.7565741826723449,2.6208374929002662,-2.1060412174594654,1.215766967558488,24.079932384618424,25.0
-1.5600371552706482,0.7917690370399075,0.5800853830757631,-2.2861109484209425,-1.2705136003951267,13.82644855614644,25.0
-2.8221997461592565,0.1392861359208446,2.808843058547586,0.7863824374724624,-0.5420811186362431,26.749247153084767,25.0
-0.7979820885251954,-1.5261446991431673,-0.6954579684092721,2.8856730197678733,0.690464203041294,15.502497664444817,25.0
-1.780778375740807,-2.9009904092922723,2.9471907899995236,-1.6030421734992575,-0.5559025771366808,19.20949824391699,25.0
1.472859487103947,0.0351587112285916,-2.441258126780344,-0.4766817983859575,-2.253690737500112,11.378241857525184,25.0
-1.5287657674200448,1.761711365225123,-0.13659974492058602,1.9874432436448046,-1.9264296672698071,24.79985342590708,25.0
-0.8099107653486493,2.726904072029024,1.8800664030539878,2.453982859910063,-2.896248022855942,29.482085176793657,25.0
1.0951136739316816,-1.7182253326149124,2.063311750176216,-2.3401900139847753,1.2550010959544915,10.817019222879782,25.0
-0.23510420549905975,1.797371361242572,-2.681433660156921,2.150731545834322,-0.688395326724732,25.10745599204263,25.0
-0.15781879406489763,-1.5216469939937447,1.0467802936419464,0.8858747974819785,0.06253051609542437,10.718724773078199,25.0
1.7398347094378988,-0.3639423378393829,-2.12437600618971,-2.4965156692622013,-0.5578258291966747,28.319374303900933,25.0
0.6015019654790512,0.5128445629050682,2.2568431538794878,-2.9196383001755333,-1.3594395118656788,25.06126586098702,25.0
-0.22532747096071137,-0.35659161982555965,-2.836917231502168,2.6992182701653675,1.3785132140110807,18.8458319914792,25.0
1.8172236830898658,0.07712860375782382,0.31570156369997937,-0.7362199763155206,-2.194759406310199,15.817510712890602,25.0
2.0424726585555018,1.7627666837225995,-2.6714056639478336,2.689386623774607,2.5111272803166296,10.83258417344207,25.0
-0.8248850841074273,2.9128142776849675,2.734517460692114,-0.5016584078404822,-0.5738894120100819,24.30961660756264,25.0
-1.4799378950041935,-1.593441933035447,-2.0796744122692585,2.334019324537099,0.8446235307734606,15.315640845764946,25.0
1.9808437749679157,-1.2327276310182316,-0.2719752428416293,0.7680071609876116,-2.504310634110826,28.473616615745744,25.0
1.2536816846296555,-1.192252925503996,-1.8237379107523104,-0.3625534697906212,1.3438851429178227,11.02948260696837,25.0
0.0021962705232922985,-0.4652802111805423,-0.21304822543241597,0.6005700887813639,-2.676998519263209,23.05447764110742,25.0
2.916862293225048,1.8122631152680029,1.1816312869817418,1.1672802788448324,-2.8006801067546117,22.244526644452165,25.0
1.0788914622510113,1.4378956760828219,0.38673556796391617,-2.0581483280181025,-2.9703418740372776,11.302865014704917,25.0
-0.3609252970105059,2.644809040042148,-1.2529117255848123,-2.2454659041436695,2.8335287825043496,29.933612886183944,25.0
1.643715154657981,-1.612081938854164,-1.5482262922700558,-2.032982971686269,-1.4469549375988473,18.873540084125473,25.0
1.999999669388739,1.9787077543723317,-1.8732299614964734,2.908646172087706,-2.17753176330959,12.671810207067832,25.0
1.0979622598835768,-0.2820427057231334,-2.23450262322219,0.28300905781674945,-2.627768918148543,27.07477587793555,25.0
1.1297422341768506,-0.26524326436497603,-0.06895216734249354,-1.406017861230385,-1.060695091772963,15.068104203789092,25.0
-1.7448390465974803,-2.2582225615154004,1.602264433815126,2.672319961035247,-2.246632333048559,26.473042821393925,25.0
0.2569160640157846,1.7185574096387253,-0.7259016903528837,2.2452860640577397,-1.462281930649822,17.752232017595524,25.0
-2.995581398475112,1.32612657518181,-0.22987818981550356,-0.4243104851096957,-1.3112446890941234,16.90314064539734,25.0
-2.0288633016827746,-1.6830134309851212,2.013032695676939,2.7633190837577377,0.7148758874786663,23.043157436616816,25.0
0.17090999080467872,1.4336869214046377,1.5450186649333446,-2.257905193930255,-1.6671156905510593,16.391456224099056,25.0
0.8473115723056237,-2.7012824223051966,-2.817971889280921,2.305908535843802,-1.4989881174025488,26.90465348856152,25.0
2.5862957350529445,2.6811228165653045,1.4590230738932561,-1.1349119891871906,1.6580259671673643,25.919182417051594,25.0
2.2230093276471887,-0.7409897929945894,-2.6089419651479084,-1.3123939861554463,2.061715910767986,22.855628111064064,25.0
2.913912141445194,-2.4959087485637323,-2.188025960780247,-0.5360840457938094,2.152334124050795,22.138439681103847,25.0
-2.857978840683907,0.08848913235617673,-0.9427002504897897,2.701944405363591,-2.9277795633232864,18.276706315940828,25.0
1.5755827706473724,-0.4927145513273987,-2.131528297415727,-1.9663136672634063,1.172555897928218,17.376403346318238,25.0
-0.9282342488255413,-0.393543803051843,-0.338548125717661,-1.1191323221081086,-1.079300618216164,16.99629371889815,25.0
-1.584392843401762,0.6668728935546722,-1.1735021975430322,1.0579943470678117,-1.3510384681244516,26.243837523281375,25.0
-0.0863336204328169,-0.16677300615092427,0.47151410714018205,2.872867748324568,-2.2189244963226677,27.55483656978688,25.0
-2.1775602774861977,0.05055012538535353,-2.4265707501263587,-2.392368901549247,1.6447766500029903,17.924993481380906,25.0
-0.9730108127390995,1.3163764656074584,-1.68475347169933,0.013779694764321615,-2.689228529359942,16.500975784238804,25.0
0.8732278244674299,1.4933341805949176,-1.9923864470324628,2.795720381328767,0.8262559580110791,10.159210210880346,25.0
0.5239010743348973,-1.9806253156078557,-1.4784183119607315,-0.919774805688355,1.2460918649563482,19.75514936935456,25.0
1.0894222912732108,-1.509085680865227,-1.408364269271774,0.545743944346305,-0.7163833450504149,24.268334811399924,25.0
-1.392803517597906,2.823534473260721,0.6934984073232924,-0.472570922270501,1.9993678288300583,18.476322590684333,25.0
-2.3859993810885842,0.17668095049151722,-2.138604124751321,0.5763141767652069,-1.905177068470969,22.928994595037903,25.0
-2.7100114438765157,0.25627639122552237,-0.08944701000236233,-1.1386258729144147,2.505419421572844,21.090544398941567,25.0
2.550541397898579,2.4939608684881893,2.2826998386917037,1.9669653199034478,-1.5340568170463427,25.838993013280348,25.0
2.0992495929157746,-1.4538253589671633,-2.0280224237660778,-2.8727130107861605,2.21323629445898,16.8125164965842,25.0
2.6507532090889274,-2.940388823244985,-1.5414540592854662,0.31853750122101543,-2.347734722264503,29.99750984712275,25.0
-2.495797520001261,0.9217974897496628,1.1520270977304943,1.3295553662062032,-0.5370030976386824,20.36592007473175,25.0
2.480010951055376,-2.367666776128888,-0.28837512199635507,2.041582414984595,0.6015887050848265,21.22795918432326,25.0
0.884239559793786,-2.6046583196409334,-0.5508486748081167,0.7037607918026496,1.3697853163189535,18.912122449544597,25.0
0.7924473924316158,-0.0335943637430951,-2.9575390577462572,-2.1974662566335894,-2.541530887618891,29.067740211519045,25.0
-1.2131354203793459,2.668380027953609,0.9156379939109671,2.7525225852193094,1.0559366760679216,13.971079611232145,25.0
-2.5599216464682018,1.0162058932742148,-2.804901661139849,-1.6573890340708233,0.7413122606724403,10.170141818806538,25.0
-0.9181198502752856,-2.770775496077137,2.6889354987375516,1.619426891439879,-0.09824059275717412,18.32428643328422,25.0
-1.2372013101255717,0.9471734006951888,0.05144947189302851,-0.40061674645572865,2.387055713213588,11.519882576065275,25.0
0.17277573448117334,-0.4160734426609003,-2.5266732018679328,0.926317442009791,-0.339952511838181,17.74045685550119,25.0
0.8049197878067158,2.782790103567806,-1.847125542130954,1.5962071577903032,1.7100348260001024,23.488853871678366,25.0
-0.3097684134775922,-1.3875328963345641,-2.4124668866409067,-2.815489996572917,-1.1848296347990694,24.536603345325435,25.0
2.460704506135462,1.2799805258433494,1.4370362596760202,2.947289494204414,-1.8717840219874313,21.886396512557127,25.0
-1.2998501182997644,-2.8833863001767317,2.268884017306629,1.5724570762095471,-1.5859961332372272,17.677815078118645,25.0
-1.257146502024813,-2.638718745221229,-0.7994338868732207,2.2240768787519327,2.595290386528619,27.967118474353487,25.0
-2.3294272080021785,0.8940890486192825,2.467789601448981,1.6599742090266627,0.6875785571098914,18.852232739392605,25.0
-2.406773271076459,1.13041559669127,-2.3913727218318694,2.047764831170146,-1.7331462794397994,26.43398891459713,25.0
-2.089785832785408,2.9167865624817857,-0.611054788669823,2.8520367157297617,1.1012924673535185,17.706479361878948,25.0
2.8249645074096206,-2.786181429452793,-2.1962069119927414,1.1474556828573057,-2.1829112313335512,16.082165362239202,25.0
2.932418876823233,-2.7098851400236366,1.3521559130579828,-1.5539753010107962,-0.3054399057994299,25.8585110431209,25.0
-0.3842913698867756,-0.8091457934324322,2.3386461486339147,2.6054452310665965,-1.3864491038236224,18.411496355046285,25.0
-1.1287082648894144,2.558156447473788,2.628743532082396,-2.7035643002144836,-0.1751005216207666,25.619431764889924,25.0
-2.684184476306912,-1.609472435197584,1.7620520869789882,2.640336513657201,2.134243661210487,24.952403054779452,25.0
0.4927570146667528,0.8016201797582494,-1.263536816069942,0.38364170591909996,1.2016261451011179,19.202685967818766,25.0
-1.5264089704938368,1.8524290407478645,0.8949827112953641,-2.9542444414304607,-1.423758024530387,22.20826946522131,25.0
2.583834415258008,1.4119589673248907,1.0173783643153538,1.9531981677292842,2.115923661858634,20.498400205900282,25.0
-2.4237722476244272,0.9902459829396135,-1.1065686240437689,0.8089491593587845,0.02753182598868742,16.60553172197792,25.0
2.8628854139740536,-1.6774270858269844,2.433529661374501,-0.211714337774497,1.267571026505502,16.261425831108017,25.0
-0.7283456560045627,-1.3766833592922945,2.4502448114985445,-2.0221087295675306,-1.9917848487286696,14.509597306777442,25.0
-2.3848340496437204,-1.5361230613836687,-1.2021686407078964,-1.4105577222008483,-0.4611114694493841,10.644778343421336,25.0
-0.07398978848080695,0.49610809166941783,-2.0259452125829256,-2.123381858524255,1.8415282281135923,22.52832493721991,25.0
2.670504605765476,-0.11042961597838818,-0.3948402449630293,1.6217189717999005,-2.4959847615684403,17.62739964875944,25.0
0.9291217950146273,1.9071823871101188,-0.9941402219579087,-1.7118432747420238,-1.1556412082915464,15.266240951434495,25.0
2.7791360182733316,2.715044179026485,-2.7901053097663424,0.5217753140139498,-0.0192625331749241,10.416237400906535,25.0
0.5560724882533212,1.5034837395347331,0.16302598820498737,2.2552305000262898,1.8382562541488827,10.599725651274898,25.0
0.856645186755018,-2.2861964596264683,0.8290485867195816,0.11899435619914422,-1.2156181984517183,15.568589750869911,25.0
2.2761300797565474,1.9755448370207933,2.6164656163174076,-0.5981391971595356,0.5780332295652171,20.86166365854929,25.0
-0.5827942969779705,2.8389638824300603,-0.03468766240278098,1.1294575296839255,-0.8788870839122738,16.37828315626311,25.0
-1.4107728249343001,-2.5389331506622828,-0.47563787723766193,1.062585249485494,-0.3246600198845413,11.382680050166783,25.0
-2.517393935884882,1.8709451142639981,2.8150826701455376,0.9545695483707126,-1.3366417454054091,24.933577277684886,25.0
2.766125822395459,-1.03461955881042,2.6120482677480785,-1.5340248722228256,-1.3135781270188396,25.25041076474576,25.0
0.8124088611641622,2.244193628289638,0.6043374241260708,-0.2789066743829536,2.29066549798584,21.954706315920212,25.0
2.1459211402295484,-0.9164015443115523,-2.0481831422623777,0.3266812149058258,-0.6735696978312262,16.338742220069726,25.0
-0.7095161272412835,-1.364012543221575,2.2628093950510424,1.1871456135836684,-1.5790378209404508,29.83907081995442,25.0
-0.012032074846329621,-2.468352753238906,0.2692022308393702,-0.3868266342761699,-0.9358486988850334,19.387300014414745,25.0
-1.2426634478494174,-1.3108853244151129,1.208710840877682,0.43267757738424484,1.7098932363722632,29.13246180433619,25.0
1.7537809934136828,-2.293335806523923,-0.133795228201397,2.557152808032196,2.0600402751923763,16.642284120275484,25.0
-2.527882595432086,0.4341743567444625,-0.5957759371825944,-2.368069936504051,-2.196439950216582,19.097056988130078,25.0
0.7453555733897153,-2.9971785734579477,1.3648498759336203,1.4448922445056311,0.4749353042047133,16.78129753240349,25.0
1.3509575134590879,0.8134026236929452,-0.016897905934493807,-1.7052680315962898,-0.2878279978448268,26.422538738029424,29.086250914724186
-2.8424011155391784,0.5774092514334743,-1.682398291426416,-0.6468068053155025,0.1520933523050334,20.88826010536232,25.0
-2.3502367909877733,0.7075500694097343,2.181358906287848,-1.4335598465173844,0.19986050124184507,10.780887972571286,25.0
-0.5364881049532793,0.6241560492582292,2.650352790348668,1.5800388589181082,-0.5452030500967204,20.15299090995422,25.0
-0.8775221568359126,1.2772168616891948,2.757704097089336,-0.36234676738872507,-1.3182131928078742,24.581851293799794,25.0
-2.5298187801440024,-0.8771940852079578,-2.3888011947050463,0.3360412834646671,1.4746849933990696,14.456596058443951,25.0
-1.247111352233158,0.302175620286079,1.5332126929092507,-2.0243274215559555,-0.31781453757901623,28.382838671037586,25.0
0.7956360256910906,1.9081361917643083,1.8850834317978524,0.41565174066913935,-2.1940909761153713,24.236594371072574,25.0
1.0258614249088982,2.6426668292742157,-1.981872552492863,2.862447353971877,1.8761491657956437,10.692477995496947,25.0
1.5845459019341632,0.9709421532789198,-2.103750875876061,0.0027812538044944546,-0.501916546726056,15.862915871884255,25.0
-2.9200782144792967,2.9458138111792502,-2.741825580707221,-2.4108687049382183,-1.5796664299324887,18.79070178031543,25.0
-0.8050082336781732,2.8043950302936524,2.4818037786215728,0.8481134900713085,2.4545834945006764,14.87874530369433,25.0
0.4467443983724739,-0.005048174923645732,0.586032041801221,-0.22045222401858933,-0.4294905716367472,12.466542812879574,25.0
-0.8878903458441747,-1.5522137333014103,0.3407622916393991,-1.0461315511108946,2.4758809094614023,24.31642300206594,25.0
0.15831324917173228,-1.7743811985483036,-0.8840633560273456,-2.2757047841267593,-0.016629989691437697,12.195058693922128,25.0
0.7491676434513836,1.0353314225668147,0.6121305195348259,-0.40243528702457665,-2.728945418595434,29.087468747573432,25.0
-0.22095447715320748,-0.7463697582113764,1.2779462412960871,2.443376786684225,-0.38287324067409934,23.513095035860083,25.0
0.3772007745367705,-1.2720197654635443,-0.8033899071061521,-0.9647748376168246,0.34668072631995317,17.923334418669267,25.0
-1.4895892775070942,-0.4077125459249027,1.814848160863761,-1.4196097426722072,1.0859839319786762,15.985395700993653,25.0
-0.852081928504504,1.2444396201286132,0.39486788732633027,-0.843697034729749,-2.725642002784029,28.58329836634658,25.0
2.882604921282079,-0.6675464741843999,2.9841683317967487,-1.7769218372789033,1.711045529221657,29.035257182348595,25.0
-2.330872380445315,1.4680862609921537,2.5757027087681665,-0.896048124153265,0.33533341870274613,25.953667400693064,25.0
0.6414426864003064,-1.8300477564407802,1.2879047363353466,2.157435721341731,-0.9970805468926685,29.734034907639227,25.0
-2.7723900340583065,-0.9106716076538555,0.49266298930353214,2.6047508646692723,0.8311697108430618,29.65139880895505,25.0
1.5567756585292294,-0.8340505567928309,-2.0203845390282265,-2.7111340725077198,1.9902705100373055,18.69889616539314,25.0
-2.953224415712084,-2.882279444428698,0.43313347571863403,-2.945107378652982,2.706778277011371,29.089067059083874,25.0
-2.4874478830170506,-2.326694395889843,2.994410451569248,0.640556761009079,-2.1088327467596835,28.398615688400454,25.0
1.9515723864459744,-0.30352656847224013,-2.2946078500436675,-0.6212318699815214,0.269218722919252,16.90603396526086,25.0
-1.1419867886158581,0.8382547153907964,-2.1092164654542263,-1.9597733511059126,2.1497244382592164,29.941583445927424,25.0
-1.8118976084544354,-2.262627286575335,-0.8559197810211767,2.6235864062555514,0.6238250378668271,23.202814372186708,25.0
-2.604569148119139,-0.6868146920995479,-2.2683653779188493,-1.670961069100565,0.944494735873286,19.325930547837768,25.0
2.4805974078407704,-2.7852394232229285,-1.5860194097291878,0.048071243824715726,0.30434819760249754,11.032954157900775,25.0
-2.3297133998893567,-0.9141297140130953,-2.444408988623508,-2.075613507700119,-2.4890879895104194,26.247432174542848,25.0
-2.341877667706616,-0.6069365569925256,-1.1372787414356371,0.851774986764013,-0.7452209096195057,15.681291259128102,25.0
0.5075318273275062,-0.22457880632633387,0.48278433036555146,-1.5624688773044837,-1.530776376379991,17.429615896448702,25.0
-2.364128452106166,-2.0519085916952724,1.4011441067741979,1.5825693984238072,0.18706728625536018,11.580424232004649,25.0
0.46816388310876667,-1.1809819951131377,2.5853380627005613,-1.7189245554084231,1.915960247967325,19.600542264738998,25.0
0.989505070413875,1.7389056432833225,1.5532057895530338,-0.280538838351438,-0.5992411815233587,24.385673024017876,25.0
2.7996349550077584,0.9400573157994283,0.07237537501616131,1.9591422291034437,0.12325576795537341,24.75473245638373,25.0
-0.22610158643159783,-1.006310175227966,-1.8836811971590315,1.7178520794062937,2.9199709540277015,15.006413123254392,25.0
-2.2964155900316365,1.5896565668878146,-1.2670330455573602,2.984426955379025,2.502741403983488,23.43306365786168,25.0
0.8970158564449795,2.8656043930335784,0.1043755340017678,2.450515478127528,2.0531296592988397,13.864970890194552,25.0
2.2142490030344746,-1.2557866154381614,-2.771839302411284,-0.6408233368595275,0.6445049622888441,28.340692941605973,25.0
-0.7920334082966978,-2.89532799335521,-2.623093114371624,-1.5102406538635118,1.2764068668630415,28.90628272944161,25.0
-1.3519169945337293,-1.6691052212769781,2.2243281377672215,-1.3305466899949603,-2.7986988729615376,14.219706420847928,25.0
-2.885654017482594,-1.7575290832426518,-2.562866207020887,2.0453768276003146,0.052398568829658654,19.998430877782738,25.0
-2.005543097644465,0.8665658430266654,1.3456969666735805,1.38748290369674,-2.7887310816966377,15.055954782782553,25.0
2.2211766604732253,-0.9350103387413293,2.0037450322683767,1.001485774462532,1.9243289355690063,10.593241252294977,25.0
2.864280061929362,-1.759379257958619,-0.6750488199134947,-2.2819184393314282,-1.441174943294961,10.6858111435672,25.0
2.6640280227202098,-2.6548615206968402,1.8941999492888826,2.3907713945493487,0.04866283958649431,28.407087008848993,25.0
2.253119734860986,1.1468400825677838,2.1280648523384915,-1.7975843825405948,2.221762747914104,15.208304291681852,25.0
-1.6900266449983294,2.6471094966012663,-2.8301406678203893,-1.2317983815935367,0.05829089141267252,16.297045323804337,25.0
2.729937556406517,0.8126701246586796,0.5054200509849927,0.6647549201133791,1.4740164454395916,29.696250227915172,25.0
0.8059928570737247,-0.6815048267626098,-1.0253395029582109,0.47436764565328327,-1.115603619303883,14.837316735166205,25.0
-2.2235383941034055,-0.3197513139155168,2.528973313820142,-1.6683577839001962,-0.9230559781688932,17.407290763310638,25.0
-1.381860465720405,2.020891887307574,2.9116456977276,1.366927284678039,0.8064127397466794,19.97919746662049,25.0
2.9190442602702245,0.6836986856677156,-0.25285026596618687,-1.2180089257524123,2.1954077676222266,21.15779055673673,25.0
-0.7945450510563039,2.782711992832395,-2.848707687146727,0.3848322066965366,-2.352095157988579,22.373807990414882,25.0
2.526694031150294,1.4337052124158163,1.675882955463237,-2.0766278751574268,1.940968397765836,21.68059827668291,25.0
1.1176141811793485,0.6616069830225872,1.6950071520799845,-0.6284538428002011,-0.40211087478855,17.337877182530185,25.0
-0.9407692930155904,0.7200775679267104,0.5836600578767408,0.9652626762109109,-1.8926374787228006,16.198429674559357,25.0
0.6850438997145853,-1.5197986700053367,0.8367017852359395,-0.8136951573729503,-1.3965983584780317,24.89674540721586,25.0
-2.283254053454727,1.8393365234377743,-2.893670987779493,1.3980513503583634,-1.3214245412887569,17.33735153810702,25.0
1.7894989042268472,1.4744359957684416,-1.2210008805082144,1.174537229254737,2.4672591338739807,10.339873052524311,25.0
0.36093374054190663,0.6707425343700542,-0.7794288911876843,-1.1139952425702178,1.3926546175274792,23.271789315292697,25.0
2.9335617801584526,-0.9389297659902192,-1.7898428296739168,-2.7697783107933587,-1.3563695122874906,12.663762619772253,25.0
-1.840938902247689,-0.25867257344056727,-0.48469034050558824,1.768417100563223,-0.5007266180101482,22.26754699697418,25.0
1.3466572597879534,-1.5194090532027906,1.9501065472747658,-0.33765380395744016,-1.142006669840895,13.683457489959817,25.0
0.20997960202879273,-1.9855453103053522,-0.7284113761241238,1.990116113114416,0.462410589703687,10.696315276869939,25.0
0.860078233226802,0.5073780407554307,-1.1827632891802962,-0.8462543920623968,1.6920214068158028,19.730102399734566,25.0
1.0954777376184026,1.7511550549497414,0.3780719686801577,2.047427960872776,1.582974983237925,20.46353585990545,25.0
-2.333171167512332,-0.10288157884968152,-2.1002648053552626,0.09432361164726899,-2.1657147442177713,23.686156484328755,25.0
-0.28455216646148385,-1.4055449982014454,-2.997507020777214,-2.9821163564167863,2.648179117319402,24.781924286825877,25.0
1.1170989085001963,1.9570792357907703,-2.074898614810554,-1.0672761216014646,-0.8671313511428909,27.60700569726811,25.0
2.86144532059609,2.149097905239916,-2.2278207671537857,2.230932127088198,-1.5320165207348433,21.192032251660695,25.0
1.883031082370242,-2.1290679870990425,-2.246862801272744,2.04414456688756,0.8645996163354606,15.788187183351013,25.0
-2.083313974410826,1.0630956704408447,2.851698627531448,-1.1797744704430908,1.0247430545785594,25.13169344462757,25.0
1.4099225215574789,-0.36749795608485103,-1.9876671604762066,2.231990218490064,0.18111717513535064,15.814949927424236,25.0
-1.7307448889864285,-2.8188497584445154,1.5072233679366622,0.9789045411321098,-2.70276276736479,18.877260098650254,25.0
-2.882555635041081,0.008540585031677761,-1.3220367501661312,-1.6648426097795679,-0.06818550209430052,19.89212532408318,25.0
-1.3210488536457006,-1.247251646221418,-2.6440604199692617,0.9387498830509231,-1.3491028509669825,10.259019672737256,25.0
2.5708401466227535,-1.2529650697795378,-0.5875088050289485,0.49479453129840456,1.9830544348603594,22.042995274910176,25.0
-0.5961512854090878,-2.2162514966378764,1.7937175089721737,0.9926329803095006,2.111780753759061,28.80896253008274,25.0
2.0046690920993626,-0.0872908359970146,0.60759033688691,-1.8142278170882262,-0.9262791796196361,12.881384331538372,25.0
-0.4231141893196706,2.0103704746019666,1.6279423786401344,1.0296512031338834,0.37074295912817323,29.14291748701851,25.0
-0.4970238728752192,-2.984360994477908,1.610524815124366,1.082703608045934,2.5751841343220487,21.960071275420905,25.0
-2.6599313176770885,-1.469143775955771,-1.9498317881944445,-2.400269417607403,2.540556888836729,12.416560143792497,25.0
-1.2104771977060849,-1.1763206126875745,0.9350318766132699,-2.985495604297086,0.3925288890166563,26.298342496895984,25.0
2.3533659838339513,-1.37932765280227,-1.4353869778432369,-2.1740528944278994,-2.5161193629547376,20.066768890835046,25.0
-2.425144895965925,1.7606985559300696,-0.16017598279478173,-1.8035126247463489,-0.8649075021774313,14.793896868474832,25.0
1.6170127371737362,2.7793821233468172,-0.9874181041415797,-0.32217753155765116,-0.06949329306784602,24.153513742976923,25.0
-0.37775983190115126,2.7025495658538814,-1.232283128139712,-2.080231431818187,0.058727095374440985,17.20602503848475,25.0
-2.229409927978206,1.6010521613488278,0.11646306576811094,1.6779959457726967,2.132254569913176,10.336487592044104,25.0
2.166149303798367,2.023909944949536,-1.282233990485814,1.8855300944504982,2.872423949703741,16.558435456732916,25.0
-0.39346737221273065,0.4662422892290352,0.7189640145969087,-0.019986021711681623,-0.2632230897611487,23.78999301011918,25.0
1.7253774372200548,0.7104035197768943,1.597408736990241,2.898996268030375,-0.9199974402367719,19.948455369901417,25.0
0.9113443246594937,-1.7807506733725225,-2.7260380353938873,-2.5030844749244543,2.4900096622209595,12.268786746374785,25.0
1.3458237702420401,-1.8426182156481161,-0.03918846229228112,2.0229826549728624,0.7332229622264101,11.010010883529628,25.0
1.3889415317125149,2.950757499417419,-0.7454694955304455,0.8329967949487971,-2.877966049845527,15.491689142939089,25.0
0.2664192879942777,2.4526032090108583,-2.8611876844405377,0.5383430176721258,2.496556183050238,16.183600835619693,25.0
-2.9684789076678006,0.7809472855995052,-2.512343645517749,1.8055115324583308,2.698496838877565,16.347047615836175,25.0
-1.77608916389545,-0.4923250196278399,-2.172625951513564,1.874287696443135,-0.8093345560142668,12.537181339642704,25.0
-1.51231741514178,0.6614569021100003,0.34488587172052165,-0.002301574931564243,-2.272266666823081,22.79205173145805,25.0
1.6771820404669757,0.9223929871901149,-1.0874679087965902,-2.5268237359658676,-1.6226233260002378,14.87406018412786,100.70716068873482
-0.33086099163911875,-0.14944662335052783,2.193091198210743,2.3281074270707034,1.8927425269360594,23.52966834274914,25.0
-1.3142311038922063,-0.9621812788639446,1.0021926895296822,-1.6106090461959321,-0.9204008018134302,13.407463723555363,25.0
0.2166910838666185,-1.9536372923823935,2.300231233831447,0.7489064737116715,2.454271519352768,28.349262885032616,25.0
2.5558178801256384,-0.09258093913226162,1.9254565764192808,-1.9841670727302838,-2.2290715639064005,19.27298134943729,25.0
-2.1868515854938355,-0.08455765887458089,0.1915659694436287,-2.4930083541584156,2.486897560001763,20.301165467178315,25.0
-2.374861457819112,2.221290811617772,-0.320354339316252,-2.8087046051968416,2.5723317086360646,29.52684523026874,25.0
-2.365495857770126,2.103026303026672,2.4394055965226924,-1.0476375944157943,-1.4935863852997935,29.227758877993274,25.0
0.1128399158681277,-1.6502371087376622,2.655779664531659,-2.587064184839478,-1.8883260782341167,27.70541225717981,25.0
0.24800607069646885,-1.2635153856954124,-1.7217938891229938,-1.8173700777295676,-2.74567710903045,22.711346355697025,25.0
-1.9548514879049335,1.4138021852787928,-0.2846310995512762,-2.27257309134219,-1.1196941094558475,23.93693251957266,25.0
-2.012135538635572,-2.577965676947509,2.387619478122174,-1.6467935368827744,-2.1251037556710792,18.27958651681594,25.0
2.3632932374391284,-0.5450986307849099,-2.3689354731845627,-2.824283166373238,-1.9972041956970803,28.158176643227613,25.0
-1.140740487350298,-2.39587650739661,0.9238230432725536,-2.4445758362342755,-0.9632929775797638,28.046032832280584,25.0
-2.7954628363913114,-2.821030824427883,-0.0315052333316892,2.6756993683015065,-1.5128285581330276,27.55634233040451,25.0
-1.865341466465503,-1.0249027939294675,0.9911144479036103,-1.954719327093239,2.822838844301531,23.873797834951983,25.0
-1.9498967485237508,-2.652692776011036,-1.81687766108913,-2.849604855784475,2.234771481832838,11.544408358821077,25.0
2.8605228028630734,-0.37602070917278185,-2.965946130662192,1.965162895150228,0.23723325161732944,22.36191068630625,25.0
2.978843014538448,1.0611853353171021,-2.1529564841532247,1.6785543062170518,-1.1775463824195906,18.452014100660907,25.0
-2.7219617976156147,0.18769627571262681,-0.961697464979697,1.6755067372751205,1.6779294827508417,15.81225651395474,25.0
2.0813889401884014,2.797409469374636,-1.027134646266751,-0.40737976045037483,0.6829294941519382,16.172489441565187,25.0
0.5866230759084408,-0.2390908831367886,0.37251477148125245,1.9428769679245175,-1.11894267875088,16.466104397680724,25.0
-1.6383088097645593,-2.8751494184998707,-2.2874856461957926,-1.2185300600983568,-0.5683428848522913,24.516054123619448,25.0
2.0782354942262593,1.2178358023856521,2.5834026067803784,2.6173596119457248,-2.6327196993620454,22.60084650070692,25.0
-1.6645890170975197,1.5514268315987492,-2.4105261509130993,2.226030160653206,-2.0975309010821865,25.319393290394178,25.0
2.9260679716650193,-1.5285104352422798,-1.3808027748227207,2.1499996604444886,1.2003651697748223,23.129158519148717,25.0
-1.5275227652610552,0.3299477331254992,-0.4450500805985458,0.8796155557396568,-1.6411896462166964,12.801230995838564,25.0
-2.871870731633198,1.8647683044806227,-1.9944441088513356,-0.4313252683654958,2.6726873851578308,29.997688875637994,25.0
1.8210926909888627,1.399858141651947,1.7802521792470394,2.4030218750147885,0.8019497496151038,14.40563270003997,25.0
-2.6444475347052845,-2.1652664290852512,-0.7065687797006324,-0.5217603395151196,2.4913032091115923,18.91618032045105,25.0
-0.5397373685634634,2.750158940498337,-2.259352465271339,1.6562098883657512,-1.5953175767684855,24.747944916047686,25.0
-2.9920427890751973,1.7533657795968383,0.6158860341650483,-1.1344702210339213,-0.46381904825953324,27.648487057691355,25.0
-0.960562763339122,0.7530401123329002,0.334574568810702,0.947188029498387,-2.003117686086984,25.90754242578267,25.0
-1.9297226932663394,-0.4032580699303425,-0.1003500862825617,0.6137420253035395,0.3771046578630157,16.57919857866744,25.0
1.3257699987575755,0.4474555293148317,-2.084598533100291,-1.3597055642975695,0.812320707430283,28.376069560498493,25.0
1.8093606826865525,-0.6651653216511009,-1.3100082271129412,-0.4476645788024456,-0.9168466456876501,11.903134952840215,25.0
0.8005957357971436,1.1231455150530367,2.103330404685746,-0.43011781973533525,-2.819971897686389,10.448473341321876,25.0
-1.0374453394869918,-2.4007955978407343,0.31949304423612457,-1.586341908986736,2.868771406863196,11.89183310045622,25.0
0.78263453765795,-2.964750075374068,0.9134059087633473,0.5761428300416238,1.8119894018161276,27.203386741197267,25.0
0.41878718416157934,-0.4576793037368083,1.8712956079117422,0.019757762007961865,0.2321976446369538,24.000274093329534,25.0
0.6342318356047558,-0.5799171636135672,1.4264725040563588,1.1151063884600116,2.0822351270525683,26.396524461534426,25.0
-2.4755578007496184,-1.929393746463255,-0.8301115792613589,0.7741059587678278,-0.44438412287761286,18.464974077475503,25.0
-2.2856661044373388,0.9465383115344213,-2.6869826446366107,2.58526164797458,2.284375248439984,12.400906276560892,25.0
0.6164534435338291,-1.118917882614705,-1.3476124048869411,0.46050014950381923,1.1372610130886418,12.759380370986149,25.0
-1.5436314611322346,0.024464364140757144,-0.10216132409016465,0.10373008647020443,0.39848758731298384,13.317263367539702,25.0
-0.6695189510949082,2.394847561023325,0.463921427471472,0.49360165318592575,-0.9141481304790808,15.521721151883462,25.0
2.859130150753396,2.1470311909103446,2.24498458895512,-0.806521735292038,-2.8293329558111115,12.266220793532604,25.0
-2.5304879734336603,-0.7977084066550795,-1.0344905737369405,-1.2516960372277177,-0.00910025163581718,14.902932097435295,25.0
0.49877591852752756,0.620746876055271,0.026632566654951173,1.391842880340338,-1.9053689842255772,10.645673245427286,25.0
1.8377256172725644,2.180948018996247,-2.332390816051661,-0.2908150253843367,-0.5866665117389185,23.153242268057696,25.0
2.7477555400137135,-0.36618483135529534,0.8220725953934847,1.3773607604538594,2.613051961620797,10.72189649019136,25.0
2.77699015379506,-1.6137557925033081,2.435563060319164,2.449055442974239,0.398427325625196,20.867060302696196,25.0
1.9997052176674996,1.1872740809080584,0.5469762915196541,0.7512750790975575,-0.1728860566217949,23.490039313380713,25.0
-1.515546315247688,1.4653031688400722,1.6563037943444288,-1.6850474243062403,0.5448409095887685,16.670776796773687,25.0
-0.14104966529204876,-1.7589245565166496,-1.7390886360994524,1.8580305100601695,1.209245931810302,11.701390805746117,25.0
-2.9230119589063963,1.0338320176923075,2.3073875415492653,0.6321166314609075,-1.3159102800718774,16.823667085151584,25.0
0.07359992274512539,-1.9524618301057894,0.5572879684332217,0.32726472388282657,-1.1146937181908103,15.9618620346237,25.0
-0.5256676079931073,-1.7746367771767497,2.4605933794069728,-2.2018649339267222,-1.4565431764365195,14.34096590315142,25.0
-2.446496225159916,-2.754163576635889,2.4190808339353325,-0.22505163329790578,1.3565916468082335,14.058838922151864,25.0
0.39789075388562534,0.6548246042038848,-2.403551357755756,-0.136005736738805,-1.8971299652782676,14.345547266737428,25.0
2.906190092895951,-2.3914077689186115,1.1468025212152586,-1.310060569355668,2.831724082761559,20.303714745989595,25.0
2.485495179667703,2.8354542743980273,-0.8684735970313096,-2.314294722266233,-0.3331811190083038,26.41153706309256,25.0
-1.996886979533485,0.8720945060959302,-1.7989754293194222,-0.9369890337362636,-1.9354302659068168,25.213927499980812,25.0
-0.1265376969043861,-2.4952155071685276,1.1609844745236,1.954336468465078,0.7620933811716912,13.693496004811605,25.0
1.1712338534734767,-0.8521727348820614,2.64190170396306,-0.6934317455344887,-2.8557925513455746,24.959018703675973,25.0
2.9106420901478973,2.881228646852893,2.3254481214160965,1.7462412356511336,-2.8328114927785792,14.086224969155797,25.0
-1.1474465711982886,0.7202866642415438,0.4290163118411918,2.867118783204619,-2.751054533363807,28.760229128639367,25.0
-0.6783998821130051,0.355716820517439,-1.8051529471700234,-2.93826398631935,2.5761898458045085,20.492304189105074,25.0
-1.489969377932085,-0.42030746607581193,-0.22222264121808522,-0.6812342298456042,2.346181033698455,17.140059831970618,25.0
1.5354092149771343,1.6824452876007188,0.020702105398084925,0.8509513286464601,-1.7450400075416872,11.815084211450998,25.0
2.106403948517001,0.43323561465063687,-0.11432780959060107,-1.7091496877511925,1.5147297214150424,24.662442721820817,25.0
1.096168427863602,2.3855405632770648,-0.242358325961761,-1.4678416420655194,1.6804880689629034,16.820584945271804,25.0
0.4882026332722491,0.24476404079624903,2.875886684508802,1.3199913174621223,-1.772355555860861,22.78306416572486,25.0
2.758893858718296,-2.709367044394894,1.070142866714038,2.674526111952643,2.5132717598035885,17.46661806446678,25.0
2.9907315998938078,-1.5475045094140043,-1.4199143520238815,0.16190666078037275,2.1704642957911897,24.38896098328086,25.0
-1.7385362079931181,-0.886741439768874,-0.002290376715913478,1.5356843072167141,-0.38189610155328113,19.659023047776675,25.0
2.5699444396723887,1.8659627624405033,-1.339534309233061,0.5585058249812764,-2.710010601892553,17.33632402967249,25.0
0.8239492477496535,2.6381237555317227,1.005429734181706,1.4026774587396185,-1.919018322805103,23.962893806381285,25.0
0.18604967505592285,1.9476686592640906,2.9680555552110857,-0.5932539159947408,-0.03579085715676156,10.989877701149503,25.0
2.926971662283287,-2.2325735369628483,1.9383378063622452,-0.7268849449066073,-0.9716639854357907,16.811054881214076,25.0
-0.17310300015475422,-2.0123071756529667,-2.8786501369490565,-2.7879212065576193,-2.970978963156007,10.791868771920354,25.0
-0.6331227140811428,-1.4825201984974732,-0.4100352746627416,-0.1645175808734809,-0.9493030640073545,27.90491438297467,25.0
-0.363227346194698,-2.1989092673090957,0.49086645521852734,1.8390286737398682,0.01998592116858644,18.59653851220972,25.0
1.5428341452525567,-0.349540549053204,0.8620790754308922,-0.20888109411777123,-1.7504476955163955,13.443376883569393,25.0
0.8014208892685133,2.014804224752977,-0.491936426401022,0.1841740952516493,1.8704970978125468,24.336038932034715,25.0
-1.9745146474171156,-0.054567988337160145,1.6862770800466897,-0.823765794054252,-0.4683469931187294,10.649391971295557,25.0
0.18126782402644182,1.6872225134739258,2.579014272784031,1.9030161820943334,2.6226357728863787,18.165461810733447,25.0
-0.8818962941485271,-1.287196605079556,2.9420762786941044,-2.425642513748152,2.9140974985787125,24.51175119248692,25.0
1.2622313397936358,-2.6450211451551646,-1.9706809670529304,-0.12342752082059816,-2.310991498995353,25.331652880374122,25.0
0.6473608770973378,0.21064790829550617,2.4703856344959787,-0.605569484280005,1.8477308158582346,26.351666391917746,25.0
-0.9016434015413095,1.8871769595082863,2.0918959252434757,-2.554608208121926,2.329476000481419,27.136271305221516,25.0
-2.1010491726919693,2.0754823355754404,-0.8587043412679845,0.4463745797500125,2.5942802537884795,11.226593156002377,25.0
0.539365922886279,-0.8136542231898458,-0.7849281818023179,-0.3335340590939424,-0.8530825099434449,22.13482148074447,25.0
0.2285625903788513,-0.04522072735897886,-0.6133223199479922,-1.4327851316033655,0.19746038954801115,24.534040332776613,25.0
-2.913825387794038,-2.53927485734374,-0.7012750452425469,2.0461367223150067,0.5134531190202818,26.378436125845695,25.0
0.8184155523471732,-1.2207395981621647,0.4159440715459768,-2.5595666080398956,-2.4694422669564506,28.277302431488156,25.0
-2.893043058558966,-2.2932949535958413,2.318949995339393,1.5563109056886475,-2.2793549213310644,23.648643977023415,25.0
-1.3540051503293884,1.6839349758959585,2.8999797262054026,2.258286689584618,2.8539171821886047,24.404194474911783,25.0
0.25902301153721785,0.07470021274004868,2.776825670427705,0.04133233793371627,-2.505395544726142,16.002987104919548,25.0
-1.8842587948669727,-2.7308506821305234,2.4096904762475653,-1.7675058356428948,0.731527169015215,28.02251538317483,25.0
2.3578048591173797,1.5523129196510776,-0.5487750417058321,0.869665796555616,-1.4108320899243183,27.891939373010782,25.0
1.9022302521418952,2.544402034891478,0.9210205536832232,2.652408448659772,1.6417146568217849,15.301964320997845,25.0
-0.9798021927623584,-2.0355376954872866,2.7671434659147636,2.6635467314487924,2.12321787579652,24.600333770097826,25.0
1.4874584104685908,-1.6700191897825043,2.4942368443696736,2.179009967308893,1.0354114371517982,11.878181499047322,25.0
0.8408548471985862,-2.7222475184576513,2.695509128229002,-1.496292643796051,2.034670616010647,29.863255310243943,25.0
-1.4571199301332864,2.7499450723073817,1.089352544443491,1.3171152657877174,2.1820131028471117,25.903391728990712,25.0
1.2449066263486834,-2.5123993358860846,-1.9322250744394358,0.7574869190915248,1.5950723717274808,10.965959689784484,25.0
-2.4907385850958685,-1.1536709292475802,-1.164933945913286,-1.720059270625578,-1.0142448904887984,22.85411692137195,25.0
0.6119993133183637,-0.2119803262195199,1.0377013196302975,0.3420947425556311,-1.8355599748698888,10.442303667818805,25.0
1.8535057669013177,0.8020351877399361,-1.1110483873285149,1.4887116439020769,2.405479831847236,15.449375911895853,25.0
0.4500777053170686,2.839718163036409,0.7418185908825037,2.651665050655014,2.9446617891056786,23.7290161439443,25.0
-1.0342561477016394,-2.20496010535925,1.8172625679683634,1.5452297236896086,1.6038481710101102,29.06349830592756,25.0
-2.7446166063702404,2.0075433670160177,2.7893516952857293,2.968291145026283,0.5401040471776315,20.511213076943964,25.0
1.3176402140857562,0.21075107486917144,-2.4179443070055013,0.8672915267580303,1.0263878104090125,11.349320516278025,25.0
-0.9439681545683682,2.623681311814252,-2.033167750972871,-2.002768995857984,-0.9034218125776938,20.227093889902697,25.0
-2.0965210734656674,-0.07203594673942781,0.5407109125107508,0.07600014772670383,-2.6904937354396883,25.17943381331381,25.0
2.217133218022914,-0.5802273050028854,-1.4385874610492224,-2.0262989776014675,-0.2677376232176232,25.337848637293746,25.0
0.6196221944699709,1.3421883948309183,1.6798311728307151,1.337505519713952,-2.0206878786040816,20.66898821082862,25.0
-0.7893826075893986,1.878935176468489,0.713924417031564,2.240863602062978,-2.6340149780495783,18.82700193707088,25.0
1.8826820723561308,1.3831261305031202,1.2850865472022992,1.5485234614365275,-1.5713654556478613,29.026111351469574,25.0
2.6859117355074353,1.4836582223000656,-1.0503429363109609,0.4484979285174284,-1.773883078439082,27.99638403939184,25.0
1.708555136705912,2.1947737541537604,1.106996253803958,-1.917617390771012,1.6577947479250703,11.622076511213276,25.0
2.999939625601611,-1.2915361745870828,1.4765408244698852,-1.9605457002465076,-2.1617704436262746,11.705490781274381,25.0
0.833241792353911,-0.5548273821135901,-0.8883393858003226,2.535116675421463,-0.20466088170439534,18.163841708068627,25.0
-0.3863953501951256,2.2378628022914553,-1.715726948260564,1.679677619384183,1.6053404949100987,21.47490793976648,25.0
1.4688031276100677,1.490307945276312,-0.7624184618145744,1.5809586802599753,0.5235698048934245,27.273331611578936,25.0
-2.8326417620283593,2.0856986977157934,-1.4658851698253375,1.6093513850894308,-2.3925991735339127,24.418444041011746,25.0
0.2844603823381475,-0.021248330103708746,2.077369094577495,0.02516795640485725,0.29566730486771586,11.88629196948976,25.0
0.2490244702071025,0.5803874031394973,1.57887168837697,0.8070353211339247,1.1562703958540403,27.805729091132818,25.0
-1.7523850161223655,1.990284581141566,-0.5793724539172893,1.9630499313957976,-1.6481429639631369,16.264560776454214,25.0
1.8152018022501526,1.5489684245539745,2.527135161472814,-2.4781849622900403,0.023066964660305,16.845643665380532,25.0
1.8563008194385464,-2.6794756178561414,-0.15814874145288638,1.519336405067163,-2.819486916110718,16.510551589722464,25.0
-2.0458504245612583,-0.16625870961428513,0.2553895499708392,0.5193888621785336,0.15491992544104738,24.96070982005644,25.0
-2.7156556044946574,-2.233638658494758,2.123541402971502,-1.5425159017743173,0.9404071609522902,18.3823852648666,25.0
-0.16300462705036356,1.3753834834462086,2.109467226374422,-2.491387887342599,-2.860299560103526,28.344726445187057,25.0
-2.7367224932558543,2.82368111172915,2.9581885655922626,-1.6033338026539932,1.3363677264555598,22.690609185746876,25.0
-2.9008547900433306,-0.7380063332212154,-2.179965878834396,-0.5271207708244003,-1.9920997322492222,25.47031658061977,25.0
-1.6494218371011122,0.3169499403263454,0.764008962694529,2.044224159185408,1.7448868884658992,16.51270803000375,25.0
1.772793783085584,-0.5791570416454972,-2.871630517166059,-0.3902864412654612,-1.4662824999634765,27.648752132533335,25.0
2.0901986024189254,-2.321582212282925,2.1545493562664477,-1.1209414853104587,2.6917965960814456,20.52095116825854,25.0
-0.6201737790472306,-0.5775139855075997,2.396726721606621,-0.9573591192112603,-1.294991811793326,16.838760020760617,25.0
-2.687321308745779,-0.6094459792171478,0.342982747990368,0.49937833814441435,2.256374371890736,21.256270433265108,25.0
0.7304308462787694,-0.09180676849004632,-2.6594278000602847,-2.1409003781193965,1.8482043705782276,20.922953518480828,25.0
-0.15069908867141546,-0.6503265390559458,-1.288760053653903,-0.7020776178187376,-2.082458900154924,14.883560991562552,25.0
-2.203024277121088,0.45559975888886406,2.1186643441870086,0.6599249707127335,-2.6384891754306397,19.644561662454404,25.0
1.1263025023145241,2.0928658611602495,1.2017974626255459,1.5339298299418118,1.861042341993369,18.12951147749952,25.0
-2.1908932523028914,-1.3591368853262402,0.17540018131009294,-2.044496390834577,1.6646587609810766,28.64224487583749,25.0
2.8265207146847118,2.6801778061945054,1.8646814353396266,0.6304472864788324,0.13169303058452275,15.182092429265332,25.0
2.049126965025854,1.9879614643254948,1.0125080119408931,-1.626371584303445,-1.9579812704585877,29.031561490699183,25.0
2.790012762154957,-1.3723794625888543,2.519850847160722,0.1945244941173896,-0.9530634468149248,15.604385596036487,25.0
1.446942370993833,-1.156622788500819,-2.1112026030682283,-2.0253588644268983,0.8311413471587858,25.86275315662137,25.0
-1.0456940895474833,1.0913602918270167,2.6862419099419395,-0.5756872701444276,-1.0673556284266108,28.82630113891937,25.0
2.675001884482132,1.6618343555085096,0.8056673739221925,2.7506566902700484,-0.4211955930687843,11.227010903780336,25.0
2.6951551803879497,0.9799333942900725,1.020336607262756,-0.7341705211174148,-1.3862054432005109,20.537576338819548,25.0
2.933897800335388,-1.892220593575415,0.06503818695335095,2.3152878103381322,1.831560597878429,18.914756705375055,25.0
1.0197844932246234,-1.6448446630082798,2.206231413257279,2.1031338934967687,2.2629634307446995,17.383406560880918,25.0
2.3025507905471416,2.726192517789256,0.08304987904237926,0.9617805216018702,1.0309626960367932,28.321087585964897,25.0
1.390560677748395,-0.7120543616469588,0.39708411692595025,2.983570321888978,-2.9311253077810377,24.901640420470827,25.0
0.99495447021014,-0.14669741239179146,-2.708245099561964,-1.845404157417363,-1.8283409897669824,26.40674462587759,25.0
-2.084023175649374,-1.5272743529858426,-1.0479735178592589,1.6113825189224782,-0.18996033943172952,25.864398551826838,25.0
1.9634433639466486,-0.936967183238266,0.36059026768598423,2.992526698984131,-0.5684291915467399,15.151113200437925,25.0
-1.2239052621099855,-1.7731102010846715,-0.17557783597740606,1.3592609867837488,-1.0126199262687647,13.310339992061099,25.0
1.183767932157897,-2.6836545966494096,-0.43110140194721946,1.9693212858279754,0.2796611113288878,10.643223359996782,25.0
2.0686944176686968,-1.811947517061817,-0.1664514122340517,-0.9523166714826927,-1.6128207906904288,19.843850541471472,25.0
0.24828882609585934,1.8846893352120446,-0.4281083611106946,-1.7516359501436356,0.8716116465394235,16.275838858849877,25.0
1.7128036633226031,0.49868025593640963,1.7441227655068454,0.13917465566385623,0.5221366419421742,18.099102766365984,25.0
1.9386545874336436,-1.7938134106935673,2.736721949900981,-1.6492587982055946,-2.6181903682136416,17.521670958509144,25.0
-1.6782759916508243,-2.5736958248793558,-1.5002048225307414,0.8848731204401452,-1.9484568837659415,13.269301877866457,25.0
2.385252090869617,-1.130260669048126,-2.81521416919293,-1.1194926202164837,-2.913815155832517,18.339353860242674,25.0
-2.110301067219052,0.18398553723132505,1.0606031690688393,0.18550740945658184,-2.4328605761021436,13.720411365128182,25.0
-0.8900371972968433,-2.9752182166481314,0.9707217877261689,0.8020991147908809,0.01970027790402229,28.75933742858591,25.0
-1.3764222396680967,-0.797361788194511,1.3600006633740787,0.40607757081479745,-1.2919298982343892,16.17941848919658,25.0
-2.3798619211525365,2.059913410262263,-2.8076159214206045,-1.8630081040841837,-2.0803243143567087,22.952042969551037,25.0
-1.7744715773690256,0.577408156516348,1.4453962808592333,0.5848153152266118,1.3470356266586645,26.7912355698937,25.0
-0.27104462721603406,1.2971864404856301,-1.5504400792847401,0.5985062333332403,1.2857211786860425,22.26754145370817,25.0
2.9403325848386697,2.6918887142681536,-1.185579170732312,-0.45170202627335465,-1.6070312894149166,22.293247000795734,25.0
1.0139763205948542,1.2639650709785348,0.978196820681537,-1.229095376269095,-2.6546606900917795,29.811719711247065,25.0
0.8944965870538151,0.6171867805420663,1.7552358495207976,1.2013187026239045,-0.5256422226344069,22.894183014403964,25.0
1.8427599641144745,-2.566987836674625,0.6730091809448169,2.6381821391950995,2.9799819355851387,12.630612013603383,25.0
1.4160243681783964,2.933108235533643,-0.9753177172516989,-1.0470508981572095,0.6616219220831825,23.43796853093184,25.0
-0.18782506672316313,0.8558677029841673,1.6297996190830553,-2.8793670704092245,0.657273572145658,14.225001789287251,25.0
-1.0486787138526097,-2.1395719364578447,-0.2599105868459173,1.9267006170618188,-2.521074466927437,13.902869829222894,25.0
0.7265860497520005,2.4983824876190406,-0.47815139966711717,-1.6286814436664487,1.8072463903334306,24.740733785511303,25.0
1.6908465113376714,1.6439060449215859,-0.4600212555777179,2.534391045005676,-0.6096077926359227,28.41474973963537,25.0
-0.39698081042313804,2.1642694017757513,-0.4480072330246112,1.173668116454298,-0.18476303282354367,23.06713957331334,25.0
1.8185076135937743,2.123133786306017,2.296569372715629,0.8030666743962476,-0.8403175360438158,26.75976113380685,25.0
2.7705527320118177,1.9570406350590748,2.1149770741083653,-1.486721345498844,1.8788380849513056,29.44532636463936,25.0
-2.376150554407676,1.2582024078292378,1.4285484518472717,2.20677924213125,-0.4582298881079021,25.337677418030093,25.0
2.111782573386602,-0.9848067144689416,2.5660754122333564,-1.4310959649927213,2.937496706466547,12.351085329277932,25.0
-1.9479498844230396,0.8709550265941965,-1.1408522519750464,-1.0543347066698985,0.046889531174369115,26.04587784285108,25.0
