upper1,upper2,upper3,lower1,lower2,n,output
1.992175576677866,1.992175576677866,1.992175576677866,-1.992175576677866,-1.992175576677866,19.96269759925371,1.0
2.961172422811868,2.0938651004328706,1.7096336954273283,-2.961172422811868,-2.0938651004328706,17.554707870353013,1.0
2.119577478632703,1.8734595104893361,1.8356079417852893,6.285533994301575e-16,1.1240757062936024,21.321147204426552,1.0
2.9937499166432926,1.4793005344626455,-0.15294740405298993,0.7340583285435843,3.0,11.1554116671726,0.0
2.9677085510284864,1.0982593155980187,1.0299222516033302,-2.632705486156719,3.0,12.38529966451889,0.0
2.2977275774031436,2.792250881633368,-2.1295066231307476,2.9521374966194047,-3.0,29.2027989508594,0.0
2.708191621608058,1.2536915309593164,-0.557185855524404,2.878358071097677,-3.0,29.596390243155135,0.0
2.9395967594000796,2.8633268155884943,-2.3237192118495957,2.138526087564054,3.0,14.656603537987234,0.0
2.529869113333924,2.585105640721266,-1.1073234837754928,2.85051681689046,3.0,11.184260761979996,0.0
2.653088630095173,2.5082168902832715,0.5621202163752971,1.9009672479076216,-1.6769185178916022,29.593469807274733,0.0
2.813943799914775,1.186655990703693,1.6501678974059937,-2.8286633460828967,3.0,10.885797108679373,0.0
-3.0,3.0,1.082118880154203,3.0,0.9095834288116226,30.0,0.0
3.0,-3.0,1.5491758862634908,-3.0,1.4251866374818538,10.0,0.0
-3.0,3.0,0.4828668187571002,3.0,3.0,30.0,0.0
-3.0,3.0,2.0034561658877807,3.0,3.0,30.0,0.0
-3.0,3.0,-1.2286267638286281,3.0,-3.0,30.0,0.0
-2.652747799245531,3.0,-3.0,3.0,-3.0,29.029250703960663,0.0
-3.0,3.0,0.9649094270016217,3.0,-1.3456205516854738,30.0,0.0
3.0,3.0,-0.4752976788421938,3.0,0.35374122753940934,30.0,0.0
3.0,3.0,0.6279259040394808,3.0,1.2201544624952807,30.0,0.0
-3.0,3.0,1.7876424554435757,3.0,2.0104762639331537,30.0,0.0
3.0,3.0,0.026120416322252538,-3.0,-0.9355720772109457,10.0,1.0
3.0,-3.0,3.0,-3.0,-3.0,30.0,0.0
3.0,-3.0,2.7236824223527156,-3.0,-3.0,30.0,0.0
3.0,-3.0,2.480904646676047,-3.0,-3.0,30.0,0.0
3.0,-3.0,2.881415951307143,-3.0,-3.0,30.0,0.0
3.0,-3.0,2.3128010569852027,-3.0,-3.0,30.0,0.0
3.0,3.0,-2.4961400510808005,3.0,-3.0,30.0,0.0
3.0,3.0,-2.318845177878442,3.0,-3.0,30.0,0.0
-3.0,3.0,-3.0,-3.0,-3.0,10.0,0.0
3.0,-3.0,2.5969715431438583,-3.0,-3.0,30.0,0.0
3.0,-3.0,2.2045985285851413,-3.0,-3.0,30.0,0.0
3.0,3.0,2.9720185880018266,-3.0,-3.0,30.0,1.0
3.0,3.0,-3.0,3.0,3.0,10.0,0.0
3.0,3.0,2.5051483977037248,-3.0,-3.0,30.0,1.0
-3.0,3.0,-3.0,3.0,2.9999999999999996,10.0,0.0
3.0,3.0,1.8174987628848371,-3.0,-3.0,30.0,1.0
3.0,3.0,1.3775458555466005,-3.0,-3.0,30.0,1.0
3.0,3.0,1.931527426522188,-3.0,-3.0,30.0,1.0
3.0,-3.0,2.2536124003522753,-3.0,-3.0,10.0,0.0
3.0,-3.0,1.4814257624445069,-3.0,-3.0,10.0,0.0
3.0,3.0,1.238741333999876,-3.0,-3.0,30.0,1.0
3.0,3.0,2.5572426935911325,-3.0,-3.0,13.124873995557893,1.0
2.7725542104217715,-2.8532277469096714,0.25391404594014105,-2.65422818047414,-2.729827313146954,19.29454175000344,0.0
3.0,-3.0,2.223508847799919,-3.0,-3.0,10.0,0.0
0.6628224776553746,2.981121582074782,2.932085959139495,-0.555076169861089,0.24532570252578714,14.143435542463196,0.0
2.6953023700745713,-2.7775408521951244,1.9656090000647688,-0.6621339168839272,1.4565925316710842,11.399378979048748,0.0
2.2411325829953337,2.986068310244417,1.891626527094839,-1.7047364963083573,1.4935335060384454,26.854916222350887,0.0
2.3914712949878183,1.9941598398006117,1.3294002450118667,-0.42809574079653245,0.1772027645851382,28.84521120074562,1.0
2.7047857829821655,2.762800523753308,2.4943852457837288,-1.971511433736989,0.8940460909320302,29.37416263348763,0.0
2.5217985018119133,-2.7517179357367496,2.434689778492582,-1.7211356427218496,-1.6953993413484225,27.164493717240582,0.0
0.39292070950258967,-2.9888904741877282,2.4585397048943736,-2.8871796643272227,0.6372739742499867,25.466077875233953,0.0
2.301308944376782,-2.950005281650869,2.3959381264390505,-0.18717684565774736,2.4154124225239597,27.753028216035432,0.0
2.69138613124861,-2.4491594821224756,1.6822596787168427,-2.74634427513695,-1.9867781353528606,16.96765821172348,0.0
-2.53204840940668,-2.8386222848166214,1.187536468558586,1.9039854530482798,1.59345820956412,17.289435959488923,0.0
-2.973437546882532,-0.906456862325941,1.282206049685675,-1.9966078476535467,-2.876874210667627,10.237060314712291,0.0
2.6594521398623847,0.2548999443736709,1.7345373485468691,-2.3338713296401763,-2.1846259987275656,10.502464366113712,0.0
2.320179304036251,2.9379347900409356,1.6112876599906365,-0.42709173094268693,0.6973465446838565,13.123819667683733,0.0
2.7201755217614525,-2.7558622484535076,2.8382388584878386,-1.687474899719013,-1.4169440114295642,27.87253934223876,0.0
-2.9269208080984552,2.734524239795715,1.4178414340556418,2.929130593448941,-0.6816239452732321,10.205424976512722,0.0
2.110212701847461,2.29963605860373,1.209523234844821,-2.2003215709256643,0.7615982383250668,26.87976948582148,0.0
-2.56476512941135,-2.4499592377897312,1.1448287613826769,-0.55997374052931,1.9953112498970547,10.292975361118945,0.0
2.8581544342639456,2.538865995084724,1.909317031142095,0.07764591425600834,2.6071021026121,21.519288822882956,0.0
-0.6088173334931085,1.0374100694742667,1.863526934022979,-2.578278663921265,-2.8564575260076746,29.408601494114436,0.0
2.85062335152976,-1.8723004089257802,2.470511832162332,-2.2902172648731467,-1.5572078182362443,25.21373106756236,0.0
2.346527658070516,1.3592038092174688,2.9500463582459826,1.051228046188138,2.769616706969447,28.31749101018214,0.0
-2.911718673704468,2.0057368728110525,2.908202287839233,-2.8891474947028004,-2.044751279980536,11.32128260447379,0.0
-2.795203680971151,2.9525509296851586,1.6959413154651324,2.5253925015708623,1.1251265347254653,28.620971724200103,0.0
3.0,-3.0,1.6660906021678539,-3.0,-3.0,10.0,0.0
3.0,-3.0,1.7232549250825446,-3.0,-3.0,10.0,0.0
3.0,3.0,1.75454749739222,-3.0,-3.0,10.0,1.0
3.0,-3.0,1.631772896859631,-3.0,-3.0,10.0,0.0
2.6697502205602777,1.4590796219373134,1.7028044832131706,-1.7461798440967755,0.9760146665867804,18.042091620508074,0.0
-3.0,3.0,1.6886806475294196,3.0,-3.0,30.0,0.0
2.2350504344341795,2.014418302935847,2.9899064342352184,-1.114876553038055,-2.8270655587066207,14.819264059954207,0.0
2.3194899009977483,-2.9925072261298458,2.500033761673841,-0.8110896996214829,0.9741560163140423,19.312059736537744,0.0
3.0,3.0,2.6834028844896056,-3.0,-3.0,30.0,1.0
-0.03446130352133077,2.9239705099439512,2.702847963801764,1.8357391225449817,-1.0883272495586147,27.694883946438072,0.0
1.265256725527731,2.288565390429326,2.7640248322431247,-2.4982242082149977,2.908343897351887,29.99974760557771,0.0
2.826148422020256,2.8467719807871767,2.6521737803346,-0.7763808584739063,1.001874776444051,28.95431619634624,0.0
2.9493627463983336,-2.186342691172734,2.7427916280525735,-2.3898583758896534,0.33288046999679366,10.505475908321264,0.0
3.0,3.0,2.487632889169307,-3.0,-3.0,30.0,1.0
3.0,3.0,2.4158442834835334,-3.0,-3.0,10.0,1.0
2.7777490654963,2.9308115721915113,1.2610372733007555,-1.072806514892715,1.8970920867652936,25.41312091925211,0.0
-2.6919239422905585,-1.6374578179935286,1.3036254642232856,0.6602221170649905,-2.002035035776207,14.861575207178166,0.0
-2.925245088311281,-2.664198714809608,1.352914293149561,2.5604806770520545,2.5429705998154493,25.002344263358072,0.0
2.5499264963300785,2.7846869007627033,1.4015529879504258,0.1941940161262031,-1.0056611042157584,27.85466936457762,0.0
-0.459871326263994,2.6937515201251414,1.4475371139224464,-1.3139367291831463,-2.881744468508305,12.552243155479875,0.0
-2.648693244702957,-2.172480704206912,1.1678129035038238,1.7332613284175715,2.5900507154518344,12.064675428187225,0.0
2.9823223639616825,2.308503251216646,1.9802226522073878,-0.03391436877562267,-0.8972911298800486,16.039486618405366,0.0
2.370385534080947,-1.563558639098319,1.951006938846323,-1.9087429659162567,-1.8440770336985879,19.410343314477544,0.0
1.0458725368770818,2.854655993221338,2.2881122737117576,1.3870975351517096,2.832843001355844,11.2572417526175,0.0
2.6977741257014545,-2.3606274924379633,2.667629480762971,1.8246031485263816,-2.553323975874547,12.52464090778901,0.0
2.6969164131445944,-0.052145206227651494,2.6937237374546603,-1.3275789563867455,0.4844075848946817,29.836120824661215,0.0
1.298694791257699,2.965318375409559,2.634073824339005,-1.5929539899696992,-1.5122556557410085,18.2197661266843,0.0
-1.8571072116558105,2.068169001474143,2.7130951328219184,1.267788250531651,-2.642464259298097,29.796280424296054,0.0
-2.979867569001311,2.402826389826113,0.11876075058162108,2.75844432230544,-2.3548698946650912,28.745558803461307,0.0
-2.6851024909931933,-2.1424947688676936,-0.0652338051914698,1.323530623957355,-1.3692296815868652,28.53510318477131,0.0
-2.7386255444727343,-0.6046080937954876,1.221814939421038,-1.902925193168322,1.8687869322090986,12.493326077770414,0.0
-0.9789373369312127,2.286354956539162,2.9595204469170686,-2.8608822174192836,1.5438103399983862,27.62805305976388,0.0
3.0,3.0,2.7994482363417696,3.0,-1.2570247706613251,17.110723012477976,0.0
-2.5914106126451752,0.13720757084340898,1.8474699341219412,-0.5308775947254826,-0.09371087613208043,26.21439891120558,0.0
2.8216821792799176,1.5059395399155993,1.8774828800202918,-1.0697355112042106,-0.5585985493118558,17.02502262795338,0.0
-3.0,3.0,1.4319936465803496,-3.0,-3.0,10.0,0.0
1.5559872161931307,-2.400238548248323,1.9987608822048317,0.1181296207843361,-0.14377092182788836,14.193866697760669,0.0
-2.712765865819225,2.680737801496133,2.061080023917548,0.568896804942411,-0.54058383187319,24.848736011220833,0.0
-3.0,3.0,2.0351945264682754,3.0,3.0,30.0,0.0
-3.0,3.0,2.1035175041049023,3.0,3.0,30.0,0.0
-3.0,3.0,2.020874134692718,3.0,3.0,30.0,0.0
-3.0,3.0,2.1370604587769684,3.0,3.0,30.0,0.0
-3.0,3.0,2.047595387997301,3.0,3.0,30.0,0.0
-3.0,3.0,2.0125854569062605,3.0,3.0,30.0,0.0
-3.0,3.0,1.9856753094281683,1.1532057246180227,1.1500755609906197,30.0,0.0
3.0,3.0,1.972777407551386,-3.0,-3.0,10.0,1.0
2.085416510813816,2.3933874100488213,1.3161357691194342,-2.4513042086616443,-1.0660050942862216,23.741269102365862,0.0
2.4206519620706994,1.9746446306572676,1.9216275832047554,-2.2440212536834347,0.09873462440227951,21.181908574335505,1.0
3.0,3.0,1.9952477790951595,-1.2458738173422654,-0.25938162313218843,17.43420720050157,1.0
-2.699271985015564,-0.058190741898283,2.521723048493137,-0.6440203617435116,0.16176134466905479,11.379866610377068,0.0
1.9932242271168281,2.7804284133819985,2.675224836417255,0.5293190909056317,-2.162375492171064,29.272862197197647,0.0
-2.8016819890357816,-1.4484261056480738,1.389358638699219,-2.7997566365225173,-2.0971230390187094,11.46695303283488,0.0
2.8188435830215215,2.276156625810351,1.366369859939314,-1.2954434726910102,2.933311426820335,23.426268576890386,0.0
-2.4987086245763876,0.5634124658963215,1.3419732520969725,-0.14110915442855237,0.39163227593474254,25.130260184644268,0.0
2.849515205576395,1.0177047631056806,1.2506249480785587,1.067264677643812,-0.00909790679758239,29.150641037121826,0.0
-2.83175820019437,1.3690551697897992,1.7164113410415314,1.8303650581227513,-0.8313476676344844,23.583992034969118,0.0
2.7277216532539077,-2.7859176769787837,1.7727923278402027,-0.6515398090960044,0.6605334248051655,14.473273098767672,0.0
1.0807812060159103,-2.5506243331310623,2.981190464247667,-1.4195098675188356,-2.630572467020322,29.722216899675303,0.0
1.6168807734913087,2.8107450702844265,2.5141308353949716,0.6982648967444334,1.4152798877578798,22.834185605448354,0.0
0.07905940006823853,2.882189210304801,1.8028544409451965,0.2008069575606638,2.883567767509558,10.071070211767239,0.0
-2.4446313315367147,-0.026935552864683934,1.8276074856275042,2.84707281011845,-0.5807211106321892,13.354186897341613,0.0
2.578664696468406,0.40934944458101324,1.8419192006889864,-0.7866364768809282,-0.7314040428622396,29.877778050526455,0.0
-2.8449230726052006,0.7513773463809973,1.8552916429560404,-0.4773387809439234,1.2544385554685364,16.210772015680792,0.0
1.9015756515081825,-0.11276092325298277,1.8088859209160604,0.03635266680650615,0.13067862802010113,26.284351079741363,0.0
2.925592233131217,0.6940980301810624,1.2294053538172036,1.4292215134364183,1.5762422916094125,29.201653598237574,0.0
0.3160773435655161,-2.5204997750898968,2.660304687227547,-0.9006250185711507,0.8504420883323428,13.683829546673385,0.0
-1.44327201651431,2.5560480322734915,1.2695821988478584,-2.5290037306017177,0.40773271077872997,12.022977414196621,0.0
-2.436740980624174,-1.9789390069081239,1.2942030996493785,2.641048263651388,1.7128532787025705,18.31213947361572,0.0
1.0560215324393911,-0.8594008201815123,2.9418238370858174,2.9582476099352895,1.1792400287849878,23.12766191119252,0.0
1.428781569836399,2.4362470142932873,1.7953217629518894,-1.8481093745749022,2.2979433687427617,14.508478281594451,0.0
0.71424340435702,2.9126699002575145,2.530288136357694,-2.0317554522981665,-0.9599516683313796,29.71792857331806,0.0
1.9200758664881006,0.8851265217260584,2.6888453130753405,-0.06916136773044464,-1.6910884413749,12.774184639121444,0.0
2.3689994740784535,1.8112994776756794,2.9652381048447243,0.7608459874200855,-2.6728222303681255,15.236144119531405,0.0
2.65650814417169,-1.9605830063163332,1.3220606059955107,2.9758443252304767,-2.130614998848999,16.10146401553452,0.0
2.247396868026627,2.7795943239592806,1.336508636230126,-2.9790982995867923,1.2507263907020694,28.044076625031273,0.0
0.5823693514229544,2.9531275784249815,1.3102382553828151,-0.3519993610789249,1.978429060521931,29.358615079965162,0.0
1.3303446006248647,-2.338839998573871,2.6789061866658463,-0.45719048935953815,-2.571620000214577,27.832337378391202,0.0
3.0,3.0,2.6982131533332794,-3.0,1.8876668829917864,30.0,1.0
3.0,3.0,2.7183023813053926,-3.0,3.0,30.0,0.0
3.0,3.0,2.732770041265198,-3.0,-1.575008116472801,30.0,1.0
1.8810998330762103,2.979166108016471,2.7778333708235086,-2.962671749942889,-0.12573744574359658,24.08457700809796,0.0
2.8420044496192007,2.549228885777603,2.738574100115279,1.2062017050562048,2.5469968718601232,26.0810986696783,0.0
2.495936494425285,-2.5892844854474193,2.753443889441415,-2.1546781319917154,-0.35136810499250354,12.458279805757488,0.0
-2.8777458304822248,-2.9268794284060284,0.0695439741830231,0.577507477812014,1.1742863580998157,13.042079345098422,0.0
-0.5263713210710047,0.6840284040426492,2.7481375676682482,-3.0,0.508908411962464,10.0,0.0
2.888747633342235,2.40900105840654,1.7062894355324068,-0.5201439408421699,-0.7938941378917742,10.576900492596785,0.0
3.0,-3.0,1.7280613097211808,-3.0,-3.0,30.0,0.0
1.6677090506853598,-2.90159416017412,1.7132013061068647,-2.7063217758168743,0.8951371296354793,23.401681375545422,0.0
-3.0,3.0,1.6993954663083946,-3.0,-3.0,30.0,0.0
0.056675460169327396,2.610230738986411,2.994943736330039,-1.9104798118371684,1.0199333017137688,12.478403389205972,0.0
-2.930656851212387,0.044839522724431466,1.3475988932409173,-2.7865552533380904,-2.3126869725571346,28.89633106603546,0.0
-2.1707589001347682,2.944641101040567,1.9152520740159402,2.8100284892227467,-0.4026610320256158,27.564883386415957,0.0
2.727404385133983,-1.07444106347912,1.900605183326563,0.9166360121569536,1.373231790774437,10.458262534187728,0.0
2.768654694699892,2.8626571126041953,-0.015478377238905668,-2.624969525650551,-2.8211500575888158,26.631756418611857,0.0
-1.4660145262749504,1.4154287789523468,2.7279209165874154,-2.4721257923720175,2.439834878684548,14.98110013874556,0.0
1.059001793112079,1.8644501528876258,1.3844722582170967,2.9299964015697277,1.7200917825965842,26.342076333163124,0.0
-1.7428270291607189,-2.198330365916011,1.3708253488833446,0.08804179439622813,-2.8705654180292495,17.552591731528597,0.0
0.35983183954390746,2.2423618555907674,1.3956046280202148,-2.5887128425647745,-0.07413418623717712,18.745379649737714,0.0
2.8247158477671372,2.568521017394938,1.3600928303489284,-2.6537361855444477,-2.8418887533265353,28.624792420007758,0.0
-1.8762811510182202,2.520016992590606,1.2458424383173408,-1.7790727100633206,-0.40920840355674676,11.320269869466223,0.0
-0.4619937969245089,-0.8714955339451725,1.2157897401965136,-2.9066519614606445,1.9041745211669534,28.54016916840912,0.0
2.770580685504575,1.4757129755466332,2.4651668460641623,1.9307547758995391,-0.05446900270286009,25.8076719313691,0.0
-0.16925257518671935,1.6457466828709963,2.977383095227409,-0.8457110074060111,-1.1866497924900352,27.192816963691417,0.0
1.356434589902414,0.6056480218455753,2.955069149476878,-2.9960176004297194,-1.8364327553650979,26.92677847607748,0.0
0.5841085000784673,3.0,1.7196263661732727,2.2384949895985082,-0.8358671340643123,28.95300193075919,0.0
2.0116268169696556,2.0645552224711476,1.838634313376581,-2.681512735257301,-1.6512422768001482,25.56766602413627,0.0
2.912422541110975,0.0445333254219683,1.831688547329647,1.9421917114408025,1.4212369112236936,11.291674016344503,0.0
3.0,-3.0,1.8591099138506832,3.0,3.0,30.0,0.0
-1.8805649823957018,-1.334112391093794,1.8237661918462962,2.4189154097630694,1.322899807058154,27.177699332400636,0.0
-2.270478843439645,0.29069834428800845,1.8447240777925533,0.2997330832917636,2.6308230857886485,27.142234485317356,0.0
-3.0,3.0,2.0277101825452886,3.0,3.0,30.0,0.0
-2.7597802747379734,2.8693168317158144,2.585582505360412,-0.5212269090520978,0.5075749582519139,20.034843306294928,0.0
2.9830279669585664,2.4353293374638203,2.6177896939280343,1.2440714239969737,-2.186443317263983,27.64665513539136,0.0
3.0,3.0,2.6713761101253977,-3.0,-3.0,30.0,1.0
3.0,3.0,2.627551800022489,-3.0,1.3540863573871138,30.0,1.0
3.0,3.0,2.656038606332853,-3.0,-3.0,30.0,1.0
3.0,3.0,1.674955915961627,-3.0,-3.0,30.0,1.0
0.4273631948060624,2.985888295809137,1.641972179170277,1.0937693278268674,-2.362915284977057,20.65145342124095,0.0
-2.4580345036233306,1.061613963652854,1.1993394141343734,-2.837973576845437,2.840763051757098,10.345084586216041,0.0
2.921001781700182,2.50994352778139,2.6220338587580136,-0.5316015302784759,1.3721485715794766,23.811081814366958,0.0
2.410335999858084,1.4281774284849822,2.608173808112187,-0.6396665742874742,-2.7447167905377294,27.424292859071198,0.0
2.6645808551912737,2.974921252280928,2.6315668683903457,-1.96720739845563,-1.8006345036668616,25.824176055690003,0.0
-3.0,3.0,2.613069937265051,-3.0,3.0,30.0,0.0
3.0,3.0,2.637908332423383,-3.0,1.0295598925123002,30.0,1.0
0.9440112352472971,0.41148846655672927,1.4091753953936943,-2.4428093375252633,-2.0222107915140413,10.371762798726008,0.0
2.1335251367730086,2.0018803207561504,1.6223339541678052,-1.7649504183913556,-2.0127625437289023,28.938474444436757,0.0
3.0,-3.0,2.9853824894312084,-3.0,0.0244994212964278,30.0,0.0
2.5386208468809346,2.659398912893428,1.2558029108795499,0.057320994827507896,-1.4330119779834327,28.02020175214847,0.0
3.0,3.0,1.6691441992722482,-3.0,-1.9573240914624876,23.919033663578368,1.0
3.0,3.0,1.646562801521755,-0.9236185086881255,-2.4666238883823897,24.242769726577883,0.0
3.0,-3.0,2.7873458636857293,-3.0,-3.0,30.0,0.0
3.0,-3.0,2.758536767893603,-3.0,-3.0,21.475597192687527,0.0
2.8589562361106755,1.9893826848555818,1.2326523600701267,1.3576824200604718,0.6153267953558729,20.408301915151693,0.0
1.2373870784689183,1.885165784873497,2.49152162953322,1.2697137095824869,0.22731005418268868,26.929630887746406,0.0
-3.0,2.4474310005894595,2.9214422638580726,-3.0,1.6320335312133485,30.0,0.0
3.0,-3.0,1.851135728608657,3.0,-0.4407229224597236,30.0,0.0
1.680849268593853,1.3062799245829377,2.7361998262878484,1.2163969430937178,0.8482555328137235,14.399689295875794,0.0
0.6151542907721821,-1.4883137660026435,2.9677127563910712,-1.2474986636257408,0.08974519629145837,28.535436490593096,0.0
3.0,3.0,1.9050728956725185,-3.0,3.0,20.82030447591318,0.0
1.7561034838730853,-0.9982527799742305,1.225537564148725,1.7171707487669656,-2.2848296909750903,28.993502590318496,0.0
-3.0,3.0,1.7408621894655187,3.0,-3.0,10.0,0.0
-2.4094298732434862,3.0,1.6372458934185148,1.5612000768686625,3.0,12.501396772904409,0.0
-2.200425169828738,2.635974410804909,1.7114611057486457,-1.829853947515273,-0.8373007454705159,28.359382629404337,0.0
3.0,-3.0,1.7005212768879034,-3.0,3.0,10.0,0.0
3.0,-3.0,1.7078442569623313,-3.0,-0.49887636490034104,22.260601626201957,0.0
3.0,3.0,1.6979333752699415,-3.0,-3.0,10.0,1.0
3.0,3.0,1.7164907986675735,-3.0,-3.0,10.0,1.0
0.7355549429504439,1.4238466293017646,1.81250479493708,0.007070891698022659,0.8715488648919544,14.741330810713304,0.0
3.0,3.0,1.7663661401037813,-3.0,-3.0,10.0,1.0
1.10117657576824,1.4085199945050229,2.5101590963413005,-2.5591464858886055,2.450571506292732,28.783019444660074,0.0
1.7267436977670576,0.7151245025749156,2.4835321879865915,-2.5568637869762965,-2.0393230225883103,25.476287949244217,0.0
3.0,3.0,2.4757953324009065,-3.0,-3.0,30.0,1.0
-1.7032588630243928,-2.7466919491085977,1.925748087679722,-2.3556597160712878,1.969681691055689,25.512426304897936,0.0
2.910933020020622,2.3857257621476404,1.9418745710589431,2.916138312913045,1.8133148631004148,16.045682707528023,0.0
2.68927753666668,1.5516831702973817,1.918131342016269,1.11376383509628,0.7032368471711707,20.03631769506257,0.0
-2.120571159314136,2.87568293809774,1.9123664781177567,0.4457432534404786,-2.0211401890207426,13.51951837129554,0.0
-1.7338461042033113,2.4304600947569885,2.642607464566763,-2.5708054607262083,-1.9597031843357682,29.511915573068734,0.0
-0.33172762977056147,2.7980623559991367,1.937947300288749,-0.2859991216991385,1.9163369514531645,28.57101265797322,0.0
2.9595234338798093,3.0,2.5177630614648625,-3.0,-2.0195804410204543,25.540875029553327,0.0
2.645258447819779,-0.7076612943750344,2.7299221581815707,-0.6641188462383899,-2.9134793418505724,28.98733977474791,0.0
-3.0,3.0,2.715542205256841,-3.0,3.0,10.0,0.0
2.844942088410867,1.5119297372785927,0.05682827181197381,-2.793248389935293,-0.0538011867080038,28.021474137708896,1.0
-3.0,3.0,2.7407670569255314,-3.0,3.0,30.0,0.0
0.3063853828450737,1.7680333568936033,1.3248652952262179,0.9301918540203005,0.362182463581558,27.44285249052566,0.0
3.0,-3.0,1.33385282831992,3.0,-3.0,10.0,0.0
3.0,3.0,1.3190575125729027,-3.0,3.0,30.0,0.0
-1.0485868034266765,2.3968912653955057,1.833706519261943,1.220600528123325,0.399804301509921,26.191621483931737,0.0
3.0,-3.0,1.8372088600607754,2.4492617012059785,-0.519861638293945,22.994254420426174,0.0
3.0,3.0,1.8296535370932387,-3.0,1.5965773147420284,10.0,1.0
2.9915988210073734,-0.756918320707471,1.7256406089945817,1.2103921679392557,-0.27849934929696746,10.343255893061517,0.0
3.0,3.0,1.7309696534357222,-3.0,-3.0,10.0,1.0
1.9694696642699232,-0.7105261842473513,1.6861933240702829,-2.7259560248867767,-0.7487624765787888,13.29892674159248,0.0
0.9667509987639931,3.0,1.8401179884012073,-3.0,-0.4008816039239669,23.683761508300147,0.0
2.952403914235313,-2.130849419578453,1.7465736058506065,0.7825507783490753,1.2508824860959402,13.624929467307261,0.0
2.9201532858222876,-0.9335790812287744,1.9347507550171221,1.7887960039000625,-0.8218993321334799,10.487176118656784,0.0
1.2939212215681926,-2.1680018274915693,2.6248774609829697,-1.983154966768766,-2.4443538004237326,29.206728505138067,0.0
-1.630007364444885,3.0,1.8363204969890485,-1.3230490323721662,0.9697994522066654,28.03139962467726,0.0
-1.8626727275404498,1.7709351675205958,2.6861570473648286,2.135888280261262,2.5972285942362565,25.864803098552077,0.0
2.626444004884924,2.479394975081558,2.640426420226793,2.982713269495145,-0.7447585225611589,19.67910996535139,0.0
1.4389448288143543,-0.5140128043300611,2.681042731999157,-2.794875358894103,1.6949445699180867,21.116422859540585,0.0
2.6315567486409046,-1.1445822637833023,1.8152079385885316,-1.174842106594629,0.9365397983692315,23.90449184863263,0.0
2.9504269794108127,-1.5023976932905865,1.2423677179929218,0.132260633496079,1.6902203035060137,10.167084831471552,0.0
-2.941163597918724,0.3200590400669871,1.3810019886534317,-2.2929617419833366,-0.11524240940612618,11.71104937521804,0.0
2.779172950423765,2.764601934859977,1.3740406615591365,2.8421300275594654,-2.096253699430755,24.324537071381652,0.0
-0.908797097582209,0.9730389980808514,2.473200857094985,1.5421376185028257,-2.851490434755041,16.14102792591931,0.0
-0.038300809524391466,2.622609305072344,2.4783812993826335,-2.7334746994605648,1.8364188389886191,27.97798212709351,0.0
2.330659531208948,-2.352513211135039,2.4680539774592214,0.37867174490049726,-0.18246156152993706,26.43129584364269,0.0
-2.897789444872283,2.43210230598067,1.235516352721593,0.7468821860062943,0.46021295160343656,22.836994906346543,0.0
-0.9695170919135839,2.8033803595177167,2.700715577130315,-0.96650369513587,-1.4039465079497926,13.61807211218332,0.0
2.4644906420219486,2.0571130804083273,2.7070108048967465,2.1431641285817995,-2.0365641866419666,28.22483235317934,0.0
2.173298315628286,0.2019479986014129,2.695889664500461,0.5832455030811998,0.07235390104880289,13.143785820834653,0.0
1.6557770495330681,1.7343844207957066,2.6912525035636365,-0.9959256534893401,-2.0951646336432748,28.171997987831986,0.0
2.952924265503712,-0.02030985062535722,2.658364914648338,-0.13894970431267534,0.34905078990795557,29.345206755548553,0.0
-1.253867431854948,2.7481545386108635,2.6538816697533645,0.21865966003781043,0.33748287973868096,18.64235465871019,0.0
2.6358287221841197,0.5273849107042459,2.647643895404248,1.5515766378409706,1.043039014633344,23.19094566923886,0.0
2.7971725625681696,2.991716192466824,2.6625220744675198,-0.6996365369408156,-2.7661038611984377,15.413318756592401,0.0
2.395347728837372,0.35114052992379957,2.9747861675526788,1.0184021394946823,-1.3859860445527707,14.88280285048294,0.0
-2.1295939848941092,2.7519658692260234,2.507569334606968,-1.70457410365954,-0.5613811728469867,10.621286502645342,0.0
2.936543655107845,2.494070262282245,2.5025184458138376,-0.06121287938017405,2.4961798379248052,19.367774162842863,0.0
-0.09499445419751996,-2.4400030931046537,2.497363562213506,1.414703244197571,-0.6209906159566858,27.345232821928622,0.0
-1.1135388981299672,2.8799140363418587,2.629612642618565,-2.4101921422648527,2.7033668339335604,29.781043828199735,0.0
1.7742134119526887,-1.2429804196663883,1.7242195925559942,-2.3865591572632714,1.4400235254211853,25.49858954454359,0.0
-1.922828258280455,2.825112929342654,1.9894100292890293,2.2694581405253427,-2.521462465775489,28.650747251840574,0.0
2.9591622560252246,-0.7592216466377852,1.6786304238776633,-1.0292995024592793,2.110458084239034,17.314350455476767,0.0
2.9698457154575135,0.5850323674328419,2.620126147850171,2.9560754282576083,-2.2723578699989266,26.214711124310714,0.0
-0.6665604385769457,2.4549297192977697,2.969710322941013,-2.4379572706584165,-2.024998580997023,26.918288027871945,0.0
2.3131237875132458,-1.465097916355207,2.6501780648524202,-2.8904563533048075,-1.1340344498692634,26.256357499148734,0.0
2.7850975385807937,-0.2480387678129734,2.669370950640605,-1.738571874261564,-2.658502010055952,24.7833461545705,0.0
2.0216546798567903,-1.4190163423782998,2.673355438785978,-1.9398503450192248,-2.7276765200210877,25.422380427707406,0.0
0.7998714787676446,2.4575807168782604,2.6657184276656727,1.8969962817382637,-0.008370646569801892,14.175255671475592,0.0
3.0,3.0,2.6770170710993546,2.446482841091615,-2.8493047443690354,30.0,0.0
2.6252724740870144,1.6104936569697887,2.6449475486147382,-0.26375058185608496,-2.2255673972898515,22.070237369196548,0.0
-1.9081752810779717,-1.1398035196421012,1.6719072169408538,1.9975337400695892,2.3586488519466817,14.780003494412647,0.0
1.5754973492464124,-2.6714681212381817,1.8378960725530293,1.281332870793964,1.8852276498588854,18.11472993758005,0.0
2.797067519371129,0.3503863429960139,2.704827140326799,-0.15017024099423407,2.917875733968901,29.829966463892053,0.0
-0.8078047982417038,2.438939037358337,1.9199763709187763,-1.8826395993418026,2.823085040961564,28.275483413804032,0.0
1.9970330169938724,2.3505964792374243,1.9236795632344499,1.4745906595985994,-2.73610009560131,15.92253883572437,0.0
1.6298269585862326,-2.2650206172749825,1.9282643213269506,0.06488041813085421,2.8788205699324574,27.171392435585346,0.0
2.280373296640755,-1.3555530525736088,2.489544816081474,2.42552569468706,-1.2869060904008633,21.99944974887068,0.0
2.454660909213873,-1.7500117824664911,2.485595373596834,1.7190960693760045,2.6185176361330855,26.45164303383922,0.0
2.0904886531644786,1.8554137530481363,2.6361184354966656,-0.37510434185767344,-0.9448772180304946,12.938623293168522,0.0
2.694846686996926,0.29008830137297,1.667292252859814,0.4018141569952303,2.012257492734336,27.665964989518077,0.0
0.2054196976077775,-0.27264465497233287,1.6600701826161999,-2.07950881385251,0.3683556387509669,13.291398772506207,0.0
0.35954906212318016,1.4398740278148836,1.662963564688714,-1.4111747846861027,1.713375534274297,11.547770083421888,0.0
2.164058712115883,-1.6706630043780888,1.656282141792699,0.49606111098905536,-1.6274158146973865,11.339985286920873,0.0
0.372690306654252,2.1330185439512714,2.73452345056571,-1.4873583171783022,-1.1223946112726273,29.702044252473613,0.0
-0.6984373183875352,2.654723645986572,2.7259266376377536,1.6735966995476246,2.902870636829947,12.347218775347237,0.0
2.979863954443916,-0.4506254199979779,2.731239010769968,2.868290740992426,2.7396975851295244,10.664039420593438,0.0
1.9588793836376297,-1.5643594300116435,1.3269946894201745,-0.01352206219468607,-2.990768486457321,10.79449505929343,0.0
-1.7199268888380945,1.6068618074725294,1.331878843766019,1.7975044556967352,1.9223820005758445,27.083575750389056,0.0
-0.31270907541150234,0.9894179730793522,2.0071053330947284,2.869986891084565,-0.47343412415374775,26.395518669804712,0.0
2.92411668595612,1.9354987732443507,1.677153247141857,0.22654670225708615,-2.8426949777717514,16.402106086320252,0.0
-1.4981411285336068,-2.51924232282555,1.7604076347843236,0.9756741410776336,-0.6534390850686375,28.183671876017847,0.0
2.097505679275257,1.4869820022486226,2.5119351170433664,0.3287360419696493,-0.01019215918936893,21.015582699458186,0.0
2.165370635956256,-0.5074127012005947,1.7499627028919154,-2.9265524933691713,-1.0505011379730471,16.011634780200975,0.0
2.895016208784073,-2.5955199861693794,1.7433459096698662,-1.570110390644621,0.601676645669454,19.15872247847887,0.0
0.6112005798582056,1.8456642537518788,2.626104501912244,-2.1787559264453518,-2.7739090939659072,16.048415365104297,0.0
2.2612115974015183,-2.9899412639833955,1.9167863686376179,1.8573194767758574,-2.2294994565938704,10.249234000070516,0.0
-2.0481446848450475,-2.704745661257564,0.04565619346872613,2.833441532418356,-2.3445506515576535,28.872217792456084,0.0
2.352595181018071,2.7661847431336066,1.680496204237165,-1.1861649371920435,2.4660357427930597,23.8130065511897,0.0
1.3946614707004503,-1.6710730599352757,1.7087348958077617,0.9998637236297058,-2.1351250148659586,13.402207849694907,0.0
-2.9678738882107747,2.094619191751651,2.9791168249794526,-2.570514249777613,-1.39104067595665,28.707903771381115,0.0
-0.3974881978525619,2.406014275452838,2.639269499283422,-0.9361962417458816,1.0984482665861441,29.464537673950794,0.0
3.0,1.3754961247588084,2.6328483073525084,2.3770327494813484,-1.8533926757215053,18.309028135862718,0.0
1.3474071046428813,2.6667605529157683,2.6235191039538206,-1.1376861852629963,0.5025223347384774,28.74205717718497,0.0
1.2847802347690063,-2.962222383405056,2.5684054454222305,1.8430716350009044,-2.0494546903370745,29.071647536916217,0.0
2.901350473521888,-2.6681266518461215,2.5461065248738888,-1.7939393963806831,-1.9276951671599631,27.480460506044416,0.0
2.6899836539606894,-0.1037574372432285,2.6848864274680384,-2.945901588186861,0.05448517889964516,24.853646408375216,0.0
0.7103914118706248,1.537364286101053,1.9333782657709129,-2.872264029901297,-2.426137892321874,25.051582828167238,0.0
2.740085916831259,-2.735916995978073,1.9456923181196069,-0.6075040989388804,-2.6775313658147484,22.35266463371052,0.0
2.339932705936017,-0.6445729079550401,1.9297610869422468,-0.4517265994561563,0.7362850626731242,25.319531806887184,0.0
3.0,3.0,1.9363768114463997,3.0,-3.0,10.0,0.0
1.6697669768038086,2.6272355712939794,2.6820990075639646,2.55862631078258,0.8734937596207738,28.3376931147682,0.0
-3.0,3.0,2.6874697725516454,-3.0,-3.0,30.0,0.0
0.37483541266690473,0.47595896681628913,1.7706652327678067,-1.5498910026984838,-0.13202307006400202,21.897149281412883,0.0
2.727612349149241,0.4902288853735943,1.778598851369281,-2.470438654767274,-0.7268904677609838,11.702462873436376,0.0
-0.595349366874362,-2.8887771609115576,2.5037297481416143,2.2688856668619013,0.7455239348717457,20.95551323584093,0.0
-0.12247459200653149,0.07424535013284397,2.5065248769044053,-1.7394368771384132,2.224092265647405,21.863070216574922,0.0
2.894212027168088,2.7534382896887126,2.5012941642944644,1.0145127757381862,-2.75828056485059,14.794178778034572,0.0
2.1205345187807554,1.1155610423894495,2.5088253744674085,-1.0687296837509999,0.07855613284465551,21.7238487670387,0.0
2.2472653454921754,2.1697699709199556,1.3866396377217034,-2.2855429865395855,-2.5882406176995842,23.02977976791143,0.0
1.3828069335952495,-2.921094770229731,1.835923516666459,0.5227508252139716,0.9439514628114045,22.003864701948984,0.0
-1.4270916746200804,1.737599154577806,1.8369660627690318,0.07315404407812236,1.946317364998437,27.47325791872738,0.0
0.27154172929441706,2.97302713913002,1.837556043738749,1.6017709519681889,-1.727440427569078,17.979397760618802,0.0
0.8181025918263252,3.0,2.492863798859907,-2.4132785664903706,-0.505260167788102,22.664727557889474,0.0
3.0,3.0,1.8409020789182733,-0.9667963945055524,-1.0216834018596326,13.073922505601827,0.0
1.9596357793262595,-2.5621434434678285,1.6645310945923388,-0.1695032382588578,-0.8586554836142345,17.77985131780696,0.0
0.12936991642441972,2.4370391942924914,2.4743910971525724,-2.0143881568296216,1.902153690266922,25.46373603887354,0.0
2.4343255062735514,-1.7469278059674356,2.477263789379793,-2.7147606359756398,-1.6390738812667365,21.971919317122964,0.0
-1.7368873544017582,3.0,2.471866450958615,1.9733676024057603,-2.845663942718967,25.25089059873287,0.0
0.32780655086803456,3.0,1.8108445206037247,2.1270290998835226,2.5354398722007057,29.915930677755437,0.0
2.767326611553434,2.9207024429308195,1.247936835902589,-2.6316211475974556,-0.09835656261962859,16.467397448184535,0.0
1.815900975257675,-1.6978917289164757,1.9226852266103909,-0.6104807691389191,-2.330910274882161,13.582809393324832,0.0
1.5537115533849692,0.4049092513561127,1.9207330229888557,0.30575797209156025,2.817654729783269,26.23886505621922,0.0
1.240604929510902,2.46284795764105,1.924658958772961,-0.278156653375275,-1.128089186565226,12.420067859094196,0.0
-2.9162345335064046,0.5515809297592035,1.919065424907936,-0.18554577308107145,2.4173839748302357,24.57173214111677,0.0
2.6843087662264082,2.1165035312626217,0.014016800522368488,-2.422958787730958,-1.1312819464504784,11.522502714853601,1.0
3.0,3.0,1.8381285142925434,-3.0,-1.0436309625755265,30.0,1.0
3.0,3.0,1.8489413289804038,-3.0,-2.3599258906994303,30.0,1.0
3.0,3.0,1.8569325310792253,-3.0,-3.0,30.0,1.0
3.0,3.0,1.8685540411682078,-3.0,-3.0,30.0,1.0
2.269436082772713,1.5220283544641138,1.8725413707100727,2.0392120648696532,-2.5407020293662073,26.033309985855944,0.0
1.8303984401801554,2.8364860111270236,1.86561591343879,0.007833644529695913,1.057277276091776,18.76166072050184,0.0
1.8009213672945905,1.6814265264689146,1.8822344341058301,-0.026818922210904796,0.4875247539416419,24.99337216269159,0.0
0.136800910558243,2.8199573801964215,1.8708454375575347,0.31338737105687864,-2.672091014152376,29.923605347209,0.0
2.6523535735653168,2.102959107102353,1.8749563647367093,-2.587181091593489,-1.4670022548048134,28.39234254639396,1.0
1.7641721467714568,2.6351892834775033,1.8860266248437156,-1.9785864906965702,0.27537265706685204,29.319868134652936,0.0
0.5898197494571596,0.8082039196568632,1.8839010560303393,-2.8311348550832403,-0.39648828195098806,24.705308008310453,0.0
-2.353808125579291,-1.9178430497956942,1.3687944230250244,-1.575935589605559,1.474240377088542,24.57851115515767,0.0
0.35928207744962154,1.6435854778496057,1.8162439207510594,-2.875041479765442,-0.3753150055613684,24.44166022904764,0.0
3.0,-0.35720976615289224,1.8139205011100648,0.8433354399646386,-1.184393633187672,28.652017642587076,0.0
2.8985663019532817,1.8328189642081085,1.3754814944379783,-0.6790585133979319,2.3400446919383016,28.946269849298783,0.0
-0.2694661996650863,1.0757628255311873,1.3796283323806127,-2.004185643538636,-2.3334990003393656,29.30167166959613,0.0
0.07961003337184357,2.693053490078998,1.3826596275063763,0.9318332729546415,-2.3562475941617893,13.862940695930675,0.0
2.3914686219289845,-0.8295848194371286,1.3725226273042213,-1.4475391516101999,-1.96975087539951,12.764936189134325,0.0
-2.552791319191113,-2.674322814818151,0.001625393013011599,-1.4948858558262446,0.48324248208024223,10.484732247116776,0.0
-2.0816329441393235,0.5796695946367101,2.7372953912143587,-1.9054980768553968,2.9924472898263446,25.287036252048352,0.0
-2.166679383319464,2.682597059072549,2.4795400358917483,1.7356619983470774,0.10612132962830965,29.57067283595676,0.0
-0.5247682011274863,0.2322547754312004,1.2409260695216884,-0.9754166198764515,1.6639232550832528,28.17344256042993,0.0
2.2901904215566757,2.0698638329047983,1.23671660005509,1.9947700752373363,2.2783683860017487,10.626652378218283,0.0
2.8774519859839867,0.24605985733979432,1.244018109648811,1.9209946839826926,1.072319727565011,25.141264686671324,0.0
-1.4256559376921645,2.2902227769140766,2.6573185271393966,2.1082619573071106,-2.9940632652918033,15.47825192843204,0.0
1.691774945254259,-2.1116297665961508,2.654796470655178,-2.114859038668261,-1.7359791398543105,25.333362298987623,0.0
3.0,3.0,2.6593371371652084,-3.0,3.0,21.83647664554155,0.0
1.6081849477507484,2.958415004575231,2.6996209798815456,-1.1181183647687332,-0.3014383209382171,20.490892943509273,0.0
0.30100473929962107,-1.2051806074382523,2.6968451892408463,-1.2900794184369515,-1.271451940224585,25.13516901366717,0.0
-0.6849630993014048,2.2123485846914086,2.701766337072701,-0.573516964949979,2.2036638425334756,14.284916642111426,0.0
0.9235974135570334,0.054625343746806124,2.6947807480156296,-1.8087512242436519,1.7083782049637466,24.58135018950489,0.0
1.2798137191203542,-0.33720920328645976,2.973647300886901,2.878873811314797,-0.93729520067742,24.24254416940513,0.0
2.375892846486515,-2.188414740243403,2.9664827532641045,-2.881436791992351,2.6346121116031234,27.220191068569783,0.0
1.1116470690511018,-0.5271625631180639,2.6286893752004374,1.8364478308315277,-0.635303118259406,24.450665047474814,0.0
3.0,3.0,1.8435708291153972,-3.0,-3.0,30.0,1.0
1.3202450073949474,2.750799717867651,2.962556859937806,2.785436374653781,-0.2977506003485233,10.884009932641856,0.0
0.039631036822363276,1.7138669701683484,1.2340321146862006,-0.16368147608188915,2.530168671883399,29.86835191023751,0.0
-2.9669726417020597,-1.8025498131200932,1.9908010998634853,-0.8110251442569899,0.1305473138194784,10.913927740228207,0.0
0.8997865708785683,2.666136836517047,1.9874875152808094,-2.2477563215926364,0.049804797069670656,29.15712404154938,0.0
2.534621611785706,2.1340335699672863,2.679994376318776,-1.8742647580537757,-1.546644569041162,17.618164039805304,0.0
-2.267519868445976,2.762257119529927,2.4031325109062247,-1.6392998469315134,-0.37849371859359093,10.705520396205776,0.0
2.8655217121927095,0.83389316945069,1.7757354008832567,-0.12837667139170683,-2.9535624214895932,15.881749173513247,0.0
2.2098715441398893,3.0,1.9270235463269139,-2.858994832483061,-0.6188092988116275,29.74504308565451,0.0
0.9374680809781277,0.1653491436590439,2.641503113619466,-0.5426676204644546,-0.8026644375863645,29.506121426330456,0.0
-2.1482970761149685,1.445993542913453,2.4283105222467447,1.0292297536562007,-1.710884802118092,11.816472287274173,0.0
2.732136565554507,-1.16854646055239,1.3351779053197772,0.8731912600237787,0.028038354946227608,19.830058905125416,0.0
-0.19230537574766704,2.1772094362135355,1.8765236408971628,0.3875129071074637,1.251403454010656,24.575319575875852,0.0
3.0,1.978249017448922,1.879798669068491,0.22764126385503142,-2.042755191002397,25.728363253626036,0.0
2.995250646865901,1.0320922346829131,2.482351959377222,-2.6038100993224464,-1.9164666522827853,28.73973212028842,0.0
2.656797047560221,-1.0923020655669622,0.06572890137881927,1.5996441664092846,2.2233279084561666,24.879028978607025,0.0
-2.662611338398587,-0.7874635232992255,0.07598182091515893,0.7013747033031875,0.09327766021587842,13.4601511772448,0.0
2.1004748521572774,2.8050326849741443,2.97060943387918,-2.2530392276640683,0.7630119173345756,20.703431921217145,0.0
3.0,3.0,2.9760423017915723,-3.0,-1.6143667563167046,20.081385752558944,1.0
2.592128100591386,2.66118638389257,2.968794510714517,-0.9283027650750634,2.655153238212677,26.18063024814697,0.0
2.50533639030225,-2.5697279078008815,1.7190067523728434,-0.6141939972629099,-2.2697099110292016,16.583475521716743,0.0
3.0,3.0,1.7214361507354916,-3.0,-3.0,10.0,1.0
-3.0,0.9193307659254273,2.9711411726604884,-2.172411570707347,0.24208147003740876,20.66606711508856,0.0
1.2572868124874368,0.8361535913726118,1.6876704433165364,-2.4951020192568234,-1.7707240854398936,11.217255243852112,0.0
3.0,3.0,2.9876495673304886,-3.0,0.02366572877950842,23.873178028181318,1.0
2.0629241518928754,0.02012990308903166,2.9972684125156563,0.9491153034988528,1.2277076199010781,14.957462504167644,0.0
3.0,1.7263511060428554,1.707046743998095,1.7342005300206502,0.36055632833759715,21.53977452256097,0.0
-0.17222383209572503,-1.881420424151962,2.636872473252726,2.928193453845541,-0.4850372016676323,26.96337895054853,0.0
-0.43166203542464743,-0.7229237143798423,2.670256446521389,-1.1140369773475174,-0.5711480064569255,20.631668113462304,0.0
1.9223670588176662,2.0437448896182677,2.672530311630213,-0.027338407484181558,-2.0320219293203916,14.104570828612971,0.0
2.782242188687524,2.1427917541770967,2.6742913089583995,0.5552464133303204,-2.7335017851454957,19.44598518043409,0.0
3.0,-1.1640911480545966,2.6684847118619683,-3.0,-1.5180127503752452,26.764526291244458,0.0
-2.796385662255381,1.7939320706894948,2.486516514289762,0.5361410132001534,-2.7107784518287765,28.320969544664056,0.0
2.1754350033830954,-0.36081718441534094,2.488748170902903,1.9685802721196954,0.037649822904635824,12.77220501066654,0.0
2.5486293599441234,2.2029875847264755,2.4905163627816953,-0.7414528161613119,-1.489008343302441,16.55098047357377,0.0
0.4209705961169855,2.498302625210838,2.484623808749071,-0.01679575518446162,2.8032373020202135,24.93533503859555,0.0
3.0,3.0,2.6351598923045843,-3.0,-1.7691978310818968,11.246050716951725,1.0
2.165447785824241,1.8639003694575835,1.7178029882728296,-2.2318124674120856,2.036202036681075,16.169576213230773,0.0
-0.9330294914403251,2.732320686611176,1.834781114522165,-2.8822245283601724,0.07357856728686157,15.806361905620053,0.0
-0.6311168506200923,0.01904250179819163,1.7172630488908338,0.1543561062224367,0.068329217441996,16.39155878419563,0.0
2.9674880681567135,2.3818585633319955,1.9930235406624328,-2.069165246204129,2.9897648778397032,24.310143711503382,0.0
-1.4726379665969354,-1.813399881201274,1.7102801838465536,-1.113148881054421,-1.2846912170118527,21.148906842967122,0.0
-0.23170150599550668,0.4090477466889082,1.8351708711460528,-0.6823302637467173,2.9662528487939688,13.086388255146405,0.0
2.7843509612000736,2.8449493806902684,1.8183042279875614,2.1515207281147752,1.150489750428516,27.39609228310434,0.0
-0.7139912202015453,-2.1754067448219727,1.7182657239390768,-0.17783256487609142,-2.8300126092356552,11.892025276789468,0.0
1.237221608942469,-0.25127470452425615,1.9916160424689036,0.08429478845037902,-1.6399055250359145,19.110919255912137,0.0
2.3839891945553333,0.2405953743528035,1.9959715340567763,0.4200177381649737,2.2870664677084824,28.218321253056782,0.0
0.4157148736271924,1.2366651380671887,1.9946171111267104,1.7924874793089838,2.037857011900795,12.379806897664823,0.0
2.4897599740256804,2.0380904649550176,2.9726810843124456,-2.015970569421647,-2.1088964975007083,13.104979294573935,0.0
2.627462773777891,2.7394194647336154,1.6698616570809932,2.641683709042767,2.409584909298521,10.137986547449888,0.0
1.706863269743365,0.14773754802384134,1.6684484191267959,0.740166342228072,1.0282687091476284,23.815949702799735,0.0
-2.997585328369785,0.15625761169314817,2.638428970467689,2.5886732474055005,2.5537004376758503,10.704739576613685,0.0
2.658839919074767,-0.6818266163161054,1.87426972441534,-1.7431933619605335,-1.221721162969374,14.660380438166166,0.0
-1.8317264459644063,-1.9196486498444105,2.7333912664619007,0.07560101420782799,1.7222618198452126,20.06424479492256,0.0
2.856654067876486,2.039555032861808,2.732153032345068,-0.12673598239111625,-2.43271194867103,23.798499050910273,0.0
-2.470379086426244,1.8782263535280435,1.8496599778613365,-0.3397812289975476,-0.39823564160888364,10.271888400700679,0.0
0.09815035034225641,2.7114007937427,1.8756321300910368,-2.232688802588391,2.8597253039051784,28.660318130037787,0.0
0.6731630276967259,-2.5194493436845247,1.8482727431993724,-0.4667079541183264,1.0881900003436848,28.233780521885816,0.0
-2.1009873420581346,-1.7276718339253054,1.867767155917904,-1.353120174408958,2.6634475532432296,12.931120073968277,0.0
1.6247972598143254,1.9977224152882587,1.8693350152631898,-1.6329947228898885,0.4144406283302849,25.509664713603172,0.0
2.0858963478260226,-0.9887470502844871,1.857650690241367,2.8035857666816466,2.0666112954904055,13.114117068971611,0.0
1.7840045148922359,2.1556238420980622,1.856255719043828,-0.7329537020459533,-0.6121415325883797,29.775391383091545,0.0
2.264199612983806,0.34882693720810737,1.6742124684306583,-0.6068232553544937,-2.5379636397800054,28.045597939681812,0.0
1.8377511846046684,0.018847500679643178,1.6756944443049193,-2.1800442412364247,0.25200149178912407,25.93336594925276,0.0
-1.5773179587082435,1.2441316339908775,1.8429168743768494,0.36514712463723864,0.9762980293292007,17.15013255171056,0.0
-0.8246469916598322,2.7904557740323477,2.6269927163870705,-2.4145155391552047,1.593214669002257,24.38249823634746,0.0
1.4656593411383483,-1.0737531588220472,2.62806759859847,-2.563096309595288,-0.8459076707664588,19.609987916600247,0.0
1.2169089302003304,2.978867354317432,1.8441206684748956,-1.9850824550607846,-1.4317900748003678,23.768759487428436,0.0
-1.515784571979035,0.2716044870492087,2.6839790144265914,-0.9402381206160921,0.1607902265210961,15.10687103307296,0.0
1.9127328591790007,-2.9470244610609675,2.6828290943994824,-2.6251929969821073,1.55528601755301,22.196866173709523,0.0
-0.6608106201445174,2.5151504714664576,1.3301266232422508,0.5512249987898026,-0.4911244280683282,19.872269567779334,0.0
1.4872670017287675,1.0824728238474808,1.3285810665104476,-2.1399952545975176,1.1966703465582194,23.656404875824613,0.0
-2.822309426703281,-2.173499389955809,1.9322208967940724,2.2889675261811937,1.867228652169975,24.370458254253194,0.0
2.8776743224142822,2.89285735790605,1.9307902090311735,-0.37145174824442545,-0.7000033649021418,27.006525058539875,0.0
-2.881548551775486,-2.8586005270565633,2.476386504697057,0.8795079822361883,2.0752353895401487,12.042630381141675,0.0
2.8619036669484768,-0.7014864624639108,2.47517505497988,0.749696457310068,1.7576045455653737,23.313724006654027,0.0
-1.0510400737721102,-2.6635888815685917,1.378293270341896,-0.34373484218810846,0.10414809410296647,20.104504531824155,0.0
2.837175723224465,1.6005161447524878,1.3767410988046882,0.4115561910904805,0.17044838793740041,19.91713274549182,0.0
-2.474169642520822,2.73395240053028,2.504584745240326,-0.9919218427234121,2.091269728713395,28.71498700519026,0.0
2.0831376867295557,1.885994388548148,2.505742402201226,-1.8093052869113466,0.36411090973309157,28.514672951912726,0.0
-2.014159609738716,1.0684234136411939,1.8343301233653069,-0.10365306121759983,1.4301429543593467,13.020316256146948,0.0
-1.5477262797027542,-1.5383216654960616,1.2394982964491874,-1.6643643346936865,0.8054747650428844,18.561013417785325,0.0
0.05986408907150101,1.8488422878578292,1.2379896022558694,1.470131077439048,-0.29559426791429166,20.79892575709392,0.0
-1.7557620753212753,-0.12296516857180377,1.99258643621012,-1.8593799083413394,-2.0060428691409515,17.877471791963053,0.0
-0.43965982000076104,-0.6649844438771936,2.6987850404915377,-1.7336822493198956,-1.4913976211624784,16.630582321543585,0.0
2.733306381680704,1.4739235390390544,2.6975986536831367,-2.5716398465506782,-2.745634796354689,16.8682611985443,0.0
0.42192421431609906,-1.9603179061492868,1.8169331547555196,-1.336368995690108,-2.956147248729705,14.53687793021658,0.0
2.8347578738890813,1.3368272093877231,1.718015194494476,-1.388990375459404,1.530542542736247,29.427538897473518,0.0
-1.944471512779382,-0.8724057018650212,1.9220911244371137,0.7076822137263975,-0.7312189733593434,16.351652250328023,0.0
1.4284152408888842,2.4108063094744083,1.9211931967645384,2.033344785258892,2.9223386718796824,23.766127743842432,0.0
-2.215402609639967,1.5141757818430712,2.6565825135589236,0.4113219851254076,-1.8840938344338434,24.82227245254592,0.0
1.6474048564265515,1.4269080333798956,2.655485501969678,-0.46377089682052214,-2.6880361543870612,21.484028823475985,0.0
0.9243164442909962,-1.5946426403823661,1.7092253874537147,-2.924604769590267,-0.4245255373960351,21.07819171590274,0.0
-2.263915043056851,-1.881489770982354,2.671896928433697,0.6482147762035306,2.372732038272529,12.415628313011775,0.0
0.6689520454748636,2.8135808114481775,2.6708534142731812,-2.027858248471775,0.7113968262205265,19.114311137919454,0.0
2.6416386774952403,0.38114200129299525,2.487143866068045,-1.4373180101347756,2.7243024514961247,16.082306892272204,0.0
1.6317416169697434,-0.29100545923584875,2.488157196746218,0.3505254576572733,-0.5979991840051145,20.406279149525407,0.0
-1.403206790497887,0.5316932204113497,2.637477153356026,-0.5105203131649992,-0.33217212502132226,24.415573444174974,0.0
1.3179906578523755,-1.7423124051645402,1.7099593233927302,-2.667276693162579,-1.7032492877746261,21.224261680643107,0.0
-0.4926821590459797,-2.1746225155770853,1.7108025830972529,-2.8117288685169486,-2.8834723345335207,15.439722271677285,0.0
-2.2652795060526993,1.443421653627728,1.8456816620383105,1.5843837600565123,-1.1397142474426867,28.37026688133107,0.0
1.0473207455171762,-1.812504239312979,1.6970311349531413,2.904974315834722,0.9994365194721837,25.114535273033802,0.0
2.2352285324971786,1.6956540668700821,1.7319636513171144,2.3838811765810934,2.475349581453994,28.263898896218535,0.0
-0.5388236109041751,2.7908402362984854,1.7299967029197674,1.8907981218163679,1.8969455309440186,11.920266020457973,0.0
0.45305421453557526,1.8789981980253951,1.8179195230170002,0.7529952811482911,0.580357242699557,26.764668216370016,0.0
2.4949378571258243,1.7791085652346683,1.8190849185824902,0.7699982189000862,-2.6124329020761805,27.824519936296518,0.0
2.027199426187779,0.504456634877202,1.7555747313270833,0.323601720178392,-1.6149444772092982,11.397990235802139,0.0
0.8875741920274889,1.8844938372339706,1.753521103093391,-1.376930497958952,0.14063944093671252,16.484652204288953,0.0
0.1970332940735087,-0.7642606539049205,1.8384357640258306,-1.2686677634403205,-0.14509209114283117,19.476589248946617,0.0
1.8073489316112328,1.960573028349895,1.8392745535594706,0.959320475229594,1.3784861423254489,23.289919577914887,0.0
-2.402187952066815,-0.4363720833607783,1.838954383539833,1.1618105456018606,-2.9363179136229465,20.32004474176966,0.0
-0.623427885924675,1.9690243878212814,1.7083616523562983,1.6970175042204203,2.398218362541493,28.040152697386656,0.0
-1.6324984024152047,-0.997578274944986,2.9867025490050025,2.184069724352827,2.4364535494119623,10.466877915405533,0.0
2.729227984804844,0.6673005224813535,2.988624776041978,-0.4033279891798884,-0.5296165316946396,23.043439417940075,0.0
2.4530544056163337,1.0882059773858652,1.7653544643475159,1.7664390047183465,2.3782852990817487,10.532493013463222,0.0
1.6340452005664279,2.1557753637708,1.7674189531416789,0.2920836930144732,-2.598770795339808,11.701997407366461,0.0
1.4769959331342097,-1.6413725216725872,1.9918825883651985,-1.144813030099665,1.9463758259145088,19.01775134931693,0.0
1.4869130198698826,-1.2751258202187221,1.9912217217752977,0.6519068528605626,-1.7284409138128045,11.847519078732473,0.0
2.0729223994880366,-1.6024793335605159,1.993472744649373,-2.2503074761639317,2.3025837378263563,11.330325993288668,0.0
-0.6070793932765892,-0.37171587144144025,1.7170097464103,1.6703725576992088,2.5379005388545637,27.626588404590592,0.0
-1.130651684788605,-1.6098736086351826,2.9715868113601416,0.44950624475586165,2.141394845311282,10.953657576739825,0.0
2.390518476394477,-0.3163960329182127,1.6987140643059764,-2.7713649695930216,1.916575301961526,13.103230170178804,0.0
-0.4394506185125822,2.9111904672570015,1.7222953958874967,0.990555407114044,-0.10959144315774053,27.741732608411976,0.0
-1.1157718120148337,-2.546793919576815,1.7205768510542527,1.7637012011153468,-2.186733717524448,18.080927418089697,0.0
-0.35903197309019386,-2.1113992432771154,2.6381724250947447,-0.9451374744314814,-1.0784340881558083,28.257319716293896,0.0
2.002837799910569,0.670325707064163,2.6388310605612326,2.062608079910221,2.8319359755693623,22.627859798158564,0.0
2.888683385797288,1.5111053021929317,1.995639578979568,-0.5863071014517534,1.3475754683984396,28.502447029431504,0.0
2.621094862805385,-2.4498895340213203,1.9968083223912663,2.2474581400984848,-0.015656645523629754,16.04101609231774,0.0
0.5923447346520181,0.17649242273855514,1.9948991706840424,0.17311868159605381,-1.7406108302831813,24.64425412524954,0.0
1.279415103890911,-2.0482998366968506,1.9942009083381234,-2.9786069954019045,-2.186517924605951,14.619197482205829,0.0
-0.7884540438810318,-1.6023659320616255,1.9963699596606328,1.2762489687488634,0.3816877597115532,16.725262757321808,0.0
-0.9250387284991054,-0.26241345704917957,1.6695245557674607,-1.9247297805222932,2.562465213950772,22.143244345838614,0.0
-0.003810891560708508,-0.48407498545761635,1.67064231565164,2.7174428170269813,0.3302414584434332,13.419617781425329,0.0
-0.8057634534811492,-2.4526987305926857,1.6687737131993197,2.400634198600953,-0.5421669150546765,24.315596508600514,0.0
1.8152426542725693,-0.790021837008389,1.667936404538739,2.34017129058007,2.2751875961985597,26.38588972182275,0.0
2.794868795252719,1.2288087183211929,2.9723877236150766,0.6257205904549038,-1.4634948787224675,13.162566054623545,0.0
1.914622613009958,-1.2928017105775602,2.973133509708375,-1.0541304830474616,-1.4780259801236286,23.08602463510822,0.0
2.5818046809860196,-1.8563866031370788,1.6702239512382808,0.7604428944591867,1.105454953059453,24.66316259534448,0.0
-2.285635190866629,-2.4282791161240405,1.3289447874987088,1.2167004978974143,-2.1471167557934288,19.6979056348348,0.0
1.4450199238907937,-0.6896779840340624,1.3279296304211223,-2.0508883141532626,-0.9286909943335202,10.027231897947566,0.0
-0.6824715359140271,2.207827404579368,1.3298255558553096,-0.804949951402428,0.5230226491288957,25.364560880397477,0.0
2.984081901202748,2.712559510304983,1.3308404109552343,-1.9380385017854622,0.18923835137696063,27.73257450554706,1.0
1.8423371361717593,2.5045719374025923,1.7125220712135638,2.419757049442092,2.3948491744964624,26.746041291069456,0.0
-1.7444966056720508,0.7332314687261999,1.854063453611139,-0.30644616754860154,-0.3283579118159125,10.896345507187611,0.0
-0.5039141956937806,-2.689899620498733,1.860074058028413,-0.6676623489785767,-1.3878872210475677,23.577317884121697,0.0
-1.9432675835975468,0.4437041428993567,1.8717275940752502,-1.5326730524292178,1.1304486126293203,28.162094565816872,0.0
1.4502243440450813,0.5529610364122934,1.9231278656292465,-1.0822146949866187,-2.226386587879211,11.63468481911327,0.0
-2.197907505542673,0.23068196475726263,2.735170221840581,-2.711097007398437,1.4134666011623465,20.963747927396284,0.0
-0.96409295578128,0.8763925876903598,1.694889742951793,-2.442779123530046,-1.8651140182341825,15.252238675068652,0.0
-2.2870085436093217,2.3143548352499708,2.6255871558462753,-2.0835658872005114,0.5495471461406704,22.098548852879503,0.0
2.6109223084726265,2.8808714265470496,1.9976280831907012,1.0893448714318101,-1.072959480572987,15.935932706052883,0.0
1.9060859981369316,2.418257697640538,1.8519226170825585,0.9181613724680189,-1.952857831504831,14.726582625461997,0.0
2.233145164924886,2.0922423679423816,1.815779260727405,-1.7328985740308984,-1.8481330262010887,24.486584422779483,0.0
0.830792604905548,0.97911316410917,2.6854209087805914,2.251273232236653,-1.9728761352522286,16.096552420054635,0.0
1.1414535304936189,2.2544948570928267,1.9901718987747063,1.2051335537312424,-0.7271035123246891,26.12951044651672,0.0
-0.48979794438940333,1.1487401680779608,2.5032207910627027,1.9666229432715698,0.5735000693270649,17.926272783382963,0.0
2.940222726096199,-2.150456055306459,2.7306831785353443,-1.4819506275999816,-1.1657952021257825,10.092595273429831,0.0
-1.6790376115847079,2.340996579036947,2.6397701186462106,-0.15862065670371372,2.4487665408056287,16.846921277921172,0.0
0.7985671580748193,2.86317908134547,1.3314258556754166,-1.215721928779338,-1.9637832921440823,19.891242986588953,0.0
2.4821510671526097,2.1861577167346855,1.332736771782582,1.8929158672494668,-0.5013717211581766,24.521408934969585,0.0
1.5704518500868643,1.1015874300562358,1.9746176686569397,2.4776022053996325,2.105575345795767,28.79308799446951,0.0
2.1267727281146267,2.1772082924406737,1.970962967607458,-1.614728687477752,-0.3544132128746375,15.696141624721907,0.0
-0.9879097686700706,1.6246481674073021,2.4738832874955237,-1.9283489128402926,1.3275581334930733,24.978033702350398,0.0
1.1016655807775495,-0.4992948840899602,2.6577646385545637,-1.2093651360456215,-2.8336883494814287,27.362311375191442,0.0
2.3702383700915024,1.741224597840973,2.9909426738942138,-1.6676664034736015,-0.3347920382571448,10.24188424621936,0.0
1.056564681804699,1.5521879545405153,2.9843838252280954,-2.2902491629285873,-1.2699199557295178,26.94370923703428,0.0
-0.020205666269722568,0.1823305243255337,2.6291196846937686,1.5756368283269655,-2.954392619679396,24.221531238341157,0.0
1.0675082419218689,0.5324801357811525,2.4861073024051947,-0.9136081747537449,0.42120472131073433,15.370149872331293,0.0
1.9918411566615883,2.808381767555439,1.3261836094599297,1.8425954230552106,1.515602033885816,12.008852390826437,0.0
1.5890557747112577,-0.2300742281195474,2.4777357012626773,-0.2526113826774748,-0.22844883758208345,11.436010174055472,0.0
1.351368531667969,0.6446889427344625,1.6712933563413905,2.558159747422478,-1.5422137673606746,14.154720743199094,0.0
1.487524672088017,0.9315094972981051,1.9291621066701528,0.002021923406420716,2.079192179982594,27.913760837757657,0.0
-0.41011742724599193,0.8091728844119068,2.7000875092310905,-2.6423794781279506,-1.551204161627571,18.247816774275506,0.0
-2.2851951141111466,1.820522099268815,2.6816464858435705,-0.10149933562779671,-1.5110760160638017,23.61110712192233,0.0
-1.4849851976454223,0.5773653244188321,2.5069717449668256,2.3081669038045622,-0.4301379800416797,23.778214120790082,0.0
2.283402694827102,1.0312006677987398,2.654378962996133,0.3121263282816891,0.5320219005323664,29.901887381444784,0.0
-1.2690836882935164,1.4703771493841984,1.7129029869232777,-1.057950684726745,-0.702307742677005,18.97638917497164,0.0
-1.1212779886269997,1.7613820238209583,1.9339340729269925,-0.7790947375692936,-1.7450233561237083,26.378478516839127,0.0
2.7804471740394945,1.854963152718954,1.7120225402584763,-0.4792601075409059,-2.377461713006942,10.709791000158432,0.0
2.8141046736083517,0.15358223785236697,1.846942631564708,2.9376054590700305,2.5391245461225687,18.093009812453023,0.0
-2.200287217044239,-1.3939571406351987,1.854773994133691,-1.4250918760929625,1.6253736228850986,13.530092017784238,0.0
1.562071449854349,-0.8369323131315773,1.9203811789199083,-0.7770966778568875,-0.5014701379952068,16.818158370628748,0.0
1.5791018974391504,2.642113706853071,1.8187149571319292,1.4643263854359438,-1.44224767545832,10.57685116335163,0.0
1.889426676946913,-2.6157470306747093,1.8202880171744273,2.3494082020400198,1.8301941568358195,27.864123275218482,0.0
2.176904387332401,1.3082338171958257,2.66986306024521,0.7837217167801976,1.6065693617704406,22.319954138464617,0.0
2.116239327632917,1.309257694676663,1.868099136733101,-1.6042643039576885,-0.10242857213633223,22.89439708326693,0.0
-2.6228885331758156,-2.5706305978091404,1.8667951427369052,-1.8203309367383445,-0.2576137829428981,20.335594757433242,0.0
1.9123301184749832,-0.7869211220190482,1.8690167302535998,0.5628966447322127,-0.21112645089458085,26.044370941152962,0.0
2.8783984326684244,0.8580033177321836,1.8700451578231856,-0.9628848096328038,0.4449138788798326,19.495359056407143,0.0
-1.972673298641605,2.7333309310737044,1.8672799789556853,0.46675247948656345,0.2795058355425645,28.955864062110358,0.0
2.887555028637816,2.239114880217211,1.84147810199015,2.279497660122414,-0.008926956596800097,22.803530400162384,0.0
2.4726921476149335,-1.6861362324462421,1.8330622365818612,0.15153679274764723,-0.773992457274308,15.913347876159984,0.0
0.8162342181800233,-2.9957308473832382,1.845162213516176,-1.8898634340091516,1.977825195608282,28.290216592873932,0.0
0.7093823890446685,-2.660958474578579,1.8493579842560703,-2.029559457601661,-0.3633414233989649,29.621087234131352,0.0
0.5001276253505041,2.1320998373468085,1.8503542367955759,-0.8356798595238062,-2.866505077845622,16.508953397895215,0.0
-1.2742946652711071,2.6171779898936967,2.6728965295175318,-0.42313134793533225,-2.955648903690896,21.391278403898223,0.0
-1.0356831308698675,-0.14160011806913633,1.8573475505112709,1.7281095023138162,-0.30854516679909383,17.307092687499583,0.0
0.9242922584262088,-0.4146269359513537,1.858347482902149,1.1727656714204684,-1.8906142196643312,15.54941267693853,0.0
2.6050869124572373,-0.5471612253854622,1.8565242120814645,2.5900508871250953,-2.7292620819488853,28.98784833321904,0.0
-2.280903699110119,-1.7415387985788937,1.8557900530945326,-1.6506532366155544,2.2588633931813695,20.988147698414984,0.0
1.563234883209478,0.4668517641364807,2.489101690116127,1.8325940735548647,2.7515228971168098,19.70730672675951,0.0
1.3175129668976429,2.0855274167204856,1.8485452588704685,-0.9316995001348056,-2.2240053496174657,11.079091949653195,0.0
0.640907194927304,-0.8234126188479051,1.847882244660558,-1.7793107098680672,-0.7005447332531873,19.908900079590104,0.0
1.663704768018504,2.825428070456376,1.8500046434842738,0.1540108485906755,1.5493071361420614,19.896907409373615,0.0
2.7341537520776042,1.9393702139258122,1.8579964443661605,-2.7076746552003796,-2.025646888751172,27.654324083983838,1.0
0.8543526346152275,-1.6336303227271556,1.8595946311469218,-1.6732262004949732,2.282824394068839,28.31817168323053,0.0
2.561999100397178,-0.47937294482814335,1.8614172398463935,-2.4759445487961,0.9307699978256625,27.72781374972233,0.0
1.1096281993728871,-2.9065786351563627,1.7270535499971016,2.454055862888616,2.4562580945783656,14.546110601245953,0.0
-0.3342969519210646,0.4616436778194986,1.7357823678934636,-1.4862280227971552,0.669947776477328,10.132380653950655,0.0
0.43162031020782604,2.171004109346676,1.6777710673348991,1.6844607375989646,1.8205384767397643,13.079868107873873,0.0
0.20216715650931547,0.2557353793385975,1.24152631802595,-1.3766934325904308,0.9140076427154727,21.244221667583602,0.0
-0.2543280424075939,2.1002158030073694,1.3748777944410235,-1.0104380241471715,0.45673472629993933,29.81814805856693,0.0
2.9667942258095414,2.602920206084989,1.3802056159903027,-2.785712517869023,1.9645687238817313,29.268115864885253,0.0
-0.8967700691916383,0.7680241061977232,1.8607007539119467,-2.313819171485941,-2.40365550588424,21.034113997972558,0.0
1.3066884298718597,2.037072188967704,1.666740906277074,-1.9365294601949814,-2.585298494112355,20.117259907054525,0.0
-2.3971862961394597,1.9248270059762567,0.05407179427969694,0.5951487338442955,-0.2523518087708566,12.551787123612344,0.0
-1.767907995457672,2.386993943055378,2.6964182963629755,1.9700220173167353,-2.5546392471726715,23.794578480651385,0.0
2.1772268300923905,-0.49405851250744676,0.05967769056282784,-1.6150726337311174,1.459658181107668,20.083865354236142,0.0
2.9927674380821347,2.2699570269057294,1.704706163222753,-0.7613636727603279,-2.3459017512477813,24.625059079030276,0.0
2.794387670787494,2.364216890756928,1.2362081579876976,-0.02612788568406147,-0.3304408955858594,14.938914438194763,0.0
2.6539009171720953,2.07956330869195,2.6386286389405798,-2.0185554141100663,-1.9983778123442653,11.543079896825402,0.0
-2.3931559252189034,-1.6906744987251263,2.5602497900349075,0.271818127702929,-1.8639288267185887,28.297695537388627,0.0
1.8107471876158745,0.4095363579107131,2.5543236673829792,-2.5831978001768077,1.5406507213593261,20.53991337469424,0.0
1.937027015078135,-0.949213366106723,1.8769732867133817,-0.45730783820440607,-0.0003947209694546874,25.476648335315225,0.0
1.1298419449798307,2.7038521317853035,2.0000574430914857,-0.23404364072362813,-1.4619412464276411,15.624854692580458,0.0
-1.0665793558867787,1.0222496277234452,2.63802181063329,-2.4538269213413266,1.904365288668697,20.91157315108918,0.0
2.356090922709683,0.6790121068711203,1.8366086471459846,-1.4090434760779076,2.774669223030443,21.04445442808717,0.0
0.8324996077588344,-1.82967456301969,1.8696950110783,-1.006711958780053,2.064689248421436,23.713736907966894,0.0
-1.002555051863659,2.901541057289957,2.733125402038611,-2.1379244178835615,2.486180236899093,10.767740517908846,0.0
2.0124358048658895,-2.125868097735442,2.7339556722508354,1.8499971174981014,2.8698074535472013,10.357704676187955,0.0
-2.959972870067828,1.2941585465726797,2.732401631550727,-2.726781617177332,-2.8987205613215066,24.790466993418452,0.0
-0.30368079991350694,-1.182180328161101,2.731696051870912,2.4680259080949596,-0.06270294726316251,24.791384992822856,0.0
0.15487755481891785,0.0581899375721629,2.6272343016402715,0.03283393347377205,-2.0638719791472044,27.36667088646157,0.0
2.9342709373649067,2.3252172310443764,2.6265510737184443,1.6486815203785767,0.13547736974973698,10.532221401660944,0.0
0.5530911549476996,1.3761583611890205,2.630285466359978,0.7889309383238725,1.6592549537970758,24.67399208212759,0.0
1.2925224412902405,-1.3663328223840379,2.6278478778556744,-2.7879532644234453,-2.1927559777544885,23.123630874443027,0.0
2.455195083880127,1.6924825512852892,2.628374875958504,-1.9546063701991874,-2.5852834674026224,19.709105084496553,0.0
2.2433734164056616,-0.15271844725137446,1.8353914229356982,0.2595042032764606,-2.2087620752982953,17.200380448603596,0.0
0.2455165129913598,-2.8041158499108048,1.8662359425638289,-0.9334814524890004,1.8824270885621093,11.823438799126217,0.0
-2.754446148259451,0.9123548670647591,1.8745420499101275,-0.9289064915750682,0.05643401832113026,19.50235031432225,0.0
2.957416721282974,1.400125161279774,1.873436606836715,2.404882627746468,-2.9408357727903485,23.238336872075013,0.0
2.523312710739878,2.351220470693358,1.8784840871773731,0.7005145501991109,-1.7861007304315457,25.236230471173062,0.0
0.8595607163177008,-0.2090259505469631,1.8753597140408933,0.02754278577586803,0.26991298072500874,17.03871883165402,0.0
-2.8229464430147053,-0.8070547793774472,1.873838028695124,1.2035266901728303,-0.45530730010323095,16.139039908285845,0.0
2.1968877581940838,0.8669160554385976,1.8760607002148186,-1.147635860881592,2.2601441977881125,29.949013152477225,0.0
2.089859125736073,0.3197144812344455,2.6383113613604796,-1.3490044428178112,-1.0777789787877246,28.600400961856227,0.0
-1.1403077231361303,1.249653912320207,2.475456315375903,-2.0398158672087328,-2.349387703249223,16.38808757538422,0.0
-2.977668120368538,0.03133729449792687,2.476142049396534,2.1478474861579198,1.2121700868797314,28.455906472790332,0.0
2.6623263997878377,-0.26382298575686186,2.476817002020416,-1.0066589830044363,2.8559774697046003,20.274067163729732,0.0
-2.0418051142026714,0.8765409461637813,2.4747900667718103,-2.517397476006475,-2.456007808556993,11.420541037625993,0.0
3.0,-3.0,2.7336745972309324,3.0,-3.0,30.0,0.0
-0.5517186617645349,1.9545415049560468,1.709424033738397,-0.49878411891194396,-0.2760891365756419,22.760157451397884,0.0
2.30441158803432,-0.96571053484105,1.7105351685411163,2.759480329613733,2.2557001781142625,22.640684242142893,0.0
-1.232589186143215,-0.34725208434242455,1.7089784042017417,0.10053324986167796,0.5855390565981046,11.22475144679279,0.0
-0.901302321340673,-1.349646268552371,1.931093469338316,0.9903689272524846,-2.440399274163188,26.50759376216268,0.0
1.0373801739450443,2.5982210740309295,1.9302892462662582,-2.3248982510185923,-2.2587196988236737,18.39220335119311,0.0
2.9268724502170422,-1.8695172388057735,1.6745012143759372,-0.6193520280442402,0.7759810292494466,22.486617230109445,0.0
0.7937992143637114,2.8436534943430347,1.6731504438668023,-1.8953791065088161,-0.1067513080887358,20.132916504924122,0.0
1.152526946187665,1.3690704553839033,1.6736650440884067,0.591298604806442,-1.5802758384061426,28.721443909380895,0.0
1.2598067782584703,2.598789183028737,1.6754229204034075,2.582412627226863,0.7855104868343817,23.635461113480105,0.0
1.419660967916337,2.9315919088239117,1.6764005030837914,-1.4830382241350748,-1.849505732181503,15.698725095445429,0.0
2.85276459481292,2.9095912750823696,0.022995144405802453,2.2723428288992773,1.6937699109892979,11.25135723184443,0.0
2.2847065138922003,-2.698345912336459,1.9319530437745185,-0.30360087439525446,2.921486701375513,29.3589845679775,0.0
0.7714032585553899,2.325119044510894,1.9327887850523222,-1.0153507005679345,-1.3730300488569376,12.068556679378647,0.0
-1.47731407991885,2.8534309707088936,1.6725924683564433,1.7154770888216662,-1.7786112109867667,18.157662166507446,0.0
1.363383299986264,1.464078318234813,0.02932832925978207,-2.152897389614603,-1.2870256331751257,20.622442134902414,0.0
0.44110020189553456,2.834309403537408,1.852974745484766,1.2955631296402979,0.08570489467600635,27.30181101895825,0.0
1.7936467006683392,2.9783202584791466,1.6760576777601974,-0.5789581443852329,0.11789339979159373,26.68543279775174,0.0
-0.3515018147584319,2.3828171543707724,2.980034935009028,-0.9697134709904569,-1.8448162538383408,29.551691787514837,0.0
-0.15611840134417293,2.3204145388117237,1.9218688952619651,0.9822478014822533,2.813670578937768,14.434152656168328,0.0
1.8457856148977043,-1.8781987672345761,1.9223862520647041,2.7136655002770755,0.30462148050441795,12.97198869389903,0.0
1.9552223467163172,-0.3504679259458501,1.921388421281967,-1.2239258852732082,-1.742192895493561,21.168200827378225,0.0
0.5058628337465807,2.3139658778901517,1.9209665798809463,-0.08988413235818979,0.7531458286746044,15.122943971241225,0.0
2.6961344681507193,0.1758091272092362,1.9923892785976172,-0.7421256524476431,-2.453113813280231,25.26456683971695,0.0
0.7953762132667622,2.199996178326883,1.9886063736352253,-2.5401468754127556,2.4607993076324184,11.85247136766015,0.0
-1.2332775569650822,-0.9531761171878149,2.683730673782108,1.6057684444987024,1.3459309270022426,19.70455369947899,0.0
-2.084240623209729,0.36418790640266663,2.6844310426519034,-2.581753692814213,-0.32035859106778924,12.412550001734981,0.0
2.2342388211901603,1.295784755521824,2.683065847466178,-2.2067703205922746,-2.7816658238344574,11.349138534877241,0.0
-0.24117508454065845,1.1392168893444146,2.682466158466751,-1.1781634386444724,1.7507974186719968,22.660242023898324,0.0
1.8029835364307882,-0.3362555812568487,2.505479247959546,-0.4922914651824822,-0.2708597076422608,12.815383711854386,0.0
-2.4515579081564565,1.3932732599789628,2.504816055095954,0.9951406882056111,0.8078311649316584,25.650016736289224,0.0
2.9625190119246394,-0.9664372828586829,2.504158591241163,-2.893180738578923,-0.6202966770587777,27.23781981393849,0.0
0.41373162506301503,-1.5445332095514221,2.5061249963898744,-0.10353024633445987,-0.38615495205195877,18.80628489073706,0.0
0.7866964521261496,1.2956732487397191,0.010724745569755296,-0.2495712313478912,0.3179700693521857,13.546851493648271,0.0
-2.7206678987117416,-0.9710747774909189,0.017212197847854563,0.1995952093443294,0.951222539894079,11.178005361988939,0.0
0.8966210207401818,-2.6962444346844787,2.4125294807738413,-0.8561836618222991,-2.3282770938829955,24.748592358677822,0.0
2.740414493571374,0.3083060800650106,1.7488747120369728,-0.1692284157175261,2.6128821365789245,10.059582431735045,0.0
1.4541873009775697,0.5300884029435536,2.4192033286560433,1.4149582578753015,-0.5892742225440248,15.668039925475119,0.0
-1.5372910758262608,-2.8626409603981,2.653097993978246,0.06936746252090438,-0.22768826718933272,12.795324237127243,0.0
-0.3142524649063585,-0.4256604354667699,1.6999618593569716,-2.525215611578022,0.8674093576955786,28.743611578632684,0.0
-0.01995243184414051,0.40975526983768296,2.9708796044876418,-1.7521762037864907,-2.098903898669628,29.715042985450904,0.0
1.7159733977897624,-1.6760727666176758,1.6954465677572161,-2.3246924777265305,-1.8155633879246216,28.366275047543578,0.0
2.419013218367936,-1.2985322235912948,1.3282397866760909,1.8935548181403576,0.5371241058084406,16.29571857421212,0.0
-1.4957771096428978,1.8994104802774685,1.6932812938599084,1.9273514167849102,-1.057133111573507,20.136062998731873,0.0
-2.9836070380408635,1.5457999223946757,1.9914249482167325,-1.057518839462995,-0.2236882296793754,28.093156400858483,0.0
1.2831853246312042,-0.3917074509489688,1.9928066766788672,-1.2129423924092373,-0.1721342775749129,10.539492107380102,0.0
0.04806979655297668,-0.5634148210827897,1.3770472384726904,-2.7316427733366906,-2.0068982465520118,28.026794299657446,0.0
1.0129418041434375,-1.5614999261272164,1.378024619161237,2.022182055116042,-1.4702065108664821,20.634483429480134,0.0
2.3687370734863236,0.369404492166902,1.3789484604789501,1.1735376150276668,0.34337857061008237,16.61237434380802,0.0
2.060835122451465,2.466789059512304,1.3761278904241148,2.8529503251638926,0.507961551655116,17.594550975820585,0.0
1.4638526194260324,-1.7031688098265612,1.8197135696362723,1.6480518116501395,-2.3586399794412647,28.073974843723352,0.0
2.6643967083302167,-2.5689163159811668,1.82179220117395,-2.973971939238779,1.8022293554960516,29.44316080075197,0.0
-2.0957775508165324,-2.6817933314339734e-05,2.697861238186342,-1.7739615035556668,1.831688793198765,18.13201628944315,0.0
2.4722224145810867,0.9607422273015941,2.6985606327665295,2.5093636511336643,1.4837019746927358,15.427613917253707,0.0
2.3048117693727117,-0.2792470999481044,2.6992022954333583,-2.3061998567706388,1.0927381924521744,18.978761808576174,0.0
2.5792943147357636,0.9436946526200503,2.6972328373456667,-2.2253643577878566,1.9043187432699131,25.693226425186342,0.0
-0.20265736177230623,-2.3324142117050575,1.843173135077622,-2.3055462359944108,-1.4203311843747688,24.067699556191794,0.0
0.1977144243137347,0.3925057079563079,1.8424304642726979,-2.255477023516426,-1.7630612206540763,17.079326632821314,0.0
1.1905511863142488,1.408282626153149,1.332308761304965,-2.4206417673392897,-2.9462268251471495,29.668843725224573,0.0
2.142808843505433,-1.22940323486319,1.7098055580608842,-0.9428742182204467,-0.6281435397841154,11.024308456686658,0.0
1.658561904807706,-2.6551707357777077,2.655729479726105,-1.4197765203045694,-2.1159138840593013,14.729693413775909,0.0
2.707948274511874,0.15111065725272163,2.656359515205396,0.27672153159918567,0.029967192485826473,27.38870245976588,0.0
0.5038000918329163,2.6830414861628555,2.6569480129776957,1.2336179448082558,2.6506357104647558,12.37903135165934,0.0
-0.27947554439128713,3.0,1.9971912857666074,0.5319722590324361,0.3708411720733683,18.138079644098877,0.0
-0.9685495952769461,-0.12584715686497158,1.7714823500882004,-2.591177291926735,-1.4290285458839949,28.930185736254035,0.0
2.1369265821391448,2.801194237730454,2.655143702895849,1.0402324854715648,-2.390871968669308,17.960524983818914,0.0
-0.399818628227179,2.7408128567968975,1.839674483639147,1.7222088898748185,-0.428493724853027,25.69420129857327,0.0
2.959879309127878,0.3935485142927836,1.8146264853707361,1.5026498769013723,1.9682243154162664,21.813842097890976,0.0
1.7327755893427388,2.245876413841367,2.7290650515648194,0.14543218911403388,-1.013760904651235,13.362393075563137,0.0
1.2270685058094246,-0.009603849431634424,2.4879239799108466,1.889218590311301,1.738556421736041,21.781666288175305,0.0
2.1318333877562035,2.570025872301807,2.4873386159547075,-0.3211616727092806,2.771147688701582,22.43551585353171,0.0
2.893994475300138,-0.46971280830546175,2.4868263532994006,-2.833757915641544,-1.828415717106906,26.20691373318201,0.0
-1.13488599544969,1.4231100427192058,1.835767345806223,-2.2154340643963604,-1.1856754791419835,29.525869009759987,0.0
2.490675493172036,-0.3155350103425207,2.488443116679994,-0.19340047131088378,-1.036406819826134,15.528041552932114,0.0
1.1657152700833404,-1.470816750940132,1.834971119898622,-1.1697267522918613,-1.4212539753000897,10.205848064384533,0.0
-0.5345281559555021,0.8188393624166574,1.8361256906394576,0.5898684508661486,-0.5239184248624401,19.180965515558256,0.0
1.2439412907071545,2.754430079726063,1.668194199235195,-1.894308976882824,-2.00858087632511,24.907169817121808,0.0
2.6506110295261314,0.7525137779660429,1.7123913594528104,-0.9736594023249037,1.003318366866952,11.063553085453599,0.0
-2.4902795673278044,2.809393098938201,2.6716624219204816,-1.4187722486216778,-2.539871736390587,17.97954109131611,0.0
1.3531293453001825,-0.9353463393035846,2.6710696567481493,-2.491905215106277,1.4251227871594456,28.76415144935556,0.0
1.0164950783600102,-2.8471711973029343,2.672205670369084,2.580537693816124,1.5117573645536053,29.15966721629675,0.0
2.3955190209913675,0.9387004426026041,2.6705550670847176,2.386496430267451,1.313164544152938,29.244190111639288,0.0
-1.1559439057293388,2.5586181417908107,2.62677277890627,-0.5953284601726597,2.1383140057792533,19.87891660786148,0.0
-2.8894665595269076,-0.4376981304146729,1.8593181429382934,-0.595567642638643,-2.2478047773801175,26.27882532131051,0.0
2.815690268237609,2.9245082340021913,1.712450807459769,-0.8821677316184463,-0.27905264272640834,19.973453134403208,0.0
-0.0741015241221357,0.5222181812312123,1.8171476358730019,0.6451004123964117,2.473161189767591,10.406586746750392,0.0
2.1675759362025686,-2.780388819079674,1.8165813601889205,-0.5073383269618688,-0.5983028636501425,24.106096881538452,0.0
1.7690476897777188,2.2074858082706497,1.712335050083994,-2.602607475278785,-1.3193526713987291,27.764221982169147,0.0
-1.431306084764555,1.98200600508805,2.68420637960561,-2.34184209182267,2.989164299555323,29.63104561458862,0.0
0.9545975196687968,1.7684505328733435,1.843910304905232,-0.6332770148082049,-2.5986228026203646,15.029059367585157,0.0
2.0952103575024146,0.1870956250806419,1.8444255410763803,1.1097710537581233,2.852171871186936,28.018852456168325,0.0
1.1120035786371338,-0.03271553970275092,1.7101213892589213,-1.5978900400205835,-1.4217054854030515,24.81382440181115,0.0
0.057277781768233595,1.1332327331210115,1.3786263899226496,-0.8424572099184547,-0.11148338407283341,20.90194866184698,0.0
1.2116134176062412,0.3793824144652992,1.9325063220648202,-1.1725087881373077,-1.2654079469113109,26.399410613244804,0.0
0.9399455398970207,2.7017482237621993,1.239232190166039,0.018645911905605966,-1.6978789701893,23.05087662416728,0.0
1.8613574832509814,-3.0,1.2402032872236017,-2.978263321603731,-1.6271868117831256,14.913941329512667,0.0
2.766099989677751,-2.81222226558167,1.2382395176758576,2.4668585838777854,0.23924665353589727,12.226324208719934,0.0
0.28930104222726527,0.829627158343034,1.2373638433588707,0.3777701277945648,2.957401914139686,24.801629914244717,0.0
-3.0,3.0,1.2398610124618814,-3.0,0.20884866268339905,30.0,0.0
-2.559081656537381,-0.7822717629606385,1.376434386221374,-1.3756911143455683,0.5496937850754352,20.756376943850494,0.0
2.7585355127536952,1.6021852870326463,1.8345580239379717,2.2321716992589984,-2.3593098142457207,20.01666543474641,0.0
-2.6363587290146593,-2.4200257600034205,1.9920243477234751,1.2640532721591475,-0.38790724945061184,13.462103023667499,0.0
2.9220912507655057,0.45855543356860134,1.7015566472468961,-0.25284260623756494,1.4829339522312601,15.056108237735918,0.0
1.8433797037570094,2.639434086293755,2.9903859294182884,-1.6505726234864533,-1.2760860907373115,14.77578478786763,0.0
3.0,3.0,1.9905657140486643,-3.0,-2.721775423076314,16.799273694689422,1.0
2.3577868373383803,2.8759079961864615,1.986688943599173,-1.582839429132981,-2.8992937012257656,27.783511358364116,0.0
1.2457311017981287,1.6249718079968476,1.9890237360874687,1.7001954312168879,2.5313821565622185,25.098172748078674,0.0
2.1580455914649495,-1.665579851430084,1.9880929530445401,1.1103662140049328,-1.4489624412629245,16.45790673875933,0.0
2.299383177421824,0.05333858280348879,2.9925344329719294,-0.8882915591706083,-2.869331857375597,15.821587988234958,0.0
2.6166633382390607,1.0434629800269564,1.7350740649257799,0.08036785822318665,-2.738394142221372,10.68402890344782,0.0
0.8083980185693757,-0.768006733914456,1.9241238771845464,1.1668745749327973,-0.39857504401876753,28.161204192668905,0.0
-1.654753949666708,-2.4784795224363094,2.639926398465688,0.6955756473377146,-1.2482674283081943,28.655250190803372,0.0
2.014466703461959,-2.6096969875259575,2.640887201678735,1.9190544703013888,2.154826782921329,12.521603849129832,0.0
1.8507992879367707,-0.42802599955591725,2.984916351546006,0.09112712212729873,2.5811377732501795,25.14692724547681,0.0
2.5999933387116054,-1.1847566563688217,2.98286842540621,1.228783830599062,-0.1354632713934622,24.40427553549022,0.0
1.0835702907681362,-0.8761381630829593,2.638542553164802,2.385221955093472,0.25785624395793993,28.824145378125582,0.0
-2.3352303792252043,-2.8086603560201917,2.639445411048796,2.280301641419633,1.2712206683018121,18.25556710984297,0.0
-1.085611345286621,1.254523483383752,1.864607678372009,-2.5423269697180135,1.5233394099517759,15.52186562660995,0.0
-0.7360716639959999,1.6428939092642623,2.9701697141498107,-2.3802994114996943,-0.12678840654776136,19.345090670804446,0.0
1.0033254461835197,0.2541472826775809,1.7236878532861077,-0.39535603288784105,2.7467437337272287,11.578683741898926,0.0
2.911414718932817,-1.060159471064427,1.7126089762581986,-2.5350505772361416,-2.747915525300159,26.451079558345693,0.0
3.0,0.5427594097251022,1.8209388537316331,0.0028844254678367237,-1.3398015854122145,30.0,0.0
-0.9142004339544366,-2.0738814568804704,1.7374711510013272,0.66754487624069,0.001420932503869286,14.172582028169346,0.0
2.418055933814357,2.5807610897681794,1.98361152554194,1.3199938770872741,-1.3670126011013795,14.990612660645448,0.0
0.6863826496219992,-2.589148166009863,1.8426730657862433,-2.1711941763575155,1.7076065787593722,10.98205107540158,0.0
3.0,2.864654450029362,1.9892454324129747,-2.004319536050845,-1.1610129100925302,30.0,1.0
2.984420858227954,1.9032055598598971,1.9847721553190634,-1.4324958172877005,0.05255835626245213,20.561463963734674,0.0
1.7711122617763915,2.7712926167251406,1.9871155661185003,-1.5358561034154927,-0.841999649356629,16.28176128038059,0.0
1.7064414153171423,-1.5622704758607968,1.9638691225576044,-1.0860887619364938,-1.6555088686294785,17.19192640231787,0.0
1.1035576546200159,1.0309598577027639,2.6392048743607726,2.804951577906697,0.8822640670858062,13.71094090632651,0.0
2.201887725927733,-0.8208024878259766,1.9883343333737309,-2.095512832180822,-1.0128471851872298,28.50176575151045,0.0
3.0,3.0,1.834049059324428,3.0,3.0,10.0,0.0
2.7980477221512388,-0.7659062764107055,1.9818291658625344,-2.0735986041487604,-0.2677342995915839,14.16266232516018,0.0
2.549821215725197,1.9396549524510398,1.987824712263836,-2.3574542172524104,-1.2895591329727814,16.71101836560171,0.0
2.4949129595976327,-2.2607444470642526,2.6392944008810693,-1.3328951870368606,0.07100446390280514,20.38778136648855,0.0
1.3635878795619443,0.9414263706184498,1.7090644447992014,-2.64070856785913,1.2517794575343122,29.401469740396777,0.0
0.25454688900271427,0.28332940848111604,1.7039221456279274,-2.153697615993459,2.518967393923841,20.05469083194854,0.0
2.3171697738953885,1.270305913193062,1.7067215680549452,-1.2615409555775132,-0.1123523955609528,23.602005742399058,0.0
0.7130339313016475,-2.790594187292715,1.7081903261863296,-0.3940107784553949,-0.351375483676985,13.790217737610325,0.0
2.1245530456035824,-1.0489221248511507,2.63871731243562,-1.7534841119314126,-0.7604341707779385,27.765614340457915,0.0
3.0,2.9284972390120005,2.472595098548666,-0.14223618771642912,-0.5520077866235586,28.599203502374802,0.0
3.0,3.0,2.6667623066115285,-2.76858651941466,-0.3812920599316754,11.644205539128116,1.0
-1.7977567949726636,1.1543150828469348,2.66152917204733,-0.2757744401961082,1.4710366711187872,23.91033636127292,0.0
2.529822705712515,-0.830635987264429,2.6720446936180196,-2.377400050808911,1.9762918690679872,14.502797282464428,0.0
3.0,3.0,2.501970477387068,-3.0,-1.8304270527497528,30.0,1.0
2.750709993593229,1.4318942412231244,2.4988660962128955,-1.23761754189352,-0.1853489740881397,22.388943837015876,0.0
-1.5125725414377151,2.7392438260067027,2.4995055968505313,-1.980945616429297,2.3705007048069002,28.87716560609128,0.0
0.2934010640353867,-0.44027419786687283,2.5015727016524605,-2.011056428191814,2.2536850781112276,18.688803659813228,0.0
0.9967702868177075,0.674416452024899,2.500671356921162,2.2990111650630674,-2.703087718020257,26.08021013984705,0.0
-0.32052769977289003,0.4360969591658922,2.502296906769664,-0.9024616371886538,0.5192293387451906,29.790018582004134,0.0
2.7760381615885037,-1.1822696615318953,2.500975622122587,2.727529634253285,-1.3745255838045602,19.611985617874513,0.0
-2.81728665273079,-0.5879559480745035,2.6393078552157463,2.750328069863059,-0.010875028347271765,26.894309893838287,0.0
2.678951660899772,1.8063878166446927,2.5028625375569047,2.9793203729376185,-2.9749951101687717,18.204550868008145,0.0
0.9261748215300087,-2.9448363203312864,1.707444555527588,-2.640549289836965,1.2060774191626613,11.867734551281199,0.0
1.5255167520046884,2.318410542384541,2.4765947420438055,-0.1718903005404494,1.9070334975567977,19.86749727540656,0.0
-0.2964627493142067,0.25673960700345255,2.6715390967712414,-0.8581843721588526,0.9346012278159643,29.72332823024005,0.0
1.2081152446162202,2.6353942160234274,2.672294895474935,-1.2788052607864056,0.4193042845532448,14.963198345942134,0.0
2.659824530905942,2.959758642364799,2.6737585758870797,2.51164577268354,-0.7263596147442495,15.924479868808572,0.0
-2.6659765353113407,2.4089680685179724,2.6400943168076507,0.19865052352078882,1.8171746062857748,26.408072541395615,0.0
-0.5737758825847203,2.5542858690083245,2.672697654473681,-0.45289189042881806,0.9617139952835102,19.80563973470145,0.0
2.175190364608175,2.0310641778871408,2.5081294377826784,-0.7351330146354083,-1.333613561094245,27.673376067592688,0.0
2.162995364639037,-0.3810065720283791,1.7276435020547596,-1.233767337478837,0.5785124355878689,15.030251455577531,0.0
1.8562820020545603,1.9206886363270776,2.6721729755123897,1.3131522076934952,2.1311036613592846,15.080462520413441,0.0
-2.2283632353232847,2.9915547742875903,1.8507379208168957,1.7057041853937491,-1.8560092931852183,10.543146906898768,0.0
2.766567190467626,2.5746055910803496,2.4961055546456934,-0.42968447040916985,-2.1401936655831064,18.137651298824796,0.0
2.8997820699994423,2.885704479745494,1.8730256651204749,0.0737543813461853,1.4927808317114182,24.358814845835774,1.0
-1.3920353641472323,1.3185208084283198,1.8713624410857883,-1.8114513112848551,-2.402061298341054,17.736869068475976,0.0
1.374297408652771,2.322049587989678,1.8727315173842876,-2.929598362043069,-2.5162618314847163,12.790195918575929,0.0
2.5885453151719053,2.282028615549217,1.872132786186774,0.9846184335673746,0.607183819391023,28.746602080868158,0.0
-0.5804111641220394,2.4762583180380697,2.4851423520622618,-1.4305509759976622,-1.7158517533649105,28.87856651603008,0.0
3.0,3.0,2.0013641049976276,-1.0893731551463475,-1.5685835380100286,22.57108937840798,0.0
1.95999364446754,-2.2375632433116643,1.7083838489014687,-0.23379743879539316,-0.20513066501573313,10.803843664648666,0.0
2.3848009195400754,2.99670550305398,1.9943828188172479,-0.4269571017360673,2.2929543250002045,21.371475508533685,0.0
0.19494372027231555,-0.7549032974319327,1.774000177130138,-2.385076020815864,1.2751442756516473,14.406128379261297,0.0
2.0799697224135136,1.7586267066764985,1.9938779241090874,1.1191124598675708,-0.4730145341500827,26.590542215140882,0.0
-0.07195743366525927,1.4306695650558614,1.9228986760987121,-1.0326041168680828,2.6920985537082336,29.85376901522643,0.0
2.5999122945646427,2.0158540016574764,2.639952415336402,1.9103055332434156,1.5493988067021702,13.564214912219883,0.0
0.7124092221757787,-1.3285480822344542,1.833419732730851,-2.002447086073518,0.5170895023102849,16.169119848533118,0.0
-2.3548538571503563,-2.4144952140459908,2.6399433136145696,-2.580385169264614,1.6445066200008442,21.115676323790005,0.0
1.2966446676457561,-0.48852508301042236,1.7494983485171036,-1.3162942217773788,-0.7866142153411106,16.575404224998774,0.0
2.664123680967219,1.7566856497794832,1.836369316108564,0.8673848681872397,-1.3295782550785118,16.039558781186297,0.0
-0.4373209381472282,0.4595607109315622,1.2376563291015263,1.5604084365618385,1.8694121197003257,26.38548496477597,0.0
2.0855986957170884,-0.16742774718855383,2.731915811291633,1.2171098786337493,2.5843376036167567,22.426286647083213,0.0
-0.646888188991604,2.396629177572733,2.6718092544063112,0.6040695127778261,-2.7820141159570086,26.316985098790475,0.0
-1.512362058670281,-0.4419207156696373,2.673921847298455,-0.9948598050919163,-1.3831396233479945,26.996559491105632,0.0
-2.959085741103991,0.7269683784319506,2.674721890111748,-1.0324758027765775,1.6691477990918755,14.327566956044976,0.0
2.2274501910325224,-2.840835443090563,2.6759919711777864,0.5226821443420577,-0.692144890583677,28.489504306296038,0.0
0.1813971056531179,-2.3887034374523757,2.6736498098350205,1.7951060628239925,-1.5350635887540074,12.83253338052068,0.0
-1.817570474103412,-2.237451825288804,2.6744620420513616,0.3858046786773353,-0.5684067690996369,19.00139559799254,0.0
-0.09726754844957783,2.189925758015028,2.639919544740016,1.3829833196251093,-1.6969718530810598,25.143193769918685,0.0
0.3884711316231797,-2.389371063678119,1.8732568718020217,-0.23739390684131076,-0.9818380601614511,18.538905639385757,0.0
1.8754205964740776,2.8734554270754487,1.9222321430047824,0.03169764859896496,2.595018067517523,28.674692474606534,0.0
1.791519785440718,-1.5365804499214013,1.7130743189392243,-2.6964695549044757,1.6124569589506768,17.404142377288498,0.0
3.0,-1.5189935168031343,2.7356041097075177,-1.1883335132059942,0.3303706747411725,26.993431017491023,0.0
-1.3517273974951816,2.7136967786411437,1.9277019414289875,2.6898405879911427,-1.8561940826697423,29.61881998827813,0.0
-1.6009680965388193,-0.6914127414696131,1.6940882117991394,0.20243035812147772,-1.6274028431381695,16.04356181006317,0.0
-2.9999999998944595,3.0,1.9305392291012755,0.9177530465444703,-1.9383762678945498,14.454763520666033,0.0
1.9807644277902512,-3.0,2.640020230920851,2.199722263745947,-0.9991954360274803,22.422077464408765,0.0
-3.0,-3.0,2.639996890199192,3.0,-3.0,10.000000017017472,0.0
-2.917845420411424,-2.886391191346864,2.6737764827887056,-2.6838590459496316,-1.9912233712511906,16.53720789779214,0.0
2.1839841642444986,2.84521992510024,1.8715409412248452,0.13007125418616775,-2.7051983468966885,27.256606772035145,0.0
-2.4552977225394765,3.0,1.7052549256831737,-3.0,0.6405973362243287,27.334341960607173,0.0
-0.02020081996196657,0.13711445701255875,1.8711566404356366,1.959528793776341,2.7316106842692403,28.960512920943486,0.0
-0.49029049745902215,1.445618412702613,2.7012039820784137,-1.931710257550944,-0.7222354939704787,28.425659522519112,0.0
1.1222787652700825,-0.8287802554486154,2.674739471938118,1.7549926287053847,0.09114532797606063,22.466771773492454,0.0
-0.33337825569537877,2.810084916441856,2.6779005878406834,1.190766683104503,0.5622730953928057,29.018109040160535,0.0
1.8786695692866935,2.0293513853621725,1.8228706564327548,-2.797480968729238,0.9067177877666803,25.979157715018534,0.0
2.3625252009899644,1.99510472326537,1.9859571394282014,-1.6777272957699245,-1.1373097682469646,26.716313031219308,1.0
3.0,-0.6035941841950179,1.9841779902637462,-3.0,0.22640974543800832,27.46469306495728,0.0
2.321921250441263,-2.8414304341958077,1.9827632779656124,-0.5178932510112945,-2.1599525167044584,28.815756234759743,0.0
1.294347968340421,-0.051585913735524146,1.9845022804068897,-2.977223165194102,-0.6192195103096813,24.217572884677693,0.0
0.987506055692773,0.5546058074125192,1.9863769170622252,-2.8392694214283734,1.14980511999365,27.642924320218697,0.0
-2.180912191086926,2.6875332195635204,1.6913846023642574,-2.6998422133167144,-0.7929718221004088,24.161082667675387,0.0
-3.0,-3.0,1.9249856545953048,1.291346426544884,-2.3820745219769517,13.65370543266505,0.0
-2.9109930925027867,-1.0201879721849936,2.6726188045677035,-1.5052780509228518,-2.9663450814622414,27.06744398839051,0.0
0.8283282938926467,2.1775591030957724,1.7070543463688628,-2.8290212837473936,0.5818875496960805,29.265402821222633,0.0
2.707972251119404,-2.3074252396266415,2.6727848045744476,-0.024294372833732415,-2.570142927530078,18.46348658614234,0.0
2.8968125735743393,1.4800845525128876,2.685786459617051,-1.5455012903582173,-2.3472855643119708,15.592928957127771,0.0
1.149792408211847,2.011486158381219,2.6867618779178324,-1.9046482801693303,1.366945106686088,18.207184907301738,0.0
-1.6771358094923936,-2.6216969841848314,1.9235875304556747,2.622139211667978,-2.067247101221869,19.17899137899778,0.0
-2.6916160681569243,2.9507088062603364,1.923858732124559,1.3638973830505003,0.06383876399900429,19.51696574964924,0.0
1.7227904739792563,-1.9632964709854155,2.6400346236659953,-0.1112251949898274,0.6257122301605177,29.118067868527643,0.0
-1.9734044656660594,2.5554705689392097,2.653369725573811,2.0474177540139835,-0.20701071235802543,28.404558636880868,0.0
-1.7486298217259362,3.0,2.6491335509793155,-0.24770310077201396,-2.007932010260415,29.06518488384175,0.0
-2.1917642956581926,2.6786951464551887,2.6527099473912883,-1.1430883869663846,-2.310355966903632,20.34372172038601,0.0
-1.1507193949536687,-0.23662571410339525,2.6512751449380927,1.5380754401553562,-1.2470630180163154,20.464688425482134,0.0
3.0,3.0,2.6251947838086824,1.6848040900276136,1.9601769877879451,17.912761773990802,1.0
2.832146547656712,2.7765396625005505,2.453580296807164,-0.8052273249514816,-1.4468481195879501,11.841431106002567,0.0
2.741154185607319,2.923851277719702,2.619121960198491,2.5000890600967183,1.433361071652774,10.242221511560501,0.0
2.3465153498196805,1.9504275130279394,2.6225262862715786,0.6457816789656006,1.3087141981827262,16.273487254480948,0.0
1.333930905038177,1.500807976813985,2.621101530267813,2.888060540563881,-2.806447361736499,12.441267873531897,0.0
-0.38248121875142366,0.1324333492787529,2.6276995219903423,-0.3343496829253547,0.2786423003933173,16.735283999230454,0.0
0.35685047907230144,1.6090107312900022,2.6279609234277004,2.1910210844539497,1.6654800476483025,24.379615281054562,0.0
-1.7654843159383076,-2.1920617265696443,1.7125383916418626,-1.8300515916515914,-1.8511866896202638,20.063784793998405,0.0
-2.783485733644066,1.8697509504896956,0.05884717750982407,-2.8856332725601517,1.1578044963549465,29.81146859407213,0.0
1.7700816787440925,-1.5593831587376308,0.061340870658941206,1.3068007610624026,-0.9595274364781735,23.57566180860556,0.0
0.43658184050106924,2.7556142937837986,1.7125621206141417,2.0102322763290243,1.9429175281279105,19.775765340433935,0.0
2.8192420621530716,-2.3866602603219924,1.7125286027604034,2.2613567971889252,1.3583480008307505,12.186775802626158,0.0
2.6632618178034804,1.3285381216880827,1.711848370743829,2.7609916957987664,-2.067292302245344,17.440198701765894,0.0
1.5018451379505442,-2.5714816963573774,0.05488061204914413,2.0757893258313143,-0.6725947202353306,20.81323175554232,0.0
-1.17903724185648,1.5660485711849463,0.05239025664340738,-2.345426419019808,1.8155549399445425,14.575869393071688,0.0
0.5210889604377875,0.7253786516563252,1.87234405660063,-2.3523619765832815,2.114073259498593,23.757866973427475,0.0
2.7643590016024144,2.8443030270500413,2.5593710536211773,-0.114627603734071,0.1894432613653678,24.84639491611486,0.0
-1.179367197624459,-2.6778482785163495,2.561887944172435,-0.13202612128888633,1.679521448003399,11.106185508657099,0.0
-2.033280412900175,2.204286250962025,2.5551510448139774,0.35779676837454794,2.8637852722897157,27.30819458471907,0.0
2.2926090689410197,-1.5132059617740796,2.552658765720721,1.545321682734279,-2.5163453919668037,10.092629848669802,0.0
0.5172436419157327,-1.7244823241610256,2.5017474315512334,0.2833730512017807,0.19956743708424096,26.043386948168198,0.0
1.7791146751607088,-0.22738047921033588,1.673942373488478,-0.15726338823585706,1.7265714909730787,27.006471839895752,0.0
1.500220217027359,1.9875030751790486,1.8354978991389466,-0.8140789114577789,-2.2397414837574674,25.12418008641754,0.0
2.535713278362235,0.3573050581933865,1.8367810918809537,1.5458284289576916,-2.788982640088559,15.555570674704914,0.0
-0.5303144602064449,0.8914981952937623,2.971752813576227,-2.953998475021851,-1.0981006032725875,18.33270271203203,0.0
0.8236608493534022,0.5594106994965247,1.7175554442293972,2.7086417997490715,1.6964603313194195,23.47097695650127,0.0
0.4086717443758851,1.0480487466760715,1.9861965128012815,-0.9490825931397151,1.2452182907938858,18.924010074652628,0.0
0.6271086903557289,1.2262690622241568,2.6276193342968424,2.9107509106221423,1.1222169768224721,29.049727107484706,0.0
1.6706828824402356,2.473311674975771,2.6285967802819337,-2.8725708337947458,-1.2538002637410923,24.37342926899954,0.0
-0.8420468098208774,-2.083424060726461,2.628884108965487,-0.1825140320740143,2.2328120515961527,15.230366165403082,0.0
2.7228135956521022,1.6134226633444055,2.6307083769467563,1.8275426439700921,1.6013692886736732,14.552864716122002,0.0
0.9980472841733969,0.6724753518330874,2.629315279384663,-2.2359438996791092,1.9082736829405635,19.033540851317102,0.0
-2.8664100468916445,1.677194567592655,2.628748948286753,-1.5938252026248163,0.775133955631588,11.709831991656374,0.0
1.3515522445318697,-0.4868495896423505,2.6290082301689846,-0.20766082126861177,-1.819728666093981,12.23711303631648,0.0
1.0620189132012083,-1.2545448686763794,2.629889129660242,0.526481366699807,1.17381346607208,19.345356416310405,0.0
-0.3333991147536923,-1.7930912375715253,2.97136233809212,2.827942058066483,2.1175626267353835,26.445502125943353,0.0
2.9652922158830024,1.379411768589061,2.627982195498041,2.6423200363324137,1.6883047901823733,12.440433939468065,0.0
-2.8104399033454097,0.42199894203464616,2.972900168414181,-1.0773016036345882,-0.24528384435032408,22.359184057670596,0.0
-1.2499791048781548,2.6020311234486453,2.6289224613913382,-2.028622444611227,2.1731221502887657,25.004930089897332,0.0
2.396250774858349,0.33253640299565457,1.8362697008405726,-0.5394246803247295,-2.246197926489715,12.113134674559582,0.0
1.5448441428107251,1.393282271153861,1.9741055043533917,-1.2095453787986439,-1.554973004141575,10.52984440635501,0.0
2.6037257681201647,-1.4896862973363287,1.9764769208943458,2.4938718674652276,-0.6290876786453803,23.38840182627493,0.0
-0.3218231752405948,-2.297120772368043,2.629143500579999,-2.62128185587075,-2.241541848528519,20.305972778111187,0.0
2.894546153318738,2.1441722920500825,2.62945249343048,-2.694896102738139,2.486847441255071,29.238147668655444,0.0
0.7933113583818449,0.9151617396529951,1.975578139102412,1.9084384911815673,0.9829357102708252,26.219826304320787,0.0
2.808923414945306,2.7458197037801786,2.628681436811876,-2.3949327977152413,2.7135772107394076,27.471937509290765,0.0
-2.6801927562031853,2.4178922162538967,1.9714539023387454,1.2684410441946268,-0.19274049554040407,26.70507785026173,0.0
2.7334659412937135,0.26738277913076924,1.9691675233070438,0.04114467780706321,-2.664920779042616,12.867177031253043,0.0
-0.9673547903492157,-2.728212548262243,1.970036072202993,-2.1594196016710274,-0.07607932173581666,10.35944046851638,0.0
-0.7234208615400513,0.9516021913268061,2.628656173344892,-2.378744951937728,-2.0326449735606293,13.002560782365922,0.0
2.0411229623251117,-1.5227228761513392,1.978180039627429,-0.5908841382232648,-2.118688364180924,22.056439925420825,0.0
2.6865541224615455,1.8236128333193768,0.011595715688721484,0.3832109499576695,-2.0153993598701496,26.665604815051807,0.0
2.229749996719177,1.5860414041071804,1.712542052856691,0.609197619208701,1.09760738616346,12.05709713072281,0.0
-1.2622374167777677,-0.3836804990489987,0.00903300120878407,-0.7569828108400194,-0.9453507250461045,10.095957657828896,0.0
-1.266093922711388,2.778965403743974,1.3274897990271095,-2.9865227122016216,2.2848035637078645,29.870829999605647,0.0
-2.1225305330339714,-0.42387918457723767,1.7125394057216081,1.8771679565878758,-0.45891338149273236,29.06074232320625,0.0
1.741043224391415,1.5433672898886626,2.5034749824009457,2.686613623798193,0.7131659270612949,14.053000206298599,0.0
2.928500293248697,-2.6532202832667533,1.83479848585996,-1.0407168473933701,-1.138908199289671,16.325162646699724,0.0
-0.4534474429711855,-2.658115528147967,2.629037164180124,-1.106488762698307,-1.0886779978936867,28.742336140866772,0.0
-1.7934747566883853,0.8508518174120429,1.8728706420824754,-1.0976857658723846,0.05379597321436085,26.591286639193655,0.0
-2.0353545400790742,-2.525209666877659,0.016383863904920856,1.6433253449204608,1.5879816470504213,10.674163530201694,0.0
2.285872976843423,1.9698911354068216,1.8736419268228595,2.952579603736167,1.8076004964099073,13.97980691103835,0.0
-0.3897248699579501,2.4901133847204315,0.018583031864003275,-0.7547977392029354,-0.2684295127608478,21.332920754813266,0.0
2.6451919595292814,2.5535948713394157,1.8740182841859196,-2.2383878759599805,1.8118101484619606,13.17863699702726,1.0
1.381576412497461,2.9291837853260088,1.9677156271405256,0.7929935214085528,-0.8320579966176326,15.13177443097334,0.0
-2.4888176337892096,-2.3121259985258997,0.028430864855311908,0.5596330916097643,-0.8358249642332144,24.440875079071372,0.0
2.657912620106108,2.4103164683024256,0.03213007152886185,0.22248963142717884,-1.2170204313667958,11.651116138650236,0.0
0.46668571537576914,0.556037394516756,2.639057506928731,-0.8545808199784555,-2.13977725953185,26.482908077892773,0.0
1.339248533910429,1.9124187736688623,2.6230797324359716,0.05579612204546168,-2.194970209479668,15.122823149711861,0.0
2.624702246879838,1.5521215952783167,2.6376421214344656,-0.476372006319592,-0.19312591713249924,18.885295808285385,0.0
1.0264213805267852,2.282040033737239,2.637191114645997,1.308464014020063,2.254464871006278,27.494565134161018,0.0
2.150818067852922,-1.3835898251559628,1.7180742236557303,-1.2560260842927715,-1.223459378082781,14.956037872647737,0.0
1.1431836480399657,-0.1347714496943209,2.6273651259489386,-0.3457316654030955,-2.1262892270278018,22.955087669425414,0.0
2.817198609612528,0.8483341756987406,1.33046488283773,0.7465524657074776,1.2155101691788284,18.18501970835226,0.0
0.6824716941213796,1.5810885562219996,1.3311669821780814,-2.1026140122064416,1.8187290508786291,15.62433364170046,0.0
-2.9362762099653605,-0.6099878727141228,1.8751608376467717,-1.654891058170075,1.7011504773713915,12.259220160614598,0.0
2.4975608899299018,-0.5662619690046717,1.6973806899486878,0.15936951685241377,2.488653571821435,15.489890680839233,0.0
-1.6073816652918427,-1.3760923639237996,1.7315740041194951,0.5477299829336312,1.8418597704909472,17.23787630607624,0.0
1.7777738360966033,2.2142291133419167,1.7327029518378674,0.8598617734547419,-2.9423189674084385,25.444976108307813,0.0
1.0989544862314544,-2.04368404079005,1.730394273157949,0.595884051471195,2.131212725956898,15.179668950926866,0.0
-1.5781803950752462,1.2004227335832245,1.729336283243036,2.1060533326798714,0.5350035285520094,22.106025685041047,0.0
1.2998030945740886,1.5359151054723381,1.9903200240064702,2.6860133907881956,0.6878424451953519,18.851091653101648,0.0
-1.9969331899146399,-1.091950160686376,1.7551608435373585,0.7570351777350138,-2.2962781189382504,25.158958562749124,0.0
-1.4245902188223492,0.3083589458263231,1.7539402478227102,2.817923525248057,1.4813750331014228,19.07515792989262,0.0
1.867860478048138,2.6316752328090844,1.7562879407439607,-2.945830191250735,-2.787105428648544,13.075734714157369,0.0
0.1762798882833661,0.9995294803008655,1.7527768669209252,-2.2780736091518112,-0.5160005038866408,10.27745388096688,0.0
-2.9209380089493164,1.2444086171166198,2.6712117337261305,-0.9014736294832307,1.3485559857824179,14.538177148666705,0.0
1.516403052751966,-2.9682856102243407,1.7180184131428713,-2.2759076480917013,-0.7020634507171305,10.18042053756606,0.0
0.014127417986841346,2.9003734373381747,1.766978661220822,2.683902499195785,-0.4210100224987034,27.778606071043242,0.0
0.5260491195825615,-1.8395376567354518,1.7657463954160983,-2.3090715396715575,2.5075819435039595,13.041983425309965,0.0
-1.6230432955406948,-2.861477519670822,1.7646224305861502,-1.2400415166151175,2.380098541593529,27.688839192040007,0.0
2.7048309489382505,-2.3597282816389624,1.7681407689547786,-0.0903690672811202,-2.985875049515336,13.189980537993405,0.0
-0.7971452291059555,-2.4011104444302767,2.9870937951601193,0.052267302082054205,-2.4678345892392213,29.73242380606355,0.0
-0.4619582691545006,2.0503700479203633,1.6984096729768006,-2.70020866768263,2.386110407430821,16.602228672363747,0.0
3.0,3.0,1.7179715959417137,3.0,1.1545587056839512,26.507854209977943,0.0
2.3375529352615536,2.240163063018645,2.988262078459609,2.9397670864216527,1.2817485397459172,29.332111988692134,0.0
0.3288701268025393,-0.4880530785136786,2.9861642788983302,-0.7620022322619844,1.5897572436002976,14.851770983588532,0.0
-2.946266761154624,-0.6360073686300698,1.696572324598445,-1.1867908788129056,1.4160847973903785,24.587957560877964,0.0
-0.2990981138934557,-1.489064004247124,2.989144054531152,2.284931324990389,-1.5831111778777707,11.102756131854996,0.0
0.1883668290209479,1.6691666756118908,2.5021480953258317,-2.1710686309191214,-0.04713742222217638,18.741466114043952,0.0
2.0202260815195827,1.4811008157321637,1.717422885239559,-0.3288519337015105,-2.522555608211067,21.069000846147613,0.0
-0.7490700272473139,1.1410215775816581,1.718102461882637,2.8205188779249637,2.671399185762142,29.490820025442535,0.0
-1.1268530566884931,1.904340540445461,1.8177360555872655,2.6181682308043697,1.7345763390027982,13.614152110546392,0.0
1.1816518531540554,-0.2469574578037903,1.7185487968266124,2.030794468194718,-2.784045958832168,27.84659696785914,0.0
0.49898729019654675,-0.556235515502321,1.9954512838343383,-2.3812033217720763,-2.533507459857948,23.370497896713584,0.0
1.6753030056881868,-0.20984647122403108,1.7183861960095674,-2.6115397882237077,-2.618372819689071,18.02645178367725,0.0
0.9261075029076717,2.033069278617794,1.9950504286301611,2.1169669780471976,1.2868388511390219,15.343921587109197,0.0
2.9364135116225016,-2.741356545685859,1.9857865931464096,-1.509956251163221,-2.5998902036284974,19.676536538562704,0.0
-2.233796952262798,0.6567687051224863,1.9852478035549999,-1.0219706985080705,-1.619436755421451,25.2242488242848,0.0
-0.35366776549430823,2.83874617275337,2.6377654457041153,2.3487663510919123,2.1720176351633893,16.144703563490687,0.0
1.619473309264535,-0.4667835584551171,1.7180664102434393,-1.322493549171956,-1.0549457260134623,20.27706386456598,0.0
-2.211873362515848,1.722850527613335,1.9854502400075884,-0.004211095850354958,-0.47807230219626934,26.49211504304915,0.0
1.7760657545511451,-2.8449426269444276,1.718146713125631,-0.9185192232357481,0.3475066027222343,23.966847216547006,0.0
1.1688526552828837,-2.7755642264562925,1.830820316959808,-1.4725725288546354,1.1515784389194539,18.26294484642843,0.0
-1.3293024160848705,1.9435747157773569,1.7179019048859046,-2.531376225684427,0.5651069745105313,24.60900499165928,0.0
-1.1408526721760188,-2.1000647396194307,1.8348769703385992,-0.5348129846343276,1.0189169784966143,24.54815907601204,0.0
2.5705618703403736,2.428061907985755,1.7178988259243202,-0.39747401397258214,-1.118978510774587,18.078231059122498,0.0
1.8654335221179947,2.340577851527862,1.9958025127790098,-1.1523579795470467,-0.5868852668215331,21.148064961426503,0.0
2.5745303734654224,1.5244404074128377,1.8284321633779168,2.4505490502307046,0.6690231723911036,14.127689642462252,0.0
-0.7474504629971965,-2.5174303831647924,1.8688042277200514,-2.4316492645242587,1.4157530935291625,10.701411028767623,0.0
0.08529744867212853,0.6056894461876623,1.8682965416383384,1.4213908759515994,-2.146631842690429,26.11348323374989,0.0
-0.04383181527391446,1.8740204250813655,1.98653085012398,-0.7040557133261114,-0.025813966379561844,13.087814650948037,0.0
-1.1634514338742288,-2.8179588278735395,1.7219572425919552,1.2154129206948128,2.586018111168147,11.754086706112256,0.0
1.5799359339706887,1.821412637593307,1.7209179053634083,-2.966022778426096,2.5650602120088717,15.180068967501121,0.0
0.3161404970957191,-0.6661771239488871,1.7201329933218026,-0.2345859953004756,-0.40246924583728116,21.310365154063867,0.0
-1.8182103655171744,1.7443936085406102,1.7227195556002852,-0.678547231801356,1.4604384126560819,29.192040932423424,0.0
2.928231321227668,-2.1965458947722176,1.6693449387538997,0.5303165956516991,2.939447626702419,24.821899846362033,0.0
1.2187783226579871,2.6286218727821034,0.05794748839254435,0.23103425360008123,2.414281558383545,15.844626752788296,0.0
0.9660543869339028,1.7303202677507183,1.6689370876727292,2.569025000352585,-1.8013022444530276,14.01994480674766,0.0
2.437326657458056,2.3246339615353175,0.05571991387049118,0.5643324639245548,0.4307420355288271,12.411272247624696,0.0
2.3548373277483488,0.8186372928862163,1.6752127719127878,-2.5992792237039364,-0.6568497419590315,18.412823625005547,0.0
-2.276873461683787,1.9486229057296296,1.6747087488440697,1.6161177281822738,1.6557389354090128,16.689756970798634,0.0
-0.8699940645751965,-0.82254421533515,1.6696880744077724,-0.5992631373009933,-2.9707241736537258,25.726651694616812,0.0
-2.48828018840936,1.1444909701664474,1.3291386305534105,2.756933145304593,-0.7553042455933124,29.201004953715234,0.0
2.960193156368728,-0.39331443325854804,1.3772809514870408,1.362310144714862,0.720990286760207,29.069298894887254,0.0
-2.59928935257185,-0.4682356805363577,1.931290841884514,1.2488065673729636,1.8709432406074646,12.385225331741703,0.0
-0.13452529591486437,-1.6500568434408383,1.9317722537320359,2.395644022270932,0.02000744634864191,15.410175589111594,0.0
2.398922000918916,2.6828654767878835,1.3778154922983266,-2.081168135277414,-1.4342314664910212,21.659110207429737,0.0
0.8830747763370976,-2.731401072726511,2.9768947797303102,-0.49065579450545893,-1.46759602368482,21.63594707518139,0.0
-1.5863441832177445,0.5127277589690504,1.6686183917927295,-1.509233494156594,2.9444484281179593,23.56739773544834,0.0
0.6915548610896992,2.3718288791513236,2.7325807229118904,-2.4537275845439397,2.3806613599856887,15.806080293302701,0.0
1.5836783830972752,1.383965564922632,2.7329701293647983,-0.9789690293817678,2.282655417791438,26.8762063069654,0.0
2.698073972032515,-0.9429530069533048,1.8491711808464157,-1.2420178936499233,-2.8530445094239205,24.68613125019984,0.0
-2.719464583750308,0.14392984644049303,1.8487085095668265,2.6080437180415585,-1.5804044156471742,25.169000643530868,0.0
0.10512266378843188,2.0603933438541833,2.9752278722409096,-0.6639196768197027,2.5547371621156225,13.96879806020425,0.0
2.699027743806593,-2.889761672763114,1.8754756768931196,0.5368642930107711,1.2043857285676756,22.651158554317746,0.0
0.22365280220109865,-0.4851641819522809,1.8352779562416033,1.564867275487069,1.8596509095179559,16.539629960484472,0.0
2.4658286555178925,0.32630004831019466,1.7176512987351704,-2.1779739827474467,-2.3746863147655612,24.51220963872345,0.0
