upper1,upper2,upper3,lower1,lower2,n,output
1.9921862334012985,1.9921862334012985,1.9921862334012985,-1.9921862334012985,-1.9921862334012985,19.962932872230233,1.0
2.9611276795056085,2.0938334621376016,1.709607862867415,-2.9611276795056085,-2.0938334621376016,17.55407744772856,1.0
2.119577478632703,1.8734595104893361,1.8356079417852893,6.285533994301575e-16,1.1240757062936024,21.32118541737691,1.0
2.966342962420116,1.9106293073275866,-0.15232404940246252,0.7616651031805971,3.0,11.481499786509481,0.0
2.9972567817412643,1.6690897333131838,1.0302375411361517,-2.3661181699353175,3.0,11.413634081322195,0.0
3.0,2.121422287903227,-2.1276140077664887,3.0,-3.0,27.853718655352065,0.0
3.0,3.0,-0.5556342300141247,3.0,-3.0,30.0,0.0
2.8690796286221842,1.3741485570697225,-2.32256809318451,2.790795462995565,3.0,14.56796480011079,0.0
3.0,3.0,-1.1064194716046059,3.0,3.0,30.0,0.0
2.9722352366426557,1.799624842359723,0.5635653123150198,2.6332576595651527,-1.6734013881590424,25.027260269977408,0.0
3.0,3.0,1.6503013353487999,-3.0,3.0,10.0,0.0
-3.0,-3.0,1.0825645137810922,3.0,0.918537183086677,30.0,0.0
3.0,3.0,1.5137688582992894,-3.0,1.3405474282600243,10.0,1.0
3.0,0.5275458251144612,2.122801216556887,-3.0,-3.0,29.45834115604087,0.0
-3.0,-3.0,1.7652251934086207,-3.0,-3.0,30.0,0.0
3.0,3.0,1.913834166875179,3.0,3.0,10.0,0.0
3.0,3.0,2.0627649699058144,-3.0,-3.0,30.0,1.0
3.0,3.0,1.2365762859112766,-3.0,-3.0,10.0,1.0
2.2276270917174594,2.953823073305851,1.1680053087647726,-2.3748874411682146,1.3813765228732173,10.732215571195502,0.0
3.0,3.0,1.7338740978949005,3.0,-3.0,10.0,0.0
-3.0,-3.0,1.799187259923492,-3.0,-3.0,30.0,0.0
-3.0,-3.0,1.8751679737140046,-3.0,3.0,30.0,0.0
3.0,3.0,1.9520747063537378,3.0,3.0,10.0,0.0
-3.0,-3.0,1.3190100395422657,-3.0,3.0,30.0,0.0
2.1262946946668633,-3.0,1.1958763480002452,-2.0921511366740604,-3.0,30.0,0.0
3.0,3.0,0.909430819048269,-3.0,3.0,10.0,0.0
3.0,3.0,1.125957559965212,-3.0,3.0,10.0,0.0
3.0,3.0,1.8183303842186163,-3.0,3.0,30.0,0.0
-3.0,-3.0,1.8580562439027042,3.0,-3.0,10.0,0.0
-3.0,-3.0,1.7233570557850193,-3.0,-3.0,30.0,0.0
3.0,3.0,1.7800868287788931,3.0,-3.0,10.0,0.0
3.0,-3.0,1.8999152343345849,-3.0,3.0,30.0,0.0
-3.0,3.0,1.9720400395834135,-3.0,3.0,30.0,0.0
3.0,3.0,2.29446122976398,3.0,3.0,10.0,0.0
3.0,3.0,2.2218687246576807,3.0,3.0,10.0,0.0
3.0,3.0,1.9312339917362542,-3.0,3.0,30.0,0.0
3.0,3.0,2.4186665829479885,3.0,3.0,10.0,0.0
3.0,3.0,1.71884893345305,3.0,-3.0,10.0,0.0
3.0,-3.0,1.745697243474697,-3.0,-3.0,30.0,0.0
-3.0,3.0,1.7425684090203655,-3.0,3.0,10.0,0.0
-3.0,3.0,1.7832593358451194,-3.0,-3.0,30.0,0.0
-3.0,-3.0,1.6794415732364072,-3.0,-3.0,30.0,0.0
3.0,-3.0,1.7757906699678443,-3.0,-3.0,10.0,0.0
3.0,3.0,1.7370642819273767,-3.0,-3.0,30.0,1.0
3.0,3.0,1.6899514587352176,-3.0,3.0,30.0,0.0
3.0,3.0,1.6643788975111133,-3.0,-3.0,30.0,1.0
3.0,3.0,1.8483622904879098,-3.0,-3.0,30.0,1.0
2.4945999370947396,2.182117794908829,1.2774230338004817,0.08249501027633134,0.8655209325971124,12.226941647557693,1.0
2.505917840631952,0.47981188034953615,2.0208106814053752,1.8128069432568448,2.774099658293424,11.104315866673328,0.0
3.0,2.836814216386045,2.098741722295568,-3.0,-3.0,20.743117154355744,1.0
3.0,3.0,1.828965626170513,-3.0,-3.0,30.0,1.0
2.0288628075497246,-2.193456946451033,2.0046191263775848,-0.6919401113242424,-2.3310502078627278,27.62262652338088,0.0
0.39062597318609815,-3.0,1.699652429828573,-3.0,-3.0,25.529209783293084,0.0
3.0,-3.0,1.7556228639995808,-3.0,-3.0,30.0,0.0
-1.850072714286893,-1.9852655711195564,2.0828393490254618,2.3573298866479333,1.6455501311453429,14.053879871006437,0.0
2.1309418657211414,2.750762261432183,2.046022110623709,-2.2123550069913778,-1.7902296587478412,24.15526744593715,0.0
2.1288926516315914,2.923273844810352,2.1095584570192822,-1.4794670525019062,-2.823220329121761,28.99705093219685,0.0
2.807729738192494,0.985894246008426,1.983193544947539,1.6923970833117494,-2.8777103822338606,13.92194650209252,0.0
-2.6464734386802085,-2.4092818829575524,1.2551041879458298,2.2848385586647204,1.8697399076075676,25.55436680809948,0.0
2.9912257091011774,2.910507388254925,1.221759319121745,-1.0437799809253572,-1.6205822975841986,23.264487167086656,0.0
2.152931994224646,2.182971507143626,1.2936607790134558,2.0201878422035224,-1.3836146958228799,10.620387618276496,0.0
-2.695708979544632,1.143025153540496,1.998381181311107,-2.4301326032135835,2.9947100441523076,17.95543239022864,0.0
2.3899770322535705,-0.8384651736909811,2.0121949517468813,0.09226144906653466,-2.398170290633596,12.2305416763216,0.0
-2.5193380562456276,0.2558938719032521,1.9640671014670208,-0.8589491735282724,0.8342989921868063,25.063217153402377,0.0
-1.1548714889304978,-2.9378755011432887,1.7047646967921724,-2.6330324135494,-2.687648113758151,25.740341816208534,0.0
1.8617068823766474,0.035734839773550776,1.9874786478958757,0.9734543690806985,-2.9157221495500694,20.728240549211343,0.0
2.379803199989368,-2.5432434904357213,1.9779695073009642,0.019713291057778096,-2.5458801893391168,12.437860297281766,0.0
2.6056568652152516,2.764343535956742,2.091308919516506,-2.433328032302574,-1.0320704261663678,29.249360166970703,0.0
1.494038655395537,-1.8062614422637915,2.134730477544146,-0.02612426840707924,-1.467677299345672,10.925583631209612,0.0
-2.9009724244427977,-0.9155125092781673,2.074176559237537,1.2252648861906077,1.1601443920804022,18.50633428457,0.0
2.80287738901542,-2.9534474197933096,2.053225334842643,-1.0878988650703871,0.3682751521352341,12.485218569709629,0.0
1.6676689153785096,-1.5078659944933928,2.033897633405142,0.9926019441683921,-2.894836126109983,23.452543744536687,0.0
-2.695930210891005,-1.1093849096783788,2.1047408559427474,1.6461165671635587,2.3046364744478733,11.985896236414018,0.0
3.0,3.0,2.1158056219854737,-0.5019072418266093,-2.9199026669355135,20.272473011573673,0.0
-2.502433078900223,-1.513586061511896,1.2281302339964402,1.939190613013899,2.333144110278661,22.069745328935127,0.0
2.4676022421970774,0.9538833007155633,1.2462238772246177,-1.9880994769321068,-2.3175821197588022,16.025213237324923,0.0
1.6668152694537344,2.078361504376194,1.2108808881976916,-2.6743454735673367,-2.9528858299617933,25.00670090146293,0.0
-2.3454421227504416,2.8907378264686323,1.264393810606354,-0.34957388054835614,2.4938489335656104,26.907635210671646,0.0
2.048466556784164,-2.3614563525267953,1.713695509786009,-2.7692761641069086,1.803648514750957,19.315057348880117,0.0
3.0,3.0,1.6951353421123354,-3.0,-3.0,10.0,1.0
2.7896795952735984,-2.431358343995074,1.286940903117638,-2.1299919531782514,2.85648596742276,18.249498048578992,0.0
1.911400408249449,2.8038640920742535,1.9952597692144693,0.3923382133071054,-2.862457138491352,28.428118044787627,0.0
0.4323027069625846,1.9438706517344486,1.303321651712346,-0.01672602198403376,-2.173231011895742,16.65148284043512,0.0
-2.203897327830591,-1.7933782300893295,1.8401221848828078,-1.3287611228312688,-0.47994249300243924,12.702224292550028,0.0
1.3592279279051527,1.7785649146657703,1.7115986223853297,1.770609725778943,1.6827690726191293,16.399575651417653,0.0
3.0,-3.0,1.7161148209596002,-3.0,-3.0,20.241073732395087,0.0
-2.3185173185351666,-2.46100863674451,1.6565349248704384,-1.6537033827658316,-0.6453605488723421,24.10405802990658,0.0
2.903360760981934,2.422349715601492,1.6395900155124687,0.26755490194726866,1.5933460015251728,10.143461727091326,1.0
1.0583046734400854,-0.03357516541882951,1.672244755052526,-2.647792866296031,-1.0528717569581836,25.974093628996084,0.0
1.9689985088197985,2.784224932905605,1.8838798195746065,-0.10875533677884285,2.2031142181118657,23.13380456978129,0.0
1.1323382392685015,1.3795386159726175,1.2704212773497756,1.3841947537650736,-2.747656651730645,11.92782545924517,0.0
3.0,-3.0,1.7507234717057962,-3.0,-3.0,30.0,0.0
2.9802982812100787,1.5324805794335208,2.0947493265759833,-0.7498640145028264,-1.7922308682328725,24.377582017125867,0.0
1.5121219810079412,1.735794056590899,2.0691487555531944,-2.1846988061967054,-2.810860108570457,28.952812501607184,0.0
-1.4170864425339997,2.9194162118472002,2.057314835676969,2.382846056039051,-2.951798968263434,25.53027331095819,0.0
-3.0,-3.0,2.0015976142642438,-3.0,3.0,10.0,0.0
1.0089170548681625,1.389070743894262,1.2419679325603088,0.36446370508108106,-2.311951858596776,17.42801958169137,0.0
0.9319660221124922,1.3061818165290413,1.231711007625193,-2.4037612895956335,-2.6105251920861985,14.427057017423058,0.0
2.8704348658343015,2.531405432124154,1.4912620423963903,1.6877612905697785,2.507091607489127,11.16552766099747,0.0
1.9897138444937312,2.9169039662231,1.536347137003122,-1.3142366910771301,-1.4211634197447716,11.18001722580236,0.0
-3.0,3.0,1.989682182065845,-3.0,3.0,10.0,0.0
1.6079421886194725,0.3368346043128651,2.1020616612150524,-2.8606837020569116,-2.6249751481489967,29.43652427733133,0.0
-3.0,3.0,2.0874544773074106,-0.4024948588587467,2.3512745608610333,20.156043360909795,0.0
3.0,3.0,2.078360726615018,-3.0,3.0,10.0,0.0
0.43294944616425124,2.043381944391367,1.2830702691631812,-2.869842967550973,2.886493098930975,18.90396825388534,0.0
2.8789357011536962,2.911980510599382,1.611164901450743,-0.05669220851987192,0.7115041681061776,24.105790060033172,0.0
1.4748709810169292,2.180314425835123,1.8547629005112285,2.376129834624521,-1.7623558918969868,23.736823785002404,0.0
0.7263913750608814,-2.7741832915948117,1.86629295495561,-0.8693713399478814,-2.3446752712795185,13.14234996565617,0.0
2.203860285534688,2.67473643680375,1.2500469059143111,-2.8912225766151933,0.5022181196471576,12.5103639621971,0.0
3.0,-3.0,1.7211600477441809,-3.0,-3.0,30.0,0.0
1.3582751746622355,-2.299193093096538,1.2601947553786084,-1.585248315304929,2.804786379042773,22.898110348004227,0.0
2.6178010605446063,-1.9708379346262797,1.668663686630445,-0.9178747198125693,-2.5111320841081333,24.303898253238685,0.0
-3.0,-3.0,1.2046933497047754,3.0,3.0,30.0,0.0
3.0,-3.0,1.9998429735728944,-3.0,-3.0,30.0,0.0
-3.0,-3.0,2.0079829667827354,-3.0,3.0,10.0,0.0
2.435529878187096,2.255755654986838,1.6757911057621,0.7173269398560979,-2.7800986121054785,20.664254877174702,0.0
3.0,-3.0,1.974607755648546,3.0,-3.0,30.0,0.0
3.0,-3.0,1.968800501516104,3.0,-3.0,30.0,0.0
-3.0,3.0,2.1073615097316734,3.0,3.0,10.0,0.0
-1.0566586134425193,-2.762159085514096,1.2249055576251882,0.3143914228601464,2.2919345097485504,27.51109152205789,0.0
3.0,-3.0,2.049634855772266,-2.032977229653906,3.0,10.0,0.0
3.0,-3.0,1.9852848985716631,3.0,-3.0,30.0,0.0
3.0,3.0,1.958955552295327,-3.0,-3.0,30.0,1.0
2.1855841701250767,2.0011422816719873,1.924794767760657,-2.3775384936251807,-2.0142191023993696,26.751920331254237,1.0
-2.2811207931907918,-1.8986223062972822,1.9187597389160682,2.800820244689074,-2.595491460607983,29.536854345781908,0.0
3.0,3.0,1.9073432457136543,-3.0,3.0,10.0,0.0
1.2406836575293252,-2.4744964999710026,1.9544081329745187,1.5948618229236051,-2.177958439141534,21.48738057293757,0.0
3.0,3.0,1.9460372177593857,-3.0,3.0,10.0,0.0
2.9671037800485247,1.9403697999184508,1.9288161732642808,-1.3018361895383193,-0.8369804829866727,26.97314125551517,1.0
3.0,3.0,1.9484570027222767,-3.0,3.0,10.0,0.0
-3.0,3.0,2.0158263816467623,-3.0,3.0,10.0,0.0
3.0,-3.0,1.3100394636287966,2.1672467266441404,3.0,20.2402290370792,0.0
-3.0,-3.0,2.112438273677403,3.0,3.0,10.0,0.0
3.0,-2.933618189866466,1.9938431306416573,0.6780736992864793,-3.0,17.533754199682615,0.0
-3.0,3.0,2.002354685529646,-3.0,-3.0,30.0,0.0
3.0,3.0,2.005584092878526,-3.0,3.0,10.0,0.0
3.0,3.0,1.979440085830418,-3.0,-3.0,30.0,1.0
-3.0,-3.0,2.0120439210027268,3.0,3.0,30.0,0.0
3.0,3.0,2.0009748356549055,0.5891029584749781,3.0,30.0,0.0
-3.0,-3.0,2.0135944278697187,-3.0,3.0,10.0,0.0
3.0,-3.0,2.018129991000841,-3.0,-3.0,10.0,0.0
-3.0,-3.0,2.02596074087258,-3.0,3.0,10.0,0.0
3.0,-3.0,2.039903249439185,-3.0,3.0,10.0,0.0
-3.0,-3.0,2.0048083178285085,-3.0,3.0,10.0,0.0
3.0,-3.0,2.016046483349265,-3.0,3.0,30.0,0.0
3.0,-0.46992945560947386,1.7106852653026778,-3.0,-3.0,10.36606031359372,0.0
-3.0,3.0,1.7164915560908098,3.0,3.0,30.0,0.0
3.0,3.0,1.724310184075165,3.0,3.0,30.0,0.0
3.0,3.0,1.7150963569183573,3.0,3.0,23.37826206328102,0.0
3.0,-3.0,1.7181205294368507,-3.0,3.0,30.0,0.0
3.0,-3.0,1.7252315638427425,-3.0,-3.0,30.0,0.0
-3.0,3.0,1.7105986117346108,0.2184640477758625,3.0,30.0,0.0
3.0,3.0,1.7131028964400918,3.0,3.0,15.778066529836677,0.0
-3.0,-3.0,1.7202007955404715,3.0,3.0,10.0,0.0
3.0,3.0,1.9980025521260827,-3.0,-3.0,30.0,1.0
3.0,-3.0,2.0107712874896686,-3.0,3.0,14.719369595216468,0.0
3.0,3.0,1.989510610103067,-3.0,-3.0,30.0,1.0
-2.6887580118628143,0.10793085757224068,2.0967334341093387,-1.878920763798461,2.1602083209017064,12.932237118914086,0.0
3.0,3.0,2.0856919968553083,3.0,-3.0,30.0,0.0
3.0,3.0,1.7070038748725218,3.0,3.0,20.174481746568638,0.0
3.0,3.0,2.1059595125061636,3.0,-3.0,10.0,0.0
3.0,3.0,1.9723128305017283,-3.0,-3.0,30.0,1.0
2.5870643278989087,-1.9183850842928503,2.0665995476458834,0.8657821623523501,-0.8016494924962304,18.599920969861667,0.0
-3.0,-3.0,2.1188324308484603,3.0,3.0,10.0,0.0
2.7093856434289685,-1.9886650349227157,1.2730004433277706,1.2024655349424733,2.7231966851603295,23.755152562076873,0.0
0.8093462360715533,1.214773185721099,1.2902167386644638,-2.2955065019802383,-3.0,10.0,0.0
-3.0,-1.6861376902652847,1.8621626598940015,-1.7376971196018325,-3.0,11.103649414747057,0.0
3.0,2.7376993785229806,2.059360026088614,-3.0,-3.0,11.906574735506432,1.0
-2.913283555811474,2.3555151586545002,1.824300755397773,-0.7098509227735873,2.9904374737950494,19.91632231437978,0.0
3.0,-2.9234998310044755,1.9666899642488456,2.8697235247838826,-3.0,26.457751408007713,0.0
2.2580779930690844,2.786617260576918,1.6604938860836178,1.1159578687885112,1.1332318991705603,26.84029408732243,0.0
-2.640430132554306,1.2132666107746684,1.8327625835790327,1.8808525918709307,-1.8962894041872842,11.507306414782787,0.0
2.935073352486725,2.624411353378289,1.8377227502777889,2.080169091198111,-2.750627504244204,18.72506168987409,0.0
-2.5548406839558093,2.347085046729602,1.8437372990527456,-2.9795112050095716,1.2845303057562725,11.44686935470671,0.0
-1.6570904086942575,0.9974642986999054,2.06441778744869,-2.4874593214986866,0.9772307817565078,24.685970483997078,0.0
2.8291665132231603,1.3907340619272983,1.9620127941557273,-0.8762597909461851,-2.4353286167815313,12.508004899790262,0.0
3.0,-2.553316319969543,1.7082199816351895,-3.0,-3.0,13.943749715223094,0.0
-2.6697734026309603,-2.934666020781278,1.8515140094184812,-1.7340506650709206,-2.850068019227565,25.432228822367954,0.0
3.0,-0.32701260546723293,1.967876355874488,-1.825753929859109,-3.0,17.596556623002183,0.0
-2.3638734309990297,-1.4906902993800242,1.2392783806000676,2.984580858531485,-1.2730819327450393,26.95824977541895,0.0
2.345874674865671,0.9697182686567797,1.234014006771423,-0.9205143067107389,1.3929513092400696,16.383143883337127,0.0
2.0818138907309867,-1.077352824099009,1.739945605034189,2.492495021820497,-2.1888194318494154,27.06585795881696,0.0
2.8487139458336124,-1.820606641801668,1.826252615897705,1.843126768245053,1.5654560159837316,27.652412561915117,0.0
2.1211991833393564,2.445927141861412,2.100459219755609,-0.5309663581018813,-2.2834996223949475,10.329605049071253,0.0
-2.6559205132248045,-1.631732355133378,1.280403900854863,2.762039624971069,-2.796593288460538,15.895580004182422,0.0
3.0,-3.0,1.9962839163609967,-3.0,-3.0,30.0,0.0
-2.9057800758453607,0.9215546024113851,1.8215792318132946,-2.5540687733215672,-0.42176663845592477,10.272062774352673,0.0
2.8173582840319917,-2.825027737576966,1.9565439380485845,-1.4313735119759716,-1.592654011326548,23.625431501044083,0.0
1.8635619472854374,-0.18529975711578298,1.8459732117399332,-1.145755601060058,2.9384841752909003,28.453409103906353,0.0
2.9689974149932805,2.884457822454333,2.0931926383609087,-1.9983041685655085,-2.5698171659629225,12.714349624064013,0.0
2.0505776754098854,-2.706069491733,1.9220181545472141,2.2127423361911966,2.2277080619101772,14.639173737343999,0.0
3.0,3.0,1.705859729687306,-1.7769384957169456,2.868061754453383,28.809271113957237,0.0
1.6753866346511734,1.840978888939242,1.2749368745251022,-2.849015752227357,0.02273519220548791,12.104601588918843,0.0
-2.8032828088657014,0.04099888007659306,1.8418199019393648,-1.7059526594819487,0.6034187213547709,11.328357836478416,0.0
3.0,2.0144880846717697,1.973851017686246,-2.288241894217133,-3.0,10.303124319427988,0.0
-2.8690090380050277,0.7605219580996883,1.6667999703424616,-0.9882426853905235,-1.4859512633672038,25.64780533805113,0.0
2.648024577372862,-1.6755819381890167,1.6620761722619208,-2.367019667554278,-0.41064129582197867,13.613255833253703,0.0
-2.56921545634974,2.5422378216917836,1.8343993141764112,-1.496103449263899,2.0313348497758,26.29247624999756,0.0
2.629874026031469,0.03842291024533516,1.8366863638839261,2.2293363234269363,0.2897486381277671,12.382369134903177,0.0
3.0,-0.028046684028303875,1.8313519742050992,2.395184954901278,-0.6471344982035764,16.29809079542256,0.0
1.3827528312187285,3.0,1.838864254898599,2.4268178160023473,-3.0,10.95133768811687,0.0
3.0,-1.6278356590718466,1.9813860814665203,3.0,-3.0,30.0,0.0
1.8611096766675692,2.7056319781536735,1.6585613651211983,-1.5478662040012692,-2.8690717912872965,18.19963662316529,0.0
1.1262113814886496,-0.2637182063899129,2.063723325112251,1.6565517045458984,-1.5667091087836027,13.507985038593233,0.0
-3.0,3.0,2.0655614917193716,-3.0,3.0,30.0,0.0
-2.8309984062306746,-1.628971303349856,1.5217351589262331,0.3884054949544953,-2.0624356399605017,28.881121974578893,0.0
2.992337702614921,2.763615829083897,1.5058297314751037,1.067360813242606,2.9187922177683374,11.31628341225362,0.0
2.2175544043701674,2.5853325328566434,1.2437956655645441,1.1641067452247702,-2.2004769536889395,26.6576837697684,0.0
3.0,3.0,1.984278667503634,-3.0,-3.0,30.0,1.0
-1.585323069895402,2.9200463200786895,2.067704875488,-1.4529200815069387,1.3566336652920195,30.0,0.0
-3.0,3.0,1.813162830658734,-3.0,-3.0,18.972676401818074,0.0
3.0,-3.0,2.0713037807057297,-3.0,-3.0,30.0,0.0
3.0,3.0,1.7032394215636855,3.0,3.0,22.285284882294366,0.0
1.8667335098992128,-0.6386002171632195,1.6704001394942858,2.087967672680919,-1.9395634375629185,21.577592129753462,0.0
-2.6844668251650057,-0.8165928376245848,1.9164943346007373,-2.2813158355657674,-1.9614492415396243,16.802780436090213,0.0
2.955782624390781,-0.1670399862315815,1.2848133694356825,-1.5224074771394966,1.7297097832027262,24.09643833653647,0.0
3.0,-3.0,1.9645990167595018,1.130486683503841,-3.0,30.0,0.0
3.0,3.0,2.0669025543329878,-3.0,-3.0,30.0,1.0
3.0,3.0,2.0756266343844714,-3.0,-3.0,30.0,1.0
3.0,3.0,2.077400452359196,-3.0,-3.0,30.0,1.0
3.0,3.0,2.083966643763553,-3.0,-3.0,30.0,1.0
3.0,3.0,2.089234085087162,-3.0,-3.0,20.510743846943686,1.0
3.0,3.0,2.0644578953118424,-3.0,-3.0,30.0,1.0
3.0,-3.0,2.0016947770448117,-3.0,-3.0,30.0,0.0
-1.6424327140753527,0.8929219836125067,1.7350284827774576,-2.9099803927599557,1.4340991917954937,19.976550894578494,0.0
3.0,0.6373437990224161,1.7301934161428234,3.0,-1.3257045007749562,28.92006979741025,0.0
3.0,3.0,1.731978694945482,2.6067203838809276,-3.0,15.131761578774155,0.0
2.66219408983073,1.9843691748118963,1.850303640736142,-2.5826265337208207,0.8870902930065359,24.55801438234428,1.0
3.0,3.0,1.8562420115033933,-0.19316637419986857,3.0,11.746881536329182,0.0
1.9924058530585964,1.5709468298907152,1.7440193357845561,-0.7486741289810346,-1.4710049535177967,12.62146329930484,0.0
-0.37934447972968494,-0.5992801484427855,1.2301013828606884,-2.033073241185518,-0.4896926537893189,22.285119724621694,0.0
-0.9586414963992966,0.6697746422977584,1.6282652672719928,2.682370267002519,2.279813790396105,28.446866775271097,0.0
1.2348997732999767,0.06771912589648954,2.103262411947072,-1.2735729568618068,-1.9215377816269992,23.81168570403045,0.0
2.6896916648145477,1.1885027817862714,1.738878826443719,-2.187429292213801,-1.4555503143169624,11.329323641899418,0.0
-0.8412052980603587,2.3326870659804824,1.2381750208501554,-2.163973782983032,-2.616247024050616,26.79393190656725,0.0
2.7888560641448117,-1.0807694332863564,1.2350223011841546,-1.0863371982738315,-2.2999883659801075,10.130020210998095,0.0
1.649914640643201,-0.04232412606327414,1.240568440383316,0.8140444127379813,3.0,18.52608914681073,0.0
1.294494690912942,-0.7246509641261666,2.0976151787438257,-2.9154472843785832,-2.2216179858104432,18.991103675746714,0.0
2.2674874774688325,0.14392701535796118,2.099736925268872,-1.1890278098144906,0.16234370969946937,27.71281584351431,0.0
-3.0,3.0,2.095795437836166,-3.0,-3.0,10.0,0.0
3.0,1.1261254700627057,1.7088974908685262,1.511419794764808,-0.10182469027166555,29.072160928010685,0.0
-3.0,0.3430503800396148,1.7122716624307133,-3.0,-0.6397579918197593,24.266372851016374,0.0
3.0,3.0,1.993028735384637,-3.0,-3.0,30.0,1.0
3.0,3.0,2.0702826939966505,-3.0,-3.0,30.0,1.0
-1.3012684803500105,1.8077130085980588,2.090361053168863,-1.4886356126518727,0.5454605925972604,10.756741832995681,0.0
3.0,-3.0,1.9757419514207906,3.0,-3.0,30.0,0.0
2.0038070405407744,-1.783371024499033,1.960653720909018,0.8481796235456386,-1.8969616095949648,14.771972935549533,0.0
0.5580510527372093,-1.4237662113524434,1.9268077752047497,-2.314208125117951,2.5955217473467216,21.316406668453904,0.0
-2.686141917205965,-0.7842987532781732,1.9231010523128111,2.167391139528062,-2.953173587783531,25.77937252063247,0.0
1.7638878455357536,-2.441797549396425,1.9204463822380224,-1.4174968447561216,1.4076677844891128,13.154134090657275,0.0
2.8354469114256378,-2.236235922510734,1.930395131796059,2.748474139088925,2.1029072047653306,21.493110130857318,0.0
2.693081370368955,2.7622832809618783,1.9357076243479185,-1.7981260939658898,-2.476727563644991,14.859936120903356,0.0
-0.8000297483984978,2.4291841245435863,1.933572014605473,-2.1735772236854363,1.7606681889642497,11.995029993867334,0.0
2.924139594245237,3.0,1.938873196694223,-2.272562835776278,-2.865354806431873,27.107081437875394,0.0
2.732338309630927,0.6020504200435022,1.2792636047398434,-0.4525433301378334,-0.4603987421004525,17.01861576699589,0.0
1.7947180761913122,1.5030350324652455,1.9574521088269385,-0.34243074297565534,-0.8058921723007236,15.60446217922164,0.0
1.706067249167746,-0.6740431741129596,1.7101543072189929,2.2076606542640547,-2.3727900000444353,12.196123062091731,0.0
-2.601107508389966,3.0,1.7075010535431057,-2.6616565758071995,-3.0,13.972532947198241,0.0
-2.528644595059095,2.5784227236033592,1.8272830681880963,-0.4950130367904386,-1.8176554491646653,27.60902430773278,0.0
3.0,3.0,1.7112611767151726,-3.0,3.0,30.0,0.0
0.6485821022997681,3.0,1.7065829078349066,-3.0,-1.5567011134023478,10.0,0.0
-3.0,3.0,1.7134380723675617,-3.0,3.0,10.0,0.0
-0.004490063767837795,2.2756871273940154,1.2329155887118115,-2.8693095858024615,1.5238767920625116,21.609146947004476,0.0
0.5209892505272962,1.7468621570575447,1.8350023554946955,-0.05065078822505896,-2.6626510602823843,16.157110689494925,0.0
1.460843265878924,3.0,1.8382598080784298,-1.2048800426504065,3.0,30.0,0.0
-2.5279839259269177,0.938108130490872,1.8361653511913267,-1.540482654156262,0.9327166004449163,28.94182197844777,0.0
3.0,3.0,1.8335203169587497,3.0,3.0,15.442657047305005,0.0
3.0,3.0,1.839627122503391,3.0,3.0,10.0,0.0
3.0,-3.0,1.8408103778759597,3.0,3.0,15.31620596955102,0.0
2.748519423152719,1.4860225476474043,1.8323555271659042,0.5514776967243442,2.9120388430184216,27.15011896495119,0.0
3.0,3.0,1.9324162854510074,-3.0,-3.0,24.70050044015845,1.0
3.0,-1.121952486705733,1.937237315236132,0.5208452281983387,-3.0,18.541381387221893,0.0
3.0,3.0,1.9417453090402792,2.1607431588387125,-3.0,26.765554815997646,0.0
3.0,-0.6394084818350069,1.8374972358694812,2.5789061158741657,3.0,10.0,0.0
3.0,3.0,1.842549771241864,-1.1048675143333746,-3.0,10.0,0.0
3.0,3.0,1.8402443070264618,3.0,-3.0,10.0,0.0
1.7498365994603957,0.5218887262049303,1.2717618631669103,1.4695022899177872,2.9256053076328223,15.533212519210855,0.0
3.0,3.0,2.1012857138432106,-1.6675776272677993,-3.0,10.0,0.0
3.0,-0.005861487612822858,1.9630439396006312,1.8214182108975614,-3.0,30.0,0.0
1.228386111659353,1.5514931416840987,2.088188173991136,-2.6638365090231693,-1.963181256762661,14.953492988165431,0.0
3.0,3.0,2.0921753844850275,-3.0,-3.0,30.0,1.0
3.0,3.0,1.991836490783101,-3.0,-3.0,30.0,1.0
-3.0,-3.0,1.8075307492304078,3.0,3.0,10.0,0.0
1.0953758090154726,-0.7374142312375326,1.9881804819485778,2.8867393866846323,-0.8807716838311259,24.222562475761993,0.0
-2.2730539732922037,-1.6337777226189507,1.2760199075140333,2.1026622152312138,0.7353260828163118,25.4402964299811,0.0
1.0512524856485874,0.9448300817292355,1.9732634333052799,1.6775975829674403,-2.209580004236715,27.766312822242927,0.0
-1.828240655842352,-0.7715116016203972,1.830272608164314,-1.126380346279529,1.8532076178102248,21.028474450253533,0.0
0.41971749823363796,-2.888390129408908,1.6657185977212934,-0.6169601128566441,-1.5874682677496195,29.226062890430715,0.0
-2.009857075869652,1.6369103276228045,1.6630783318216238,1.791226289360247,-2.7619004711206867,29.999945545292103,0.0
3.0,0.4723913730384916,1.9868582247692326,2.0727683576377918,-2.4662359634665973,18.974915538520246,0.0
2.832321130962744,-0.3309120673408332,1.9886441911636918,1.3152099274130922,-0.20393344397457738,11.418449024307286,0.0
-2.3518312835894917,1.4942753658563561,1.9806094087450965,-0.02344158724534366,1.698988824579464,13.211566665062874,0.0
1.3421633523246062,-0.60096730382665,1.997017613553326,2.791524000751618,-2.4203531962755305,15.861045239588917,0.0
1.6770989630374846,2.8719484823328116,1.7359790359638778,-1.0986682125504341,-0.9322734843459645,12.515752752443273,0.0
2.82995603856209,0.9511251750271189,2.0652094586997887,0.6379834463141498,-0.6606274851593122,26.997070393774322,0.0
-2.783791904112727,-2.3003978078485665,1.7380644472889664,0.13358330610860267,-1.4848091158264718,15.810389666160695,0.0
-2.6157711169728235,-0.38712866771023824,2.0848706186476913,1.9114499138640146,2.5928898282624337,23.202170355369798,0.0
2.488635751769194,1.9381436172111757,1.9256899026995886,-0.26313165981828646,1.838959827722945,19.88365105881956,1.0
-0.9274339601971225,-0.9595247293575573,1.924005142395378,-2.2526579060798424,2.4430354559270935,14.289089985335023,0.0
-1.2635845901559517,-1.7223140241831252,1.9296391998234756,1.7348398945325145,-0.8858621905499863,10.65121423247132,0.0
1.882915709966862,2.4290267992991654,2.086570666529993,-0.5888366116186339,0.7908340361311256,24.28965627906086,0.0
-0.39680096797792574,2.6491571559736187,1.9889751529832782,-2.784479784623059,-2.9060345206238662,26.229212269665087,0.0
-2.3072298652133654,-2.0186293145312626,1.9598785000898045,-0.42395309043743756,2.4468197154359252,12.764164730491318,0.0
2.7825709539108723,-0.12507709855630242,2.0633852551578546,-0.15801658079505917,-1.5411387587204723,22.410149663722244,0.0
2.240244978308243,2.9941951993214135,2.0616907480570714,-1.4931068412359734,-0.49470092206214117,11.2721792565523,0.0
-2.287189520194838,1.610056259800168,1.9581062513374439,2.055396545304642,-2.3988600122998323,22.797674077878987,0.0
-0.7782298061921522,-2.5193272676269776,1.847168699614579,-1.1230493160849426,2.1709637852840107,10.87684752754443,0.0
-1.5235419247478708,-2.0143099268376905,1.2784566627146021,-1.3279279158752895,-0.3510199690400681,14.868570309017912,0.0
1.262567906713389,-1.7335326956309576,1.8494351874128956,2.7559442961166245,1.3646305586128338,20.868188213494168,0.0
0.9993070643109634,0.5567401712837087,1.8509900590398254,-0.9972323995906247,-1.625027645829956,17.62502070784976,0.0
-1.9650142197369629,-0.2664477090912651,1.8527975835101227,-2.6345583296380184,2.0618693538206925,27.312602280657924,0.0
1.2200180504311042,-1.932422133571571,1.2374241965340782,0.5112494550477975,-0.6550250367383912,13.843722077930972,0.0
-0.3625457493927391,2.417276141211561,1.2357217580458055,-0.07786196296679672,2.826293357365824,13.558422987110374,0.0
2.036714142859442,-2.9910615955618534,1.9785918785065382,2.979840151087313,-0.07152267339975521,21.768916794097915,0.0
2.0865564523776587,-2.887651339749442,1.9769147902068775,-2.477660773845142,-2.5964804120348206,20.750631449679286,0.0
1.1589747223685176,-1.614827951196147,1.8280391923123767,1.155445375580901,2.754991425476755,29.08421969876469,0.0
2.860049428885248,-0.7075547206811416,2.098155571452821,-2.0422137234107636,2.8537738101351575,11.181318695195799,0.0
0.34756280495441927,0.24412755460733881,2.099278196285621,-0.6894067051856152,1.4833364448188946,13.16563487149686,0.0
-1.0473277576167654,1.399357996986681,1.933061580766953,2.5201200855946095,-1.5164438428300309,17.92606835810345,0.0
0.9944377035359119,0.25227149426055645,1.9345275714506127,0.8145483643538395,2.5611038242055724,25.541450403822708,0.0
2.9873188063027354,-0.7865444701687181,1.9317818370053237,-0.45217102281830057,-2.758605318424777,14.539197538024064,0.0
-1.9318610432066703,1.568792782997814,1.8521264574151,-1.2573715224170892,1.3586926160243502,26.46427207662084,0.0
-2.535997710869916,0.38272342912858076,1.6928865979452035,-0.25494808270684527,2.8432105839623194,26.563405148411668,0.0
0.33612735336200184,2.254617211193195,1.6973677798616733,0.47278129605813374,-2.381508113686811,12.310330694107728,0.0
2.1092742287652184,1.098358244098174,1.8451285446838066,2.694104482599546,-1.565482983186845,24.51237500675977,0.0
-1.4115800574327266,-0.047376349940879615,1.7092471154824227,-1.2690266314194958,2.4600421654609113,20.42922098481256,0.0
1.2591144568779409,2.8574707696938226,1.7085551757655544,1.7926826436824743,-2.6246560752041375,21.94529890443603,0.0
-2.642467953705711,1.201344161915606,2.0898304491977564,-2.3787681231183027,-2.7941193933563353,25.015917794073506,0.0
2.3423315718628057,-1.805561208435908,2.088669878875774,-1.2737021114069047,2.2159895718205287,17.166520522939688,0.0
1.4575544051774427,1.7323967865166197,1.928000201570337,-0.5634431941834005,1.1193740508403232,20.696675372468306,0.0
-0.6205539175419206,0.029460429942028167,2.0002819905996616,2.4476092425118265,-0.5248007055749118,19.315142740636695,0.0
0.27778580511261236,1.3070567339602357,2.0832654143774825,1.561285421997253,-2.822581560301081,15.933259330769895,0.0
-0.786237340016584,0.9016811246029355,2.081575210640179,-2.258516234556521,2.5378186047759117,18.117910921755673,0.0
-1.9715315006919856,2.2610148224103996,1.8297503113427867,-2.465317487411744,-0.46756977247322606,11.95990139113198,0.0
1.6311490204283288,-0.7133749286676501,2.082176385907905,2.5517226812719427,1.751497771000743,16.08133351728912,0.0
-2.397728697570453,-1.6839555167471703,2.0971974092365944,-0.07448715134913131,-0.33259398103425036,23.437686184261334,0.0
2.257439634898315,-0.03761297408447384,1.8353065216172992,-0.8650989659092242,1.0097166718546755,29.352670505251726,0.0
2.840967392382821,-0.7371792990079825,2.0695525579641494,0.14608077663375185,-1.1682247219079602,27.505981974315045,0.0
-1.9257267692942883,1.9365302563470883,1.8370164522721832,2.652309389992049,-2.73514308600503,20.77080616367196,0.0
-0.22584208220121132,0.7192633747320998,1.8358950495721393,2.78936902501084,-1.9294828998319635,26.664782539888837,0.0
-1.7190261561161229,-1.8539595958050263,1.8346931410421727,0.14306927053902183,-1.9759167323350075,13.261672578351497,0.0
-2.3044679179600007,-0.08472487007655422,2.0709447648303287,2.4009837780506182,-1.3341656036036968,27.34504791625724,0.0
2.9928973643869323,0.005835736702755216,2.0724203986320653,1.8995924075625734,1.0047428134165484,21.41375337243458,0.0
3.0,-2.2498082326119233,2.071890968901366,-2.3572653820701195,-3.0,26.0205275342552,0.0
-1.201158307880033,1.0503283924955478,2.076519013820298,-0.9078062100511043,1.3599614691405704,15.648106912988117,0.0
1.7590101704061356,2.991451773632514,1.2765609187144271,2.4058810241472033,2.664463627821419,28.716576329008845,0.0
-0.6621990872942785,1.867407176757114,2.074778331309568,-0.27382548968930853,-2.398448426317556,16.855665918875445,0.0
2.6732164206822366,-1.9236720674365657,2.073393130132126,-1.6518447496329778,-1.812439421746883,19.365400962634723,0.0
2.6097562637885345,-1.8355322485579142,1.7098921143229828,-0.3907773672226638,1.338580444265632,20.636825287434373,0.0
1.055340111388867,1.9773382251892888,1.8476072482243178,0.21542358906915182,-2.4963976914709503,15.211070453164995,0.0
2.483827019470733,2.698401016379427,2.0657844553850864,2.4637027595011967,-2.660034685694134,25.526752824189476,0.0
0.6905416475857706,1.2386574466286595,1.972891889294204,-2.9744004862106213,-2.4732834648876016,28.43090575111017,0.0
-1.4363718209244485,0.9988183601776853,2.092807219787375,1.791379747902177,-1.7833890028960788,12.167336543459024,0.0
2.15652274408772,2.6381185834469947,2.0939500612071815,2.376119465662124,-0.7336311459511285,23.568689197740774,0.0
-1.9693697602050624,0.15142000523345353,1.9684221228649978,1.4850285698795902,-2.560370738395017,22.38344059843008,0.0
0.33692830464370443,-2.23665558875401,2.0780308285591174,-2.40720258649917,2.808896374633933,25.942765026276373,0.0
2.552604886688596,1.645695613736784,2.0797363024641924,-0.20094641529600482,-2.1889957901170782,29.692134994273307,0.0
1.7806435426508254,1.123347881538619,2.0790589938315023,-1.7269384551758438,0.5594754799674553,15.941519534313041,0.0
2.938917108827474,2.556448562823331,1.9340287271952339,1.8517435910088613,-1.5454094846018944,28.030249770939935,0.0
0.07167674530975736,2.1721548744493,1.665183858720186,0.9604910760137726,2.50550770674129,12.456767944901568,0.0
2.5467564630888724,-0.8563553349507562,1.6635743628313018,-1.378158479050496,1.7155975045106326,24.070336621990883,0.0
0.20884125964335093,-0.6507806168952047,1.9801133820752526,-0.514350433725367,-2.604959636145063,10.926718788868952,0.0
-1.219062936389799,-2.619214942602914,1.9924187027981661,-1.5054147856780433,-1.9003275298933668,11.361172567541,0.0
2.617655909436707,-1.2096926580876517,1.995740378960138,2.5321785876389944,-1.683116880002283,19.534615756395397,0.0
-2.4359565324087584,-1.9965601820953376,1.5165774515589217,1.8279666221252382,-1.1527315712475945,10.288911256028884,0.0
2.366045264037102,0.4216272585851805,1.9612355458709727,1.4392247607347664,-1.941638370551442,29.649091560169044,0.0
2.998723335517382,2.1488318121985803,1.510853347122929,-1.7016254961452677,1.5038827710854257,24.456990745981095,1.0
2.5176242651671448,2.019855734263445,1.5096993141724677,-1.684231655910559,0.9087927726231559,21.767606686918825,1.0
-2.2204081526176145,-2.8746382719042054,1.5082519969573962,2.098742814681072,-0.8276483433362415,14.220327814464266,0.0
-0.5467379134879088,-2.28988801495123,1.5103629478821023,1.1951217520172683,-0.9696403680340921,22.425469977157906,0.0
1.6991392875715192,-1.545646064999439,1.5088317753366287,2.0294497093007386,0.2929260204444771,23.3985428898582,0.0
-2.7007672708026544,2.2993099277940723,1.5071728790704868,-0.06532416991837502,-1.06034348164869,15.677142342691186,0.0
2.4992408884357045,2.693562068741649,1.511585318906579,-0.4708467095973341,-1.4449097701455982,25.954127451971885,0.0
0.8730755805069388,3.0,1.8364172882017817,-3.0,3.0,19.93787141127523,0.0
1.8752310677090893,0.5354317439824082,1.50773505320948,-0.704217817112458,0.6608528957313698,20.143911374602073,0.0
3.0,3.0,1.7104223296946344,3.0,-3.0,10.0,0.0
1.6627853676718,1.3950509468312664,1.983602963819536,1.5227250831977779,1.486809796831107,15.058707547266852,0.0
-2.6512250926874468,2.8671034539067004,1.984925509723063,-2.2668882490876716,-0.09415562807193541,29.46551661162293,0.0
-0.4935365537485502,1.996324812463649,1.9824952980758919,-1.2704251731152065,0.37615703015548047,28.455100044799014,0.0
1.555784991567479,-2.3460935013551176,1.9859580747617538,2.5265988788599367,-2.8258169176419137,26.367628823420908,0.0
2.6444684239744576,0.04471703667628029,1.9974096698605055,-2.2147781770255666,1.5786396874757072,19.42514935930185,0.0
0.7166817693332261,-1.5340708216205423,1.8465987071429075,-0.5540312645411204,0.5421118300761761,19.45094020202943,0.0
-0.7555080609983811,-0.41793067178393056,1.977473930843181,-2.4578694894740485,-2.8705663864678175,15.35011076318468,0.0
3.0,-3.0,1.6662530950828207,0.6142752161173207,-3.0,16.532039441466836,0.0
0.9053789159637633,2.9601336174893755,2.080626908440451,1.3409515862521175,2.1954472745205944,25.197373449882832,0.0
2.531467046465305,2.9569454311474055,1.509183704394134,2.1736220275364575,-2.547772734503658,21.02350782841817,0.0
2.6669578988325147,2.8407976608570404,1.9308180409244873,-1.4441592450254332,-0.9643376553306667,21.9149507023934,0.0
1.6338169303840337,2.141370206905154,2.0845283915321375,2.02722459873753,2.3057124068198775,29.58583302835699,0.0
3.0,3.0,2.0674372614233754,-3.0,-3.0,25.772629530968565,1.0
1.5066605529114567,-0.6565497943215498,1.238677709174583,1.474620830033632,-0.8516548700001701,28.810406650704447,0.0
-0.31478243633020225,2.4732038188166707,1.7363765441211043,-1.1409697924257771,-0.3511038516485089,21.878346390630025,0.0
0.9174459407378083,1.10150385086455,1.7393842350492574,0.1827435754961976,-0.8030263535447908,24.868200280512525,0.0
2.8861813735245376,0.4011190253882466,2.1000801895620054,0.8751611623825252,-2.6469747156796988,20.378056047902817,0.0
-2.177686964361051,2.989326571498615,1.9226303236837359,0.2898308117372188,-2.2290644640309716,14.626969726788476,0.0
-1.5892383286286393,0.464636013347591,1.7376998229026184,0.5761288647020362,1.838562260467107,15.62359468125192,0.0
0.781285611000375,0.3964829024018027,1.7354920670634757,2.1453956200409237,-2.959127122168313,24.909977148808625,0.0
0.4649218284598289,0.9582050739363398,1.8267941237966703,1.3983661672110266,0.4389938239800381,20.42435259947454,0.0
0.5944683377660807,1.4066590665662153,1.9243269406354975,1.0099736573008988,1.0998878588119914,27.615787781847605,0.0
0.02077822311707425,-0.007806322380705405,1.92357162507362,0.3660712164201385,-1.5752527511631857,16.8311005742385,0.0
-2.058124483220481,-0.12870128825157917,1.2798022965553988,-1.0741401720093788,0.21217545827803677,27.867546233354613,0.0
2.92480737942914,-0.011901500346187997,1.850683701493557,-0.523697641347091,2.248098217605085,28.8278721158871,0.0
2.3596286427164745,2.722299264485189,1.8307906823942428,-0.5460409409228555,1.3559162926445651,19.417288003509054,0.0
-1.1606498839272785,1.54016391805294,1.6625705606746204,0.6267547734744469,0.1644283868250711,29.53458632937157,0.0
-1.8330590675985066,2.397915939716334,1.8498272535161795,-1.861068954183337,-2.2302684745200247,10.699218004794039,0.0
2.961036619475369,1.705671635798256,1.7094045786865455,0.213485670295253,-1.247558482753401,10.457232617712958,0.0
-2.5024371335551745,2.7800523735165314,1.7081843440133284,1.1206431657953313,1.476771267759829,26.335424467507625,0.0
-3.0,3.0,1.7103049623637054,-3.0,-3.0,30.0,0.0
-3.0,-3.0,1.7084058477024342,-3.0,-3.0,27.019537413628687,0.0
2.5552155619598946,-1.416702622436583,1.2345666731310956,0.36666779018148277,0.09381237710897117,15.675217746828697,0.0
2.706096601438551,-0.9410450446976022,1.8490433847784797,2.2706950726254864,2.776724055584973,27.235839437035334,0.0
-0.48281272464952013,-0.5887826486321691,1.2754815269134172,0.557718302930009,-2.3778887992945537,22.478007656395906,0.0
0.8287961784538485,-1.5330552137054614,1.9292921473896198,0.0949482700328281,1.8339267206229422,28.446766509309057,0.0
0.7603860453943535,-1.3384101959630998,1.5159303069347034,-0.2911058546746355,2.350843984951313,24.47897248005616,0.0
-0.010146006968981802,1.5237035320729915,1.5182642175780854,2.499879575431302,-0.7173797438062487,11.89975732725528,0.0
-2.3941345551991953,-0.34153696464699834,2.0878400179770793,1.4130754531672012,-1.0037247518314867,19.27354788269667,0.0
-2.5896583581415027,2.2295157578091493,2.0852905581580177,-2.879036031297016,0.45280165023894575,13.113662336483724,0.0
0.4116440190242814,0.32282894737214807,2.09839918593788,1.358643733421556,-1.5381265196289342,18.436759241736468,0.0
-3.0,3.0,1.8340023630083193,-3.0,3.0,10.0,0.0
-0.49075495608629016,2.662968690347682,2.0990633927296627,-2.9254819764331064,2.9672228917272294,28.412811165747705,0.0
2.0028860282644496,1.1484131586233397,1.2370943208649712,1.7784304392315045,-0.349024073523346,15.223393970633737,0.0
-1.2111243961449267,-0.038667888121525884,1.236033956798378,-2.5490190258626053,-2.119538085581027,27.347498402082852,0.0
3.0,-2.1672234447832173,1.2377894771494913,-3.0,-0.8189398080399949,25.909814226351887,0.0
-2.118122450929655,-0.9222154061072302,1.7089887559989199,-2.6871738121789606,2.2028041184723914,26.320468499781697,0.0
0.9119829703761122,0.2223281119359306,1.2780805108360476,0.916286014053891,-1.3700154971452219,24.186807248954956,0.0
3.0,0.3425408106469355,2.0970157047452496,-3.0,-3.0,10.0,0.0
-0.45116142360499595,0.09375490702126432,1.9595314004767022,-1.1143105115758398,1.4030183094868545,21.532232325317597,0.0
0.56044142753075,-1.6777470479202958,1.9570069494263618,-0.3306292882901296,-1.0344890800091415,29.201457729406865,0.0
2.756715121185229,-1.388778419639062,1.9584143717019493,-0.8898340441056695,0.2755507427556854,13.120231287023628,0.0
-1.8007225564259093,1.9895924281514268,1.9602577174999605,0.9819816067617062,-1.4612703896446935,19.056455280532134,0.0
2.1943912247570694,0.510435789896297,1.9327960639770736,-2.8222837803804084,-0.4857602451495212,19.763491132832346,0.0
-2.6156776645271753,2.325206220282808,1.9320289953396703,-0.9995455439699221,2.859609814023384,23.242646934015724,0.0
2.2352681736218663,1.710923734010376,1.8354529057575086,-0.6379521999287825,1.4347664104952045,12.994605690492472,0.0
-1.6852059724745945,0.092879898851441,1.836821635931921,-2.32057734892865,2.6344990008676747,26.4787497679071,0.0
-2.1863462293981826,-2.6304147187583293,1.8347995627298623,-2.1482568445319234,0.03375854448440071,26.768108288541754,0.0
-2.7940005816284454,-0.49233410747547385,1.8338570072675753,2.5456940986272865,-2.947520757321091,22.234252225634815,0.0
2.8309566743010928,-1.6615712473927626,2.0916418789296434,-2.2278079469216823,2.803416363134671,12.709176831244982,0.0
2.18206743887232,0.04119724653573782,1.8340386030952893,1.3987871882156664,2.93542102052976,29.52651286713996,0.0
3.0,3.0,1.8345944087026402,-2.337458961761442,-1.4301376139940838,30.0,1.0
3.0,3.0,1.8371984939428039,-3.0,-3.0,30.0,1.0
2.9848667267070073,-0.23877427304507415,2.090784688694853,-1.2226256589414712,-1.4822140592845958,22.528817366961295,0.0
3.0,-3.0,2.096318394567368,-3.0,3.0,10.0,0.0
3.0,-0.8850976343183308,1.7075566455496103,-3.0,-3.0,24.489290965175012,0.0
3.0,3.0,2.093570344465348,-0.717808851817553,-2.8584554037201055,14.98740429632437,0.0
-2.4991147117452166,-2.2579506130140774,1.6357857090910228,-2.498915052810066,0.2117839362811708,26.17872120187475,0.0
0.22490761198910317,0.41202162766090844,1.8512568954631277,-0.8015322294787489,-2.988245444910751,13.39660058817865,0.0
2.6511303584654518,2.1154822831769438,1.6433823007394153,2.9903021305529505,2.1240202053717288,13.438792903283748,0.0
2.679318666637007,0.014936346062085533,1.828374851770092,-1.8013204471852342,-2.387580605713217,23.879672431895923,0.0
1.6464353344266993,-1.7675153213454768,1.9751035597634061,1.8615945458078809,-0.4745742755485522,26.697763013664762,0.0
1.785262942254602,-1.5590183412637493,2.09954253974379,-1.9641492949175046,-2.599355241045882,11.320189673344577,0.0
2.7966603609683367,1.3576728637445898,1.9300202676158136,-2.9645917674047597,-2.7086928784892303,13.55417863115022,0.0
3.0,3.0,1.841198341450386,-3.0,-3.0,30.0,1.0
3.0,3.0,1.8431172424956057,-3.0,-3.0,18.395641486101674,1.0
2.1354600947211404,0.7258432850808931,1.8434771460963681,-1.7966967480080671,0.4616649986871155,27.73111850424584,0.0
-2.5506342746479294,2.7179720981187963,1.8444207447536733,1.2947016234422444,-1.938945808863875,19.637334392440387,0.0
3.0,3.0,1.9333558245332605,3.0,-3.0,27.399624749759774,0.0
-2.238116038261102,2.543110490141486,1.844087541848415,2.9076896754520676,2.9595905823562387,16.96569187646482,0.0
-0.969035560597292,0.053108154147641085,1.8427940549470285,-1.6398349885439292,-1.0185068034116056,11.310504288366028,0.0
1.0519129437192043,2.587594794848619,1.7072590384428505,2.6603925387190155,-0.9170805680474239,21.225760257121685,0.0
-2.1456425905316605,2.142961109740891,1.7097722939170512,1.7981551674856966,-0.09072709938957108,29.530697650569657,0.0
1.542214921327976,1.9514577129592263,1.7118596852275283,-2.804518242908492,2.9464949439517016,20.346596634497875,0.0
-0.20278099588787143,-2.119359373958437,1.712580095853115,2.4414763691141816,2.6244724226646325,21.715482194379693,0.0
0.11723403747344138,-1.3754799489907337,1.7103118691944506,-0.34071330741526434,0.25849940121778175,10.1601188156575,0.0
0.8972383066754946,2.425578261123487,1.7084831606812017,-2.7779461958928073,1.5728883984245665,27.454736058431784,0.0
3.0,0.7591884276304576,1.71053047837588,-3.0,0.5759547109531298,27.772119253278607,0.0
-2.7352261488555025,1.86163947727711,1.7142484216542113,2.6007436491937486,-0.42238661463613053,15.46338841159593,0.0
2.4359796843735007,-0.6108041839402888,1.510681682014771,2.7950647001919613,-1.7012199522458835,19.835122520255506,0.0
-0.0313398627155103,1.3905958076317058,1.7079234494094693,-0.46337458529946607,-0.22523849459658177,27.551225435244653,0.0
3.0,3.0,1.8326205127677468,-3.0,-3.0,20.27274897837106,1.0
1.7315203865951314,-1.5262284928323784,1.831144813249248,0.24702603105861018,-2.541695524098381,10.947105403678579,0.0
-2.5703168277156787,0.3021279401425049,1.5101063538312884,-0.7634099670954908,-0.5429168445070686,26.303708875589127,0.0
-2.074233530794939,-0.9851232309485977,1.7069242089502192,0.46386552485828364,-1.1877262016105685,26.589439539754864,0.0
-1.1706224479107166,2.890491399512353,1.5174668342549655,-3.0,3.0,29.628068387362024,0.0
-0.5616492935228826,-0.19123628101358237,1.5112563046064953,-3.0,3.0,17.491700417375974,0.0
2.019608049878435,-2.8763026956132047,1.9828197932193763,1.69645734792975,-2.9478011997419693,19.463352025425664,0.0
-2.1763169234517314,3.0,1.7127518455700488,-2.091724619381211,2.593491591706495,16.939595640008605,0.0
2.2850379488352064,3.0,1.5084978206921225,0.20369585599674114,3.0,18.042552481112235,0.0
-2.6431477385724107,-0.660445707293858,1.506564525051854,0.5577209710178965,1.85265905350242,26.113761047823438,0.0
-2.353167395887342,-3.0,1.5043022410488478,-3.0,2.627283274032352,18.327295419074044,0.0
3.0,1.8674146868040506,1.8304590786111792,-0.2567159833731759,-3.0,27.02822595536074,0.0
-0.6330001314166038,-1.1193013261727038,1.274091911275031,0.7547104992629872,1.9469143546664605,10.702208917660602,0.0
1.6908669257134117,3.0,2.0889000360706604,-1.8549348149641602,-3.0,28.29514695280581,0.0
0.5261437125636805,1.6373592272357411,2.089597158254176,0.8416677338881627,1.14016614097733,24.20605881909457,0.0
-1.7466793475505649,2.5752527254103663,1.7124665443973588,0.9466077864388198,2.8128175183023445,23.12940939513886,0.0
-1.1809143110858038,1.790769544364506,1.7081008958125854,-2.6979590876711432,0.17240439143528394,24.029571546373834,0.0
-2.4224165396741837,1.8562259290571235,1.7115483941079446,-0.7119908390117131,0.3690766717615046,14.854699611881607,0.0
-2.625072368423396,3.0,1.7108919038768695,-2.483165247305657,3.0,15.046632935296252,0.0
2.3694346515064906,-0.9428167100198939,1.8357666882031456,-2.2291910008835356,2.3548017160394825,25.259961917460455,0.0
3.0,3.0,1.8386651013143362,0.446426507609795,-3.0,29.585206403779335,0.0
-2.65698114127947,3.0,1.706365761193288,2.1642200177210285,-1.125551429819568,28.70090053304126,0.0
-2.4898202410683075,2.227952519151221,1.8391731851241906,-2.6835011114764367,-1.9051983514520991,22.926732177627915,0.0
3.0,3.0,1.8439500193392886,-1.6242053226200515,-3.0,16.460667767792863,0.0
-1.3145673490174608,1.6008182830766833,1.7076669625966379,0.7863425966732054,-0.6903055006671267,28.176402719812152,0.0
1.6220998238276592,1.400970754852665,1.7011149792301752,2.9230302910699026,-0.32859720687480287,15.987641351287962,0.0
2.943589475556697,-1.4753500921354776,1.9313595753478678,-0.32886350947840515,-3.0,11.330602995006709,0.0
-3.0,2.691346224434612,1.8454496040900539,1.203670823253454,-1.6603329026856755,13.490553188630404,0.0
-1.281281737002618,2.565089305876561,1.8363387648624432,1.9006180763690685,-2.061105352814806,25.86629786258441,0.0
-2.5804425916565816,-0.31375787551676165,1.9788974001064392,-0.994891856260702,2.7319713822325067,15.241271395006526,0.0
-1.1197113779038825,0.918685664433838,1.9809639235188643,-1.8535952258430624,-2.055627508958999,26.06817947920238,0.0
3.0,1.1737827299851047,1.7091275775297796,-3.0,0.4922625772863521,20.59365970781438,0.0
3.0,-3.0,2.086175087260553,-3.0,3.0,10.0,0.0
2.683872851831733,2.8827507840130906,2.0978800435517235,-1.9749310651898946,1.137060610701991,10.68782497667858,0.0
3.0,-3.0,2.0901070180271386,-3.0,-3.0,12.599059928178166,0.0
-1.7351842937220818,-1.0107480074507058,1.7086962603560063,-1.9007345745240525,0.19008094297286315,23.051260184563574,0.0
-2.941053987578147,2.1320559570097326,1.9350164839453594,2.5398628464652755,-1.834770813475639,19.191451833467212,0.0
2.374391788014748,-2.0690171554090666,1.6935208350663769,-1.5678597870632458,-0.7866089849728227,18.889492183289576,0.0
-1.6304896360491747,-1.518385725643054,1.691504415731625,0.832717239790812,1.1940300919906446,20.298789221987388,0.0
0.5852998310734376,-0.7086562769732603,1.6967337364435253,-1.1204932509173273,2.8621399938383285,22.54177034722433,0.0
0.7807501966164885,-0.5631371919233277,1.6984625419790496,-1.2385527394799793,-0.8687233881619977,16.75511987090573,0.0
1.4163530554804962,1.2876008968021133,1.9884046103869035,-1.1561317863121632,-2.8076773847606864,16.855569817762525,0.0
2.6278759843830857,1.301442466903178,2.097335342226095,-0.41512129893075184,1.9714382057140756,11.347554950629773,0.0
-3.0,3.0,1.8449963748734124,-0.06883128774410525,2.3513158784309316,13.129832822825751,0.0
3.0,-3.0,2.0884134720738197,-3.0,2.349683070048709,10.0,0.0
3.0,3.0,1.7054345448114665,3.0,-3.0,19.12748101841419,0.0
-3.0,-3.0,1.853612002765426,-3.0,-3.0,16.90274687431633,0.0
-2.10482435720245,1.273500024945904,1.9922787788035174,-1.4277142846913804,-1.279617198364226,17.96660855323413,0.0
1.783111465657841,-2.099534829166167,1.5119741939041813,1.5553766235813473,2.176525712719344,29.688218136187995,0.0
-1.6437905601514182,-2.339158084388707,2.082518290295917,-1.7977252266225399,-0.547924265633772,17.94122992860703,0.0
3.0,3.0,1.8312560327795406,-3.0,-3.0,30.0,1.0
1.6325841617825712,2.608663343105389,1.8276843551255322,-0.19289550340198303,1.7280414048287867,29.234064419629465,0.0
1.5513095312275487,-2.103348050179874,1.6676597505723936,-0.04498521206818179,-0.26278451654677576,24.474864422312287,0.0
1.170337685084301,2.104432303003319,1.704122895910341,2.979265253930479,-1.716688722629965,26.49061974541692,0.0
2.500884704630087,1.136872004013936,1.9925008180686496,1.6665763567511291,-1.698131079734271,16.388416708838953,0.0
2.3912971767374294,-2.9830923181594993,2.0738257254762495,-2.54292522821061,-1.4656110808545117,11.696086024593015,0.0
1.8683146491212301,0.25629219396585884,1.928289357744906,-1.1919044838674635,-2.9280112712256012,24.314278527927456,0.0
3.0,3.0,1.9735565389510141,3.0,-3.0,30.0,0.0
1.9959004291548008,-0.3571914631161797,1.927521717620001,-1.382102444437831,2.5027032701843925,21.792701011141574,0.0
-2.8644727178657177,2.246303420584659,1.8433398535040475,1.6239512349771021,-0.5241850903035167,10.939786994122837,0.0
2.8973387839804228,-0.00038012737136793994,1.8443432362706365,-1.2661125722076214,1.014701525057192,19.139472220743215,0.0
3.0,-3.0,2.100823456953619,-3.0,3.0,10.0,0.0
1.3754433146560416,-1.753412913322496,1.7384555340392394,-1.7614132562730755,-1.9513782504569348,22.469889423280883,0.0
3.0,-3.0,1.9882148981073846,0.7106804562265595,-3.0,11.027592144734571,0.0
3.0,3.0,1.2353590905519725,-0.8211140928257067,3.0,10.0,0.0
1.962413345460077,1.9939774175782115,1.7068491866062292,0.2990768395829429,-2.231505214321598,26.48788925656091,0.0
2.920319133705155,1.8838636044533663,1.8399135881268065,-1.908605209040206,-0.2115931971721499,26.954463072814054,1.0
1.074069809662778,2.0257586581780345,2.0520615098199637,-2.148706171804106,-1.1555539211924146,23.14974797927419,0.0
2.2855883819004443,-2.935606359531099,1.9922965511732516,0.05651120800812786,-1.084453406438093,10.60265999774999,0.0
0.4892225125789354,3.0,1.844465013225649,-2.5299637210412587,3.0,27.234734864959595,0.0
3.0,2.4352148528250597,1.9878635680903027,0.04743038448329499,3.0,30.0,0.0
3.0,3.0,1.83611395472045,-1.625680362856398,-3.0,29.83392660610986,0.0
-3.0,0.5509051819445089,1.9363316759670226,-2.216324464730522,-2.275795152681197,17.89547840332544,0.0
2.6671085284166245,-0.12572904445284386,1.7102017464112638,-2.4336393331811093,-2.1074072223880926,19.072391913922967,0.0
-2.483956830674947,2.610074830570768,1.711165265713778,0.8293704325966872,2.0886255143099755,15.444871168721578,0.0
1.2427377616279311,3.0,1.8442390819019714,-3.0,3.0,29.967431448532142,0.0
0.4549773598220465,2.824888152099172,1.835754226677115,1.4417461549059567,-1.6007584759708156,29.890477492029742,0.0
2.923643420641874,-2.596836015034398,1.7088162106167493,-2.232323910181747,1.8621024275336429,29.857749927891145,0.0
0.24224887983453652,-1.9324546113344376,1.836034045780026,0.5878155757968346,2.3667834787993547,25.45643449628808,0.0
3.0,-3.0,1.5080604288451054,-3.0,3.0,30.0,0.0
3.0,3.0,2.0787348762783284,-3.0,-3.0,10.0,1.0
-3.0,-3.0,1.9114482046864298,-3.0,-3.0,10.0,0.0
-0.5559819337979278,1.0250881868919188,2.0649383946677737,0.051532026416549144,-2.8903815969383873,23.932912213770116,0.0
-0.9178464256647879,-0.4937777850509636,2.0620682154310894,-2.0699592650597674,-2.1869664755418667,27.898428502019314,0.0
-0.2723817467519128,1.5179750354761583,2.061152306530657,1.0674538773281896,0.2392722413216846,10.558799446571827,0.0
-1.6498788045771278,2.13358521209846,2.0769708274358973,0.02661846116919453,2.5096306245771176,25.8179142248441,0.0
-0.40333218861230774,-1.7213753075370857,2.0761710039907415,-2.002620185829307,-0.9772327709436728,20.517046278409875,0.0
-1.8066112887145744,-0.09996182889184861,2.075120274791372,1.9216086939297345,0.4266347292438037,14.72572539086684,0.0
0.1561705321436988,2.3040429226183985,2.077151288306991,-2.7888094299599335,-0.33598432061789796,19.662384250186552,0.0
-1.3625694262705923,2.259865425058204,2.064778354369352,-1.165086772283857,-2.481066782816771,25.82758846201706,0.0
1.2214181357576124,0.2822667635017405,1.5110683290713243,-2.134147651190287,-1.8789926945324622,22.217624650883824,0.0
0.6534748865689368,-1.4420133375726605,2.0767559004971496,-2.606951227320471,2.156619140345685,22.858259625449417,0.0
1.4012635772017625,1.2197937861975197,1.2769078737973494,-2.606534248549113,-2.0422218268984427,25.781207557948722,0.0
0.458658326718166,-0.3843189847572626,1.5094011769847326,1.56090720661216,1.9354421546056932,10.222953491949788,0.0
0.5001857576536718,0.5294933036717574,1.9966822793967216,2.3744414906857854,-0.587043045382723,27.942259152031813,0.0
0.056763940128913774,0.8510116302485554,1.9935895642844423,0.9445889142188394,-2.143745856654187,20.48496591568098,0.0
-0.831819193359141,-3.0,1.9945167134792143,-1.5692832125102998,-2.1055788718777175,18.309908052474153,0.0
2.5106499624141727,-2.04821348860907,1.8423006468841858,-2.944389971523386,-1.4052283802185461,10.773866057479752,0.0
-0.2213923978037389,-1.8004855137278608,1.2788143259031275,0.12529620406525688,2.173393764589261,10.8006206358998,0.0
1.204289133316261,-1.8319643228636657,1.8479093654303889,2.424632473492161,0.0010552322750015267,28.999902982441412,0.0
-2.7172137224608677,0.09650018204577336,1.6638749817916183,-1.2952374389857302,-2.45071589038406,18.374133232888266,0.0
1.2730997161694595,2.902948676557566,1.6648716160802122,-0.3138235476985228,2.917143883352113,29.147961777045797,0.0
0.31446558846001854,0.853760500730143,2.069879268697202,1.1280255123250167,-2.3053724256775308,18.83072445631172,0.0
-0.6141917820487893,-2.410072296668861,2.0835611418297675,-1.5729354796751625,-0.019766633135658736,22.558141569974165,0.0
3.0,3.0,2.0655775284406745,-3.0,-3.0,30.0,1.0
-1.9759988134581274,2.860363746264711,2.077284324495168,2.635609849922684,2.066360933366036,19.143665400111086,0.0
2.9467299946755046,2.6824148628081717,1.8379980844519137,1.5075981771724196,-2.9914134234785568,25.857696530409626,0.0
1.4349105997484957,-1.476317603037258,2.075947710036004,-1.454228414561005,1.4736498262753919,28.2363670603267,0.0
2.091155611593037,1.7673019480680154,2.076936431925687,1.8755909961880812,-1.5740891584175254,11.346575926152191,0.0
-0.7805266465045553,-0.48353632338353136,2.070684956817641,-2.858966607955668,2.4032476152617637,26.070273201898626,0.0
-0.7028247650403003,0.8668018502556829,1.9798477820953808,-1.9211149141092556,-1.9908969140976538,15.513079148734462,0.0
-1.4820363843657822,-2.1766889583767206,1.9856223463373162,-1.979748279663386,-2.610228063923796,26.802701508481142,0.0
2.324299102760499,-1.8461131298811067,2.092560131009098,-0.17544911022092194,-1.2166103704365085,14.929598596955781,0.0
0.8550635645164427,0.9151399079946987,1.9891749666717822,-1.6044965293391418,0.0779642300829051,13.221038875782986,0.0
0.5929803219201544,1.6808818019725857,1.988750067384441,-2.1410292903309993,-2.6214898676144736,27.27465851589101,0.0
-2.0234790541759073,3.0,1.8300871815336464,-3.0,-2.500538303355603,23.11732520708111,0.0
0.575044158739736,2.887660276808061,1.8337773670499318,-0.8389447911593464,1.414343390324872,28.78643360595153,0.0
-2.13860144206408,-2.9053447548616735,1.9577981159626276,2.5665877942066486,1.3573615358016453,28.412425800595493,0.0
2.24432109307464,1.5035527360812504,1.8294683228587314,-1.9076850628405806,2.931470931223435,13.333338017089442,0.0
0.501552300418889,-1.884745914277577,2.0764070326577064,-1.4048454245673685,0.26961155290288596,26.59436459724627,0.0
1.1278763896048394,1.5725090053307245,1.983877430965094,-0.560882085350368,0.5575120412710365,10.17652860687179,0.0
1.5104483611261488,2.0796463678923534,1.9846795058617648,2.5599336502921455,0.12074508019486704,27.65371179259377,0.0
-2.323584802573961,2.4311457932957854,2.0765931070504027,0.406964156692803,-0.3037890693496724,29.444140579654043,0.0
2.4437373655279258,-2.53215863927993,1.9783026480107053,-0.5654515722866165,-0.8132125993566444,18.88062614476396,0.0
2.831297837177265,-1.462182364128579,2.0744985830699227,-2.302169972765689,-0.3356294238932839,14.096586633171528,0.0
2.8086727321182043,-2.0712429845206444,1.8429398457399873,-2.061433388769552,1.9472891626903925,21.645954417844408,0.0
-0.9687585267270322,-2.346710688008194,2.084314242955624,-0.0033023366066083346,-2.0477742244282493,16.67795322705132,0.0
1.6678490267323396,0.5994545324377433,1.84364821086826,-0.15592821742635601,-2.146350550742436,15.872639683010085,0.0
-0.724631107350326,-2.908607707818379,1.9726766653033498,1.7770394452426268,-1.2479024094189801,25.48848888804669,0.0
0.134980480657779,0.6141166290036693,2.076996024698764,-2.6077696860915287,-1.7018679536632193,24.637567898248683,0.0
-0.12575383029417586,-2.3857533239030486,1.8500403195366566,-1.9193460232088813,2.1932118331589874,10.45762995742146,0.0
0.6789584447291306,3.0,1.8505362246209456,1.751325550814067,-2.1970923321883475,28.775438888409386,0.0
3.0,-3.0,1.851380154287857,-3.0,3.0,23.090522650482164,0.0
1.0629889226758498,2.8056683224816514,2.0768572003372228,-2.2180204548498264,0.17360536205030924,27.780568502169412,0.0
0.6617953326520761,1.7470828879910716,1.8518086200386934,-1.139742216832782,-0.9865512920096902,17.408490766102837,0.0
-0.23506709198490117,2.295901509876074,2.0763105993685134,-1.8871715920695786,2.7229670959237207,23.97508058265774,0.0
-0.59423472992996,0.6460310935351238,1.8487841083572578,-1.9868928536615056,1.6648395782787542,26.908111540083578,0.0
2.4453415800946723,2.9593495828254426,1.8324514079416514,2.5066324396432558,2.1778430993714513,20.583230022925424,0.0
0.47660516894703286,-0.37663618730718396,2.062339654117495,-1.2476336138680129,1.5887115152739892,15.67540744504158,0.0
2.659809539522772,2.58512082099158,2.076638031527293,0.12428238748940819,0.8582727012060486,28.35878649445157,1.0
1.662948910724431,1.7225303441377438,2.0752434513940154,-2.473656330648598,-2.833756916063916,23.121082137405914,0.0
2.6296584962680645,1.7763515694962673,1.509001680187561,-0.7714506855641194,2.710953177546464,28.213224491426214,0.0
3.0,-1.5715529648851803,2.074942008603669,-0.100827333270135,1.120052985616388,20.41524811835242,0.0
-0.8053123614197726,-1.722157010342037,1.736634515771245,-0.6656855014318334,-1.8040036534448636,20.538703845116743,0.0
2.394296918044611,2.918664740187528,2.0770352360843534,-1.2313892190500886,0.7971822528102533,17.595067460683385,0.0
2.4026768923167086,0.623588613049539,2.0746768562909432,2.9837623881084547,2.086263416086844,29.785013189817526,0.0
1.8139822734468645,-1.9425429142692483,1.737457866900202,-1.6039097188531357,-2.110132326011166,16.670337069605473,0.0
-2.2693826896414286,0.9815521978146046,1.9976344871631027,-0.9318336074626984,-1.7155060571825054,27.128617929230145,0.0
-1.9318623374117718,-1.691895558524393,2.091836412794809,1.5725602535361656,-2.5349164082541233,22.448549038516095,0.0
0.8736244569893841,-0.5365582944805793,2.0693314030958554,2.586181045901208,-2.271818805197706,28.18794035893079,0.0
3.0,0.2478975283538248,1.8496514404522668,-0.12373530353631162,0.8578353048172496,24.302256922063243,0.0
2.905778697953364,-1.8416082086759296,1.6371559460141436,2.6936911948125193,2.447619963461467,27.681448792951866,0.0
-1.9816939335010069,-0.7263246577105147,1.6420261792660378,1.5291501393605396,-0.02628545216859369,28.188229026024647,0.0
-2.046132072202249,-1.1540250403742223,1.694044642009766,-0.5116797962964776,0.8299742312491535,23.441583358524568,0.0
2.26462135723384,-1.5595015048573058,1.696208332778397,-0.5730355831645884,-1.6644242230421629,26.924675137159134,0.0
2.9454804482832513,1.5398967786986635,1.2362416307005977,-1.2353811924181075,-1.1675459221629496,11.98225226961069,1.0
1.3890953964700825,0.49946886393893103,2.0000285518642955,-0.24482076255786864,2.9743436426998677,10.8897012706066,0.0
0.5850243013716676,-2.325046379381519,1.665445373697491,-2.6439186401333767,-2.709147558115148,10.27313406155208,0.0
0.46979011643446583,1.3162017097635825,1.277844122738197,-2.9113067584070844,2.397144471433803,24.12658104591829,0.0
1.8160240447560563,-2.162308344150759,1.8285915715316876,2.4103064891327137,-1.888945505084865,29.03390579147965,0.0
1.6204804136442004,-0.8154842907435634,1.2763006391940035,-1.1551542821942544,-0.4865727615447992,18.96070918471673,0.0
2.5868999514079163,-0.03829075088775148,2.098541421098484,0.766636128883959,-2.0866793953230762,23.547302661521215,0.0
-0.5813309415412916,2.5314735260115144,2.098940838292779,-1.503226690815133,-2.4180032551031694,28.698871315699936,0.0
2.614412163535624,2.0336560182979957,2.0578595211970967,2.782676806048615,2.1941242867779454,18.984911513079243,0.0
2.966855133667569,-1.7655254000612577,2.0771890479242123,-1.848644119623635,-0.24763753218927598,25.596817979700244,0.0
3.0,3.0,2.099589877136463,-1.2647825930222747,3.0,11.315695056387213,0.0
-1.9246051226145158,-0.5674512101714817,2.0561553975039426,-0.023222521994734492,-2.7940099746294997,20.573128789099048,0.0
-0.6810564435015379,2.7021309301686265,1.979097054852807,0.06546822449106561,0.13901623435298607,19.028508038295772,0.0
0.7832112443207822,-2.934736618158166,1.9885211048938745,0.2817057396804787,-2.9614646739281882,16.649919457847115,0.0
0.6034663472977359,0.0035299627031172673,1.9285108217720204,1.683924681305768,1.260181662177395,11.675672659836229,0.0
-1.2704554565697637,1.0849861059219965,1.9291128944744635,1.2100318439238493,0.9283308935223228,26.081828710343682,0.0
-2.0553451480000446,-1.8669486247758238,1.980356961628679,0.5744605645521674,-2.4044543601010724,11.831988896504983,0.0
2.334444452979987,-2.520632807590294,2.0890394962811927,-0.13463685161629796,2.006758878356808,26.868843114806133,0.0
-0.11285102866988256,2.5644807972602166,1.8421706785096301,-2.62242221539786,-1.6701280209520613,18.819536107121724,0.0
-0.32865371306381425,-1.3680068008556299,2.0885173237957835,-2.3285070477298953,-3.0,29.344443959728608,0.0
-1.9263790795017708,2.893393553379062,1.84163303221461,-0.23541299082545009,-2.108779046568287,17.643752225465413,0.0
-3.0,3.0,2.0976977602346976,-3.0,1.7933839940155105,12.533600966717364,0.0
3.0,3.0,2.089448605325801,-2.177597283591885,3.0,30.0,0.0
2.449999751599416,-1.8725852533348788,2.0876700616797996,-0.035849100121233164,-2.4750551841630024,16.526808118585322,0.0
2.7424888867207144,-0.10185876588318374,1.9294907824414698,-2.551640188033645,-2.5639416244697135,16.632238919585557,0.0
1.103315121195155,1.641221100221779,2.0871118297823332,-1.8818375133705545,-0.7404941575564719,14.51573193837008,0.0
1.1785922911870017,2.6191330411058864,2.0886518553962152,-1.5591963396460704,-2.867071143026699,10.582759943135281,0.0
1.4348418468752595,0.6574081005011053,1.9593101062366365,0.4728941473755863,-0.10904522442784051,20.48390622167648,0.0
3.0,3.0,1.839037218872786,-3.0,-3.0,30.0,1.0
-0.47775768205481267,2.733833887551694,1.5107478650611108,2.8563338171888426,2.7509074446675847,19.595294981928532,0.0
1.8811031285549966,-0.3015560629308162,1.5099901995820355,-2.3650387737781218,1.0602815428485508,26.318472867858265,0.0
2.2458783960429307,-1.9108930890197353,1.5123174619996236,-1.693922645949359,-1.7121537949343972,14.082848047567587,0.0
2.7339220374064594,-2.219784465830849,1.5102374685189248,2.195554236110586,-0.16565273303437247,10.349359708663687,0.0
3.0,-3.0,2.0879743756845435,-3.0,3.0,24.032742270955033,0.0
3.0,1.959874092483501,1.5084695180811873,-0.569952689681794,-3.0,24.920444330766337,0.0
1.5066782965479113,-0.6838948334734679,1.515326714016509,-1.7145599634282158,-1.7492025212592028,24.99922262672984,0.0
3.0,2.934412067030698,2.0896898757781117,-1.9663142384197816,-3.0,10.0,0.0
-2.187333649664989,-1.583318378721191,1.9585978577718357,2.642636369836807,-2.284752185079897,29.455375375315,0.0
-2.1668217552406013,2.1608737639243403,2.0902066465183013,-1.3009019044153223,-2.2084002550198494,21.269523289254614,0.0
-2.602227474063787,-0.16172875347465324,2.090551844577251,-0.30473286293537294,-2.3021896684872263,19.71796106383399,0.0
3.0,-3.0,1.5114001104334123,-3.0,3.0,30.0,0.0
0.47999626323666916,2.4709666185559,1.8432664189916808,-0.9194144507930406,-2.6164436997778653,19.187611336134644,0.0
-0.7638352730160434,1.5311599132085247,2.098287147250869,-2.9620084998930016,0.40448918653130206,10.455039342308634,0.0
2.2911948685640753,2.5555050166663347,2.0769603359279354,-0.8840431425249251,-1.2634253203122061,28.975311380373213,0.0
3.0,-3.0,2.0999051820057764,-3.0,-3.0,17.3244358005175,0.0
0.4479653820207715,1.6977513247893772,2.074075858838339,-2.5247800286080753,-0.9961743824546374,11.803961561523955,0.0
-0.44750080337626874,2.9256612129888313,2.0736184621467117,-0.11652408515434594,-2.493539076182195,14.339200865512671,0.0
1.7240588617625994,2.335672613267791,2.073037309069696,-0.7368891178870945,2.9979618701685644,10.954449564610476,0.0
-2.7733165589187823,2.633785725110851,1.8435404758115703,0.3311943250987501,1.870167405857797,11.781387538940956,0.0
2.397234348631181,-2.7742495097852298,2.075080395208913,0.23228912234571225,-1.3434857485610947,11.544167342097438,0.0
1.8262076560290972,2.667768370877561,2.0738597914965506,-0.8763627826607758,1.0902084475788965,13.326855849539426,0.0
3.0,3.0,1.8334537259975594,-2.3159025234160553,-3.0,26.608077175703244,0.0
-2.999993161811222,3.0,2.0747602894138257,3.0,3.0,10.0,0.0
-2.0298952927667804,-1.8431887973861387,2.073815867895239,-0.40043900436740226,-2.4731963795845506,28.61116053738936,0.0
2.8654791400315975,2.5501667967334964,1.8434676845224398,0.4507369925432532,-1.3824742265176138,13.331903324980258,0.0
-2.6489299288788515,-1.5940534396126527,1.8440909724239658,-0.34818728649454284,-2.454642930011528,21.6912353977887,0.0
-0.2271373160863506,2.9021213875078278,1.842332589867595,2.242293546789791,-1.9219761311842214,10.488306749056648,0.0
3.0,3.0,1.8302541159922296,-3.0,-2.9999999975584597,30.0,1.0
1.997269775606072,2.9839512974821445,2.0743601096943975,0.6700689197422971,1.6889844065582782,11.529452182684421,0.0
2.030560887595395,-0.2839357709211649,2.100261002754111,-2.8289089462701194,-1.790163190560601,28.21136292323642,0.0
1.2550575582174512,3.0,1.5087356152625138,-3.0,-3.0,18.807721554944557,0.0
-2.899678801300938,-2.0089292670396124,2.088261920046996,0.8909828552749383,0.8676622973213711,27.38633927045443,0.0
3.0,3.0,1.2335337790258682,3.0,3.0,10.0,0.0
3.0,3.0,1.8280159558615838,-3.0,-3.0,14.644373101738292,1.0
3.0,3.0,1.8255580623666396,-3.0,-3.0,11.899324750211495,1.0
-0.2676280718357971,0.40936809428839016,1.8206361956745591,2.7992600632770044,-2.6262376969093193,25.628120173934303,0.0
-0.2319256699654875,2.107123818500026,2.074488938432106,0.7425217729413978,-2.324173438549048,25.196385654038625,0.0
0.10578332978876277,0.6110471073604925,1.5102910719560283,-2.7916524612159535,-2.5841200424156714,28.208843373619263,0.0
2.046100804371622,-0.8389738104568785,1.9298037322976782,-0.14716276634906036,0.9089687144806653,26.337864165196308,0.0
0.03219887916578169,0.5470423744396795,1.824605786890776,-2.4150495949478366,1.2529912631369993,10.682826774309383,0.0
3.0,-0.41609439079035043,1.8230567685654948,-2.137553368354127,-3.0,28.414273064380815,0.0
1.0736291770580715,0.3364488066913544,1.8236464170052593,-1.602223869095294,-0.4306581230367742,12.652498516571555,0.0
2.352525718392104,0.16358938058533845,1.234814258572648,2.9335385349671395,2.8742697842011857,10.0,0.0
-0.6634177034258192,2.084977658619656,1.7331311300294054,1.477278502823797,-1.87634700795789,20.61549983180108,0.0
1.5042047276662736,3.0,1.707818633535154,-3.0,-3.0,30.0,0.0
-3.0,-3.0,1.5090130034830371,-3.0,-3.0,30.0,0.0
1.03033755545612,0.7880062172033195,1.9578216235245531,-1.249463283796098,2.823890910644226,10.40145438947405,0.0
3.0,2.9103971345757538,1.8270512369676837,-1.1638671766585977,-3.0,16.583415332768855,0.0
1.8302140574543757,2.4816795126948956,1.8321436969971132,0.4352846610908799,-3.0,25.04984543014288,0.0
2.3286798029075326,1.1767814411950266,2.0976657263300766,-2.0491470342156948,2.1800052157980923,11.64304798495976,0.0
0.3523207971111789,0.3425272170073324,1.9321676169564033,1.0709285273217564,-2.5066907130268516,18.191374212817053,0.0
-3.0,1.509834274552642,1.9315236205957516,0.3124963706425073,2.541438874461544,24.707045887803066,0.0
-1.977621729028392,1.4118964646600862,1.932659441495581,0.9521093701612574,0.05596701504211651,22.27507257524294,0.0
3.0,3.0,1.9337345116225368,-3.0,3.0,12.450989315168352,0.0
2.7208455759394985,-2.2117194026770575,2.1006368681076726,-2.5645948561256047,-2.5427028454074625,15.506861047821983,0.0
-3.0,3.0,1.7116898889855248,1.0407329229702087,3.0,29.20205628045852,0.0
-1.3593441945125533,1.7280831709782059,1.7079503641113751,2.1913625288441816,-1.0846007716302555,26.378496002736412,0.0
-2.6952603719044563,-1.338424397109417,2.0896160518468627,-2.163910747811844,-2.9065540522897892,23.08926359408896,0.0
2.410423999532144,-1.7599965037549634,1.9342601398270125,-2.6370081204047953,-1.5071426582933913,11.851780165084836,0.0
2.839992785194664,2.779630470546033,1.9314322519294715,-1.613068313757226,1.9019156159558657,22.41819779599422,1.0
-2.6172974970639635,2.310795090873656,2.0900381430217694,2.034671145882253,2.144470114082418,13.478751756028862,0.0
2.7067450822636103,-0.4625250633904351,1.933119746887761,-2.5495633177368227,1.2514381855529315,21.37105252667765,0.0
3.0,3.0,1.933034694267898,2.999999999852098,-2.999999999595358,20.421221281769906,0.0
3.0,3.0,2.0882684547617902,3.0,3.0,30.0,0.0
-0.7161843381347868,1.6186539108618532,1.9333306894372708,-0.47359544461075354,-0.8463283066021273,15.607812224196808,0.0
-2.8747108521969182,-0.07970136426513816,1.9338016098620099,-2.532775572498388,-0.19258645805812807,11.996915165231124,0.0
3.0,3.0,2.090411924238757,3.0,-3.0,30.0,0.0
1.2887966485678333,1.4830562690904503,1.9343064358051436,-1.8322987002034854,0.9784471182161472,22.060043780179807,0.0
2.722339661349852,-2.810761914800312,1.71006072867336,-2.795662796540927,-2.274989205983502,13.458295386690164,0.0
-3.0,-0.9368333081443087,2.0962475157981943,0.0013516594274636303,-3.0,13.949052851384558,0.0
-2.8461690667819806,2.61303334062613,2.095295746235303,1.2893396351090263,2.908102719498678,15.835516151913898,0.0
-2.3957471590620587,1.3300911748974664,1.9347156751196697,0.47345777637566944,-2.961299750107269,14.15656640168345,0.0
1.6769078735412521,-0.22381171724028767,2.1025720894125475,-0.8035191165271988,-2.8613200853715504,16.974537922485688,0.0
-2.633985288488385,1.944647875731443,1.8524303384787466,-2.90833683010922,-1.3862310472721622,21.631336008323846,0.0
-0.5789168450888017,-0.1434398669709874,1.7078755492674382,0.760978163022259,2.178019526780698,14.277152449453208,0.0
3.0,1.1269722178138697,1.9305630724592553,0.6370426625991301,2.95673112237406,19.323955523105106,0.0
1.8941305041108651,1.3777629319565747,1.9301970250116558,-0.6718923787525374,1.2075333933877153,27.941005026137276,0.0
-2.272526322846804,2.8254818521775227,1.8492626456205818,-2.89879916062585,-2.538881856879365,13.331913538083434,0.0
2.647863234348549,-2.143115086755462,2.101009230044648,-2.9357847020912975,-2.4606503700954505,13.66238668983787,0.0
2.6143075750915754,-1.402821641092512,1.663308015783279,-1.99889531774146,-0.8710561969613257,16.154896629590045,0.0
1.4041735687615702,0.8510101559171399,1.7094992864261656,-1.6009907643922612,0.1849680792825486,22.806084030047995,0.0
-1.4858696173103512,2.1997186842142864,1.7105688262079415,-2.5729076564049627,-0.48579217461613905,23.47293196458094,0.0
1.6268320928577507,-0.6799410898700949,1.7088773870690248,0.5053917957060202,-1.1953191191939438,17.048594580580964,0.0
0.0646107810875495,-0.010139477628387239,1.7085759054855145,-1.5007891000641422,1.5034311078913964,25.510351162307078,0.0
2.726197871086322,2.868583923215228,1.6446143224898109,0.6818892731991999,-0.25277563461873087,20.212930723832102,0.0
1.6172110449452743,2.6953901830821896,1.7107307794161484,-0.05516170788956239,1.3407567687111033,28.28366301734955,0.0
2.1200387367835978,-2.6863406965110785,1.9673600815576289,2.6788155637826456,-2.144754100386158,16.311311644166228,0.0
-2.789596536800651,-0.6217648583701992,1.634545184977156,-1.772190350201766,-1.1579528649156408,17.207813198681546,0.0
-2.021187265793616,1.024123482089247,1.7110349792618769,0.39061559052643374,2.200302465902419,24.35552850526878,0.0
1.1027343047529286,-1.981668062158803,2.0721340455393618,2.665791851650456,-2.673129399343564,28.138434535309663,0.0
2.929302862362861,2.7000266156642403,1.7103097934816638,-0.430578152887979,-1.7126969732347048,17.79000137026548,0.0
-3.0,3.0,1.8224248420751172,-3.0,-3.0,10.0,0.0
-2.5505006064244,-0.7815032376796672,1.7106629348564675,1.8513271746326851,0.6007301782575596,24.64164257914528,0.0
0.5221742334056985,-0.7777567581834628,1.8439457917062034,1.818358945899893,-0.23811603332852152,29.881990909030314,0.0
1.7958325417851375,0.7633870188241824,2.0929926421440204,-0.1763463600263983,2.544248538677094,18.57418623487639,0.0
2.7476383097738637,1.933827504552897,1.71065385723377,-0.2822016216363878,2.7905420078071668,11.45258281810196,0.0
-1.1996949090062243,2.839303303952078,1.7092380000929521,-0.9752714942343278,-1.6509688414341293,10.179864773622326,0.0
2.1720275543875407,1.0894431054134106,1.708962334900083,-2.2119109198640547,2.5948440480424604,11.606956482019648,0.0
-2.7354593370352296,2.5532049009677973,1.9337243977611434,0.7485045186132853,1.235289090076048,19.33456991811745,0.0
0.8495302097158987,1.8673174697948964,1.847361030686865,-1.263158213189467,-2.679034889825509,24.09835074674578,0.0
0.9212355293105484,-0.12083331317762032,1.709739282783269,-0.9978455233936941,-1.175337992020677,12.390252055185835,0.0
2.6692702969787603,2.638929281296207,2.0830400508256597,-1.734608897465829,-2.2766887020912008,25.792232440491944,0.0
-2.741074718564886,-0.8865842298741672,1.7111274190729393,-1.6929017665003985,-1.5340337510887903,13.50257032344682,0.0
0.3751809479807616,2.5539468520501765,1.7100356884294237,-2.8838066175762624,-0.5441772525133436,21.161770849801506,0.0
0.21226729495897614,1.5506147136741748,1.7103965596391482,0.9476113394742929,1.002638620135792,25.639865501479484,0.0
2.0770822266606057,-2.1134225903842605,1.7092781543360382,-2.746457611751038,-1.7441977735732936,14.861538555792738,0.0
2.291642488120084,-1.1551497730007947,1.7099828687980025,0.011160979820692472,-2.946738952056027,28.123615969793356,0.0
2.622039236673667,-0.8703881522442529,2.0631321754595286,-0.33845945883908385,-2.0898895391670753,17.610259782153015,0.0
3.0,3.0,1.9597259751103144,-3.0,-1.5380399457986405,20.058602600382144,1.0
2.4389922054689515,-1.9132629747305605,1.9604328191662765,-2.369975953560772,0.48000598220887875,28.80284857603109,0.0
2.003194797317489,2.6858449455048476,1.9607952578407377,1.1908853681559437,-2.277289791391837,19.846622035864673,0.0
3.0,-0.2284662256334008,1.9634982513797032,1.1327284289933996,-0.5737342741473634,12.782657660154936,0.0
0.8756752119744644,2.9619409482502004,1.9603853226177577,-0.8875202915207697,-2.9645599590996685,27.34162304581419,0.0
2.2571256809989864,2.991401995949794,1.9330500246432074,0.8668702714278792,2.567007955845081,20.840831517368255,0.0
2.1226570185356683,2.8378182530188725,1.9602227620274182,-1.425163135895516,-0.7212213135378581,17.226055745593587,0.0
2.290268236058141,-2.9168433654001147,1.9623415752567364,0.9269755545986285,2.302025983062053,21.06376943261353,0.0
-2.6237771443941824,-2.4844776783337155,1.9609944305962788,1.2070662408969788,2.6075017360434556,28.369383911966835,0.0
1.86542684250795,-1.7032020984144955,1.9615883054538086,0.279697039616725,-1.981657054303368,25.64766627468141,0.0
2.073896529684928,-2.9352131001090056,1.9834045766270336,-1.4045934716283237,-2.490357190266874,19.932972930462356,0.0
2.061222811522993,-2.7360335190589242,1.957708353282879,-0.24491722888504044,-2.1222740810971366,11.869222273566338,0.0
1.4180410321872159,-0.47893336093160666,1.9556242684191176,-1.5076654917981058,2.370211990243092,27.404824848170506,0.0
2.9877847018310972,-1.7997787103303184,1.9620312737220866,0.9232822005807021,0.5942846266908719,29.425719804754916,0.0
-2.82917572986462,1.4820213822788955,1.708509921561224,-2.191253250550206,0.43684225522457987,11.334531146567171,0.0
2.6099656527877264,2.8821956432836724,1.7092849509407784,-2.8068721076440575,0.22453618924916877,29.898678540890277,0.0
1.6112543498155065,1.341128713704637,1.708082783144582,0.500769291970046,1.1264947035249961,29.779438226107896,0.0
1.091729925169089,-2.1484934588012394,1.7084748102871232,1.8896825832647979,0.2970474369960412,26.099100809242806,0.0
-2.9174727641928615,-1.5156243106077119,1.8434658851180463,-1.993918134984985,-2.7885541592830467,15.423176982493281,0.0
2.3040870474848,2.0953484147260064,1.8448382933206549,-2.918489700815455,-2.5013654986295015,22.445559957607472,1.0
2.680843325765017,-2.9001810182502976,1.8457173526751274,2.3501163152820204,-2.334586129060528,22.489027926658306,0.0
3.0,3.0,1.8469915717676515,3.0,-3.0,17.36410410521142,0.0
0.7108046320593078,0.47596365001934016,1.8462462390312437,-2.0947686497350384,-0.796622376119368,21.717273653433693,0.0
2.4130385902069986,1.361989538747921,1.709178347119389,2.881587708288766,0.6412664259358601,12.05002023021517,0.0
2.2789336925118677,-2.6364182861508056,1.8454626723282912,0.37148975912682414,-2.1864012476416335,13.301260439411292,0.0
-2.9654231627466343,2.717458004575081,1.8460021448152915,1.669246921355056,-2.3602052106524303,29.93147437907439,0.0
-0.8822771551426328,-2.426694823835145,1.960827921174348,1.928962686773582,-1.117689530772996,25.738766687677895,0.0
3.0,3.0,1.845857491202811,-0.9785571588906613,-1.2315733893646723,18.760864961586194,0.0
2.9109165687461145,-2.9115743468634836,1.5104027735227088,-0.9194265234858379,-2.6485572300099984,23.79901832121341,0.0
-2.2235226353242075,-2.9910259649958597,2.08726158663347,-1.1657372785035178,-2.164495166705908,27.781639358567073,0.0
0.9021035392098257,2.27719857462787,1.508164504457666,2.329466418618812,-2.7505818537139493,27.926571828305885,0.0
-0.9535793848034498,1.973048744756155,1.933680134364112,0.400490179696528,-2.7391876356934373,14.466853406187823,0.0
0.9772177832365415,0.29351358548963197,1.7117543393400318,-1.8697755874544189,-2.3983608548812407,10.927109507664966,0.0
1.7418701497676226,-1.44946409745959,1.8446004204041655,1.477892300208419,-0.17384666473758278,24.783407998785343,0.0
2.97830392741448,1.4355035697876033,1.8455658385938483,2.9950580376371447,-2.3628381373293634,26.773044224977763,0.0
3.0,0.8789151580554792,1.9885530387328878,-1.2639516669824775,-2.848036373911898,24.09247658413556,0.0
2.439742240607587,0.5693034789265976,1.9611449057028452,2.717040047662116,1.2009267654073097,10.095799357788527,0.0
-3.0,3.0,1.738615290201966,3.0,3.0,24.743388569300535,0.0
-2.7126444012023305,2.5242087532302553,1.9331450699775259,-2.5298614926583114,-0.4364708372083776,22.338353705014054,0.0
1.3485556579422058,-0.9498734778511968,1.9348298231010364,2.243011299655235,1.5868646592636995,19.35241342643211,0.0
-0.5602804543529187,-1.6765135931300388,2.086917260426019,-2.2815090223173597,2.688300239164518,15.242892971742512,0.0
0.44001552485032297,1.6487402676021974,1.7111283969618902,2.5265028939853296,-2.6786940243514286,28.72570253936373,0.0
1.206908001720085,-0.07930178604480081,1.9237902719296276,-1.7661959233111377,0.48566882355166924,14.677529999564598,0.0
2.304045969299981,-0.4027009430936118,1.5117567308111988,0.09881138037157293,0.9324750872101096,13.721591354117084,0.0
3.0,3.0,1.8511822546542709,-3.0,3.0,18.307020683134912,0.0
-2.513460704948103,2.9081938500132374,1.8530956776222394,2.5052321344185544,-1.9821522192572094,15.435020507099708,0.0
2.7713759061883927,2.6986507306958076,1.9614086363227219,-1.6085615208331583,2.3167217759820766,12.057033992633292,0.0
-2.6082942031767646,2.4105128627329186,2.0974153680014602,-0.7319068384681553,0.06591048329052036,11.384147865321458,0.0
-2.98914489352946,-2.355209084489749,1.9334623272768363,1.0152393848582852,0.17527246743679376,22.999617251978574,0.0
0.8299677077913803,0.6514335378882523,1.8453729119521844,2.677783660761912,-3.0,25.422865953974682,0.0
-0.355432313157546,-1.4127318362898562,1.8468550222153521,-2.7378282937926652,1.8259665093940634,29.965516922783436,0.0
3.0,3.0,2.0847995077505277,1.8574462057856862,0.3365002029064285,24.769960610731328,0.0
2.808416117477622,2.326364965776487,1.9578448487891,-1.7707667503418956,-0.2443237360866345,26.577508772281103,1.0
2.222728509906836,2.2323032377990946,1.95609131481774,-1.7676881290073996,-1.5490420314789577,28.706021906874117,0.0
3.0,3.0,1.9551409964599176,1.56917277858533,-3.0,25.221051925323763,0.0
0.5782008239432117,2.80358783247108,1.9535086148771812,-1.9861014517880429,-1.9432148718256848,25.150192069193658,0.0
3.0,3.0,1.9565530024457878,-0.9857902631474997,-3.0,30.0,0.0
1.3110038226501226,-1.4777190905386508,1.957209785319681,0.40810186328030024,-0.8221502338487728,29.55179200830076,0.0
3.0,-3.0,1.9551960882573842,-1.0437770649801223,-2.897889309214351,26.44941547365045,0.0
1.5563784320603125,1.2801549091953563,1.95289801862871,-2.5135580874408046,-1.9955246475735275,24.57175424329573,0.0
1.1602257506723448,1.1223206423707264,1.9548097991436144,0.3016390504924946,1.733458325663276,28.11973698447121,0.0
2.280835422585569,-1.9373359687351375,1.9558176082706349,0.4722879921970517,-0.003656043230912862,29.512326961445133,0.0
1.7155871420572797,-2.5952097350807404,1.9549920534687883,2.4884721871004776,-0.4482823715869695,26.06549209972938,0.0
2.037612527579245,-0.2318162287659909,2.0031585244140624,-1.2041165371873608,-1.7119043794469897,28.142321525598607,0.0
0.5755682151098426,-2.3555085324430456,1.852119264148537,-1.2957603371883015,-2.2827240560151467,10.055010613058089,0.0
2.406829850462723,-1.219053648188274,1.9569155372724107,1.6254853086504844,-2.445178842411534,24.978611480404712,0.0
1.0986419048505351,-2.9874247993151326,1.9562861435519023,-1.32303366032512,0.871792080995706,24.233394762419877,0.0
2.9444224587232686,0.6087371226784022,1.9570297846111218,2.195975322377149,-2.1993947028818654,27.68506007596509,0.0
2.194532338808514,0.8499036500812085,1.9541156850257917,1.4932985094259252,0.7996827972174704,29.667567270323215,0.0
0.25118042951978475,1.746334202754413,2.0964901853962252,-2.856206579761178,-2.9117349557430754,14.379596322450825,0.0
2.9743732298459684,3.0,1.7379232478689022,1.7810597503737577,3.0,15.714886454070994,0.0
-3.0,3.0,1.7408847229694242,-3.0,-3.0,30.0,0.0
-2.082348966928068,2.833599054259719,1.9543823893542127,-1.6590407516530228,-1.1648930148293246,29.23062683454679,0.0
2.4488530443381853,0.8133598756533457,1.9617579963250593,2.448284879613623,2.3798634753191723,25.999198366828228,0.0
-2.334880062554577,1.3193667649292795,1.8457145982457226,-2.7355289034456067,-2.8725315208496873,26.786522590394682,0.0
3.0,3.0,1.2383237429220482,3.0,3.0,10.0,0.0
2.300045068715479,1.9699182825243073,1.661394227329152,2.67526667049206,2.6025279228089073,27.944173577695228,0.0
3.0,3.0,1.934194908873162,3.0,3.0,10.0,0.0
2.7023172924457466,-1.767176761886058,1.8365738105322094,-1.2015429036523262,-1.3376314121351989,30.0,0.0
1.4840163815799772,1.5806145526090736,1.9573717027045343,-0.9623589023497001,-0.7322151578780387,29.38150369249973,0.0
2.36958762067545,2.3324413806137616,2.075074985682702,1.5946822180755615,2.9265213978741764,26.27086892360142,0.0
2.2597794737627184,-2.054941558365833,1.8460936530681618,0.7103743978421313,-0.56965011299213,12.639543580413408,0.0
-0.20336582432515835,-2.9678525437558836,1.9556967640143743,-2.1892501289297632,-2.8776945777858574,29.46813563400648,0.0
2.8366078146872398,0.365301070048164,1.960274334067641,2.361989347309925,-1.8446022737507881,29.01538859387834,0.0
-2.0659556074360856,0.23817885464382096,1.9607463205076523,-2.706039408237782,1.14750572007482,12.841600772393589,0.0
1.6545264737796346,0.872935290306663,1.955107192577708,-2.2129943911688565,2.573870485088389,23.0176128812408,0.0
-3.0,3.0,1.9862814602612575,-3.0,3.0,13.217164977577887,0.0
2.114335916652017,-1.5123725730519804,1.992605407096726,-2.3967077577326115,-1.6543281766948976,18.113348861597547,0.0
3.0,3.0,2.071132252845583,3.0,-3.0,30.0,0.0
-2.986575069925502,-0.36485757270404695,1.9869850800455984,1.1885463639321063,1.3040772634935724,22.294743005048538,0.0
1.3992797244987145,-2.6196603141222097,1.8463724810204794,2.617413279300623,1.7552681963737746,27.54594247270282,0.0
0.15045784524571276,-2.208481447242045,1.9567526462280365,-1.0463528535309494,-0.9533775662110208,26.69993927005007,0.0
1.5823645768514694,-2.2420162094385527,2.0743427017106204,1.7975009410157197,0.015984930372499834,16.93197014280764,0.0
-2.945986262339436,-1.3136104264799249,1.9867391639103262,-0.04084072376872565,2.3239434219995196,11.324649772439448,0.0
2.288588357698324,2.3148536042299797,1.9686422690098104,2.5968675140708335,-1.253173267364262,14.719671054232277,0.0
1.3689547217197249,2.2187986063953797,1.9571543936623623,0.5222145740708322,-2.695551835098789,28.11344892293345,0.0
2.6711967502870655,-1.7244854945386658,2.0992177664181275,-2.180552167822932,2.902363069425134,10.025356592127213,0.0
-2.5912871985947863,0.8897715531679271,2.101605509272312,-2.19717114318884,-0.2730688720877677,23.404722878380568,0.0
0.22916225190697948,-1.6070381196367383,2.100834828463515,-1.0376154752590931,-2.587091079414189,27.845934486905644,0.0
2.0786090949325104,0.8874596782622968,2.099459132944161,-1.6202385098661765,-2.1259951596186193,22.37104464738377,0.0
-3.0,-3.0,2.101294017881416,-3.0,-2.9999999924336525,10.0,0.0
-0.6079444654976194,0.6932836267472527,1.9244929052081923,-2.314377988840959,-2.3755579817169754,22.880327554812112,0.0
-2.0911319966658257,-2.7056861526582585,2.0725981475642965,2.1463514229701715,-0.3114124532457424,26.63180047061504,0.0
-1.9522407192656768,0.9489415265251111,2.1001019560618306,-2.959033191506781,0.38230796568330905,15.777417354104394,0.0
2.361868324810554,2.5950414381853237,1.8440730122858235,-0.1616526660767234,-1.2084976534549612,24.754898517713727,0.0
3.0,3.0,2.0972310122067004,3.0,-3.0,30.0,0.0
-1.995128054576225,1.5156648327267743,2.0858369246162463,1.9111928384039543,2.4412168168448907,29.941604632190597,0.0
2.1374492432578336,-2.255629139365567,1.5107655504534494,1.1237560592538016,-2.577742112832606,19.312702883298712,0.0
2.9825807870998085,-1.450011228056506,1.9574775166775649,-2.432074325288255,0.15575028854270997,25.60458142033703,0.0
-1.705608984475227,0.14522913677071375,1.9559711075667212,0.25592988337818834,2.2934698407979397,24.730562732335002,0.0
-0.4804905184916124,-0.6898688522481989,1.5103224873217096,0.8849897729085362,1.7913272583196995,29.782764183272796,0.0
-1.069918763159992,-1.6974679399986667,1.9565644873170358,2.3792976867424085,-2.7587014490897883,27.382826070209415,0.0
2.413817071308848,2.172242655512844,1.5079333574699685,1.556111326437963,0.8315720736060341,10.158055176897815,0.0
-3.0,3.0,1.9859038627373036,0.018888636117038508,-2.0591815597581435,27.13555606583318,0.0
2.859280627891176,0.4671975065620917,2.063608090855858,-0.5294567166673558,-2.803149848720991,26.678422509180564,0.0
-2.766306566280998,1.7670945012211905,1.508938078294845,2.1728680601071457,-2.5315987100814223,17.954643901628387,0.0
2.8010911831159544,2.3990613630282422,1.710090736774424,-0.8933052383602585,0.05200623984583255,27.65898105515465,1.0
-0.028541400150910775,2.707745670796844,1.5103558378365947,2.9114775357334977,2.287925289996592,15.81172789252039,0.0
3.0,-3.0,1.5072491374293,3.0,3.0,18.917285635041576,0.0
-2.127883153376762,2.512603665220401,1.7088460716494742,-1.6629222388590448,0.8390460017840926,25.29621643155379,0.0
2.4552053508390945,-0.24692615116747427,1.5069005860802902,0.8740668354327872,-1.7868294350943508,12.54356416303754,0.0
-1.7038828497137295,-2.447794159893162,1.7113635503087574,2.1400106815607822,2.453529007610745,12.860209138653088,0.0
1.9550281375238134,3.0,1.8266499570700634,-1.5146024629480814,-0.956248750889406,15.735561330205906,0.0
3.0,-1.0194795862117998,1.9272550436186409,-0.5845997398107975,-2.4690160822802647,29.175400656466945,0.0
-0.18808875063173766,-1.3656558238129284,1.7145106446937348,1.3247529846479733,2.7623548118979606,25.950652681607846,0.0
1.8389014651638476,-2.2509424665284636,2.086347051702394,-2.877526827909225,3.0,26.136128845463602,0.0
2.54665897522695,-0.39842372615020494,2.0638575597543536,1.3300938830466662,-2.686049489157664,24.611109368733096,0.0
-1.7451082000562137,-1.983069656562397,2.077287706717029,-1.1936045153833639,-0.19396113311091304,12.75221030571058,0.0
2.947964059941116,1.2580999156144395,1.690837557382542,2.1714243507049957,-0.7628943662268137,29.548166035119117,0.0
0.008639608762976892,1.4491055716837429,1.7132388118326327,-2.1122677127753784,2.1822615195406,21.40489682627279,0.0
0.7519530512023834,-1.4097225958884925,1.7078524454457416,-1.038368672129029,0.8919223233669599,29.933037748648736,0.0
-3.0,3.0,1.739083047327931,-2.316979862511154,-3.0,24.560727541596517,0.0
-3.0,3.0,2.0855550763543964,3.0,3.0,30.0,0.0
3.0,3.0,1.9233137535944458,1.1350730088610663,3.0,18.690020879489836,0.0
3.0,0.150337718215743,1.9228911861899558,3.0,3.0,19.43781163380072,0.0
-0.6690764367121735,2.5400971303756723,2.0850992957996417,1.0715774695549658,2.0032865232359747,23.848644198430733,0.0
2.263743852371045,0.45038461826148735,1.9982999977417573,-1.8317950763260948,-1.2201615264422405,14.150744674427656,0.0
-3.0,3.0,1.999270711823345,-3.0,3.0,30.0,0.0
-0.592882400249604,2.3447184960008114,1.999773283720162,-2.1084443446971703,2.919782506222459,25.620452126359663,0.0
-0.28610166861137265,2.057010489045774,1.9558278258087982,-2.986449167117183,2.5823913212212695,27.23039531270598,0.0
-0.5748286961964034,1.24524651994424,1.9989335659270704,1.7009973487376464,2.5356139175720207,24.785101725985392,0.0
1.098546294153144,-1.3364330412894396,1.9971608829919383,0.4206311427040015,2.8267788485652545,28.340895108007558,0.0
-2.6739975931340725,-2.961688930991073,1.9989204353097774,-0.06910296555989125,2.033522279999615,24.511732950798336,0.0
-1.8024438153544164,2.4354803500824365,1.7081512601519435,-2.1394602893057537,-2.3485827393961984,29.012020232498774,0.0
-0.20687932393436306,-0.7343422392284459,1.994241264275942,-1.744307938897362,-3.0,13.223450270536443,0.0
2.894327667322428,-1.702613503147337,1.929656674200276,1.245771690707178,2.497971420586654,27.391390111891898,0.0
2.5816597772943926,2.616699468420172,1.8508609372612883,-1.400835697156586,-1.4184872569325548,19.067956880608353,0.0
-1.8120005977407692,2.2220973268509012,1.7085154420434914,-2.5267744131386216,-1.3139079976794619,27.583220764147562,0.0
-2.087528209433761,-1.8877189597051343,1.8519016149555219,-2.230423401079095,-1.0777202469894995,10.601105847994338,0.0
3.0,-2.964324295018908,1.9276302593982233,-0.28759243644566723,-3.0,25.482043418806256,0.0
2.9998344215626664,3.0,1.51129332999822,-3.0,3.0,18.445000715125413,0.0
2.6144564849451735,2.925569929367321,1.5105751374690959,-1.9562117806070993,1.4243460994113657,18.81280180605876,0.0
0.07334732879164693,2.969724507744154,1.5116402121097223,1.6276467969657635,2.836162333312344,28.20387045615523,0.0
0.8170963940702136,2.32097569240145,1.736162445530255,-1.0448516329714466,1.923056356405626,29.463712207650012,0.0
3.0,3.0,2.0887332100768203,3.0,-3.0,30.0,0.0
-1.3482970046794878,-1.5466080467267778,2.073137601854636,-2.2038384307826604,-1.166475759196086,26.755957788857867,0.0
3.0,3.0,1.9752231874890622,-3.0,-3.0,30.0,1.0
1.24651986290577,2.2500787544545147,1.977133505441679,0.14126700908083806,1.2918814780517947,22.815444636227845,0.0
1.677845685746512,2.6481042239825254,1.7078962914491045,-1.7823095712128385,1.9765820869915915,25.70095807351591,0.0
-0.3404051727499485,2.9784643677497953,1.9742782970857649,-0.7918343100600163,-2.338496415768867,19.09806671476378,0.0
1.1816465431404242,2.8496883441797567,1.9756076110423124,1.3852877250682338,2.160780073455815,29.3548306331889,0.0
-2.8605532462813006,-1.698502413023451,2.0877364458562657,-2.1432221828476092,0.9258132509321697,28.50024171964132,0.0
2.9394401166748283,-2.140378318738204,1.9772065070339029,2.18824045388319,-2.6890142787607667,16.880689312896305,0.0
-2.5363964738469043,2.0883968110648037,1.9999799201679287,-1.9904997251608458,0.9578317895782945,22.990970555380763,0.0
0.4733296383137806,1.8299027687761404,1.9574465530541685,1.4472845197440962,-2.5389212382440154,28.441548850564946,0.0
-1.8706994266875958,2.091289492257602,1.9565838600118084,0.731188866359657,2.1072514978853603,13.359767271973798,0.0
-2.6040863513666355,2.9145515273707727,1.9762915634220422,-0.46548201959704943,-2.7547106484965584,23.558602688786586,0.0
-0.5218947805615898,0.8452822980251938,1.9562917688960237,-2.1109886763972123,-2.3233962939970243,24.346670483210836,0.0
1.8997217164133382,2.3994863198039287,1.9761814403513827,1.8452205729280946,-2.7374101051892663,26.124221777341095,0.0
2.916403648956936,-0.39971105288933595,1.9572347747412464,-0.7288407898240225,-2.90138345505282,25.320150446338204,0.0
-2.44301606082164,-1.2096734445802795,1.9568723577905172,1.9645257776707128,2.876761515658508,16.31038732853231,0.0
0.6822458395174524,0.1934137283826209,1.509911190256373,1.6314324074081756,-1.6710482644036662,17.857671148663666,0.0
1.7063487202378718,2.7338921439904453,1.7079119136782681,1.7672314336641397,1.9874148046004552,23.959308988075776,0.0
2.1494095371781436,2.914308518611627,1.957145878785135,0.1074315983273459,2.0606755778351737,17.883166620452297,0.0
-0.06455186678088612,2.687098576819713,1.7081150621179293,1.9178057050482011,2.2955706169933916,25.482772880627596,0.0
-1.3248639281606398,0.9614514206350601,1.7079067532010161,-1.0979315838586632,1.1963669758627984,29.751943262188387,0.0
-0.7514047974908582,-2.380226065817334,1.5051511635798274,2.2651577205586118,0.9206451282285342,10.384390300927057,0.0
3.0,3.0,1.9764638028215178,-3.0,-3.0,25.360594687888995,1.0
3.0,3.0,1.9775934125050518,-3.0,3.0,30.0,0.0
2.2152647777003573,1.0276604299744991,1.9773775258507724,-1.4771417994303508,-1.3832688540080902,26.090090456845793,0.0
-2.6865552940870665,0.8317344774718353,1.5069322852311855,0.4428584052010074,2.4926361254629197,20.53103219294818,0.0
1.1490505416503913,0.2662572503011937,1.976750059880584,1.056765045231591,2.0436382570292286,10.414665512551784,0.0
-2.3254963952819923,2.0885496522718046,2.099729653754172,-2.6765569746446958,-0.7702056382441388,16.73566122256121,0.0
0.0055862064368001904,1.9430377686690627,1.978128922134628,1.20139449724152,-2.845704450811863,25.959137215017936,0.0
0.9040045082484905,-1.1875724823140028,1.9861487869965677,1.467588267012093,-2.2246221810421063,24.03619117801261,0.0
1.116526959559336,0.06078444284179663,1.2389626933670688,0.15587379362790052,1.2073862284388182,19.330753888189513,0.0
0.5522877869269226,2.566412686614791,1.9599263486043006,-2.267837468518372,-2.6367073598833044,27.777376578239107,0.0
0.8278876886657608,-2.175054409903401,1.7079165385522994,-1.1020726970541836,2.239598672618966,27.966053975151272,0.0
-1.388946197332804,-2.947145333318834,1.8517939728332458,-2.064831807203682,-2.820160166327651,19.1587891513468,0.0
-2.57826730838662,-1.6862124497604951,1.9609285742850908,1.1324692971720667,-1.5479649978148655,15.671007999969051,0.0
-2.566208199433529,1.8179610650677662,1.8540863290269949,-0.4991776998027614,-0.5595839336876486,22.968746950312955,0.0
2.563588289708235,1.1805850476765,1.9744013936988118,-0.004789791133818797,-2.8700419652326348,22.381601618911,0.0
0.08333926933359906,-1.278413865088195,1.707895948824093,-2.9974003300867547,-1.6531343153835836,13.07179921922867,0.0
3.0,3.0,1.234338714218166,3.0,3.0,10.0,0.0
2.5523403063737238,0.9748811394122686,1.9968589820606406,-2.4290600561761178,2.637641485692047,15.174481998333189,0.0
-0.13124850613742672,0.7612598520321693,1.9604261356314836,0.28126404284238127,0.4351683148720844,15.888078984422632,0.0
0.5164475816299232,-1.9413098666665993,1.74161376658406,-1.1940803580346282,-0.33547969483264434,19.28357349953971,0.0
3.0,3.0,1.98287496272256,-0.16647776164529712,3.0,30.0,0.0
3.0,2.2079054664998865,1.6628663460199182,-2.2874584166189567,3.0,18.56505986890084,0.0
1.891524079959577,-2.1507436927502903,2.0906290794798155,1.6115359201353137,1.400152082996711,10.599807722268322,0.0
2.5706899907757013,1.3800877013849653,1.9609412406810762,-1.813437360632586,-0.37248792595880814,12.169565918854701,0.0
-0.7041145415910756,3.0,1.98513508990356,-3.0,-3.0,22.083861605918685,0.0
2.362516707023862,1.6292294130492622,1.9807267724643862,-2.962283212924623,-2.856460499043989,22.817784696085628,0.0
2.86072085698862,2.186953034042317,1.9303108001792528,-0.19961432619655078,-0.5613737811677184,16.240880219254368,0.0
-0.341772421534942,-1.599363210947652,2.0868431049698453,-0.3932096684216848,-2.264477928614566,17.022169191662094,0.0
3.0,3.0,1.97712262303036,-0.6919720440265716,-1.5395086567490768,29.702588351099298,0.0
1.293561319687422,0.8530286450382982,1.977418095191477,-2.5381014613418746,0.659899028470325,14.957326291831754,0.0
-0.5087824694065285,-2.9456609058114744,1.9779786182044194,-2.900591192246445,-2.6429579409551742,24.617175573437066,0.0
2.816256256041261,2.3132001671490214,1.9965650700989386,-0.002173814758002936,-2.457284310544015,10.58724206086858,0.0
0.019499504396690737,-2.5207474807023957,1.9775386011347382,2.372170478071691,2.4942686527404785,29.973383157622933,0.0
3.0,-3.0,1.2324581816852058,-2.8507852287079327,-3.0,10.0,0.0
-2.579352394181796,-0.612473319341273,1.70890233675974,-2.8328576721901437,0.24570032758796947,20.44760499020286,0.0
3.0,3.0,1.278979818723556,3.0,-3.0,10.0,0.0
-0.06311873710602108,0.8890685903721806,1.8429574724050835,-2.982801672179917,-2.738022514731328,19.08247010749944,0.0
3.0,0.34928722257480876,1.9741069576664723,-3.0,-3.0,26.062568098574854,0.0
2.689371820529202,-1.4582873334631146,1.843659757764117,-1.1882727204191181,3.0,10.947863642740915,0.0
2.2615669669001317,2.5996406874127556,1.9236271871390123,3.0,3.0,25.028851335638407,0.0
1.77752412984873,2.319036385085391,1.9563531526815303,2.4801197481254076,2.6763042480207346,29.308994334655246,0.0
2.2051812759582408,0.6328321098376175,1.708107442774111,-1.5279439650441071,0.5753226084052594,21.978441771055333,0.0
2.406327179489473,-3.0,1.28150744069719,2.342358906375759,3.0,26.000711673420735,0.0
3.0,-2.7642768947002745,1.9603088751575641,-3.0,-3.0,15.06910328189524,0.0
0.8563565883727198,0.5617233136010906,1.708112697897083,-1.0148617459716844,1.4378458665258214,21.379571776785316,0.0
1.11892334854629,2.3101585739058446,1.7078948928986348,-2.199950752036585,0.29905716948682187,25.762002335750513,0.0
1.6517722957553307,2.9501445373264614,1.707914753754846,-2.70259790833272,-0.06432667764788731,25.15468239329313,0.0
1.6869046357280668,-0.5598637714561426,2.100100289076583,-2.933541693558348,-2.496819025781098,28.679255624784105,0.0
-1.9033610522554,2.6509746262662612,1.977739375201567,-2.4072179546363754,-0.5066349801215062,12.1184929945521,0.0
-1.87762652202755,0.6309060721925652,1.7079111467757644,-2.2858332327205835,1.3565531498281005,24.071027368560607,0.0
2.5539939874027637,-0.7183752549585227,2.1017051852580466,1.2842383658052443,0.8835818878780851,12.660198556037258,0.0
0.5551817311839198,-1.9128499500569243,1.8426738886780256,-1.2128907276139818,2.5113890575538313,10.681688489726373,0.0
-0.5445159510581838,2.601489949835859,1.7125952217476264,-2.1544547772146334,1.8133058126472954,23.957710689908918,0.0
1.5871833465098093,2.8881336554901527,1.7110342802091856,1.7824172495595167,-0.1962733832093855,11.69801268285291,0.0
-2.2240294169360326,0.15579165199589656,1.707907166212687,-2.8178216125075073,-1.4199619894066888,29.044362557498058,0.0
