,index,upper1,upper2,upper3,upper4,upper5,lower1,lower2,lower3,lower4,alpha,power,sample_size,max_ess,obj_func,execute_time,seed
0,10001,10.67586982595073,6.675869825950731,6.675869825950731,2.6758698259507314,2.6758698259507314,-5.324130174049269,-5.324130174049269,-1.3241301740492686,-1.3241301740492686,0.005656258793201416,0.898673856048625,54.44210212583968,267.9022972366178,2.0413261028450718,49673.68457865715,1511282172
1,10002,7.743454043528157,3.743454043528157,3.743454043528157,3.743454043528157,3.743454043528157,-5.344276826820462,-5.344276826820462,-1.3442768268204617,2.6557231731795383,0.0002772180615962751,0.8532512903626052,81.23332463160443,343.5606472622851,2.9467491602216445,49673.68457865715,1511282172
2,10003,14.011271332708995,10.011271332708995,10.011271332708995,6.011271332708995,2.0112713327089953,-9.988728667291005,-9.988728667291005,-5.988728667291005,-1.9887286672910047,0.022148402371020476,0.9046896356228099,39.6819432398311,198.40702334518483,1.4100753668752175,49673.68457865715,1511282172
3,10004,14.051209180539065,10.051209180539065,10.051209180539065,6.051209180539064,2.0512091805390638,-4.029455916704541,-4.029455916704541,-0.029455916704541174,0.8574480790697774,0.019997174705562504,0.9056891504556738,40.898159381526035,203.0306573945071,1.460854113743891,49673.68457865715,1511282172
4,10005,11.751008076654493,7.751008076654492,7.751008076654492,3.751008076654492,1.3382356810224565,-7.754210603478506,-3.754210603478506,0.24578939652149456,0.24578939652149456,0.08591316115705391,0.888588743197163,24.63556450208759,114.99216834050092,0.9648670210311682,49673.68457865715,1511282172
5,10006,12.901020986712602,8.901020986712602,8.901020986712602,8.901020986712602,4.901020986712603,4.901020986712603,4.901020986712603,4.901020986712603,4.901020986712603,1.9385912407544508e-10,0.024420105724820118,160.0,160.00008153581663,119.60033484881721,49673.68457865715,1511282172
6,10007,12.858756307294161,12.858756307294161,8.858756307294161,4.858756307294161,4.858756307294161,-0.137553187894083,-0.137553187894083,3.862446812105917,3.862446812105917,6.815259144030271e-07,0.831247593714952,143.67135293531123,571.1167984520638,4.8189696040588395,49673.68457865715,1511282172
7,10008,8.884904391528796,8.428565960559084,5.21333197365347,3.6817432349633057,3.6817432349633057,-0.9162024114103202,2.852223852278312,3.6817432349633057,3.6817432349633057,2.5823048666469654e-05,0.886478450827823,160.0,525.1150348273532,3.8196950070322,49673.68457865715,1511282172
8,10009,11.8652790050277,11.224597950359566,8.266194967485994,7.024151760165936,4.901020986712603,-3.3536067221404577,-1.0178356127016999,-0.5620728701102502,3.43792712988975,4.7261867644602163e-07,0.8987208112138456,137.45884472931218,677.2306575125223,4.778961854956363,49673.68457865715,1511282172
9,10010,16.974071020274224,15.439701535861033,11.901486830464851,8.901020986712602,4.901020986712603,-0.11411392819366117,0.5799720643736306,1.6553218178111888,1.6553218178111888,4.7460805026599456e-07,0.9176344843994214,142.71159059178706,433.16373227183044,3.2433304955813966,49673.68457865715,1511282172
10,10011,13.20460304226071,10.875179878927877,7.398582370841255,4.272667141338845,4.272667141338845,-1.262693580507488,2.360995382156358,4.002886227085748,4.002886227085748,4.244023214536219e-06,0.8507034859988918,154.45817845790333,556.4555363972668,4.369762024695876,49673.68457865715,1511282172
11,10012,11.202844410348856,8.495686815049568,7.60546056003189,7.338879785559697,3.3388797855596968,-3.53846840322682,-2.968536305365057,-0.6611202144403032,3.3388797855596968,0.0001666843960485754,0.9277771063522315,104.24070019756553,516.2869027050051,3.8510109044043994,49673.68457865715,1511282172
12,10013,6.61184684717969,6.449865871902921,5.278578491104044,4.656222317365035,1.8942042523248237,-0.00884931073370887,0.249220447946217,1.1701759833607905,1.1701759833607905,0.020764118921020334,0.8288608170036065,38.432857161995415,175.62864453289464,2.0512145275454596,49673.68457865715,1511282172
13,10014,10.411354869398796,9.714491777436319,6.869212178139755,6.311699762860026,2.3116997628600258,-3.8680931380224903,-3.8213837577792207,-1.6883002371399742,2.3116997628600258,0.00553571948532087,0.9115279050365721,61.31538298840271,303.7228760262917,2.2955663958979207,49673.68457865715,1511282172
14,10015,14.615113964322765,12.136888783626555,9.240375420016129,5.737284811518545,1.7372848115185449,-11.236278051123723,-8.093188195175594,-4.6333623311510825,-0.6333623311510828,0.04116845173879834,0.9036470815365429,33.268153449332765,166.29170655255973,1.0928441965425695,49673.68457865715,1511282172
15,10016,6.244835192290073,5.954359090076592,5.311983903350556,2.002676433041139,2.002676433041139,-4.9973361587815655,-4.614000763125593,-2.9048247710769575,1.0951752289230425,0.031700134295011076,0.9162253209681345,39.78208278404061,173.0492959548401,1.2148125053112553,49673.68457865715,1511282172
16,10017,9.794818522195598,8.112575085653921,6.353706989170127,5.071744935421837,1.0717449354218365,-5.208141799779513,-2.097952664718852,1.0717449354218365,1.0717449354218365,0.07293293558828486,0.867683994934361,30.728243390093514,150.01210214854984,1.215213294830683,49673.68457865715,1511282172
17,10018,7.7671464391369325,6.311292628993547,5.52086272927238,4.204722734577969,3.2419942525341847,-5.117878952764525,-3.4654509184019586,-1.685519833384558,2.3144801666154415,0.0005673703798983245,0.8566338780199818,67.62459870801652,310.33502667406924,2.679784395379155,49673.68457865715,1511282172
18,10019,10.808251131399595,8.930529120452842,5.033019882735561,1.8133069695935193,1.8133069695935193,-10.804150821876531,-7.457086111339478,-5.482812533577694,-1.4828125335776938,0.04873188776548469,0.9168349147063175,34.939574905185864,171.2213652681827,1.1546865395226433,49673.68457865715,1511282172
19,10020,14.98325727005194,13.655461800017395,10.395927382901455,7.818658633998273,3.8186586339982727,-2.7724887492288124,-2.7261917499818535,-0.9003741849051714,3.0996258150948286,5.771105268350554e-05,0.9176146669906602,101.16716379579678,503.9733919894134,3.701698821959958,49673.68457865715,1511282172
20,10021,11.317421223436984,8.983324417760256,6.024491337874553,2.4981581250659444,1.298780852699352,-2.5655380526447527,0.9097621061383596,1.298780852699352,1.298780852699352,0.03801028531955741,0.7881154996183589,34.10102963191581,135.67214736368774,2.831956567088297,49673.68457865715,1511282172
21,10022,14.012761826830861,10.440196570254791,6.620712421829548,3.7135610332106137,2.3691537680447015,-6.903401461695787,-3.1857750727816816,-2.4252548115828283,1.5747451884171717,0.008494045580159546,0.8775650899737082,45.763552855300404,215.77563629642765,1.7429308055020818,49673.68457865715,1511282172
22,10023,6.305689151671265,3.785546635278621,2.3865381303489612,2.3259400871261633,2.3259400871261633,-6.4732239499606,-3.142991064486603,0.5957832896450639,0.5957832896450639,0.018253710841183737,0.9005658783632866,44.79191889663958,184.35427942475877,1.3513517546367815,49673.68457865715,1511282172
23,10024,8.411574168455157,6.176928847321642,5.721958324149134,3.5915978673127285,1.5846719522820585,-10.957955769361826,-9.368221232872743,-6.415328047717941,-2.4153280477179413,0.05651975667843191,0.9085850382004917,30.637125245531415,153.10251736821596,1.0111233021693058,49673.68457865715,1511282172
24,10025,9.625221260578737,6.02065964117566,4.695222781310149,1.4566665005205446,1.4566665005205446,-4.342396301937037,-2.449038368065551,1.4566665005205446,1.4566665005205446,0.04446120660955181,0.9998230449294156,160.0,623.0810073709954,5.582833995772563,49673.68457865715,1511282172
25,10026,11.661475665784014,9.502471599933035,9.094982317123158,7.0527452336148615,3.0527452336148615,-5.576310182153509,-5.191468844600556,-4.9472547663851385,-0.9472547663851385,0.0011337918202251427,0.9008835411411328,67.78858219351085,338.93839589862193,2.566981999955621,49673.68457865715,1511282172
26,10027,10.39664284695389,7.2433404665019605,7.160002788482861,5.455529051854755,1.4555290518547548,-2.7698512609651855,-2.444339348359618,0.01994290604754423,0.01994290604754423,0.07152743009776502,0.9107659392694013,28.625994247171892,142.63162788742744,1.0145868091089882,49673.68457865715,1511282172
27,10028,9.141215835192398,8.484756996211797,5.9374394131633785,4.901020986712603,4.901020986712603,-0.3606177317468662,-0.055230192642835796,0.9010209867126031,0.9010209867126031,8.4309741852592e-07,0.8628358341704585,128.37900100796287,616.2795887755664,4.596208086153235,49673.68457865715,1511282172
28,10029,7.732151590015337,6.971186524321129,6.9693274574118185,5.3029119456643965,2.1165869430943625,-8.708533203430747,-8.497989714254235,-4.538076750735752,-0.5380767507357516,0.01714745904176586,0.8818054579889294,39.221465331372286,195.96823034125418,1.4886903194280596,49673.68457865715,1511282172
29,10030,11.624282624693679,9.125200351761414,7.132304231721062,6.996835917054849,2.996835917054849,-7.5089054832543685,-5.044632481337571,-2.0362464743433772,1.9637535256566228,0.001331769713371259,0.9033194060755837,66.93786568429695,333.84534848596707,2.532543865607215,49673.68457865715,1511282172
30,10031,6.998946467713973,5.689293657142478,5.093192375599553,2.360218905575531,1.4903003426152444,-8.134264406265533,-7.840131599756051,-4.408559802911766,-0.4085598029117654,0.06837400689017352,0.9004887456981429,27.686103137253056,133.8238307266837,0.9202227795168689,49673.68457865715,1511282172
31,10032,6.8978932820686465,6.161655025116024,6.022462206967766,4.681903502517999,2.194146537451748,-8.431566580222011,-6.184731083594898,-5.805853462548252,-1.805853462548252,0.014112426635880502,0.8913774773352438,42.31420283947087,211.52003887579562,1.5821691295709777,49673.68457865715,1511282172
32,10033,7.1230637943652555,5.8287111820125705,3.0475878686904467,1.583232530615051,1.583232530615051,-12.20303927733854,-9.64971809616321,-6.416767469384949,-2.416767469384949,0.07728306059194928,0.9269305677997031,31.32027359051837,154.5383051354533,1.229064830387666,49673.68457865715,1511282172
33,10034,9.99493611501399,9.663816684904496,7.616456560244141,6.902089191129543,4.901020986712603,-0.4817676182287709,1.1769124207771111,4.209108566503157,4.209108566503157,1.5452052917704182e-07,0.6421773601691434,128.5475820810317,528.838053005742,14.062747429024334,49673.68457865715,1511282172
34,10035,12.860724601294304,10.078617584435186,6.304405157585785,4.811379684157784,4.811379684157784,-2.053032337080686,-1.8547961011255305,-0.0019940953673565076,3.9980059046326435,1.2026766760242324e-06,0.9613681915115347,160.0,688.8189597007158,5.43440877203208,49673.68457865715,1511282172
35,10036,11.154262918212826,8.584767944673441,8.485310613294196,7.5800234915405,4.583739189809315,-5.738291106789998,-3.9745684986972334,-0.41819854975507287,3.581801450244927,2.122583420353142e-06,0.9362699141766766,136.1203290958186,674.3562852523094,4.962821870572842,49673.68457865715,1511282172
36,10037,6.170502535015106,5.771951258399524,4.216937574648622,3.973544819684597,3.973544819684597,-3.8356429951086755,-0.24888539836019863,-0.02645518031540295,3.973544819684597,4.288453382965339e-05,0.8623746376011743,114.89018348266413,452.02740152953425,3.535337369636469,49673.68457865715,1511282172
37,10038,14.394947971105083,13.671994966999907,11.244383662156405,7.800805008834322,4.901020986712603,1.0300809838058873,1.0516171149066902,2.3773676373726715,2.3773676373726715,4.346827800016538e-07,0.9085356589011577,147.43817078141012,648.2031264465622,4.601633167704527,49673.68457865715,1511282172
38,10039,12.849036556080222,10.655711753782281,8.631016616427694,5.46843258996959,4.677857361691784,-2.7484888935569245,-1.369072654020112,0.20577483966200294,4.205774839662003,9.087410869916264e-07,0.9244729033223427,147.21743529343578,658.3717867771029,4.748684796686623,49673.68457865715,1511282172
39,10040,16.607424702430162,13.582926778228519,9.924124899356102,8.616488919003505,4.901020986712603,-7.582153220873361,-6.358354780601592,-3.098979013287397,0.9010209867126031,4.766993490287539e-07,0.9612564722772152,160.0,799.9809453442239,6.1534403651956575,49673.68457865715,1511282172
40,10041,10.922534006654029,8.443866422799731,7.799382143375013,5.615490960577947,1.6154909605779475,-2.9529106577142255,-2.5094263626703306,-2.3845090394220527,1.6154909605779475,0.03355525171786761,0.9401581245098588,46.30935016324207,229.43256471192964,1.7786585379878428,49673.68457865715,1511282172
41,10042,13.32129035105931,11.098350476998508,7.700194850198821,4.901020986712603,4.901020986712603,-7.175433582313462,-4.371949577455589,-3.098979013287397,0.9010209867126031,8.437484846421708e-07,0.9630705294986008,160.0,792.6963493856458,6.140944187264084,49673.68457865715,1511282172
42,10043,9.030411991081458,6.82766701852542,6.770638390292781,5.329126189276649,1.3291261892766493,-7.005309612276126,-4.579848796829524,-2.670873810723351,-2.670873810723351,0.09190316980785891,0.8731487664662021,21.973090467120823,109.86204081890163,1.0945059408024256,49673.68457865715,1511282172
43,10044,10.510425819916245,10.428703030673532,8.402951268765726,6.021997801730972,2.9783275792114265,-5.098180822165067,-3.472085314596969,-1.9853666083228685,2.014633391677132,0.0014018153962225162,0.8655237407338162,60.62215608387115,300.3675463132629,2.495841023195973,49673.68457865715,1511282172
44,10045,7.542602896416378,5.55793164377068,5.4179331789276315,3.328262210054592,1.2417967230331255,-7.828684972712438,-6.45815364353791,-2.7582032769668743,-2.7582032769668743,0.10715414863120594,0.8675485574838774,20.0,99.91771092525686,1.3140655192136927,49673.68457865715,1511282172
45,10046,10.372461265193321,9.20921716314238,8.521473043288887,5.622887951229435,1.6228879512294354,-3.3645298695324772,-2.0634250093707065,-1.889487620630825,-1.889487620630825,0.052305934219060296,0.9026427961417917,30.688656505530197,153.41585225576526,0.9971385715071907,49673.68457865715,1511282172
46,10047,8.657436177156349,6.0299012114993875,3.9894607301594283,3.84785207260576,3.84785207260576,-4.137115793910035,-1.9837441978508812,-0.15214792739423988,-0.15214792739423988,0.00011944219684847075,0.8762895012785618,88.52623669445425,432.7644613345625,3.2776329114571126,49673.68457865715,1511282172
47,10048,3.6283031658932003,2.807851236085273,2.7440707962738777,2.687354383347955,1.9206166123136994,-3.4473164031553605,-0.6542440285307964,0.5842267663074385,0.5842267663074385,0.028287013741726312,0.8830496685340403,35.5211738449638,149.07633682633602,1.0840543291078948,49673.68457865715,1511282172
48,10049,9.721962426972446,6.226662680720658,5.4384545319716935,4.6380168717736865,1.7084332309477406,-8.417020441941075,-5.1390798559674,-3.8068278421958475,0.19317215780415253,0.04376283587076169,0.8815266440015667,30.09744261635891,149.67986226229368,1.0296085606900618,49673.68457865715,1511282172
49,10050,8.40764771526489,7.209247833720647,6.419166902476515,4.257232104492467,0.9308146934556316,-2.901487854092805,-1.2741846252787072,0.9308146934556316,0.9308146934556316,0.09550057136782282,0.7839207326609493,20.0,95.90232319955103,3.0183430195434413,49673.68457865715,1511282172
50,10051,13.196595256271566,9.945779018386787,8.916985924025944,5.412912278121716,1.4129122781217165,-10.361491952301405,-9.902944979742331,-6.587087721878284,-2.5870877218782837,0.07884075874215885,0.9158428028891757,28.035029298955124,140.1731424946064,1.0762442193627348,49673.68457865715,1511282172
51,10052,8.128062337638255,4.690127623005664,4.194426752100894,2.7336263442098527,1.233718051547967,-4.92565989232222,-1.5319604793956587,-1.3705411204120745,-1.3705411204120745,0.10858890719127871,0.9019618726249665,22.99794181110888,112.74117963000182,1.2611120443603545,49673.68457865715,1511282172
52,10053,9.804422539355588,8.611061658347156,8.131160103863367,5.296798653320334,1.296798653320334,-2.6309619727597733,-1.1521902776474573,1.296798653320334,1.296798653320334,0.045642527515071786,0.9943011509480534,88.62107831646428,433.0249916402171,4.182859135069047,49673.68457865715,1511282172
53,10054,15.519982378907955,12.866524710761961,8.920825404085479,7.432417669136673,3.4324176691366732,-5.93029162985427,-4.438989305460342,-0.5675823308633268,-0.5675823308633268,0.00029911272311098356,0.9062930143509951,81.24934068175764,406.22519076660103,3.0221526306205675,49673.68457865715,1511282172
54,10055,10.768031164483444,7.20062178570174,6.809357316731885,4.461553787387218,1.3112079961791718,-5.358395692175927,-3.7630248467337983,-2.1202844187752445,-2.1202844187752445,0.09489371165539429,0.9021035819375148,24.430183412402307,122.09911173500541,1.1034452228690728,49673.68457865715,1511282172
55,10056,6.880877562518249,4.822536026275079,4.604442990442331,2.2504805754068435,2.2504805754068435,-6.564159415403717,-5.833849457774182,-5.7495194245931565,-1.7495194245931565,0.01781296755259167,0.8934043449708148,42.206964281013526,209.10777783776547,1.5229333141927237,49673.68457865715,1511282172
56,10057,8.892476602758629,5.155310041100264,3.6315783817883593,1.7795662368187692,1.7795662368187692,-1.9311453810363373,-0.7173538103137675,1.7795662368187692,1.7795662368187692,0.02108145862418861,0.9161712370250106,61.05456753501321,222.34393509506612,1.6116175131761918,49673.68457865715,1511282172
57,10058,8.139552658327892,5.926827338582189,5.473691775449846,3.924154384445563,1.0840285803133203,-4.797228028147154,-3.314215629710226,-2.91597141968668,1.0840285803133203,0.09860287642016362,0.9168310883682377,28.624709817468855,138.6509751080305,1.3072649985422735,49673.68457865715,1511282172
58,10059,4.2940499721814644,2.777445314051712,2.163402716089627,1.5277831188701463,1.5277831188701463,-8.222791643010714,-4.472477590726969,-3.2545446597528143,-0.9622033535888594,0.08756279318163955,0.9072134215833173,27.33624057237241,129.94904550835625,1.0685278276730228,49673.68457865715,1511282172
59,10060,10.224316031240367,8.414349789136917,5.298696970635877,4.760033997031995,3.616178899876453,-7.82990424196785,-4.198258761550838,-0.49020819770607105,2.2235071650719367,0.00014880039841963296,0.8340380656278823,75.81088268242236,362.65382758853156,3.4063975138178213,49673.68457865715,1511282172
60,10061,11.212987845019608,7.891272267100555,4.220979187494421,1.3035493632155488,1.3035493632155488,-8.35411268950442,-7.054233244514503,-3.269364267572419,-2.6964506367844514,0.1272674897350919,0.8760579568116789,20.0,97.98859656225095,1.6443470482054126,49673.68457865715,1511282172
61,10062,12.535402135544786,9.46858309692896,6.700728807335556,4.654246123124438,4.654246123124438,-0.39449256929549126,0.6253898292187205,0.6608772050401619,1.7066771731200627,2.8355375326481818e-06,0.8206631711099981,110.75788013884704,415.8580556503045,4.053358450559939,49673.68457865715,1511282172
62,10063,11.947837283457597,8.177733001458165,7.3554821276625555,6.794090545776543,2.794090545776543,-4.994017176752566,-2.1481660687233717,-0.5676301016828194,2.4797873981241048,0.0018424734558631487,0.8584615301897467,60.48237719596839,300.5024340465906,2.5728959883073683,49673.68457865715,1511282172
63,10064,10.257192745331661,9.159957751887465,5.228312674491548,2.431534941263531,2.431534941263531,-3.2805705205441225,-0.03493891106185787,0.16620262543604092,1.6350017428360455,0.010708129766211067,0.9072092616286663,50.37350261827537,195.6977601056725,1.5155294369168417,49673.68457865715,1511282172
64,10065,10.627924691988813,9.202265675652786,6.248795294270403,3.9997836439435055,3.9997836439435055,-0.3374825403257429,0.6205140625490371,1.5629400382365808,2.7415600215534734,5.2394408804510175e-05,0.9151711438686126,103.47130638727528,378.8336255343347,2.877622241426158,49673.68457865715,1511282172
65,10066,9.166072726609453,8.633066377002141,5.359873417161107,5.323931021176769,1.3239310211767685,-4.981530318213357,-2.206464821895688,-1.9277818888872476,-1.5614964510759426,0.0927615015307435,0.9109119463122965,25.671660304716315,128.3209072474194,1.1326695026370448,49673.68457865715,1511282172
66,10067,11.670449348845109,9.680963694130977,6.747176503518334,5.38340269386788,1.3834026938678796,-3.6473494767795946,-2.0790532797104264,0.08857828468062312,1.3834026938678796,0.05525597837193043,0.9891493900850518,61.80276296930185,306.03948213084374,3.2147223640425207,49673.68457865715,1511282172
67,10068,7.9466314846620705,4.525441474275403,4.346126977923684,1.8020440578819257,1.8020440578819257,-6.420375841955147,-2.741859734929019,-1.1563975972829625,-0.3289314178774003,0.04989780689408137,0.9201467231812566,35.18534424169735,164.59000281370027,1.1303007578410265,49673.68457865715,1511282172
68,10069,10.330107582749987,7.7603871722103595,6.834572205451992,3.153214974183534,3.153214974183534,-6.36094816848145,-2.433124473769256,-1.3475537960770243,-0.846785025816466,0.0012760502633985386,0.9171310812189148,72.5586294558195,358.636895595963,2.737748882179854,49673.68457865715,1511282172
69,10070,13.425286389193591,10.029251639229276,9.376580340720569,8.901020986712602,4.901020986712603,-5.337874516612271,-3.7949707626280196,-0.7071961502829653,2.665849255123203,4.7668794723511573e-07,0.8832429672759776,133.62201955120184,667.8612224663653,4.761212798751213,49673.68457865715,1511282172
70,10071,16.089859384693717,12.502118296366689,8.60166003859127,7.484818965130384,4.3236601560587475,-3.584510576448765,-0.3433421467307136,2.4780839842830273,2.816109036389414,7.23429039148375e-06,0.8933587549456172,113.4101574928225,528.2346679090211,3.818834667223241,49673.68457865715,1511282172
71,10072,7.44121766128454,6.5328246326484605,3.4607320260791585,2.46314222745434,2.46314222745434,-6.725232967314066,-4.3479083329119845,-3.8479908428206304,-0.6909003626759564,0.010267813664616843,0.8915301321294482,47.477807468360254,231.76158154093807,1.7578938566376217,49673.68457865715,1511282172
72,10073,9.351960693620056,6.912691669224401,5.860372319734907,4.120560870142432,2.6824256972524845,-5.0519456664404,-3.9948718529660496,-3.8786470063328133,-1.3175743027475155,0.0036545413585656185,0.8790791869994155,53.4485631842485,266.88914923282204,2.129933956653614,49673.68457865715,1511282172
73,10074,11.016919515894413,9.393622952927045,5.876260946293407,5.718965967234716,1.7189659672347164,-8.856689330749743,-7.135564839529502,-4.244664177182647,-2.281034032765284,0.042810284350650776,0.9996500976094731,113.69572658009456,568.470032782287,5.226481993241894,49673.68457865715,1511282172
74,10075,7.991828609793186,7.407647271342043,4.420855694831377,1.229557937664026,1.229557937664026,-1.4255234480980545,-1.1973877316585775,-0.7694730822010454,1.229557937664026,0.10882743948754371,0.9998882981264329,114.64079576136824,455.5151371870671,5.026536598696366,49673.68457865715,1511282172
75,10076,10.572810506787036,9.788623210928844,9.198340551280559,6.427045657763877,2.427045657763877,-3.6722642271216417,-3.379483588697603,-2.2110500513698472,-1.5729543422361232,0.00761116978382522,0.9079603647188177,50.77040061796351,253.8478545976002,1.9335121014863283,49673.68457865715,1511282172
76,10077,8.461747529547859,4.587817762143459,2.7039328275155055,1.9597503168399124,1.9597503168399124,-9.603701125363713,-8.02121956258048,-4.608289124029504,-2.040249683160088,0.03578619747745496,0.9998336089045082,160.0,792.0445336884138,6.705676649485843,49673.68457865715,1511282172
77,10078,9.257917164730372,7.980383989789189,6.347855974817573,6.13312605385604,2.1331260538560404,-0.9659757319750448,-0.4730911923275469,-0.2062333113805881,1.7656920120988924,0.013183930498170243,0.9154288844682169,49.182162464385556,244.03282080650368,1.8287271583809357,49673.68457865715,1511282172
78,10079,8.04344874027307,4.512534055735905,3.9917652513534394,2.8891693535492946,1.4946494124371392,-2.1678986071633446,-0.2471457351716837,-0.028195051211950206,0.34680086986492453,0.0646213249712184,0.887061645898109,27.480670797003086,126.38275971529262,0.8786319260119337,49673.68457865715,1511282172
79,10080,10.724029230296598,9.745709201338052,6.927308184839794,4.805975787736698,3.8972909009731476,-5.417685612533762,-1.492738081754534,0.7127248117190716,3.8972909009731476,1.616131478294964e-05,0.9430219991713314,135.4799695528078,589.1297392749113,4.492251524055806,49673.68457865715,1511282172
80,10081,8.358383539124963,6.356189404689195,5.5227042514638525,4.7327801659938515,1.552708923979995,-7.8833454255904,-4.5805512234264825,-4.548483193743016,-1.2003382072692548,0.06024633648360219,0.8991800252844687,28.82715142737306,144.0465598617277,0.9507489933859535,49673.68457865715,1511282172
81,10082,12.827878997038628,10.726481981555347,8.736185311901082,5.542899879734758,1.5428998797347584,-10.215843576652318,-8.484949013258497,-4.758083774041827,-2.457100120265242,0.06142753475362769,0.9927212106127022,57.28756431625401,286.4339355621877,3.2035453552936253,49673.68457865715,1511282172
82,10083,7.854644573166409,4.568415246999644,3.577625919612668,2.4748432143981116,1.4167138048171488,-6.977781584715706,-3.6912773564092944,-3.645086963625963,-2.5832861951828514,0.07836846993295095,0.900969489794289,26.321059508847853,131.283399668566,0.9758637937012189,49673.68457865715,1511282172
83,10084,4.209366533045896,2.898161674757927,1.6789456400234006,1.6415718889349267,1.6415718889349267,-6.0908773881927925,-2.275993957549125,-0.5033949818467007,1.6415718889349267,0.06895202305553765,0.9581567992798719,48.922345480693096,181.68326769546547,1.7553520486221104,49673.68457865715,1511282172
84,10085,11.898411570946184,8.076081059900696,7.496071310819904,5.3294898826523776,1.3294898826523778,-3.720288411390235,-0.7033006061347955,-0.6865987074602702,0.6059393909403936,0.0881687203377396,0.9390374878671286,30.744310610538456,152.1316429754436,1.4463958210072294,49673.68457865715,1511282172
85,10086,10.352390794828212,9.73695713768891,7.565907217861269,4.454024475292582,1.4016613152108672,-4.702374995882594,-4.210723295117652,-2.4981160157812905,-0.41858994621187784,0.0805067603011393,0.8947107632169783,25.352717877325283,126.38453292994734,0.9676575776853045,49673.68457865715,1511282172
86,10087,8.44817130986922,6.719922667450864,4.649458871578114,3.0333638166874852,1.9828614483499234,-5.046625886963818,-1.3591630315912726,-0.9176477248955608,1.1933539844717558,0.022835133077229768,0.8957137126156987,38.47116389879973,178.25063904997913,1.2729344075204982,49673.68457865715,1511282172
87,10088,5.458825581775236,3.3820910146066954,3.320374150896453,1.5807996982872543,1.5807996982872543,-5.917397770142898,-2.8532939361131033,-2.6926771054665863,0.2053955006522452,0.07761577018306781,0.9103268959497336,28.942322694202584,130.17861856226196,0.978495417802614,49673.68457865715,1511282172
88,10089,11.742516580262562,8.86808794213804,8.689478998938995,4.981407612788548,1.5843567134098617,-2.9605258537161,-0.45299744758107763,-0.23012367041508464,0.37836776750001366,0.05541078146706537,0.8964771590252902,29.680561038319375,145.7197549019199,0.9517420163946843,49673.68457865715,1511282172
89,10090,11.503116889485586,10.313882501405383,7.935655598271141,4.038001222505324,4.038001222505324,-6.89791445998352,-6.3122423632306806,-3.575782220472549,0.038001222505323895,4.541534604609687e-05,0.9960481506937681,160.0,792.6964267844937,6.9491338756149785,49673.68457865715,1511282172
90,10091,9.348482311793024,8.424302065312169,8.293445880825152,7.055733308652506,3.0557333086525063,-4.280651666585483,-0.8899573409518577,-0.08401332467398781,0.3664023901573552,0.0011224535441143007,0.8939007284358182,66.668005337869,333.2190396791789,2.5356643053352013,49673.68457865715,1511282172
91,10092,10.20675676566695,6.29785674533016,4.120539781810434,2.904053218333271,2.904053218333271,-1.809941920022446,0.06259610849180763,0.2840171356271268,1.6524452209104699,0.0028270851166935333,0.8735582345982281,57.634005855485974,249.10820740797976,2.0668214762226684,49673.68457865715,1511282172
92,10093,11.652009395865822,10.736311167673964,8.211254995631457,6.426203880329749,2.4262038803297488,-5.627411096864221,-3.1087927888204163,-2.451507768658267,-1.5737961196702512,0.007628848039979554,0.9998871662168959,160.0,799.9884551031394,7.004462749123693,49673.68457865715,1511282172
93,10094,15.212364613314692,12.832166533418606,9.529841868773913,6.178305089337167,2.178305089337167,-6.4626712270057105,-5.750325416509972,-4.309725240105313,-0.9263893833600982,0.014691665258953816,0.9052723538133621,43.86158691282969,219.29066041858073,1.6190461538482241,49673.68457865715,1511282172
94,10095,11.129690755020345,8.221117444674986,7.911657560027806,5.496311996709385,1.496311996709385,-4.933865065390734,-4.862499810454492,-4.836950352899321,-2.5036880032906152,0.0672861848194192,0.9994871362644194,85.05686517847101,425.27867631783505,4.330659255573002,49673.68457865715,1511282172
95,10096,12.216939652109152,10.059412832387315,6.82870354085555,3.2291027151640037,2.018785401041706,0.8959586203068055,1.130037571547662,1.6846128350082883,2.018785401041706,0.00659979059616219,0.8171594632668776,68.07026246520255,203.79828910749023,2.670294004935437,49673.68457865715,1511282172
96,10097,4.6352166170961,3.8540384973503716,3.4226706770609274,3.4025738458571073,1.446801785369965,-4.939075311007408,-4.573545606207723,-3.804643326013789,-1.9181648415065695,0.07398245685685212,0.9049186488939042,27.389018129517737,136.61721418800124,0.9786553859696357,49673.68457865715,1511282172
97,10098,10.728875502244463,9.110977986403038,5.703404039601098,2.753774032444592,2.753774032444592,-1.2098497114626432,-0.9363436734320576,1.484792286811921,2.753774032444592,0.002897377378635241,0.9992506976641695,160.0,634.1736244847787,5.9745058755251685,49673.68457865715,1511282172
98,10099,4.555136460394079,4.2568881696059,3.75748313881589,2.2155168409968047,1.6187451281183718,-7.104238337349624,-5.1457131659801885,-3.2589159209674206,0.24106547450989124,0.05397021590332988,0.9067651961817157,30.996474952515282,144.82543862020339,0.948999255749492,49673.68457865715,1511282172
99,10100,9.51216768956631,7.049412239397312,4.291221745960279,1.322040775926346,1.322040775926346,-5.5215959327788235,-5.47377251742316,-4.882710930737676,-1.3850317018197777,0.12338923570495776,0.8721375233158559,20.0,96.47513510475957,1.5757689113933069,49673.68457865715,1511282172
100,10101,13.056451019539885,11.713312242414151,8.927581567324417,5.301799066661262,3.2411058367589876,-5.810485670467819,-3.513035088514693,-3.1943706982205464,-0.7588941632410124,0.0005953343351202321,0.8844044460108862,70.92910455892942,354.469502871586,2.713264502275734,49673.68457865715,1511282172
101,10102,8.840758539040278,6.715621137745617,6.335673134113206,4.8327083521490195,1.66991085339604,-5.6318355028662985,-5.088443157416678,-3.071524260233554,-2.33008914660396,0.047468494203748435,0.9077887610673634,32.34381299489462,161.70687858918703,1.0593672810325463,49673.68457865715,1511282172
102,10103,8.354673906800405,6.726784870015464,6.645299462072379,3.2774910838877886,1.4181861798245532,-4.453009518055674,-3.4561649085690007,-3.330447203712162,-0.24974458932152843,0.07806214883275114,0.8940724389864328,25.60364385155129,126.0219227983538,0.9443381311474207,49673.68457865715,1511282172
103,10104,12.174680594622032,9.294358788930863,9.191359536820393,8.329496858966671,4.329496858966672,-6.158424060154624,-2.421367159563631,-1.257204658376744,0.3294968589666718,7.472520101116079e-06,0.8975183593514251,112.77709670537804,563.877857095815,4.04420658571116,49673.68457865715,1511282172
104,10105,9.429665090403818,6.105984909468393,5.522137862512026,3.8195185479792455,1.6212597571168958,-0.9626655876391779,-0.922487799758992,0.011927484907852781,0.539043014092744,0.050731315462778925,0.8797400844944125,29.092509613458535,139.90282427839355,0.9709354858717437,49673.68457865715,1511282172
105,10106,12.165523925551499,8.889818542814625,5.431613325335599,4.567299521640954,1.7798062450100043,-7.576919425549708,-3.648746936122408,-3.3636125718055805,-1.6004207685542131,0.03755381967281445,0.9015647303493188,33.943519104984205,169.64625681755948,1.1247887429785834,49673.68457865715,1511282172
106,10107,7.699310619716466,7.496221813529459,3.752667200627089,2.1053973230120784,1.3835399606595933,-2.1112977038402425,-1.3666622173715883,-1.2603326594739548,-0.13012263867550478,0.0840676797535052,0.8888905916591971,24.379866181474654,114.0609005192001,0.9378696822246633,49673.68457865715,1511282172
107,10108,6.693223851687347,5.919114698784307,2.12774711967838,1.8679124925729613,1.8679124925729613,-7.383822786618228,-4.699479833906614,-3.988944032882668,-2.1320875074270385,0.04778962370704612,0.8813618525808709,31.281721050164702,154.23018143410764,1.054826592116708,49673.68457865715,1511282172
108,10109,6.723274205491033,3.7662748416925096,2.299476664898751,1.9405152808956025,1.9405152808956025,-5.380045772033444,-3.593407616057374,-2.1218974411371,1.4785641769572582,0.03612216459540126,0.9647252044038817,52.31580888367247,212.31572886759892,2.052812448888943,49673.68457865715,1511282172
109,10110,7.611999535241621,6.372145170724937,3.518420732703286,2.044815377508071,2.044815377508071,-4.831233714231089,-1.9534965737895957,-0.2823502708934309,2.044815377508071,0.020438371057913098,0.9917674109418952,88.8205122829344,350.124379024751,3.704173673624407,49673.68457865715,1511282172
110,10111,9.204944999976203,8.770104033513109,6.3332564518503,4.377454025777274,1.4149871795637698,-12.15691250794159,-8.813666761291522,-6.376445001523434,-2.58501282043623,0.07853607787973574,0.8918546660751293,25.313024152641457,126.55213934996603,0.9567236643301459,49673.68457865715,1511282172
111,10112,13.352471663593773,10.03604658246131,7.832525491196892,5.132488988890042,1.1324889888900425,-4.123728084804457,-3.0959997449989594,-0.9174641955181568,1.1324889888900425,0.09029506996925898,0.9669662981965867,40.726472964927446,201.76727849695072,2.250479611431146,49673.68457865715,1511282172
112,10113,10.020562377364683,9.866703581801692,6.738972106302578,5.443751589741786,1.443751589741786,-3.889826860100415,-1.9933281713051765,-1.793216320288521,-1.0305088591951288,0.07440185438547388,0.9455384422673533,33.421663696216925,167.04795068923377,1.495131903094697,49673.68457865715,1511282172
113,10114,10.951151576138496,10.204324522531316,6.572650593797006,3.9759433750459183,2.0416503596992195,-5.667112527674125,-3.4174996162622815,-3.132116061230578,0.32170780379222785,0.020591081687508193,0.868588673528644,35.984104207461996,177.47933501993765,1.4367633207833066,49673.68457865715,1511282172
114,10115,13.392715440237117,10.811881837744853,7.082045431878975,5.727743261387891,1.727743261387891,-3.184503614568561,-2.1973297462081574,-1.2341518758081806,0.2842478430965818,0.04199096332900033,0.9020149273867463,32.86211015754845,164.09189989131812,1.0750138231808262,49673.68457865715,1511282172
115,10116,7.314557686946196,6.252832156507045,4.45707245353528,1.8125813722234454,1.8125813722234454,-3.857253700215158,-2.5093481971454787,-2.0745955224089068,0.2850602675006819,0.04879342178079145,0.9102382736309685,33.98657107572473,154.72011416613807,1.0200859922721823,49673.68457865715,1511282172
116,10117,10.083709079082615,7.103477103138118,4.137792701667886,1.589640401345404,1.589640401345404,-8.086133155339162,-6.165019968176625,-4.664195978662967,-1.844725860835709,0.0763459210089216,0.8906256010100126,26.801168541845648,131.62927955466276,0.9744506963065817,49673.68457865715,1511282172
117,10118,11.046650495924338,9.847400650612867,6.356021197664172,2.945311833415367,2.945311833415367,-3.8420381814577294,-0.14564122591745976,-0.11356074704518004,-0.09292741693259599,0.0025012687820558112,0.9175241996541268,66.04007108366217,299.3188176249429,2.3368663333142714,49673.68457865715,1511282172
118,10119,8.519313209966189,6.724968542365186,6.56630088588451,5.495567595861625,1.4955675958616255,-4.163036942817554,-2.676088866689719,-1.8313063593741752,-0.7281942909857928,0.06738310971596033,0.8778926494789678,25.47409669729477,127.32027874948281,0.9478723578562165,49673.68457865715,1511282172
119,10120,6.38465963256723,4.724309370402302,4.495411038929585,2.675483926144544,1.643577593005009,-8.877181217550199,-7.320452800807946,-4.939009535841567,-1.7084658104260912,0.050197706819315104,0.9064461299480074,31.60197760863555,157.10777174187757,1.0256038905203875,49673.68457865715,1511282172
120,10121,12.352587127994976,8.585119497600438,6.932101729995585,4.603970369487685,1.4720416429285483,-4.709922929433015,-0.7532083352577901,-0.6728185492496637,0.2552078678785119,0.06982654915735338,0.8878464010357292,26.213052220799682,128.00727037716516,0.9137754579652709,49673.68457865715,1511282172
121,10122,10.00915122002562,8.007720578075197,5.970567262688737,2.845363810160428,2.3123539415878307,-4.767651142595254,-0.9568712241053459,0.4155320004884864,1.0601155894847325,0.01063594616552285,0.8692294721433822,42.50174652974012,192.34949577861713,1.6326244764497138,49673.68457865715,1511282172
122,10123,16.887391691313788,13.011291938080907,11.38315637946115,7.722866018094852,3.7228660180948516,-3.8216181546513823,-2.591732991148878,-1.7498115565518626,-0.2771339819051484,9.848703008935181e-05,0.9398137099812092,100.21546119101382,501.0705772020194,3.878757995574703,49673.68457865715,1511282172
123,10124,8.91267213041478,5.2894887434303826,4.944139634383594,2.9923904857953327,1.2315393530147671,-1.5156574744320024,-1.2029441047379283,-0.30902523688536987,0.44808640674699196,0.10546568238630125,0.9036688806983258,23.835296714283867,112.78493863735933,1.2079668040183695,49673.68457865715,1511282172
124,10125,8.640565963114144,4.710789121880928,3.7273146536475634,2.4801620789124317,1.669300906499857,-9.078342434495848,-8.554218116546295,-6.0010735469510665,-2.330699093500143,0.04783185559892729,0.8977763216580579,31.060446814217116,154.79296658950068,1.005662777001325,49673.68457865715,1511282172
125,10126,12.658409487136892,8.683233798879355,8.521702845261375,5.25541259951279,1.25541259951279,-5.812677079822314,-5.431123486314552,-3.77750663792411,-2.0375581967547465,0.10466450796913482,0.8646803621423377,20.0,99.99446484802819,1.3016137335217857,49673.68457865715,1511282172
126,10127,14.021909466262183,11.967031868314278,10.43295074167397,8.595810784970297,4.595810784970298,-2.4871959006610416,-1.6356326423814638,-1.2413713220428404,1.498382300454662,2.155348461825399e-06,0.96468879023158,147.63169245446716,738.0993875539576,5.818611539517177,49673.68457865715,1511282172
127,10128,12.362911362475915,11.541204730921613,10.275291188852673,8.901020986712602,4.901020986712603,-5.650425053494907,-2.4143932007680275,-0.20841397060226363,0.9010209867126031,4.766993490016036e-07,0.8593749442407056,128.67469587498962,643.3641113944946,4.813417022598316,49673.68457865715,1511282172
128,10129,14.624526946329366,11.097620133013038,10.32070445037748,6.46929522057117,4.088047020072974,-5.159793775398461,-4.90007166033198,-1.0143759919417565,0.08804702007297394,2.1750998938621583e-05,0.9949786544834369,160.0,799.7563854508966,6.963804845627412,49673.68457865715,1511282172
129,10130,7.755109888793116,6.719118918143558,6.411940175538974,5.068658160673166,1.5703963406440773,-8.008482590624608,-4.615522045026659,-4.421951717225197,-0.48153315791687823,0.05816132963137841,0.8865781940219457,27.801797651372496,138.85366987018188,0.9388108664436985,49673.68457865715,1511282172
130,10131,8.678839740339068,6.282138757610275,3.0927590150571547,1.594912997283578,1.594912997283578,-9.6470191208951,-5.6798991411805995,-3.094754982163324,-2.4050870027164217,0.07558275267553784,0.8773186221679604,25.560739834880987,126.12205756337468,0.9983699152455473,49673.68457865715,1511282172
131,10132,11.045100798746933,7.262181973359954,4.123270869349299,3.9175772006634553,3.9175772006634553,-7.109127621570334,-4.31961105326215,-1.5593037793592508,1.2052047308845646,8.569509217765718e-05,0.8855958415218557,92.86704417561516,445.37111246236645,3.305256195451197,49673.68457865715,1511282172
132,10133,8.649163820089843,4.915228782967637,4.832153846298889,2.6544390610776287,1.398604984257677,-6.910172006901268,-5.255889387702859,-1.734809722494562,-0.027160020493691928,0.08094570332358264,0.9055808427160148,26.497971912389957,127.65837388983235,0.9805679244632479,49673.68457865715,1511282172
133,10134,8.417665335576258,6.494093861512088,3.1993571395837517,3.034048810003407,3.034048810003407,-6.356693304374607,-2.4118831875802034,-0.5814334916197503,3.034048810003407,0.0015704362889702528,0.9084142521988687,84.68872585594185,333.74978136534463,2.537566870996329,49673.68457865715,1511282172
134,10135,8.650241906004904,6.370966731393539,5.362771163432079,2.0587946640837576,1.681112643271532,-3.1332686258240665,-2.224419859556515,-1.1719084759876466,0.7915195368784269,0.04906236367323269,0.9196980697020507,34.1529496145802,152.4953174802427,1.0492181445123006,49673.68457865715,1511282172
135,10136,7.065456829409822,5.905844475134412,5.654499725761287,2.0830297676272878,2.0830297676272878,-7.1911114856768314,-6.637414915318232,-4.427123434803221,-0.5314650801513436,0.026730860344510263,0.899205181975136,38.82778775923871,186.7127889934413,1.2948087378106632,49673.68457865715,1511282172
136,10137,9.148939780561854,6.290911528902645,5.221748992764784,5.200162289225254,1.4989015157865626,-7.620972726610689,-7.081700740491509,-3.9686537106828306,-1.7512757250212208,0.06694958864585424,0.8808581462252116,25.823213647328082,129.09890282510347,0.9382601208669594,49673.68457865715,1511282172
137,10138,10.11131873682105,7.717823380260509,5.1334919635153105,3.093571025111852,1.734802421142439,-4.373485400479331,-2.2054917708274466,-1.9470306605525638,0.5911020774350546,0.041199197705894905,0.8874962051614338,31.36274127909961,150.1702185693026,1.0102270776551747,49673.68457865715,1511282172
138,10139,4.359650078565048,3.3394411727862203,2.679795294824287,2.208255335358358,1.4433042891862435,-3.4504514941123388,-2.178013531819225,-1.730103562513457,-1.3386263471686577,0.07543745585079539,0.8987611483334197,26.52068015651224,129.3451420980978,0.9390713358376386,49673.68457865715,1511282172
139,10140,9.102648308849172,6.660914272231113,3.8570388638135045,2.3676520058930093,1.2485590649477916,-4.851473170829399,-4.298102538464126,-4.258664235113253,-2.1385477599587475,0.1059865221538687,0.8661655774498025,20.0,99.51018927912948,1.3051889637665086,49673.68457865715,1511282172
140,10141,6.625700627575569,5.024684736918651,4.540596252288483,3.850321027165971,1.528204577859073,-5.228875727502535,-2.9046631262282476,-2.229225900617898,-0.9198079004415238,0.06323066595601999,0.8855454110396199,26.864070793530175,133.83243273600695,0.9273914394992518,49673.68457865715,1511282172
141,10142,14.6894013862968,11.354461258433009,8.892150825368638,5.654098040052972,1.6540980400529721,-9.387641133400267,-7.366462611171974,-3.94019126912474,-2.345901959947028,0.04905379699577501,0.9428361041917364,37.63404321441304,188.1673657745184,1.5036743394707601,49673.68457865715,1511282172
142,10143,7.67281467063976,4.063461226536976,3.423363587432604,1.7510168865515094,1.4666523760808696,-6.500673137041245,-5.906581209771202,-3.538417277483153,-0.3829843042361434,0.0792583707916058,0.903592141428649,26.963897288504562,127.03693874115879,0.9580653547909357,49673.68457865715,1511282172
143,10144,5.524919729462187,5.305150055037596,2.4498131693311596,1.9472425416845145,1.9472425416845145,-3.7121688599515528,-2.5933973872461156,-2.561604489588725,-2.0527574583154857,0.037694377108376094,0.9976973511614924,79.89874452791196,393.81394090287347,4.0494194863875235,49673.68457865715,1511282172
144,10145,12.43495804353053,9.51349475007664,6.507349866079788,4.281933159180544,1.4182333534885754,-3.3967639683946826,-1.9635916894250969,-1.9439372948298101,0.5819125175992024,0.07654739934047487,0.9095235141348098,27.68851538355665,136.64988839309405,1.0090976205970505,49673.68457865715,1511282172
145,10146,8.716550842665097,6.599513413681691,5.955360167156128,4.755600613130556,1.4222227664043683,-5.243769721081052,-2.0835301398242807,-2.0123019347777245,-1.074482988448177,0.07747906661724659,0.8856344017035763,24.82440328684262,124.00615431152843,0.9526649209043349,49673.68457865715,1511282172
146,10147,10.393419393646184,8.076724465375614,8.007774856182314,5.569386470763446,1.5693864707634455,-6.766337105193378,-5.7126372778196295,-3.549035461148206,-1.2550794835295787,0.05827895711513321,0.8904458422224041,28.189991254128252,140.93132403667317,0.9388890064588624,49673.68457865715,1511282172
147,10148,8.885867467869252,7.260820730231014,5.72439832328201,3.48887530608393,1.3776929049603786,-6.738748994011223,-4.615355638954776,-4.0301066141683,-2.6223070950396217,0.08414806054196831,0.9150724711544623,27.242192923669176,136.14860018893654,1.097997262887875,49673.68457865715,1511282172
148,10149,11.467363786363338,8.657040773121674,7.609956412022693,6.234016482790537,2.234016482790537,-5.280843709492236,-2.046067608434628,0.17546154860513719,2.234016482790537,0.006922376475744581,0.9765284383418631,80.84977175611263,400.53485487556844,3.7872001674857483,49673.68457865715,1511282172
149,10150,10.294677757881034,7.529826577511616,5.669724093474168,4.558390057732722,1.1995650174650676,-8.94719993252309,-7.399218333330646,-4.5762391698064935,-2.8004349825349326,0.11515413388789902,0.876434053090593,20.0,99.9950886409306,1.3886704514697912,49673.68457865715,1511282172
150,10151,10.00282302040329,8.520501457121515,5.651862816942638,4.751456372034878,4.071294366017244,-2.2631794237786007,-0.8583391338723407,1.191390559552448,3.3395587483966604,2.010629452367461e-05,0.993131460443843,160.0,717.7195361151705,6.378076010605799,49673.68457865715,1511282172
151,10152,9.136668234170491,7.795323127323573,7.577231681655919,4.341566635172595,1.5279876465947206,-5.415741452584457,-5.1656243246472755,-5.031969830848853,-1.8404756001553617,0.06325775718670051,0.8946736252089879,27.822167653088098,139.05438630095483,0.9335440751490807,49673.68457865715,1511282172
152,10153,10.861108461772808,7.255336094051884,5.911471555911197,4.0756630231315265,1.5176325650129023,-0.27025773770581374,-0.15118554108807358,-0.014410982538308081,0.07371428072803932,0.056218962841625676,0.8280346805580782,26.070035605870856,121.09781118902353,1.5898899414492016,49673.68457865715,1511282172
153,10154,8.52493280627113,6.749630024683429,6.436033231482959,4.292166538534084,1.1880191946831096,-5.628413635164586,-3.4113548198896293,-1.0622927791814896,0.44577624406807936,0.11443562257741946,0.9207701016444638,24.774881376972523,122.49769542678001,1.5011888585397233,49673.68457865715,1511282172
154,10155,11.443361602954125,7.750253616797112,7.684224907080383,5.618691070334719,1.6186910703347184,-8.67703296635676,-5.9571172566894175,-5.35424419652425,-2.3813089296652814,0.052756874402690355,0.8756200706572205,27.66397768197018,138.318032527241,0.9900943749822569,49673.68457865715,1511282172
155,10156,8.690413927392845,7.352744760836818,6.301572726339935,5.0832166352092,1.479139780017287,-11.981830791207477,-8.750654483103943,-4.816026504362605,-2.2851421961191294,0.06955147783733022,0.8880241936322344,26.152734578668106,130.75744619068317,0.9292854380290165,49673.68457865715,1511282172
156,10157,10.479830974409682,6.679933908581498,3.797543481373652,2.2695108044540944,1.345000062791357,-8.303052472501793,-4.448127671341408,-3.841798848671438,-0.7140788500667246,0.08958783804796912,0.8942905784052713,24.221567758430492,117.79390005214995,1.0107619713842104,49673.68457865715,1511282172
157,10158,11.195468819119938,7.958569513790076,6.829868864203684,3.897367383684861,1.4083747034864589,-8.083394585446815,-4.948813993885332,-4.413828910389995,-1.397820114830813,0.07950988648837182,0.9045289385861213,26.564808125382605,132.6066155194244,0.9976483082672754,49673.68457865715,1511282172
158,10159,6.809896368754952,6.719389154496935,4.847250070944255,2.7394684948327814,1.7267342154127736,-7.755106930422648,-4.026131383764409,-2.875364655899115,-0.792519978146258,0.042172286572013065,0.9027297065816027,32.91284951553424,162.00720665414946,1.0615700870151383,49673.68457865715,1511282172
159,10160,8.928164865158376,7.147287191505949,6.898597969050679,4.758408930016215,4.758408930016215,1.0576364512870788,2.8773950165568634,2.992591572499928,4.758408930016215,7.690170802077992e-07,0.7965524035976399,151.31206976667895,505.98486064299743,5.317409625130312,49673.68457865715,1511282172
160,10161,12.805779736393806,10.621494966201867,6.720212945008647,3.587586441444228,1.6598255056485482,-7.908274590805428,-4.315248457524809,-3.863384091155295,-1.3048891022682534,0.04847432888635695,0.8957077611975539,30.643872455862205,152.77379554279318,0.9942758593625356,49673.68457865715,1511282172
161,10162,7.090854611564016,5.823113184834384,4.570183390300194,1.7560959160880232,1.7560959160880232,-4.297662386065276,-3.1620044655817034,-1.5288199264042335,-1.0589438965983706,0.0548911990381426,0.892659224063449,30.506712028660537,146.5928990791394,0.962974759328811,49673.68457865715,1511282172
162,10163,7.349275830571085,5.96150835661851,3.7107474337090087,2.2727927075342524,1.5051672471086708,-5.987483390920194,-2.3391459349534465,-1.3608926154558085,0.18687768117921522,0.06663373378784058,0.9066631144172239,28.70941953277249,134.65636161550862,0.9230393073083021,49673.68457865715,1511282172
163,10164,8.61213844783383,8.478020093445265,8.322292725874028,5.334125173078528,1.9584661385395796,-5.501519035247154,-2.821837238646837,-2.6400226738965626,0.22753022696485115,0.025085674534323598,0.879488859473283,35.29127794761307,176.07664488147302,1.3027835363833415,49673.68457865715,1511282172
164,10165,7.714005441779599,5.8579094668074685,3.731203106574938,2.2631489635769038,1.5465979095755935,-0.32706177313424245,0.13309939370126433,0.4590749645208818,1.5465979095755935,0.03632840082954341,0.9537785097790734,54.86366157942493,214.4810829584243,1.8660176419333399,49673.68457865715,1511282172
165,10166,8.196763402175256,5.744478106245979,5.16077281634888,2.953733306892786,1.4793686597108924,-11.149131614767143,-7.22615799697079,-3.3540104891282967,-1.2196143897712306,0.06952127277255075,0.901987178443783,27.672471761534748,137.33613352497494,0.9502815394850899,49673.68457865715,1511282172
166,10167,10.872724006041622,10.403214785337386,6.631418262372102,5.522845830841268,1.5228458308412682,-8.625428454367757,-6.558929339795204,-3.8446894777438914,-0.41589485861357134,0.06389820544641216,0.9018931811572696,28.533052246846182,142.57870315355586,0.9552672894997652,49673.68457865715,1511282172
167,10168,7.918794208965514,5.58807741046973,5.455434641453158,5.113970948561912,1.5941618227583636,-4.549418358564568,-1.901455858849116,0.029050049834008274,0.4304541910620263,0.05466041279584857,0.8979407420900904,29.819717959671035,148.12591680541476,0.9649270149699543,49673.68457865715,1511282172
168,10169,10.185051031683447,8.733335740002625,8.245171885676818,5.4482836655710605,1.4482836655710603,-8.663848537087414,-5.444721333973329,-5.379705876751472,-2.106795625632473,0.073768866626724,0.8906372668581108,25.822647798284443,129.10895009197563,0.9381589219944821,49673.68457865715,1511282172
169,10170,10.08315536063287,6.865016234606094,2.987959631423888,1.666494632684903,1.666494632684903,-7.13693871885411,-4.922669067511569,-3.7346818197706524,-0.2477109844716896,0.06576629031807371,0.902687115972002,29.78085684751202,138.56653072406647,0.9383423078671903,49673.68457865715,1511282172
170,10171,10.719244751018918,7.912298864910581,7.811661374360616,5.31516109428353,1.3151610942835303,-4.501581910964114,-2.8419261514888827,-2.7333743009576734,-0.6054185559240506,0.09422727695663127,0.8746842576028906,21.856611488817368,109.21471290109284,1.108815970564605,49673.68457865715,1511282172
171,10172,12.827661024008508,10.110334387826788,8.92048308837849,5.058778022887544,1.3897428165245127,-7.36024619474622,-4.798651551506031,-1.2500150537067538,-0.7640597427198637,0.08230063344441688,0.8944280124642778,25.095190969945406,125.3529109416201,0.978806379527403,49673.68457865715,1511282172
172,10173,13.380589548728256,10.878034728844945,7.997002166349156,5.080696841590915,2.272264529768104,-3.9834282914442154,-1.8086677009581198,-1.3295911580139812,2.272264529768104,0.006205538930036741,0.8602379294738564,51.735211571151176,250.37717044172032,2.163616304418609,49673.68457865715,1511282172
173,10174,10.757796242105982,9.867721778709054,9.48086356860668,5.57231187536112,1.840143893002533,-9.096621411502454,-5.16172226745416,-2.9980928661698565,-1.3696289970494424,0.03287355716627162,0.8911449028105387,33.99221266601863,169.9429006320988,1.1597584206694054,49673.68457865715,1511282172
174,10175,10.131211815358292,7.073928181787666,5.899276678935623,4.548490650445459,4.548490650445459,-5.693468243212318,-2.529285615542322,-0.005030132174654867,1.8470223767282015,4.693852319223792e-06,0.9205487613435615,126.60859450436035,610.178500129083,4.408752270065212,49673.68457865715,1511282172
175,10176,9.932257412633588,8.385316006048148,5.554135642865342,3.6719884875666278,1.8241478217663019,-8.862891476041336,-5.32630250878626,-4.010116904108036,-2.175852178233698,0.034064384751211985,0.9032439619279384,35.152948020876984,175.64142270017123,1.1801918310594472,49673.68457865715,1511282172
176,10177,8.709226280111459,5.663220759309412,4.905620889299828,3.206589377886684,1.2232459803933289,-10.143850234453026,-6.370832973255094,-3.783272596935231,-0.4853835769950616,0.11061331638062108,0.8715147090847233,20.0,98.69690709361862,1.3316873636337088,49673.68457865715,1511282172
177,10178,9.786888022536509,7.323105063715946,5.162111265672232,4.969312861760425,1.495272474844173,-7.185085510822438,-4.89915424160719,-3.8720990735819525,-2.504727525155827,0.0674216664371902,0.8931863446583062,27.009233080470644,135.04010518116905,0.9299778174409885,49673.68457865715,1511282172
178,10179,5.85840662669287,5.116401026087596,3.826270320667307,2.0532142676703855,1.6020995168466399,-4.585775872365362,-1.9283396551293228,-1.5688979497999942,-0.005337072539331578,0.057413083912658196,0.9056550413870139,30.323182766633426,141.96946059700875,0.9343877246355105,49673.68457865715,1511282172
179,10180,6.095766017672938,5.6686968301509495,2.56612315475678,1.7127143958235347,1.7127143958235347,-9.324837473352401,-5.539292584139758,-3.276875634732529,0.4869563135727095,0.06014579504700521,0.9337961724195575,35.39167025878126,156.21428736630244,1.2053304098122732,49673.68457865715,1511282172
180,10181,8.720448865564745,7.518754834585576,4.443861131321683,1.9878751567059594,1.55259766261842,-10.303932700231991,-6.545776342113389,-4.841825547826885,-1.4936615212056312,0.06364942080168898,0.8972880874407451,28.27755507892183,139.07198395435046,0.9320431768764569,49673.68457865715,1511282172
181,10182,9.422618320107894,7.2874724122133285,4.05413721059344,3.065881260355015,1.491896808256352,-10.622736829799331,-7.087593228802224,-5.867658670406155,-2.508103191743648,0.0678608414009754,0.8732088804296522,24.98219990634447,124.77451964663368,0.9692575655716988,49673.68457865715,1511282172
182,10183,11.842009810732739,7.865960178471862,4.262958987021553,2.0770114523391627,1.4902604690647958,-7.353774339333264,-7.111474598738879,-5.118034885560447,-2.509739530935204,0.06978221362134415,0.8839293327925711,25.80398225047317,128.37284519767493,0.9329185070326382,49673.68457865715,1511282172
183,10184,12.541889608902316,9.015403378250301,6.559528857963548,5.209416207093628,1.4966588474739455,-7.797077660246597,-4.599431468478455,-2.018738472600261,0.01432211564982011,0.06721731724860992,0.8865866893603123,26.351391784927117,131.50685399525105,0.9265432430980618,49673.68457865715,1511282172
184,10185,9.92803242453563,8.40839533356424,5.941108603278329,2.8035273661996296,1.4809386100296498,-9.574936183900318,-5.74081521273717,-4.296794720743537,-2.0307385727506757,0.06931713614038863,0.8972990766899059,27.172466938936463,135.43430704165567,0.9372376262171397,49673.68457865715,1511282172
185,10186,11.010489754726759,8.685369235282133,8.035817843664738,4.588966522516356,1.736324001914711,-10.310582343799185,-6.555813659048389,-3.959296372316045,-0.8408393467265596,0.04125326823183351,0.8870029059686857,31.269930714533956,156.1401872173419,1.0507484468049797,49673.68457865715,1511282172
186,10187,10.371209605192107,9.197951922683146,6.42072008857429,2.95711513147703,1.5743462210470163,-9.488586238445428,-5.7324707245185476,-4.93476073454431,-2.4256537789529835,0.05770484647673186,0.9997479131432937,92.0018396543073,459.34796626356376,4.522772514919238,49673.68457865715,1511282172
187,10188,11.889315222424369,8.074000790469414,5.770901321563343,2.8136752702252323,1.334725847947546,-4.689607736679974,-1.7692907834556586,-1.706720014323129,0.07514164453908223,0.09083851069928107,0.909616746274172,25.751484900923924,124.18740856712215,1.0769746014548895,49673.68457865715,1511282172
188,10189,6.75526078685672,2.78527724846348,1.1809361520178236,1.1745580094923989,1.1745580094923989,-5.994691564832186,-3.08428098224271,-2.557982042636067,1.1745580094923989,0.16046067150245524,0.8522189815469373,20.0,77.43271920856249,2.735111079721787,49673.68457865715,1511282172
189,10190,4.8372845495310886,3.0599140130362725,2.840368335548119,1.3612299288249068,1.3612299288249068,-6.803065598209786,-3.4208500549237897,-0.7915924509304177,0.45605781880981966,0.11438476237861632,0.8994418078939455,23.50438527982625,100.15909523643063,1.2888119868984833,49673.68457865715,1511282172
190,10191,9.798791093661062,6.80875804099609,4.062205506055507,2.1195713098788964,1.219473323923762,-6.605081372829511,-2.784765154223427,-1.4542756342967353,0.580968915960212,0.10714194941714184,0.8739536132691397,20.77603353916778,94.56932336439922,1.2213974940672623,49673.68457865715,1511282172
191,10192,6.1864154705477,5.685642477623669,5.318672483738775,2.101207568791386,1.4330693807588493,-8.568684334996101,-5.226907985352152,-1.3402300965349052,0.43863289808947814,0.07647479066660179,0.8975606857783738,26.295862385020335,120.61895170915378,0.8914442674026379,49673.68457865715,1511282172
192,10193,10.478746559661884,7.211910908601565,6.419630032443562,2.678883864229199,1.0623038655318011,-7.114096804088179,-4.42971510905454,-1.0401992797720265,1.0623038655318011,0.10250505031309727,0.8588790881306376,21.867280230952534,100.09010322644673,1.3349175713152515,49673.68457865715,1511282172
193,10194,6.481512314814845,3.995301191224897,1.5429964749803813,1.5270581612703718,1.5270581612703718,-3.710893911426627,-0.23420946621185035,0.8250213110369682,0.9627724296371529,0.09170179970692009,0.8882747988676635,29.900126869482058,98.09001959342504,0.9255956881006893,49673.68457865715,1511282172
194,10195,6.59772866369315,3.8807247178878956,2.808859966104438,1.8781244203564476,1.5267357805326116,-4.52330931738197,-1.44365241424236,0.3199098050934899,0.5985776526068496,0.06584662991925708,0.8948619197817952,28.372755728001877,118.6520208636606,0.8125004903777919,49673.68457865715,1511282172
195,10196,5.462243332508013,3.5990173214759844,2.1376162035633715,1.678484057028329,1.678484057028329,-4.669508088875301,-1.0638759438558953,-0.6939603042960829,0.773938295517406,0.06600786089799002,0.9013134361680387,30.0311179500808,123.73869398677667,0.8424869593193743,49673.68457865715,1511282172
196,10197,5.4777320755830115,2.080495806682909,1.655559774993004,1.554508633364663,1.554508633364663,-5.220670942620527,-1.9785989000967688,-1.4561406515126636,0.6274681498174294,0.09910819870732893,0.9238652789930631,29.551202750275984,120.1927373402211,1.2392612629117263,49673.68457865715,1511282172
197,10198,11.462633143061716,7.887192064493364,6.3698418728766075,2.3784405026514834,1.6487855120166814,-6.939127106394567,-3.1319284500939037,-1.1403819972391045,0.7597879404111247,0.049249518688097335,0.8899594003787367,29.98907302263281,136.87912498649828,0.903592064850724,49673.68457865715,1511282172
198,10199,6.036576130754419,4.874347333659463,3.4530644508574593,1.7620093983721306,1.7620093983721306,-3.3278431063551386,-1.3799676148814115,-1.086132611745602,1.2956970875888887,0.04971631387839985,0.9065139648235346,34.89075376928189,144.74193459096125,0.9455258934435323,49673.68457865715,1511282172
199,10200,7.783686400843175,5.545817813159839,2.310846171040704,2.12201832844536,1.7640318259885108,-7.273851782397049,-3.4784111268943185,-0.2910426390587293,0.9476293884299487,0.04367393186782669,0.8958086867234252,32.70050861584251,137.93103096087262,0.9036657185409195,49673.68457865715,1511282172
200,10201,8.603446752950523,6.6009703660219206,4.233633129233924,2.2657368649032215,2.2657368649032215,-1.4499467127322743,1.4445482890333938,1.5301642361969545,2.2657368649032215,0.007981093169046116,0.8384581381995462,60.69191147173568,204.9099369791236,2.1852848381129766,49673.68457865715,1511282172
201,10202,8.94650010062857,7.405532407755044,6.012224235405574,2.2151433150728894,1.5477571636152037,-7.9815915075149615,-4.093325806906765,-3.428831617113752,-0.7466427133694291,0.06180606174452696,0.9051282558912257,29.325609662316296,142.55731271131987,0.9503403182564202,49673.68457865715,1511282172
202,10203,11.049789697081108,7.541569354661882,4.314427478759785,2.049858199447252,1.4366600505648208,-3.6392436314679175,0.16696873526981348,0.270924150872218,0.7170759696865846,0.06672976130085853,0.8573657179556933,25.97850430871307,103.09435710788917,0.9921340722012862,49673.68457865715,1511282172
203,10204,5.074025868068773,3.466049232685725,3.428354644916281,2.9128611953866477,1.6096818584079815,-6.098266558932027,-2.895415902330865,-1.690494629806049,-0.20472781337105905,0.05379040206990293,0.9015935522354388,30.294510156818838,147.12794252756947,0.9570573569239009,49673.68457865715,1511282172
204,10205,7.316195869903398,4.181283824924453,2.0139955697172405,1.7727320588827495,1.7727320588827495,-6.300363226529309,-3.2609969293504344,-0.6447286394119909,0.9301453274849872,0.057825439443368945,0.9079591386682381,32.8264260267586,134.5807341484824,0.892259476735293,49673.68457865715,1511282172
205,10206,8.4125757820932,4.480067107533498,4.232450441983167,1.7185980478689842,1.7185980478689842,-4.067909258995984,-3.876148489230178,-3.720411109355722,-1.9023777443154437,0.059252315137549576,0.8948309333683814,29.956296341571946,147.62890759526084,0.9750158449407141,49673.68457865715,1511282172
206,10207,4.469351891844015,2.616155306521292,2.312817058850231,2.269477988311989,1.5184152616259434,-4.475772124471397,-0.675224804331146,-0.45629402093493243,0.2764542242837622,0.0674427467606531,0.8886301042763649,26.98886057818421,116.60562883721624,0.8232736740644567,49673.68457865715,1511282172
207,10208,6.367613623664754,3.1517513981131513,2.654464928124211,1.6048571841090393,1.6048571841090393,-4.460820831882866,-2.8416450627990635,-2.6922827757221617,-2.395142815890961,0.07434198728930727,0.9931292908915763,57.465825104169475,282.8650006659917,3.2632921585709136,49673.68457865715,1511282172
208,10209,9.545720221404139,7.592216925142944,6.5999430771506,4.154559593949575,1.5517308114513158,-9.284943255717677,-7.065672112122472,-4.08410400471398,-2.448269188548684,0.06036321389457079,0.8770377016559578,26.484014108161563,132.39401683888602,0.9567018977046293,49673.68457865715,1511282172
209,10210,4.166044297289625,2.5319144859212654,2.469118420137761,1.8777067714191278,1.8777067714191278,-11.26103544437998,-7.597131807625821,-5.865485695597776,-2.1222932285808724,0.045268106019605375,0.9151515377976479,36.0042059839335,177.6214444701545,1.1911086902837764,49673.68457865715,1511282172
210,10211,10.999937875012698,9.983007429497057,6.665415051389502,4.517068558497999,3.2782559460016367,-4.767945415611368,-3.234791607994933,0.4076218452373035,3.2782559460016367,0.00021094766080128062,0.9962645629521591,160.0,713.9687631527602,6.442280643649924,49673.68457865715,1511282172
211,10212,8.498881447169635,7.702812118940887,7.316220034595343,5.973381095002975,1.9733810950029753,-7.145598258223004,-3.640056083624522,-1.0677879713619964,-0.16536520687653566,0.024225885108538722,0.9269858946357656,42.282809014470246,211.31245397978643,1.5854897639024208,49673.68457865715,1511282172
212,10213,8.633706413427198,7.3589075888776945,4.066606103465168,3.8618877956592454,1.4270404301590969,-6.697640433703623,-3.183559005727223,-2.8042788509834065,-2.13458010735647,0.07678372556143317,0.8773826259450316,24.140601479435848,120.61065929765711,0.9718639001813726,49673.68457865715,1511282172
213,10214,10.032116065824116,8.20126531883921,6.553494268897577,3.061347766301709,3.061347766301709,-2.7472573286574224,-2.3449192863142505,1.0207430156335566,1.1091654745785657,0.0017187334836937654,0.9997989609050669,160.0,710.8515424162658,6.506084918345083,49673.68457865715,1511282172
214,10215,7.545135687478415,6.947061521568184,6.557497272008922,4.849598608132943,1.5683598961999488,-11.160641662235907,-7.22541288373729,-3.6349084021305478,-1.5868909765020611,0.058398577090511196,0.8878200154899086,27.89201637489093,139.42332210657025,0.9382111018166298,49673.68457865715,1511282172
215,10216,11.24197261953988,9.87340723685573,9.207048205588215,5.441288544565136,1.4412885445651364,-6.362464901122454,-4.149884991564666,-1.2407019343720733,-1.111881433431993,0.07474945512585426,0.8838631818198991,25.011831720156522,125.00295213831951,0.9454834412783586,49673.68457865715,1511282172
216,10217,9.956795534802929,7.38106327762293,4.246350836520627,2.9384234523800092,1.4446785116695307,-10.894870412429128,-7.07483587780868,-4.243935115803746,-0.7577253384091247,0.07427448315517518,0.9032744576015768,27.136780925940304,133.91344925574435,0.9612112369504602,49673.68457865715,1511282172
217,10218,9.83379808953568,8.860193406620414,8.032546360839985,5.85904360860769,3.103352447663778,-7.022369890370894,-3.341591001159676,-2.3899400207665105,-0.08294253517151384,0.0009567080813841771,0.8830429214902927,66.37371861133829,331.6685995253584,2.5666980317068795,49673.68457865715,1511282172
218,10219,8.306154095522805,6.727219739625468,2.823940270525501,2.4809255116793545,1.608855703259706,-5.762300491586667,-2.109180343752178,0.39471808499249184,0.40448671267431924,0.05197079883965007,0.8830439608803221,29.107087968749223,127.54594755417956,0.8723362814124281,49673.68457865715,1511282172
219,10220,7.564277645549961,3.803355142732304,3.6898289297088116,2.249820148186786,1.415004302351104,-6.132386319106283,-3.1694643108272045,-1.747140535042231,0.2286527521208459,0.07877636106214246,0.8860225382075722,24.732613385168335,115.70410781247485,0.9083617225144709,49673.68457865715,1511282172
220,10221,8.78072999225709,5.811418135770047,5.449084568172373,5.192655577050594,2.2852055475177426,-5.301851475851866,-2.0423411807842733,-1.1404591964599442,1.0385090709252698,0.011105269287991788,0.8707635650845604,42.0538969012115,208.52246924806462,1.7176900032111837,49673.68457865715,1511282172
221,10222,8.283258382557555,7.194074064971973,3.7566586160372264,1.4690152185905412,1.4690152185905412,-2.8956490789398384,-0.86960291627423,-0.06311776121801116,1.4690152185905412,0.07075165118534456,0.8744378511352308,30.86334325314329,121.38753309878764,0.9545737316023426,49673.68457865715,1511282172
222,10223,5.942986051434311,5.618537885363936,4.212517307623043,1.6045064290344844,1.6045064290344844,-4.230365661512653,-1.0266276775782923,0.978288530746845,1.2247828500914464,0.057987076216142235,0.8610186934005327,30.78640818090893,120.93056833062363,1.0285731198755306,49673.68457865715,1511282172
223,10224,8.308052338430352,4.712896120163056,3.374249003885554,1.6863847657671862,1.6863847657671862,-1.5840836102061455,0.07826819970043641,0.19374736045870478,1.6863847657671862,0.04444419044542452,0.8774781552751157,37.44969259616937,141.61994752376646,1.0016674437687696,49673.68457865715,1511282172
224,10225,7.497206837373957,4.945048890061969,3.7143866553416167,1.6074760298462698,1.6074760298462698,-9.462760557495454,-5.973492969743003,-2.1714249658127596,1.2882684077486242,0.06466969698789693,0.9198111161164259,34.853373831617276,143.60415024720962,1.0252650794294718,49673.68457865715,1511282172
225,10226,9.332485995084271,7.59830249029802,6.385120152004269,3.7781153841095145,1.605072695315476,-8.382301367233811,-4.4794525639185965,-4.332808490801952,-1.9448679326709748,0.054238571169874475,0.8982938754510129,29.80447787542507,148.89504325067463,0.9691328669404262,49673.68457865715,1511282172
226,10227,5.474780293751127,5.092793296719331,4.921925387928898,2.598258923632816,2.598258923632816,-4.438737529972606,-3.323544579279724,-2.3166117779109445,1.103480397358028,0.007056374640980183,0.8778590576218007,49.27339771762977,223.9226101202854,1.8124774307488678,49673.68457865715,1511282172
227,10228,7.220909118941647,5.76278623519704,2.8083671865283466,1.497204115180794,1.497204115180794,-11.608817369204711,-7.746506851320588,-5.0039808580677025,-1.6927797905575195,0.09075925408484435,0.8983083279185905,25.782493090833434,125.94381996908027,1.0735570546816073,49673.68457865715,1511282172
228,10229,9.794502762548069,8.119607692619523,4.907433806352726,1.9454688924933337,1.9454688924933337,-9.540683134137447,-5.879928089880608,-1.9829862999489045,1.9454688924933337,0.025859280429028197,0.8806820262699318,43.91802319505672,175.64651163157177,1.2868177152790115,49673.68457865715,1511282172
229,10230,10.738217056868622,9.090599418740641,6.547972388393417,4.9470789711978576,1.3191053363815561,-1.8454581249040058,0.25242326556584915,1.0412633678755712,1.3191053363815561,0.050644567282549055,0.8531549280759493,32.190885564365516,155.66972816010468,1.3482021900776058,49673.68457865715,1511282172
230,10231,8.159579263860069,5.70970844470261,2.7303158663009928,2.2698432556249646,1.704487995314427,-4.796768540135377,-1.8452473475068867,-0.11611066417928861,0.46784838820801755,0.04550592406505381,0.8882293557881041,30.64773200995944,136.5276030606957,0.9101548871253408,49673.68457865715,1511282172
231,10232,11.990293173751068,10.047163661619718,6.433132104782534,2.8523557271732924,1.5580807963558378,-9.940705711992875,-7.876149429493499,-4.119104970440736,-2.4419192036441624,0.05961315847657787,0.9017551640645459,29.236794710201437,145.9440636304501,0.9614913806726071,49673.68457865715,1511282172
232,10233,10.270683123668555,9.683563714837373,6.280552400795181,2.341636020257325,1.3750919547013367,-8.87506014078904,-6.100012962157666,-4.173288563992188,-2.624908045298663,0.08473854026771618,0.8610806135343295,21.77583308295902,108.5732642708741,1.1238534227588404,49673.68457865715,1511282172
233,10234,7.15050159386248,4.889777941882038,4.016214747483556,3.1086469729025703,3.1086469729025703,-9.298786189111308,-6.204320824590229,-4.7678300853783595,-0.8913530270974297,0.0014834200126539099,0.9887203977653028,103.06456924212824,510.49364838616617,4.887886159783067,49673.68457865715,1511282172
234,10235,8.463690596630885,6.1870847880207736,2.6652952799188068,2.110815074205223,1.5041203408643888,-9.021305717311728,-5.110441633992145,-3.3570250827324415,0.1551711558840685,0.06800865434967218,0.8911468117101728,26.821038914740697,124.13759146802892,0.8673822264127197,49673.68457865715,1511282172
235,10236,9.431848139873201,7.739246033815253,4.1739597938267945,2.631738476936288,1.450537419373142,-7.948220811773498,-4.566311522214816,-4.037722332536467,-1.6531049193109528,0.07348346762548395,0.8956567496148019,26.39828852720897,131.1363718554753,0.9386274322257567,49673.68457865715,1511282172
236,10237,12.238608707110009,11.20691855895709,9.204233015332756,5.4086428809532014,1.4086428809532017,-7.097912632351979,-3.713635666880603,-2.97348565004969,-0.5323544112790717,0.07946994444081669,0.9030845526223791,26.399760031354383,131.91905724582557,0.9911296744426449,49673.68457865715,1511282172
237,10238,6.527734678346603,4.7026533274461775,4.170199014513157,2.0216454814767886,2.0216454814767886,-4.775276995492424,-2.066480613519621,-1.6044474494437284,0.2047366486245783,0.03082100931758749,0.9015230890589567,37.67105701375502,174.31626151787964,1.187886693511767,49673.68457865715,1511282172
238,10239,11.157819923428908,10.14616463084445,6.154789017140486,4.836925442200436,1.440827508348853,-3.098352319694725,-3.0095005124716225,-2.4776840681279637,-1.4333729976155951,0.0748161655192876,0.8760723810388511,24.27017882848335,121.3029418657388,0.9701055944724346,49673.68457865715,1511282172
239,10240,13.542302657959038,10.746819070813412,7.780936794638756,5.373909129598017,3.669566581245477,-2.8709594434835584,-2.2875718204152307,-2.1064457128142413,-0.3304334187545228,0.00012148079697910418,0.8970035774189846,87.66111984991572,437.9085909255948,3.2256958741487853,49673.68457865715,1511282172
240,10241,8.69782905071235,5.496753990012954,2.2128627562173566,2.1925078529490363,1.8343597736405381,-6.672775131217178,-3.4988104284739228,-2.0996360000280028,1.4337467934958188,0.03577188249885689,0.9029530454064558,37.625025911570226,154.37163506281195,1.0339927716942585,49673.68457865715,1511282172
241,10242,11.216869940180095,9.585663535598181,7.7803743227430076,4.798877813848275,1.5606988705437799,-10.039702847347145,-6.922707926069997,-4.839459410423212,-2.0949355916081815,0.059297401235728096,0.8927684876157752,28.268972888871282,141.32832648679948,0.9382139615961103,49673.68457865715,1511282172
242,10243,11.87863236435092,8.387840241032016,4.650587528753892,2.279251335683415,1.7224830348343299,-5.170001245626937,-1.6323348524026444,-1.2914069103625965,-0.20055008434679977,0.04376738980597867,0.8963174082214478,31.86896192950249,151.6232674935761,0.9916918689175878,49673.68457865715,1511282172
243,10244,4.557339303755581,3.3268467281259495,2.0859086566408607,1.711528502154294,1.297834546700776,-5.196800469846457,-1.5767469166040426,0.4328401047480541,0.9703174947597861,0.08807017803123389,0.8853983663821564,25.832556749570802,98.87831646527988,0.8977255673663342,49673.68457865715,1511282172
244,10245,5.661928978045682,4.868856237965651,2.9014211052526835,1.8355256003389198,1.1558782491978665,-4.546421423627689,-2.02133132003694,-0.6265924328954953,1.1558782491978665,0.08829581164087169,0.8766022558311822,25.305733840852835,105.88924519013963,0.9973869872267306,49673.68457865715,1511282172
245,10246,8.689277042722853,7.0347127117229755,4.2779740624628495,1.935397915193926,1.3079920154178815,-3.8094860429221447,-2.8684283565048556,-0.45441549611175325,0.726149925451648,0.09187317666566322,0.9004550634083858,25.10760397642475,110.48968710888693,0.9870823327317186,49673.68457865715,1511282172
246,10247,10.480001228114917,7.015763218333789,3.3684627321424676,1.305282610596098,1.305282610596098,-2.4585374189596134,-0.18080746457148922,0.7660106576849812,1.305282610596098,0.08542607536662389,0.8700247301350554,29.261395827314917,105.02642601419285,1.0132935104215797,49673.68457865715,1511282172
247,10248,7.001746655129621,5.075279610542887,2.707712394930704,1.5849016709805168,1.401605104813607,-5.986656625819867,-2.514520880444752,1.038665394944405,1.108401327478044,0.0650729620925123,0.8297749074275184,27.132714537682148,99.94270213140877,1.4435688828686937,49673.68457865715,1511282172
248,10249,9.191375644144228,6.254620789247736,6.107192855737151,2.139546003527927,1.3667698818972858,-7.661757948242917,-4.1310228686070865,-2.118402505346613,0.27735395625262904,0.08617750700969919,0.8991492065127247,25.172103468591676,116.98318273602665,0.9607595314260415,49673.68457865715,1511282172
249,10250,7.3456342544483375,7.085700088436059,3.2819719734107586,2.717609332414102,1.6115492314250883,-6.850227314661779,-3.4084016992630204,-0.1560863523727578,0.25923783259868793,0.05327410644731057,0.8947892040876514,29.638232875028145,138.37292217529864,0.9034934533697906,49673.68457865715,1511282172
250,10251,9.04567656694079,8.460571272061468,5.655822596164346,1.739314215453385,1.739314215453385,-7.3902018020756834,-3.465123951975955,-1.761070940126291,-0.7123653761755475,0.05681012970620106,0.9004226784170981,31.063722282987086,148.05382458594656,0.9676342771110309,49673.68457865715,1511282172
251,10252,12.475491550805547,10.612610917108054,7.2130175204709746,4.871507916327871,1.449062338029407,-9.726503560405364,-6.724675951024601,-3.586305269055753,-2.5509376619705932,0.07366008086282147,0.8721856453847159,24.07337242306655,120.36157802758729,0.9863603803338976,49673.68457865715,1511282172
252,10253,11.153362292428502,9.44919477088391,6.281482181433852,5.1540710405020205,1.573338363895677,-9.308105282136664,-5.737904508295473,-3.4970371122836728,-0.9101132377129366,0.057820243160582194,0.8892986644200016,28.147414964498616,140.66749312903792,0.939621008995535,49673.68457865715,1511282172
253,10254,13.043041247639946,9.770120382955556,6.155300372762553,5.000753505686043,1.4717139702700373,-8.917609733063976,-5.671435302666361,-3.4702457741966457,0.32075267082318626,0.07030424813898471,0.8985758921980541,27.18540539172512,135.39777590527382,0.9422176433763152,49673.68457865715,1511282172
254,10255,8.212197933249413,7.874017270073932,4.191587223686911,4.042873124709525,1.5409832212170163,-9.15560622241682,-6.809918719655003,-5.435797838294297,-1.4517893798300847,0.06166014642840839,0.8896603530244392,27.550623508989084,137.54745191350736,0.9297382954560308,49673.68457865715,1511282172
255,10256,8.654652050311874,4.900318665171862,2.4551382691794346,2.0573855038240922,1.6213021980084086,-9.802089138925059,-6.51513863357722,-5.33635181928248,-2.378697801991591,0.0564720229338527,0.8877017873466874,28.547920931241713,141.6634160004219,0.948772967405381,49673.68457865715,1511282172
256,10257,7.036804948932438,4.805455456842441,4.633753878641621,4.574914865058828,1.3044997012202681,-5.46718700524805,-2.1784951576517617,-1.0725435964526457,-0.9236949201031444,0.09601601749829047,0.8785459574367751,22.00815996143071,109.7247836083824,1.109166936241722,49673.68457865715,1511282172
257,10258,9.527865131407902,8.837608983741301,8.637487759757404,4.797416099998026,1.583949328770595,-6.95918672342453,-3.0998472758663675,-3.031427818137362,0.6130982177447728,0.055977429389985234,0.9015297177983942,29.92747634704356,148.54258232645617,0.9694967180144943,49673.68457865715,1511282172
258,10259,9.034229262275359,8.364856855989713,7.283570615669225,5.5328411396872665,1.5328411396872668,-12.358271925082645,-8.916862138867817,-6.226968857541425,-2.4671588603127335,0.06265750043867255,0.8978173062686476,28.26617337617771,141.32896099238374,0.9422629584973354,49673.68457865715,1511282172
259,10260,8.200288450579205,7.418708009500931,6.6552316891650625,5.520996578421703,1.520996578421703,-11.667995592676554,-8.846671688426115,-5.329325705937614,-1.6686069468863198,0.06413034774600163,0.8944576811694955,27.654642146986877,138.26392698315743,0.9324619366884954,49673.68457865715,1511282172
260,10261,8.097673575859888,5.080719107699625,1.8760757091448752,1.7973084477864336,1.7973084477864336,-5.184828640463764,-2.0275437401268324,-0.7121159111919082,1.2390239741063342,0.057721898121531404,0.9169411395060055,35.699005521930076,141.02003021512314,0.9682606001618974,49673.68457865715,1511282172
261,10262,12.438450712881952,10.71923496130637,7.490966176629862,5.293713725109803,2.1130698568631914,-9.485858250883158,-6.776074307836048,-4.8908432257208805,-1.4179384588460655,0.017297393940405293,0.8834777506804381,39.34054031568587,196.6707616359604,1.4827832732180812,49673.68457865715,1511282172
262,10263,7.847282356326298,5.124040204821737,2.939675522378014,2.1074705616828804,1.529793192670217,-8.965720852789705,-5.190058694377656,-2.768812926951325,0.2757161001807249,0.06465001478783164,0.8958448682705895,27.850511057426175,128.49603981196094,0.8693273555270765,49673.68457865715,1511282172
263,10264,9.168930214454003,9.002051279013545,7.740855951349175,5.22459237183101,1.2245923718310097,-6.538702005793905,-4.633010288105072,-2.7937801067958503,-2.77540762816899,0.11036442035200505,1.0000665774534858,144.0446658654767,720.2025904005945,6.777356696482782,49673.68457865715,1511282172
264,10265,7.530014610133578,5.1151599420504255,4.352250114347037,3.434794259005943,1.8330243101860153,-5.1083541027145465,-1.8354641886450065,-1.3246767417663812,0.7295636347928547,0.03318330182016261,0.8821988985564191,32.91986786593589,158.55439182320254,1.1210174143735678,49673.68457865715,1511282172
265,10266,11.48034695759345,8.955312635555277,5.3658224309653315,2.083308804896392,1.4343237850252775,-6.942157678853041,-3.9967886104811647,-2.2887789674892556,-1.066459024616864,0.07707189912327109,0.8918641788588877,25.56603901385042,124.79625789497629,0.9327581668283451,49673.68457865715,1511282172
266,10267,9.579061059753917,6.657686988765876,5.779851355855876,4.292591349867567,1.5150160284474052,-10.121272291716277,-7.944675980610697,-5.857694891393592,-2.4849839715525945,0.06488410576877503,0.9036701682943808,28.590460948137903,142.93170141694816,0.9634554009106561,49673.68457865715,1511282172
267,10268,4.352622427369837,2.773282644571937,2.1868077702569018,2.1287806907246063,1.6120072450608565,-5.765586776513669,-2.0569473683367105,-1.7615530181824812,-1.225006828360866,0.05962575635688394,0.9070964973623458,30.492720305770042,146.79056180492228,0.9743082874104783,49673.68457865715,1511282172
268,10269,12.91230412356406,10.684629764446044,7.617986006318051,6.5282893629503915,2.5282893629503915,-6.1020397441361025,-2.2297235927637544,-1.04291693355334,-0.0620507509585817,0.005730988990788819,0.8942438812966853,51.37635820557021,256.8256450599593,1.9732849639488246,49673.68457865715,1511282172
269,10270,8.06971872049224,7.401301897676797,4.489704268476379,3.4774057028354433,2.30167662996209,-3.916374233525553,-3.7155977758737233,-1.899275868204369,-1.69832337003791,0.010680018269839822,0.8819400166312867,43.76643810007906,218.18657453706373,1.7040260747007145,49673.68457865715,1511282172
270,10271,11.439820995005713,8.68728888178164,6.605770004588787,5.340608632462802,1.340608632462802,-4.094479644761217,-1.3461456909650835,0.7284388627414999,1.340608632462802,0.05675660945392358,0.9996655227585945,110.09808632550863,543.4624532599717,5.063795170767568,49673.68457865715,1511282172
271,10272,10.233923228044805,9.282855180196194,6.597329001647049,5.597133707319399,1.5971337073193987,-2.984778869574071,-1.4148584692239494,-0.5231234799565343,-0.060854996633362246,0.055044037293451566,0.8867447006307104,28.38135601573949,141.69192347949203,0.9501929698788589,49673.68457865715,1511282172
272,10273,8.034757477058163,6.477186846006311,5.831604443271054,2.3275479771072085,1.4995831548494027,-8.13665186721115,-5.065118788506507,-3.271928616009843,-0.09809497901402997,0.06724411646181618,0.8947952781725482,27.22788574820556,130.00396692778062,0.8933777611050238,49673.68457865715,1511282172
273,10274,7.1837366611599744,4.290597110517095,3.6020663425649952,2.2363973279148848,1.7216785544933695,-6.452700103068974,-2.947476726031624,-2.011418123006921,0.6209799049125067,0.043928967444360346,0.892996110048846,31.521174693120134,144.0744124855524,0.947885561744318,49673.68457865715,1511282172
274,10275,9.693343499382207,7.730002068608658,4.0539553512268345,2.0318152692343423,2.0318152692343423,-9.466179933423998,-7.075523683477809,-4.1904517557919805,-1.3867411178494935,0.030110393891775458,0.8838975079388235,35.68550630327477,175.29980681714795,1.238158577085659,49673.68457865715,1511282172
275,10276,12.441668259787457,10.27023519909439,7.711443276648691,5.755539788446125,1.7555397884461252,-9.589741322978826,-7.261993470271246,-4.702732080731924,-2.244460211553875,0.03958351046160589,0.8874680167418884,31.72832012014586,158.6392330765009,1.0700624185005305,49673.68457865715,1511282172
276,10277,10.170576277890659,7.660979391386545,5.352661356989048,5.186726250739391,1.572700991735995,-5.705133924840112,-2.360481289224192,-1.267314816073849,-0.11477301120804273,0.0578890515871283,0.8919704817642548,28.423814403400073,141.85011988223553,0.9397451288050487,49673.68457865715,1511282172
277,10278,9.19078825745697,6.939999885596588,6.057436909814416,3.319247251079286,1.453426662888959,-6.407286936157699,-4.102374616594244,-4.095772076649506,-1.52399459426439,0.07305164702237561,0.8931235505800651,26.185731126894325,130.52126848462893,0.9359207089586539,49673.68457865715,1511282172
278,10279,8.489793099173387,5.6680442555545865,5.6680442555545865,2.0911708769369683,1.4251129913574114,-6.8221567708880135,-2.8221567708880135,-2.8221567708880135,-1.6630206164766952,0.07828707998929968,0.8853584024762078,24.746656286202786,122.12864026534685,0.9486651221849305,49673.68457865715,1511282172
279,10280,8.979760921395394,8.802810843619497,4.802810843619497,2.149993058321246,1.49832161889337,-2.4498535418080367,-2.4498535418080367,-2.4498535418080367,0.31709466627627747,0.06798724681814272,0.8988922103246277,27.63420313935792,128.11491386900312,0.8811723202850564,49673.68457865715,1511282172
280,10281,4.041292276622189,3.458462940100574,3.2854423845595777,3.0483818820280897,1.4111091952660184,-8.910782996725505,-5.877579615374316,-5.629091123250163,-2.2204107038947187,0.07914589227226675,0.8903000978381927,25.110769765539708,125.24877169582031,0.9579670307159631,49673.68457865715,1511282172
281,10282,9.972361237892825,9.690271999301288,6.4231458178552305,3.6850591691714802,1.3765190341896163,-9.178634797017144,-6.0951202444771635,-3.8299670890492665,-0.9182413701602219,0.08433019131395379,0.8982452178967353,25.249712503985748,125.70636531634918,0.9976338776586273,49673.68457865715,1511282172
282,10283,8.287251931579997,5.479992747327458,5.479992747327458,2.2480557434651107,1.558734823607378,-7.346177226454226,-3.346177226454226,-3.346177226454226,-2.004389580229673,0.060355398269659896,0.8926493788460504,28.12423180252677,139.6504430534014,0.930802063819189,49673.68457865715,1511282172
283,10284,11.356796853307166,9.971995002395746,7.846447877677654,5.547286828458566,1.5472868284585666,-6.950854339517735,-3.791500700616745,-3.489199532738053,-0.892450641519994,0.06089704623656888,0.8901291148738244,27.712716246873335,138.52731377897922,0.9319810431203528,49673.68457865715,1511282172
284,10285,6.776350304483873,4.76747923347544,2.0166659505570923,1.671023647445319,1.2053116575060614,-8.306469499194009,-5.6957888789189814,-2.7272279789900615,1.2053116575060614,0.08700600630960292,0.9995102442056627,95.76135265581983,388.26652550993526,4.25629933183566,49673.68457865715,1511282172
285,10286,9.245217577356712,8.96296385175551,6.473565183578975,4.049033083585832,2.6362174892652046,-2.3040294339012473,0.08171667379656622,0.3065958685431287,2.6362174892652046,0.0020392691902357462,0.9739072203663752,95.02461089338985,427.2689285519812,3.9683721730288646,49673.68457865715,1511282172
286,10287,13.468334960820505,10.854781344447373,7.042654168754205,5.461355555606155,1.4613555556061553,-4.581556923847317,-3.291309173134243,-2.8024447084193627,-2.160112861080038,0.07195894440770058,0.88774007083895,25.779150673660908,128.89135374175677,0.9336460457264307,49673.68457865715,1511282172
287,10288,13.212173810124064,9.848601081696176,8.005875757172717,5.109078826754948,1.612163727381956,-8.196851483225965,-4.337896406272839,-3.044045415532528,-1.3919699971061552,0.05346315650816871,0.8974459764487122,29.846940895848135,149.19948191719274,0.9707440570954649,49673.68457865715,1511282172
288,10289,8.28373125966457,4.834946582104499,1.7426979893266998,1.6631649653816265,1.6631649653816265,-8.255298806501129,-7.167689566202038,-4.993880049454002,-2.3368350346183737,0.07916948179931782,0.8970319400482731,28.21271025552172,137.83501117545856,1.0266831274139552,49673.68457865715,1511282172
289,10290,8.525797514404266,6.2349790752930945,4.549752114941242,1.5648085089069668,1.5648085089069668,-4.743385631069311,-2.9803886132118214,-1.5882273301274121,-0.3057577059466081,0.08002901376236923,0.8891234019041403,26.139714201269918,121.14078580221405,0.9431055598976205,49673.68457865715,1511282172
290,10291,6.304811938813301,3.917870981004194,2.3961604505319998,2.0281291741999476,1.5160550302980662,-6.143736777192352,-2.760190664805368,-1.8827922436421127,-0.10109856593337296,0.06832514425076402,0.8914492500806388,26.93160358618005,125.21485885888734,0.8753319187646745,49673.68457865715,1511282172
291,10292,5.6970594319337495,4.090974082133295,3.2450059872475983,2.0146211551293876,1.5320565459477609,-6.380396368966517,-2.527486841104209,-1.8762195030175202,-0.5584211031852082,0.06552811440861411,0.8917925277141342,27.32960506956193,130.8802472919279,0.8966015848536215,49673.68457865715,1511282172
292,10293,7.5501031620362635,6.451264792196551,5.510409973743997,1.7382146817891073,1.7382146817891073,-6.19741137859163,-2.2151525515150468,-0.02052347064336124,0.23697284399779073,0.05666159136104457,0.8917255636937331,30.15473848725651,130.6589149068598,0.8650077093574633,49673.68457865715,1511282172
293,10294,11.706984715906712,7.804443060369769,3.8044430603697688,1.987082503925051,1.604925503430853,-6.1871981534249185,-2.515372864857416,0.004601714794466583,0.19442949573401935,0.05767326232349783,0.8873792237013371,28.385097882655113,126.34038809207823,0.8532274556461421,49673.68457865715,1511282172
294,10295,2.056050338878785,1.7491680489107317,1.7370064736272657,1.6882247888336634,1.6882247888336634,-7.989127353176196,-4.499115069208367,-2.8894721240458416,-0.3136690585846933,0.10066026884375054,0.996398887734665,64.81139995837412,284.8681086954143,3.6760899912616436,49673.68457865715,1511282172
295,10296,8.525071294199895,7.605393619508404,4.663389094286737,1.7189430164789126,1.7189430164789126,-7.741940638345347,-6.317944950235769,-4.121393695197946,-0.21985028440053678,0.05920966399729851,0.8952875428887148,30.014807156874028,140.09526434292556,0.9253265472817211,49673.68457865715,1511282172
296,10297,11.01637500248995,9.399454210512436,6.065351211359285,5.413842991673471,1.4138429916734714,-2.1267684888417087,-1.8337578068363383,-1.0395412828378199,0.16542120453220766,0.07851270556250244,0.8941206871839216,25.567848538493706,127.58017890330933,0.9582883598582499,49673.68457865715,1511282172
297,10298,11.184131379877543,9.088166430816061,9.000659474922585,5.5686081207198965,1.5686081207198967,-5.464060935429429,-3.6654501500076666,-3.0713247148316105,0.35877025490617487,0.05821632599556092,0.9013544425561094,29.445467711467707,146.95420178563958,0.9640132283472028,49673.68457865715,1511282172
298,10299,7.720455834099292,5.393520720222019,5.393520720222019,5.0437569802654805,1.4122303063998383,-6.102565000807074,-2.102565000807073,-0.4653865403763249,-0.15209292602251834,0.07873861870312146,0.8917653441972909,25.295019916074438,126.04427453815742,0.9554427712720508,49673.68457865715,1511282172
299,10300,10.67264048090936,6.848839453035583,5.0899128623423575,1.8925020827821182,1.8925020827821182,-3.8515552173246066,-3.5589095655017973,0.23152634113881954,1.8925020827821182,0.029190922755488142,0.9997542114705351,132.53254859429467,528.1136303984141,5.026662485699814,49673.68457865715,1511282172
300,10301,9.528802161545519,8.98253439391448,5.660731293043838,4.439346361217272,1.5054161863624878,-7.392459044283226,-3.6357030314843453,-2.7217686281340834,-1.0124907029721475,0.06610853071976228,0.8878458119511065,26.648293321118867,133.06798541612216,0.9260121696143396,49673.68457865715,1511282172
301,10302,7.121687116611471,4.306350673843313,2.902155228179999,2.008031155121327,1.6039508501781594,-4.237422056623408,-3.924791586354135,-3.3337047643130475,0.27323040532130394,0.057972900347402545,0.8904880937469001,28.539684472823183,130.94637942857477,0.8732235663476369,49673.68457865715,1511282172
302,10303,10.932996626717541,8.906322731043693,5.323129037074667,1.81533763849978,1.81533763849978,-3.6660182489101167,-3.5038751726365938,-2.9234052485516564,0.6867883459621171,0.04833324945933643,0.897093013704659,32.426360758512025,143.56222211370812,0.9330504980973234,49673.68457865715,1511282172
303,10304,5.1742622752960825,4.920040966651286,4.12494096185397,3.288201965007381,1.7964960975513249,-8.804109667436501,-4.8777282171284915,-4.125707723572134,-1.558393126900478,0.03620762833486621,0.8950749692483231,33.51602838450661,167.0470855705542,1.1167338432841738,49673.68457865715,1511282172
304,10305,6.089568365489016,2.778603343467482,2.644620320453516,2.5186717510458774,1.5244353599097364,-6.828409791570886,-3.0479813267236455,-0.39167141041641296,0.0634433665428702,0.06482531276917948,0.8930333760366329,27.53593721866071,126.04029619789657,0.8590129434018465,49673.68457865715,1511282172
305,10306,13.092767850688078,9.813453490865914,7.094365943885499,4.698706533591719,1.804586668755111,-6.71454220024738,-4.917949623568371,-3.3879097245261276,-2.1954133312448887,0.03556968071971091,0.8803103572754558,31.998081119776977,159.97158784366096,1.129630795470913,49673.68457865715,1511282172
306,10307,13.043819306704403,10.667205796513942,7.952272246389641,5.0900779067965365,1.573550891952716,-8.902021942341348,-8.382845859000241,-6.29485197286285,-2.426449108047284,0.05779565468830082,0.8961929756095641,28.909682523229847,144.54318908760948,0.9492855077961282,49673.68457865715,1511282172
307,10308,6.8261783291424,5.98546873744596,4.131746029493672,3.5813559683439085,1.6729187987512526,-6.248736149378413,-4.165997600172318,-3.8206683426000687,-0.5551221777211202,0.047171205481072544,0.8971045318102491,31.09052770357511,154.16596331803953,1.0026342690090349,49673.68457865715,1511282172
308,10309,7.777379607937319,6.022972683052545,3.395796021256512,2.7572900563073333,1.5192485112540732,-3.865293404126187,-2.673811569900458,-2.0278535080333064,-0.9613479212008873,0.06437170292923677,0.9020463745326447,28.483362344462062,140.3791732717508,0.943154888413944,49673.68457865715,1511282172
309,10310,7.419549685787207,3.6412247814771828,2.8897028664766684,1.9455879085935393,1.4682280498041902,-11.358753508948817,-7.430932761111564,-3.4367838931877754,0.032659635947430266,0.07423673073215711,0.892022729318694,26.10410190679862,121.11113135966443,0.8860342552051886,49673.68457865715,1511282172
310,10311,10.110561375327663,8.310968334886446,7.183458881639148,3.632767161971203,1.4868482751122591,-7.179533360045238,-7.067033580331475,-5.821306060260337,-2.5131517248877406,0.06852681219542373,0.8825742211995486,25.76364380476922,128.76269396322326,0.9350310635771908,49673.68457865715,1511282172
311,10312,7.292206385071171,4.00003505176362,3.375624121208166,2.5427067894921285,1.5362814520636932,-4.5840144315240305,-1.2139838979986035,-1.2139838979986035,0.37099812954780953,0.0620787141142856,0.8953340958075606,28.12667381670375,131.42917505924729,0.8784554650500953,49673.68457865715,1511282172
312,10313,5.134670190201475,4.909837846921433,3.9072106026215963,2.0817290798476087,1.5967140660569952,-7.581767041373832,-3.677998492347231,-2.3265760370786994,-0.08999973123584204,0.05758289770401096,0.8901896908019183,28.464881557840457,134.3665661568052,0.8953646692320449,49673.68457865715,1511282172
313,10314,7.9696108623381985,5.752870459427756,3.356901267351879,2.366030193350978,1.3525298344202132,-7.07625881346706,-3.922095706106151,-2.874437210950683,0.3082039917910837,0.08773271281865239,0.8937801858948682,24.413001676342173,114.30856887847919,0.9669793542583389,49673.68457865715,1511282172
314,10315,7.81554532297639,6.530912551345164,2.8664728341383374,1.4935574337912263,1.4935574337912263,-4.2157274343541005,-2.4657391663230275,-2.0398988398551436,1.4935574337912263,0.06766324451931029,0.9034374960977816,35.15491288014033,139.99939712970675,0.9581213299814123,49673.68457865715,1511282172
315,10316,9.194125992431312,6.910390465680813,4.079272750793878,1.7093173164267468,1.7093173164267468,-8.665631398549683,-6.225452317119824,-3.8418547928096594,-1.4263986507565225,0.06037201396275438,0.8933120303536697,29.583945246155324,144.45412201735857,0.9605836683855075,49673.68457865715,1511282172
316,10317,5.47252703050666,5.218207160860447,2.9492358922652357,1.6148535016443268,1.6148535016443268,-5.139850733818563,-3.0923118195550847,-0.8371550660883365,1.6148535016443268,0.05319060412411853,0.9916165557118435,72.25656931548323,284.79900676915975,3.142988965491291,49673.68457865715,1511282172
317,10318,5.8872787277690835,5.301602730016391,4.2283922407798356,2.8849485582159344,2.101984892300833,-3.630528646337683,-0.8877956683196095,0.34655363783902216,2.101984892300833,0.010120099296188357,0.907895230654452,53.96476240543694,229.1564497929312,1.7413569489715108,49673.68457865715,1511282172
318,10319,12.241309621751356,8.400097665018086,5.247783528059515,4.265294707174589,1.5228525788738703,-10.72509772480705,-7.065318946697046,-3.226491392888727,-2.0895892520913577,0.06389772926891159,0.8907783455061896,27.300748800876356,136.46165992837675,0.9281388414545838,49673.68457865715,1511282172
319,10320,4.993130203328868,4.296485063537126,3.3734338736332803,2.5640444678532317,1.4466943908126642,-6.114705403109055,-2.536877501468653,-0.5157193115053167,-0.3410181924260207,0.07392396681339823,0.8919807324116455,25.961346811447946,123.61525223315596,0.9000606554827797,49673.68457865715,1511282172
320,10321,8.616073788371825,7.394237604859655,6.833733319600031,2.9810359879699977,1.6223065911268837,-4.29449080004282,-0.3865143941876521,-0.25828567790038237,0.13967646316653903,0.05131523599934901,0.8928500506049597,30.07465118689525,127.85518019770713,0.8375716267305353,49673.68457865715,1511282172
321,10322,7.903841050992654,6.421411515242879,6.231698718119402,2.633268873712426,1.6628550954010415,-5.15284893697994,-1.8852388144806238,-1.490306502889349,0.2501339496173496,0.04823931088846438,0.8938770745182905,30.487666167231563,145.1345272080788,0.9477764571434024,49673.68457865715,1511282172
322,10323,7.611246199856701,6.962994515656362,5.495979543139166,5.020109520880418,1.4896883165189012,-7.6998842305857575,-4.365997386038003,-0.9024120925795895,0.3800934373516962,0.067835173434864,0.8987164765666901,27.577728959102227,137.28149823692203,0.9398629927423069,49673.68457865715,1511282172
323,10324,10.993916645766912,8.961045537723486,7.484868384402881,5.477937344445507,1.4779373444455068,-10.22592432854828,-6.505206020937551,-5.160007100903251,-1.4846545453430642,0.06971227446390238,0.8812221246627421,25.454478730718947,127.25934207012448,0.9398119637767397,49673.68457865715,1511282172
324,10325,15.104772932697568,11.451602644798886,8.636412050991462,5.470090852928749,1.4700908529287486,-13.537754848487616,-9.707651346671533,-6.368108302419636,-2.529909147071251,0.0707685743091086,0.8778218025890792,24.982025406786995,124.90846612399666,0.9526201413907529,49673.68457865715,1511282172
325,10326,6.6484413067199535,5.0872745363617256,5.078480541159124,2.158308681547072,1.1603207042453263,-6.244392342246274,-2.8252085172416406,-1.3242412344103294,0.7815356591456428,0.11000927058280224,0.9043614583307376,23.970028841139527,107.87176875186877,1.2578289010939545,49673.68457865715,1511282172
326,10327,6.879856595085163,5.780884078262512,4.036148194303015,2.0409698002298695,1.5819988574905295,-1.9846861013985981,-0.7308119125481183,-0.7308119125481183,0.41643119594037903,0.05909994758345361,0.8917129232247525,28.521176442164794,126.85640701978991,0.8462965794116846,49673.68457865715,1511282172
327,10328,9.346785866229107,7.376243695838998,7.165628013771082,4.3655705771864834,1.4702093428562064,-8.427092261428694,-5.133043034509599,-2.436926299687843,-1.5903820206213137,0.07075249426705028,0.8860834937666777,25.786166276767375,128.8504320182818,0.9321218042209445,49673.68457865715,1511282172
328,10329,7.2028756434695405,6.169536940472902,5.857528866588768,2.8238707199193254,1.5366246763782823,-11.63990177296883,-7.66040285184662,-5.142287228974176,-1.497264640857883,0.06220122716163844,0.9055019220411109,29.24558159009434,145.32528303859524,0.9703714416376169,49673.68457865715,1511282172
329,10330,8.698099757231963,6.05909796176453,2.4521682642852074,2.0122857082991548,1.4867473410346774,-5.124265420594366,-1.4874488000508992,-1.4358471134158737,0.24289131503414918,0.07159387504406094,0.8945041932598276,26.74950119245294,120.97610523112988,0.8613335216912866,49673.68457865715,1511282172
330,10331,9.785893653479818,9.228581102764132,6.729052643652823,5.467644175273118,1.467644175273118,-8.296217955067123,-4.743350114185563,-0.7815689746753589,-0.3083083890811391,0.0710706031463823,0.8916594544039763,26.31086416760186,131.40629344243266,0.931622478001066,49673.68457865715,1511282172
331,10332,8.349220783334522,6.534970576769702,2.5349705767697017,2.5349705767697017,1.512398900736873,-7.524213430068121,-3.524213430068121,-3.524213430068121,0.09293308544299128,0.06607223373278262,0.8938436280119447,27.35852209872873,128.38970351752874,0.8785538822819576,49673.68457865715,1511282172
332,10333,11.000107401255134,8.947531679070913,6.445478262671145,3.0135614558763155,1.571077088351496,-7.516681763621065,-3.6256270785676117,-3.362747740781372,-2.4289229116485043,0.058081967346312394,0.8907680920144988,28.26278662373823,141.11954935530454,0.9386800627588294,49673.68457865715,1511282172
333,10334,9.156682014145826,8.661282474142102,5.207679022028164,1.8851686303828274,1.3992992975025367,-8.116134388594043,-4.479568136383238,-1.933171230742359,-0.414164348038887,0.0843023777437028,0.8809552791848521,23.685413247813898,112.37764411507015,0.9663087651092405,49673.68457865715,1511282172
334,10335,3.6709460212880547,2.765395618565523,2.675994581744659,1.9957259457680772,1.4766617388348993,-9.201031858036275,-7.7821406313768104,-3.9216914768227227,-2.523338261165101,0.07328808430625727,0.8913242474861386,26.210613157547794,130.0228808464726,0.93869006394007,49673.68457865715,1511282172
335,10336,14.96700471094096,11.10739190658257,7.217363715167748,5.648081929813358,1.6480819298133584,-7.462746513883932,-4.670662157070718,-3.002732688776975,-1.3161285235824087,0.04966792982374447,0.8955632036632556,30.375830291473036,151.86354949685725,0.988223595746513,49673.68457865715,1511282172
336,10337,8.468811206675962,4.632572505732112,3.4420962001551336,2.02040286130411,1.676727536978967,-4.012098323747742,-2.596749722400209,-1.9226275400726756,0.5128598410027585,0.05082333523645552,0.8933439369912524,30.298352451408135,137.49255703672137,0.8988781615439593,49673.68457865715,1511282172
337,10338,8.170352181265812,5.9483281107244945,5.881391738428433,4.103160597336677,1.6060249339350292,-4.276338011734701,-3.559775790971476,-2.589799200133789,-1.3412219406072066,0.05413412436685724,0.8940433825235087,29.335674170085557,146.48331628707717,0.9583733691432965,49673.68457865715,1511282172
338,10339,11.550108414896506,11.145116619951667,8.036010078403612,4.719999819310033,1.4257018229341616,-7.793485560824561,-5.245002505017706,-5.228831005015659,-2.139317023793864,0.07697720412903075,0.8714010814677868,23.571529987666107,117.84294420004012,1.0027365361917482,49673.68457865715,1511282172
339,10340,11.46436192131765,8.646639242178932,4.970983096876547,2.544531369366206,1.502551122653902,-5.1820770944226915,-4.617258570403749,-3.5659408931143597,-2.1432298277529203,0.06655959292119706,0.8905900861139084,26.866945619129126,133.81630620663293,0.924015919916934,49673.68457865715,1511282172
340,10341,11.050515694060909,7.887059030772717,7.154202015870182,3.314337353016834,1.6337553405948164,-6.675850245856691,-2.9555774301143733,-1.248366302343311,0.08289351233407971,0.05114219813931692,0.9004840164529712,30.660456504777017,149.86850452143995,0.9724670689585987,49673.68457865715,1511282172
341,10342,7.68796727013431,6.298576375634729,2.575790818393017,1.6431226588639876,1.6431226588639876,-5.468241493413549,-4.194211708777048,-3.200775557984965,-0.6671051056869912,0.06906557887719493,0.8947211592244646,28.332366800535425,134.1965900505762,0.9308909351583087,49673.68457865715,1511282172
342,10343,7.044526268001952,6.00388216992252,4.812495924195172,1.6761816307076234,1.6761816307076234,-6.608428446934382,-5.540163900407685,-2.784450040422432,0.12211651347345676,0.06449493888870758,0.8968486919561361,29.28799796456954,133.62925896666042,0.900800379688859,49673.68457865715,1511282172
343,10344,6.782137862106192,6.001291417456674,3.637772318289637,2.1361213254619784,1.6913155512545741,-7.5328374859715606,-3.992075026966182,-3.4604634584280554,-1.8585985468581498,0.04786681405244296,0.8906074262814074,30.4173398125946,150.6762104673714,0.9917701844911775,49673.68457865715,1511282172
344,10345,10.123925697898153,7.252717065781169,3.2527170657811677,2.0220858376682203,1.4751498740940245,-1.3055127889203881,-1.3055127889203881,-1.3055127889203881,0.18197907825986093,0.07153637683897625,0.8909299362860869,26.520604044011428,119.56636768658579,0.8598313121979941,49673.68457865715,1511282172
345,10346,11.162038878691435,7.956305262027037,4.749009696331428,2.925021220149506,1.9202643717058037,-5.089522333046947,-2.7531704734776703,-1.6166190215232386,-0.38667128085190217,0.0274553188135065,0.9107961767436118,38.39234438040434,188.0618214555384,1.3163138205131535,49673.68457865715,1511282172
346,10347,11.236435230039017,9.414575437375849,5.824044806088266,5.555890392762248,1.555890392762248,-5.657971775920987,-4.498891704714422,-4.099577560493494,-2.061037433067378,0.05986707885348078,0.897428263249922,28.6889042767136,143.43988054011024,0.9465533288492072,49673.68457865715,1511282172
347,10348,12.256373634129265,11.306337848191824,8.986967799925248,5.326621449551609,1.3266214495516089,-10.154520281370278,-7.671225658292969,-5.935073573383519,-2.6733785504483913,0.09231696759800802,0.9080729546368913,25.388969265743892,126.94308670688886,1.1095929802138822,49673.68457865715,1511282172
348,10349,11.65791406783601,8.614454584262514,7.4571874602894,4.092026442544567,1.4126334462964574,-8.647925348831286,-6.338449445995876,-5.4916012395759015,-2.587366553703543,0.0788816217665395,0.8829461634205215,24.387772639707034,121.917928856531,0.9643233818344963,49673.68457865715,1511282172
349,10350,10.06168780399429,9.216825594000898,5.216825594000898,2.257537291794115,1.5031393406649227,-2.7205353528976204,-0.7137889877583559,-0.7137889877583559,-0.10911826064906793,0.06647657064840104,0.8931248117980644,27.301715737582402,125.34056835249102,0.8622461451454615,49673.68457865715,1511282172
350,10351,11.849517357274259,9.649311844651415,5.948599647133166,3.486349161906965,1.3302770670087811,-8.314786941715942,-4.700224842211022,-4.490702599515068,-2.002433254522745,0.09171268551497347,0.8933048824509003,23.868467423753714,119.196038794692,1.0483722218985727,49673.68457865715,1511282172
351,10352,9.670939662268806,6.931102928728389,5.493048284883006,3.550323496247959,3.550323496247959,-1.2857844134791536,0.7249496872955987,2.06716509943914,3.550323496247959,0.0001899100224705364,0.8793223821235935,100.67456262537095,392.85971473085414,2.996927005749463,49673.68457865715,1511282172
352,10353,12.323842855952286,8.366239126523798,4.366239126523798,1.734698171073138,1.734698171073138,-7.187846343033005,-3.187846343033005,-2.675409727280889,1.0163861910806031,0.055576137621492515,0.9127492739691239,33.45633511530784,143.18223345495102,0.9587035885712768,49673.68457865715,1511282172
353,10354,12.921256885684318,9.047694717945891,5.047694717945891,2.76578623444974,1.5582629542529631,-5.143170049958845,-1.1431700499588444,-0.5884398401837394,0.38415094801291083,0.0593086861080782,0.893745898811042,28.412559318138797,134.24456672444597,0.890260585365582,49673.68457865715,1511282172
354,10355,12.104118211491024,10.495585954910482,8.476403282696769,5.395543837294737,1.3955438372947364,-6.6825438021891355,-3.7275865464403957,-1.5506726478805637,-0.9931635111390846,0.08142559829438221,0.8913015870336118,24.882838362657246,124.36912578514836,0.9707059938793025,49673.68457865715,1511282172
355,10356,11.592886491357225,10.112587566106503,6.1125875661065034,2.112587566106503,1.542168366822066,-3.413427299910583,-3.413427299910583,-3.413427299910583,0.37258745530020176,0.06301426618798467,0.8942287731649918,27.93516347550453,128.9354805982457,0.867675424738734,49673.68457865715,1511282172
356,10357,7.880891988682847,5.595354842127517,4.515793847996009,1.844004887425282,1.844004887425282,-4.328903670156984,-2.7621249323496047,-2.5471309566094202,-0.7922619546911951,0.04566189838491645,0.8985595517148779,33.154772090392676,159.460401505301,1.037675386471194,49673.68457865715,1511282172
357,10358,9.251602877347505,5.921849626012478,3.7398446877582003,2.013596620203484,1.4778997205292523,-7.564489956284917,-4.22997058205139,-3.9626012234484937,-0.7751513059716182,0.0720268299059293,0.8900338657423406,26.137969594978603,126.4021500543698,0.9100994827230271,49673.68457865715,1511282172
358,10359,10.20760307609061,6.638834921996245,2.6388349219962444,2.6388349219962444,1.4910014250640697,-8.701054969912942,-4.701054969912943,-4.474003338008465,-0.4920998735044668,0.06848321749041586,0.9054503814801249,28.279619632350233,136.69509054922403,0.9440121902413099,49673.68457865715,1511282172
359,10360,7.021286030625902,5.915685539983993,3.2444008667628363,2.849433484730122,1.3991688957479196,-10.713685445863186,-7.655588233074697,-4.548512861268881,-2.60083110425208,0.08088944461612306,0.8986768968953536,25.74411237874226,128.52543122117748,0.9811252177346642,49673.68457865715,1511282172
360,10361,11.912127544632709,8.174702031628186,5.290761627143885,1.640784358349222,1.640784358349222,-5.397263339423221,-1.97056977709212,-0.6027349869641838,1.640784358349222,0.05042072559511723,0.8815876358674893,35.88179380219116,143.4081881250746,0.9826065797425514,49673.68457865715,1511282172
361,10362,9.660163882782522,8.711646050274112,5.526161053421023,5.0301127574844235,1.6544412772566848,-6.913520664805083,-3.279726618445763,-3.2166916748725702,-0.5598618030334583,0.049018917496118336,0.8917695183896609,30.07851824035528,150.2287672095655,0.9851575235951731,49673.68457865715,1511282172
362,10363,7.469375797310408,5.978119688018181,1.9781196880181804,1.9781196880181804,1.5720096252051678,-5.801764571248437,-1.8017645712484376,-1.8017645712484376,-0.1731299837941096,0.06881215105283697,0.8958012008334109,27.988520059941344,127.88076244883035,0.886861146648151,49673.68457865715,1511282172
363,10364,10.033340563745416,9.850119554122177,6.182797314829119,3.421731633865521,1.4898913918307726,-5.287916277779043,-2.2831748263424876,-1.1601053663416,-1.0963562360320276,0.06812283295831209,0.8936503140508921,26.95510511300556,133.61177007789323,0.9236122473819695,49673.68457865715,1511282172
364,10365,8.085867445215504,4.752658555872997,4.315670389597584,2.477158812877029,1.389158228664533,-6.347035457742482,-2.8812587364145053,-2.523646031875499,-0.05941230653847418,0.08243664484587704,0.8826043263794223,23.914262910273244,114.64998943751614,0.9525926096192692,49673.68457865715,1511282172
365,10366,8.950674783919878,7.588344234454301,5.09879609571246,3.3676692752150013,1.5608232597155138,-8.244499595753796,-4.354160319720371,-2.7937094801486264,-2.048655138200422,0.059281648851206514,0.8956536971673463,28.595457058655015,142.76857127872924,0.9423627645368958,49673.68457865715,1511282172
366,10367,7.986681897607351,6.279508845820504,6.099685480196978,3.768032646751797,3.768032646751797,-5.315947994230228,-3.6555043639022857,0.20645714660684655,2.8645428354056404,0.0001305267975897553,0.9779675468055506,121.12107051944372,526.1562423986225,4.733718413020677,49673.68457865715,1511282172
367,10368,11.112290600464908,8.361323040966207,8.103306548047417,5.226595184646112,1.612950051450569,-5.680224864350584,-2.2576803656446573,-2.0530148245307,0.28678667360249954,0.05331040084313571,0.8906728178006709,29.11840919870479,145.19470282077614,0.9570095765661218,49673.68457865715,1511282172
368,10369,12.692862434042855,12.366339722506357,9.553489348498665,7.115609324282693,3.115609324282693,-2.271733331839128,0.7477877812367302,1.4875872429458004,1.750085891150768,0.0008553946292962914,0.8182704127539815,60.07199901267417,298.4234638398858,3.337913203566934,49673.68457865715,1511282172
369,10370,11.798850720423683,10.409230361786264,7.645179270553541,4.394320305774132,4.394320305774132,-3.971847477902889,-2.3741499878694476,0.8090901645873165,3.619917543333671,8.736332782330542e-06,0.8536812604481917,109.13642636321177,469.02365260367935,3.758613507039737,49673.68457865715,1511282172
370,10371,15.10828831641333,12.461632499667383,9.368869618985194,5.692396434329681,1.692396434329681,-6.943257571682138,-3.1190837126719,0.46328360302736904,0.7497247571382366,0.042973236690695645,0.9165567459445062,35.287586943726005,174.90523071561665,1.184516057154869,49673.68457865715,1511282172
371,10372,9.34168227757829,8.660348119725676,8.462663506560393,6.644525034152522,2.6445250341525224,-8.193561844608125,-5.613935708014271,-4.3278734921567015,-0.7149516698549765,0.004090282757461973,0.9195254426140642,58.945525483363866,294.71335735359946,2.295539188819876,49673.68457865715,1511282172
372,10373,14.67312093804436,11.115219454810921,7.596325856440572,5.035026502671121,1.4963694470743285,-4.351585967443387,-4.144963047928283,-3.738064367101562,-1.158775361935678,0.06727870093511465,0.8914853073296342,26.848096838982187,134.1870694285963,0.9276985617072876,49673.68457865715,1511282172
373,10374,6.755068545231704,4.507977717233413,3.8310163838739877,2.388986509331833,1.7941260658115195,-2.881258561941207,-2.5632238575016846,-1.7321567628960628,0.8413674342301901,0.03675753865762816,0.8913518404017409,33.11508287170592,150.73198386366943,1.0163923970661284,49673.68457865715,1511282172
374,10375,5.822300288704894,5.716526025730807,5.222859056376743,1.78670813684791,1.78670813684791,-2.613419495731682,-0.047120192435323505,0.7671527073475479,1.4618908689078682,0.042552985487543646,0.9024803213957296,38.36514758485218,153.00816682189307,1.0020946666416752,49673.68457865715,1511282172
375,10376,12.618428938936814,11.851603692876298,8.384264174434902,5.044512578571231,1.6238240170234326,-11.34778223681733,-7.825398746328483,-4.928063499972762,-1.9181632097399508,0.05220668389493687,0.8895624122135203,29.202530524654286,145.99763791635834,0.9646628314835789,49673.68457865715,1511282172
376,10377,12.914654688144584,9.669279037583385,8.609085475247706,5.5926298947072,1.5926298947072002,-6.266422125551813,-5.34051228477959,-1.6936818292950113,-0.010779192372680324,0.05561321476069493,1.0000333490891278,160.0,799.1735124042336,6.731791613829954,49673.68457865715,1511282172
377,10378,7.743793385121763,4.650706718886628,4.650706718886628,2.0300646589507765,1.4766278652855227,-5.378457470175644,-1.378457470175644,-1.378457470175644,0.20929095221630778,0.07184065067193357,0.8941575058446828,26.596131628716293,122.45079116050829,0.8731583311321253,49673.68457865715,1511282172
378,10379,8.015296587030422,6.391669019381147,2.3916690193811467,2.3916690193811467,1.5239379257343681,0.1333763701036892,0.1333763701036892,0.1333763701036892,0.17356801804143984,0.05001347044478934,0.7894499479470953,27.74386378019885,88.87826266788323,2.4604792229449135,49673.68457865715,1511282172
379,10380,6.73678707656502,5.405413736896665,5.405413736896665,1.5509999247764894,1.5509999247764894,-7.2281092068271775,-3.2281092068271775,-3.2281092068271775,-0.027432910954573453,0.0821259170824003,0.9003699755310179,27.09159054457146,123.80192398954301,0.9622448471295499,49673.68457865715,1511282172
380,10381,4.327048017605229,2.425188882374761,2.425188882374761,1.858221486522755,1.6722048669346556,-11.499638798398836,-7.499638798398837,-3.499638798398837,0.5003612016011629,0.05907625853411656,0.8987187206317384,30.182896255650274,132.0570896328428,0.8696349392133323,49673.68457865715,1511282172
381,10382,4.559424306531992,4.298709326441077,4.298709326441077,1.903448379164336,1.591253689594349,-10.921606425258604,-6.921606425258605,-3.1544829515981343,-0.4377352678966482,0.06148373524536174,0.895398020043453,28.619428892279938,136.16371132655672,0.9069170724510843,49673.68457865715,1511282172
382,10383,9.72455396904281,5.8639249198849015,5.8639249198849015,1.8639249198849013,1.668120057385153,-8.098787164433617,-4.098787164433617,-0.09878716443361668,0.5174218117829359,0.0555221556649127,0.8964651380294111,30.161116895922213,131.64402727385297,0.8606304623999776,49673.68457865715,1511282172
383,10384,6.5825722741297925,4.089758346201458,4.089758346201458,1.940724529185524,1.7256546107436745,-8.965578783513518,-4.965578783513517,-2.9441087726960466,0.18340544267784709,0.049065768179241076,0.8927983020953041,30.87330637749273,142.59814238178114,0.9331948234680425,49673.68457865715,1511282172
384,10385,6.652188937634725,4.042059230797733,4.042059230797733,1.912046868789375,1.6374662895293326,-8.283997232084763,-4.283997232084762,-0.5816705103136084,0.6399932177094165,0.05647121255142734,0.8983863985111449,29.999642274779795,132.91807699787165,0.869125315626864,49673.68457865715,1511282172
385,10386,8.0782115987673,5.030529291705555,5.030529291705555,2.8976181555163874,1.400422311363345,-8.775506857931406,-4.775506857931406,-0.9747878918124895,-0.7339667207816631,0.0806799603409345,0.8920871907988537,25.060656597896646,122.74701623491319,0.9510330067647591,49673.68457865715,1511282172
386,10387,9.553294495145005,5.925982497104284,5.925982497104284,1.9259824971042843,1.4331292851168504,-10.78925804096721,-6.78925804096721,-2.7892580409672094,-0.6684624879801697,0.07904307958990367,0.8947292163976471,25.701530013561275,123.49269806429501,0.9354316226458209,49673.68457865715,1511282172
387,10388,9.477123791908497,9.076296565937808,9.076296565937808,5.076296565937809,1.481469284428192,-11.129503018166304,-7.129503018166304,-3.1295030181663037,-0.6136601495045515,0.06924068983841254,0.8843820649075547,25.831428839099882,129.04097307218322,0.9317838489903214,49673.68457865715,1511282172
388,10389,7.070904518764241,5.878844457031031,5.878844457031031,1.8788444570310308,1.389643814917448,-11.34742728332927,-7.347427283329272,-3.3474272833292726,0.3316428247029437,0.0852969233702338,0.8966096979589511,25.150017952379045,114.70360839348548,0.9379296334814273,49673.68457865715,1511282172
389,10390,9.365816831777913,6.029960683712092,6.000303289756396,2.0003032897563955,1.528473943599132,-12.916167184554318,-8.916167184554318,-4.916167184554318,-1.184509612684286,0.06614109258646489,0.8901703309508286,27.06377633289064,132.30261796211462,0.9133316177948707,49673.68457865715,1511282172
390,10391,8.964837258078683,6.176457038659883,6.176457038659883,2.176457038659884,1.4946243201021068,-11.401840849945563,-7.401840849945563,-3.401840849945563,-1.7935796691995296,0.0684856579534702,0.8894967880380605,26.510286747834826,131.2925969993157,0.9214050325543217,49673.68457865715,1511282172
391,10392,7.302444203592831,6.315863798210941,6.315863798210941,4.029598973645977,1.5787341501307737,-14.421265849869226,-10.421265849869226,-6.4212658498692265,-2.4212658498692265,0.05719835486616001,0.8983582973057725,29.269409656348703,146.30941738115166,0.9575441788124643,49673.68457865715,1511282172
392,10393,9.090224428864953,6.376834535963804,5.632961901437161,2.3887982263775536,1.540924574237897,-7.2445852515957405,-3.2445852515957405,-2.903355530979036,-2.4590754257621033,0.06197768527360227,0.8891372231239791,27.446154856351065,136.70958074782692,0.927169640167854,49673.68457865715,1511282172
393,10394,11.671842148139273,8.29660545034911,8.29660545034911,4.2966054503491105,1.5065266913845845,-12.95647570949334,-8.95647570949334,-4.95647570949334,-0.95647570949334,0.06596596949184967,0.8922415058704759,27.130726173934598,135.41747224133357,0.9270562533290991,49673.68457865715,1511282172
394,10395,8.760298827858207,5.482614178569322,5.482614178569322,1.6891576994425461,1.6891576994425461,-7.957897623154025,-3.9578976231540244,-1.0871027822436659,0.4377431940214873,0.06275896717382518,0.9012995273466022,30.12658932911319,134.0055615272631,0.8946779322605597,49673.68457865715,1511282172
395,10396,9.473359491813577,5.900872875420305,5.900872875420305,2.318908570451547,1.4023285540068404,-12.164482721585719,-8.164482721585719,-4.16448272158572,-1.1555530331666979,0.08066824579839871,0.8889285703979997,24.749211018516082,121.704094921304,0.9533999720484645,49673.68457865715,1511282172
396,10397,11.167892258492795,7.990937472429578,7.990937472429578,5.574075127451779,1.5740751274517784,-10.846602106198604,-6.8466021061986035,-3.4787643727006357,-0.5708846181816967,0.05773498952753893,0.8923836107492494,28.494787827565172,142.41239132570283,0.9420252720788365,49673.68457865715,1511282172
397,10398,4.871052120703051,3.0434618163667704,3.0434618163667704,1.9346349783321375,1.644723117986463,-9.092257388394941,-5.092257388394941,-1.0922573883949414,0.6679173349828421,0.055437017519908316,0.8988664053392371,30.261734081110664,133.4620094302765,0.8705522374482915,49673.68457865715,1511282172
398,10399,11.822153908723187,8.57054282184524,8.57054282184524,5.451916347570968,1.451916347570968,-12.682154470322214,-8.682154470322214,-4.818831912887454,-1.8558070820922408,0.0732624328871113,0.8942406456009168,26.27018455051972,131.34389840927528,0.9405862717735816,49673.68457865715,1511282172
399,10400,10.701767675594297,8.66118080875135,8.66118080875135,5.436345608111542,1.4363456081115415,-9.46505234920583,-5.46505234920583,-1.521905291473429,-0.21558801036569264,0.07544545781854443,0.9008544468384028,26.69039970014097,133.3222430780022,0.9648103859872537,49673.68457865715,1511282172
400,10401,9.258375316522972,8.036924203336598,8.036924203336598,4.933012602439996,1.5143743257314968,-12.026938139346305,-8.026938139346305,-4.636058640574337,-2.485625674268503,0.06496545880272865,0.8933217194412524,27.401162481595627,136.9998820280298,0.9301472743005034,49673.68457865715,1511282172
401,10402,9.242905285433416,5.7816774439753384,5.7816774439753384,1.7816774439753384,1.5575442621023183,-10.024694351761376,-6.024694351761377,-2.0246943517613767,0.40058484916139037,0.06839949623235124,0.8947268756838266,27.656427170836906,124.69199570218393,0.8653764799268849,49673.68457865715,1511282172
402,10403,3.699045586728521,3.6287854490299125,3.6287854490299125,1.7447516566046641,1.7447516566046641,-8.642693387874337,-4.6426933878743375,-0.6426933878743368,-0.07344780517960925,0.05621553694764665,0.8972620687125193,30.82601797906026,140.17821616458104,0.9164776017337756,49673.68457865715,1511282172
403,10404,4.650664947965031,3.143004702425938,3.143004702425938,1.5244270081060034,1.5244270081060034,-7.688642632267633,-3.6886426322676336,-3.6886426322676336,-2.159374949201883,0.08638127173749424,0.8960740943422935,26.085378708145825,128.28753494164732,1.0386367079620855,49673.68457865715,1511282172
404,10405,11.854587344790676,8.915096681213674,8.915096681213674,4.915096681213675,1.470482872799036,-11.891863819019433,-7.891863819019432,-3.8918638190194317,-1.6035457182798833,0.07071550648184276,0.8940928142278015,26.617878692601987,133.05856858527622,0.9347095333204472,49673.68457865715,1511282172
405,10406,12.252272867175416,9.315574531620912,8.77004656729474,5.554373985991315,1.554373985991315,-11.613912247172141,-7.613912247172141,-6.199832741880234,-2.4456260140086847,0.06004761711127155,0.9003269892733271,28.991815763699655,144.9571201196102,0.9559471824458324,49673.68457865715,1511282172
406,10407,8.477324110963133,6.464354408296051,5.370842172147143,2.554075260886928,1.8222665744580453,-7.573469265542072,-3.573469265542073,-2.6326115796072065,-2.1777334255419545,0.034568645102105035,0.8857906512955607,32.91545285245369,163.87460141316808,1.1309211228385265,49673.68457865715,1511282172
407,10408,9.516614545041016,8.970475551831711,8.970475551831711,4.970475551831711,1.488441306092292,-9.748060052789723,-5.748060052789723,-1.7480600527897232,0.45013629531846355,0.06784247018402763,0.9020808764886088,27.97577087101143,139.20862469961384,0.9528183374950027,49673.68457865715,1511282172
408,10409,7.615257575646826,6.511340976788996,6.511340976788996,3.3195173889803344,1.523865985191185,-9.944709695302725,-5.944709695302723,-1.9447096953027236,-0.6227889454339717,0.06377042499783764,0.9013095045324879,28.48855972983221,141.02324936033415,0.9443435672054332,49673.68457865715,1511282172
409,10410,8.066839697712837,7.758459563376838,7.758459563376838,3.9953769247324233,1.5136633683510319,-12.274622965904495,-8.274622965904495,-4.274622965904495,-2.0689360237662893,0.06505544996072732,0.8951838223273192,27.593919410154545,137.90149672835307,0.9331133090891373,49673.68457865715,1511282172
410,10411,8.333014088680464,5.1898158052504355,5.1898158052504355,1.9332902657636792,1.6593958470528876,-9.292758995532758,-5.2927589955327585,-1.2927589955327587,0.6569705774825527,0.0540372533994973,0.8988910116773009,30.505210744328636,136.3272854891605,0.8870871172850249,49673.68457865715,1511282172
411,10412,6.11061158811008,5.758177910706791,5.758177910706791,3.0362111906916884,1.7416307808241565,-8.946789166943459,-4.946789166943459,-0.9467891669434587,-0.013606824772125714,0.04078866081926458,0.8994323317310549,32.834272983668654,159.5807740476426,1.0483645210199584,49673.68457865715,1511282172
412,10413,6.747986753676822,5.692838462065378,5.692838462065378,1.692838462065378,1.4642373894910528,-8.851327838123517,-4.851327838123518,-0.8513278381235174,-0.07682898896519963,0.08178610295058161,0.89383469680219,25.66507282523475,117.23391809212208,0.9221271686103788,49673.68457865715,1511282172
413,10414,6.197209529023456,6.0222303648503885,6.0222303648503885,2.0222303648503885,1.617861413952754,-11.99557214802792,-7.99557214802792,-3.995572148027919,-0.6579379473201017,0.05634991431134196,0.8955143682478985,29.361796599154587,141.51346267619388,0.9273459979533064,49673.68457865715,1511282172
414,10415,7.3660176015599985,7.053261967059474,7.053261967059474,3.345350136375929,1.4820570045854884,-9.764429464968288,-5.764429464968288,-1.7644294649682875,0.5601328526927432,0.06825354941193498,0.889716110650562,26.596248051415657,128.6151775647954,0.9020187413641432,49673.68457865715,1511282172
415,10416,7.760748444206902,7.341903059825235,7.341903059825235,3.341903059825235,1.60328548668037,-10.827656409699628,-6.827656409699628,-2.8276564096996273,0.5519416559845898,0.05404747114541729,0.8948256046114619,29.478530717412468,142.58252750949063,0.931616645273081,49673.68457865715,1511282172
416,10417,6.303296470937126,5.14545436340787,5.14545436340787,4.168793766466316,1.5047308772534322,-9.578609100217873,-5.578609100217874,-1.5786091002178744,0.6973707570477831,0.06461191319980825,0.894716786427213,27.768927924511956,136.4951295455098,0.9226886015104617,49673.68457865715,1511282172
417,10418,7.4772835423655515,4.90307933046906,4.90307933046906,3.1186528016330906,1.4114059093730444,-9.401821259148571,-5.401821259148571,-2.0599378513360262,0.38922581889556573,0.0785021008145783,0.883061913337144,24.482089381854014,118.16935331233098,0.9360419279780221,49673.68457865715,1511282172
418,10419,4.825320422443942,1.8837025113440278,1.8837025113440278,1.6160977998156387,1.6160977998156387,-12.103861031972475,-8.103861031972475,-4.1038610319724755,-0.10386103197247532,0.0901560482612541,0.9108852291486446,28.859042686931286,127.37996512977092,1.0931735691143547,49673.68457865715,1511282172
419,10420,3.3135070465423127,2.7342010705616917,2.7342010705616917,1.616363373520388,1.616363373520388,-9.569126542520413,-5.569126542520413,-2.681191040333599,-1.2067498290575622,0.07332859473073988,0.8942318842875573,27.72938156094126,133.7792438342814,0.9568756324797277,49673.68457865715,1511282172
420,10421,11.17764746379332,7.677277728553453,7.677277728553453,3.6772777285534533,1.5076490029329592,-12.923742090007652,-8.923742090007652,-4.923742090007651,-1.3455103444499639,0.06582182908873827,0.8944827770351239,27.396499790908315,136.64964697944887,0.9297567124941426,49673.68457865715,1511282172
421,10422,8.33189686785168,6.509812210663311,6.509812210663311,2.5098122106633114,1.5032900104165023,-10.621898070007429,-6.62189807000743,-2.621898070007431,-0.8197823155860504,0.06649351218818876,0.9020420298477736,28.14280653821778,137.99758804432042,0.9377975345354381,49673.68457865715,1511282172
422,10423,4.012981739479391,2.8138370712414176,2.8138370712414176,1.758934663030632,1.758934663030632,-8.863694418485869,-4.863694418485869,-0.863694418485869,0.6820164686292216,0.05492899524739936,0.9030359915647277,31.929145137059393,137.55679846263757,0.8975270002319192,49673.68457865715,1511282172
423,10424,6.4157212702941635,5.471508535482915,5.471508535482915,2.043206309486598,1.7466999365980225,-8.524214568796152,-4.524214568796151,-1.5467736018538354,0.5048643289874999,0.04482657753786676,0.8930903415754785,31.62248542305779,144.01459164040222,0.9457395370885223,49673.68457865715,1511282172
424,10425,7.304646027521644,5.856024897934454,5.856024897934454,1.8560248979344534,1.542845045273588,-10.282081975652275,-6.282081975652274,-3.165496818495212,0.5129208014441327,0.06715801792349005,0.8936496775060949,27.558850678346047,123.96196172250305,0.8557659080715285,49673.68457865715,1511282172
425,10426,6.9841278938993545,6.193318158516723,5.16024436642773,4.524107452034473,1.5849669392038848,-7.718443733020147,-3.7184437330201465,-0.8004282661131683,0.6212884857468677,0.05583260628194843,0.8945703367138389,29.150711859720463,144.17157677166819,0.9450611916446248,49673.68457865715,1511282172
426,10427,7.309913480001437,5.860267995650418,5.860267995650418,1.860267995650418,1.5502400341741318,-9.916907145291555,-5.916907145291556,-1.9169071452915556,0.5171083844396938,0.06628667602246129,0.8942829793660785,27.768304044697395,124.86013892507864,0.8559223491817898,49673.68457865715,1511282172
427,10428,11.795228016184081,7.931075060124236,7.931075060124236,3.931075060124236,1.8012930904660964,-9.186711938544832,-5.186711938544832,-1.1867119385448317,-0.8320959406124928,0.03582797028260963,0.8962508340704483,33.753535744575814,167.94054460874347,1.1225942232687705,49673.68457865715,1511282172
428,10429,4.904634032643548,4.049622300684137,4.049622300684137,2.6732940418256756,1.4379644386743158,-13.13560567482139,-9.13560567482139,-5.13560567482139,-1.8589854282045477,0.07524023208650855,0.889454242183784,25.51971506199234,126.98965324847394,0.9391568863156156,49673.68457865715,1511282172
429,10430,9.280181961214916,5.831743656770426,5.831743656770426,1.970057226113407,1.6413259365623711,-6.254347412085953,-2.254347412085953,-0.9770347162779716,0.753241776424124,0.05428796739021084,0.8987322016954257,30.386432505099222,133.9978206699025,0.8723553009271764,49673.68457865715,1511282172
430,10431,10.223830319331652,7.481652552547828,5.445738146087793,3.8221182300263763,1.4106456609882254,-10.284596280638825,-6.284596280638823,-2.284596280638823,0.6530089980688623,0.07694706685872293,0.8895719731380253,25.468560744717784,124.45300275481404,0.9360513027283848,49673.68457865715,1511282172
431,10432,11.57194739860032,7.720046743946156,7.167949585177712,3.5045795000850744,1.4790963331622942,-7.703936734291823,-3.7039367342918226,-0.10875725766110933,0.4839537968854415,0.06842262255052221,0.8969389779740303,27.40233084920893,123.60755985856639,0.8556308809864617,49673.68457865715,1511282172
432,10433,9.3952360909791,5.665342553197083,5.665342553197083,3.4475861592553265,1.4821589579111103,-7.71608186725301,-3.71608186725301,-3.2241618503895806,0.4660193158575656,0.06860757490057212,0.8965500932988312,27.24086866562385,132.49350905051676,0.9147220285794935,49673.68457865715,1511282172
433,10434,8.185602243048056,4.9097754080253715,4.9097754080253715,4.526573751388033,1.4649703403839325,-7.141898643739007,-3.1418986437390073,-0.7821060705525131,0.5747075132040524,0.07035834937496648,0.8937674570849021,26.732349633433625,132.1858651748987,0.9273956238433579,49673.68457865715,1511282172
434,10435,7.712523663568618,6.252589984680374,5.830482650641669,5.5163307489819795,1.5163307489819797,-11.721669559000524,-7.721669559000525,-4.917889571742122,-1.1323775655248116,0.06471786965204235,0.8924896545378874,27.34871342145002,136.71717726887042,0.9290002861944953,49673.68457865715,1511282172
435,10436,11.005751101419971,7.060564630559068,7.060564630559068,4.384206057960405,1.4922100065851016,-13.178833487841224,-9.178833487841224,-5.178833487841225,-1.2917627782956915,0.0678220178545891,0.888072098667496,26.413664989422358,131.94694520634354,0.9268618757184877,49673.68457865715,1511282172
436,10437,13.019229924596376,9.385906500381626,9.385906500381626,5.657280527399444,1.6572805273994444,-7.5934260855099405,-3.5934260855099405,-1.3054565039639374,-0.16462736387373567,0.04872990179097919,0.8982542772172734,30.88429693136288,154.3043777120065,1.0017247755180398,49673.68457865715,1511282172
437,10438,5.928065229836536,5.452132781442873,5.452132781442873,2.1902537899645047,1.3231170540052777,-9.102237344006795,-5.102237344006796,-4.499924903469459,-0.6040206957752483,0.09332173141044138,0.8686034903464905,21.453807038568854,103.78248319975637,1.1145139991295003,49673.68457865715,1511282172
438,10439,9.70293221003023,9.535803119271842,9.535803119271842,5.5451419175280705,1.5451419175280707,-11.745493029977723,-7.745493029977723,-3.7454930299777223,0.25450697002227773,0.06106431957930959,0.8998104431607397,28.76619671816765,143.59401125394487,0.9504021988494601,49673.68457865715,1511282172
439,10440,8.056110116580701,6.540434765303753,6.343809871370423,2.7037450206371196,1.398833006008082,-11.193619020161453,-7.193619020161454,-3.1936190201614547,0.5496041138125102,0.07950108532202434,0.8893171350234789,25.03550730896035,118.12857492905074,0.9180762936189295,49673.68457865715,1511282172
440,10441,6.654588493248174,3.4206929953388503,3.4206929953388503,3.2157807726452847,1.6118877670280896,-6.064569809825561,-2.064569809825561,-1.125760738671204,0.6825256109359691,0.052801689406201786,0.8911612148489164,29.369122031240927,138.70939512976318,0.9130910250405004,49673.68457865715,1511282172
441,10442,9.950359581198327,6.123355647207603,6.123355647207603,2.123355647207603,1.5810741969496889,-13.56477074317629,-9.56477074317629,-5.5647707431762905,-1.5647707431762898,0.05876776171568715,0.8916954050866157,28.365518550035816,139.97444677433722,0.9305260464164853,49673.68457865715,1511282172
442,10443,12.76066702734794,8.998774761722409,8.998774761722409,4.998774761722409,1.4892803089990931,-12.88998790167676,-8.88998790167676,-4.8899879016767605,-0.8899879016767607,0.0682067793661621,0.8885234224630251,26.400745731964378,131.91708577047785,0.9271767858896331,49673.68457865715,1511282172
443,10444,7.630411325146224,5.908309110028584,5.908309110028584,1.9083091100285832,1.516242892162819,-5.025501968152832,-1.0255019681528326,-0.04530543996616543,0.5461393226782126,0.06789189794298803,0.8924070841399996,27.330157291812366,119.25022182863474,0.831835667379775,49673.68457865715,1511282172
444,10445,8.753379417014004,5.028342980995683,5.028342980995683,1.9768164104080452,1.5894772542430304,-9.445771542223365,-5.4457715422233655,-1.564338497565114,0.6618310651465368,0.059211986815518286,0.8963453543240953,29.078466915319197,130.43615281138804,0.8613080220713778,49673.68457865715,1511282172
445,10446,4.610927361869422,3.967686316703033,3.967686316703033,1.7990733166576898,1.568286620271248,-8.328209894000832,-4.328209894000832,-0.328209894000832,0.4209703753754954,0.0665859527620326,0.8918854757057055,27.64238741667088,122.12637217242336,0.8448160982388795,49673.68457865715,1511282172
446,10447,5.076908799977064,3.1995765610129077,3.1995765610129077,1.9082032820596033,1.483622982836246,-10.367214145484708,-6.367214145484709,-2.3672141454847093,0.5119425460765376,0.0724037558594466,0.8940861560821711,26.707475003961484,119.83828763211099,0.8601802638873762,49673.68457865715,1511282172
447,10448,12.434922138141411,10.571607838398451,8.777326408804596,5.383557185614696,1.383557185614696,-11.59113320753363,-7.591133207533631,-5.0244936642861395,-2.6164428143853042,0.08324704226179935,0.8348356539822367,20.0,99.9985913008211,1.4736822535572034,49673.68457865715,1511282172
448,10449,6.596829038227419,5.787161848902615,5.787161848902615,1.8118856064329898,1.5875874542401494,-6.297402727922351,-2.297402727922351,-2.297402727922351,0.4461034671402939,0.06444481172661269,0.8938640754078642,28.181732479822173,126.90185758717355,0.8612074691479391,49673.68457865715,1511282172
449,10450,7.078932161326632,5.141536497604309,5.141536497604309,2.5172597623053896,1.4952471821284317,-12.153461171094337,-8.153461171094337,-4.153461171094337,-2.207463751366001,0.06752232956342763,0.8913068862538954,26.797452018756523,133.49733406275493,0.9250043302796229,49673.68457865715,1511282172
450,10451,9.600595393239082,7.264851654455907,7.264851654455907,3.264851654455908,1.4781645109417163,-8.095277199371179,-4.095277199371179,-0.09527719937117873,0.3970192129652621,0.0687111383843417,0.8865736260683348,26.24624181977095,116.65065017549549,0.8384951345682068,49673.68457865715,1511282172
451,10452,9.442078644818032,7.159756324260521,6.593017884732286,5.20509504657795,1.2050950465779502,-5.934532352379885,-2.426976232240839,0.6952569160874449,1.2050950465779502,0.0726494501222414,0.8769717384082054,28.469109718516982,140.31260999034166,1.0710623391134475,49673.68457865715,1511282172
452,10453,10.985611485886654,7.182726469675503,7.182726469675503,3.640014562565298,1.4631847413301327,-10.06141170934937,-6.061411709349372,-2.5513745042745617,0.5572915165521346,0.07069894198313396,0.8947144534411231,26.77413104283837,130.56705978539063,0.9173682755224213,49673.68457865715,1511282172
453,10454,9.018309788571077,6.5009258510621875,6.5009258510621875,3.3494790801493872,1.5674505502665952,-8.206430253042315,-4.206430253042316,-0.20643025304231633,0.4154856215145495,0.058046280015639176,0.8909718007011288,28.349603119124474,136.7090447507503,0.9094060324616875,49673.68457865715,1511282172
454,10455,10.69257254988816,7.117138006770281,7.117138006770281,3.413481912208846,1.5073441579276425,-10.505876752102017,-6.505876752102017,-4.650085500486465,-2.4926558420723577,0.06586007097756551,0.8893277170388565,26.843895782648893,134.13380749615342,0.9264876425389968,49673.68457865715,1511282172
455,10456,5.712746609113418,3.6526974341369205,3.6526974341369205,1.6859815020863336,1.6859815020863336,-7.295273232875038,-3.2952732328750383,0.7047267671249624,0.9559099552658293,0.05772576257437452,0.8953010059520609,32.149395473195064,128.1995684616207,0.8442631796128055,49673.68457865715,1511282172
456,10457,5.842630634270883,3.5711232846342984,3.5711232846342984,1.9774786252719017,1.6550702471415388,-9.500974050963526,-5.500974050963526,-2.577414372539555,0.8156005574495421,0.052687662507934725,0.8983758175800578,30.736038140337357,135.95338082593724,0.8834795344555187,49673.68457865715,1511282172
457,10458,13.321107068977398,9.352086262632096,9.352086262632096,5.3520862626320955,1.3520862626320953,-10.163948645987618,-6.1639486459876185,-2.1639486459876194,0.42858035454167875,0.0871444688463183,0.8997564028689046,25.136690321875903,125.33333124624215,1.0257554550245374,49673.68457865715,1511282172
458,10459,10.308210781029041,7.14130449118856,7.14130449118856,4.756590470969189,1.431702460377582,-10.24832395252755,-6.248323952527549,-2.2483239525275494,0.616295932503314,0.07446080533028623,0.896221046910614,26.457850067755075,131.26840327401152,0.9460005174092202,49673.68457865715,1511282172
459,10460,9.732096138853052,8.227087250207454,8.227087250207454,4.227087250207453,1.5840163165158103,-12.120438950884765,-8.120438950884765,-4.1204389508847665,-0.6806054329112114,0.05659494399329842,0.8977924547962561,29.30830392200126,146.1243227695507,0.955396188736359,49673.68457865715,1511282172
460,10461,6.290485382503642,4.306496669129937,4.2371212955444335,1.6795968311395335,1.6795968311395335,-4.457694995289926,-0.4576949952899263,-0.10896193891732642,0.774159883067262,0.06255245634081691,0.9052161367377479,31.11531191920467,129.82930153168292,0.8707136497142288,49673.68457865715,1511282172
461,10462,8.093860902559431,7.140768325463792,7.140768325463792,3.1407683254637924,1.4031449501918412,-11.65937410917793,-7.65937410917793,-3.6593741091779304,0.34062589082207007,0.07984063851342633,0.8838357001534891,24.375986498325343,117.9399765235839,0.9426436271096388,49673.68457865715,1511282172
462,10463,8.213175372600046,6.95423215208922,6.95423215208922,4.527981611164932,1.4679475853618296,-13.027837167116441,-9.027837167116441,-5.027837167116441,-2.53205241463817,0.07105920350729736,0.8947006495668042,26.635907432426713,133.16806006383302,0.9365830565087606,49673.68457865715,1511282172
463,10464,8.775611869590916,5.682847809385028,5.682847809385028,1.6828478093850283,1.6828478093850283,-8.942555225079005,-4.942555225079006,-0.9425552250790059,1.1551366145277995,0.05956152839390286,0.9124524521940207,33.32010665017485,139.27565260260872,0.9415073902140653,49673.68457865715,1511282172
464,10465,13.966411589134369,10.248764996315009,8.551722771749892,5.5004896381651935,1.5004896381651933,-5.2758534344413,-1.2931493964387497,-0.5456255345990357,0.4219421502960461,0.06627280218489148,0.9014179064809543,28.14973591802199,140.03952006146875,0.9495963364026434,49673.68457865715,1511282172
465,10466,3.766817210966395,2.914009357271209,2.914009357271209,1.8329604299044213,1.6133945968612864,-11.385027338909522,-7.385027338909523,-3.3850273389095227,0.5108319004705759,0.0617335439361546,0.8959739009567594,28.9752113286251,128.635878584832,0.8582104892223383,49673.68457865715,1511282172
466,10467,9.102905397824689,6.052613626002486,6.052613626002486,4.519160042762402,1.803666871860844,-11.075059714377158,-7.075059714377159,-3.075059714377158,-2.1963331281391563,0.0356417475242028,0.9293287983225074,38.61241355195976,193.02986122943648,1.4166022138513612,49673.68457865715,1511282172
467,10468,7.2932196072824675,4.961441408789313,4.961441408789313,3.8877230061193764,1.7346558886978094,-9.721605691919736,-5.721605691919735,-1.721605691919735,0.5304301075239579,0.04126901012570223,0.885803957446695,31.152741876246907,152.79639561418793,1.0340398804433042,49673.68457865715,1511282172
468,10469,7.773722383100984,7.094929249625664,7.094929249625664,5.036469432375452,1.4699765523806694,-10.816081531207486,-6.8160815312074865,-2.8160815312074865,-2.137443650234573,0.07078404955115135,0.8930435791851259,26.496087484547928,132.47035381721966,0.9334126780199512,49673.68457865715,1511282172
469,10470,14.13834862176697,10.256368250621623,8.054424551459743,7.4014373087219285,3.4014373087219285,-5.586015521255045,-2.4947181610938456,-2.0388594351077574,0.39901620237054614,0.0003351625070868406,0.8899947223697502,77.1045778194212,385.48602393005206,2.8963875049786236,49673.68457865715,1511282172
470,10471,7.652954628773484,7.461436401486232,7.461436401486232,3.4614364014862313,1.549545315465285,-9.894775210902916,-5.894775210902915,-1.8947752109029146,-1.685256297764828,0.06062458271191133,0.8943362043676262,28.219290130558093,140.67036995110706,0.9349050624508927,49673.68457865715,1511282172
471,10472,10.659607101951648,8.527507203968822,8.527507203968822,4.527507203968823,1.6286116864185731,-13.22582233343625,-9.22582233343625,-5.22582233343625,-1.4566463757024224,0.051697604928903365,0.8914061291639911,29.50502325151434,147.44203461641476,0.9683176788960225,49673.68457865715,1511282172
472,10473,7.448240891877019,5.02882511461216,4.760306973717171,2.312707511850712,1.7749503417024661,-6.250639441981784,-2.2506394419817832,-1.6343998980165095,-1.204975770908079,0.03922631825263212,0.8929423735958484,32.58416131250611,159.56428182156483,1.060699117661654,49673.68457865715,1511282172
473,10474,8.114048898825443,5.537257534552169,5.537257534552169,1.9063486521336603,1.492125472648728,-10.493641295125071,-6.493641295125072,-3.1448574211000357,0.5253169015182746,0.07132567574704736,0.894435536639244,26.883758262734,121.24774163950917,0.8614383305103449,49673.68457865715,1511282172
474,10475,10.294851297597909,8.542493840644617,6.22096648565543,4.760011147217279,2.326109360687126,-7.8586316031252705,-3.8586316031252705,-1.7029984140357275,-0.1456575709234218,0.010006353267020738,0.872993414980988,43.27073626472719,215.73061127322634,1.758481866027154,49673.68457865715,1511282172
475,10476,6.752996889414604,5.8599990585754815,5.8599990585754815,1.859999058575482,1.6187553189893198,-8.353630753666069,-4.35363075366607,-0.3536307536660701,0.5466001718309459,0.05979758112976425,0.8968145437807629,29.281853559836165,128.51917171736818,0.8500934068906099,49673.68457865715,1511282172
476,10477,5.067596301384802,4.897038538987705,2.116676271665449,1.3499222393599368,1.3499222393599368,-4.6222829251658295,-1.9119682830877072,1.2344757068185948,1.3499222393599368,0.06348162397493025,0.8340923602236776,31.508676260801465,105.24133777186873,1.380337045863251,49673.68457865715,1511282172
477,10478,9.607508456690509,6.203026649659965,6.203026649659965,2.2030266496599658,1.3896836523093976,-8.942867128485576,-4.942867128485576,-0.9428671284855759,0.5194349865955575,0.08153263459934518,0.8891578213184154,24.772541755910886,113.25187213813977,0.9060820969504407,49673.68457865715,1511282172
478,10479,8.339882528496558,5.058513942672532,5.058513942672532,1.7796554227529298,1.554522852618298,-10.052686669664059,-6.052686669664058,-2.052686669664058,0.3999677737548788,0.06876293281458803,0.88662901580707,26.73798740096834,120.5418920066401,0.8638088657372749,49673.68457865715,1511282172
479,10480,9.364828486971895,6.001135978124251,6.001135978124251,2.0011359781242506,1.6001070779517816,-5.783364743269649,-1.7833647432696489,0.31952026514438203,0.7187165933876302,0.05602137242514478,0.8859970052950824,28.884850395901896,124.3049312048152,0.8422085035579967,49673.68457865715,1511282172
480,10481,5.845149134433698,5.368620972397008,5.368620972397008,2.0393141886518134,1.673780682433905,-9.405687900164185,-5.405687900164186,-2.652899507365537,0.9105542645864763,0.0493197456842297,0.895007152658138,31.003355501783794,137.26424202164006,0.8943772812409341,49673.68457865715,1511282172
481,10482,13.671161804782873,9.72636182094523,7.932123194379535,5.279819274196255,1.2798192741962546,-10.266009948635482,-6.266009948635482,-2.419513863338471,-1.2650888316556943,0.10030434982907706,0.8593022659156615,20.0,99.97777605209744,1.2939749582564994,49673.68457865715,1511282172
482,10483,6.034950589938996,4.978952451828984,4.978952451828984,1.9461339660504928,1.4228002017573365,-13.05609116423432,-9.05609116423432,-5.05609116423432,-2.010226303171369,0.08011421565293685,0.8791751535245349,24.00203760135016,118.85394486296612,0.9776748732430954,49673.68457865715,1511282172
483,10484,7.443204540654045,3.7154880330879827,3.7154880330879827,2.033335236214173,1.50746520503371,-12.620035673671325,-8.620035673671325,-4.6200356736713255,-2.49253479496629,0.06815259003136975,0.886760258979981,26.384072899311697,131.1871277056999,0.9288553255707221,49673.68457865715,1511282172
484,10485,9.859916401507277,6.427791855201537,4.463197147415186,1.5379008641353369,1.5379008641353369,-7.301728476079231,-5.387956048299234,-4.6806863888461985,-2.462099135864663,0.08417591608549671,0.8205418638761267,20.0,98.61782462511248,1.7930367466708483,49673.68457865715,1511282172
485,10486,9.942317112741968,7.235198683970371,7.235198683970371,3.2351986839703715,1.5759627575358286,-9.938104556522037,-5.938104556522037,-1.9381045565220372,-0.9980902187545821,0.05751648150994488,0.8989507642809416,29.276768290309576,145.3169452622023,0.9515816362458908,49673.68457865715,1511282172
486,10487,7.166546513451806,3.4265849621092066,3.4265849621092066,1.929126881482784,1.5465986312142308,-10.020034384626417,-6.020034384626417,-2.020034384626417,0.5994914967380485,0.06471587350644463,0.8893931523717921,27.419033245229677,122.71175001373908,0.8467827136362003,49673.68457865715,1511282172
487,10488,3.6727947299756245,2.6418773056359663,2.0177101160870587,1.6605858871431114,1.6605858871431114,-7.0796854378243745,-3.0796854378243745,-3.0796854378243745,0.614769772132262,0.07112275283362152,0.9004872247604956,29.215224582848933,124.31883321887759,0.8752970014612547,49673.68457865715,1511282172
488,10489,6.716107119334257,5.775263627987191,5.775263627987191,2.817260522047979,1.6987658304174726,-9.947583715865532,-5.947583715865533,-2.424203067520584,0.8170596154706117,0.043848939111015,0.8906827897939017,31.203683261985894,146.11441146877576,0.9670903065873108,49673.68457865715,1511282172
489,10490,8.737416975663823,6.896440845957823,6.896440845957823,2.8964408459578235,1.5755558395507807,-13.835607503542349,-9.835607503542349,-5.835607503542349,-2.4244441604492195,0.05756812992935829,0.9114905210637756,30.814117445798832,153.82779933688465,1.0270964532228102,49673.68457865715,1511282172
490,10491,8.94655019390845,8.84894123516294,5.169651311050329,3.046976867743493,3.046976867743493,-4.39683294606125,-3.033474410133949,-0.5972486582475875,2.2990063935189458,0.001712079051620725,0.9151645041447694,70.71361638915232,303.1909126379173,2.3617478346319114,49673.68457865715,1511282172
491,10492,6.6290721477620185,5.923565172798158,5.923565172798158,1.9235651727981582,1.6029098430300845,-8.877135086874041,-4.877135086874042,-0.8771350868740424,0.630204538798338,0.0592463605609968,0.8917850816752075,28.65332548006711,126.7893518911312,0.846092089675529,49673.68457865715,1511282172
492,10493,7.524331994722812,5.669068288722222,5.669068288722222,2.9911617477780474,1.5657929129964978,-9.485598194248784,-5.485598194248784,-4.211595120558869,-0.5003195099917159,0.058700330626796624,0.9825415454853621,48.62955048855649,239.20789487850928,2.6136978173606833,49673.68457865715,1511282172
493,10494,7.677825973555813,5.729475109873468,5.729475109873468,1.7294751098734686,1.7294751098734686,-11.616724771762645,-7.616724771762645,-3.6167247717626463,-1.8622359741354473,0.05796039953209776,0.8961847921229225,30.339286730405757,149.46772546181336,0.9816417999748793,49673.68457865715,1511282172
494,10495,9.131035844584016,6.04384268716609,6.04384268716609,3.2284508073990317,1.1190683533153518,-7.622062769321686,-3.622062769321686,0.3779372306783142,1.1190683533153518,0.08962350488049409,0.8740292049552516,25.10990594165606,111.47882746212272,1.0691762626087151,49673.68457865715,1511282172
495,10496,9.683463742293128,7.637859987729105,7.637859987729105,3.6378599877291053,1.3637487422580252,-9.946376406247401,-5.946376406247401,-1.9463764062474003,0.7466906702939949,0.08196712005377714,0.8911791647924767,25.15748088881262,122.05139638277991,0.9612927041876641,49673.68457865715,1511282172
496,10497,5.888228853209673,5.779667435141945,5.779667435141945,2.9793624120276383,1.442575214923896,-7.273147111913526,-3.2731471119135254,-2.2008665348235503,0.6394701696461339,0.07283903688035924,0.8907791883057814,26.115792940030122,124.2525638030832,0.8995674953552375,49673.68457865715,1511282172
497,10498,9.765831339219584,6.57805125176632,4.394385122031734,2.137796956241287,1.2299948414666002,-2.3889226534299075,-1.8635994899098225,1.0193202765091858,1.2299948414666002,0.061438863774833485,0.7945759992413911,24.434425586683997,99.42323862778827,2.3783991030292118,49673.68457865715,1511282172
498,10499,7.546958799619652,3.6586426399545973,3.6586426399545973,1.8704841796311873,1.3428077303547254,-5.10053176077584,-1.10053176077584,-1.10053176077584,0.44686444300354855,0.09132847428284455,0.9039766884454581,25.301817248883516,112.75063747553124,0.9971693506958343,49673.68457865715,1511282172
499,10500,9.147663222895954,7.411256873104766,7.411256873104766,3.411256873104766,1.4194514334518498,-10.23623306870694,-6.236233068706938,-2.236233068706939,0.5059480776057719,0.07686941996266651,0.906318817906548,27.20922372238131,132.05972869834585,0.9741456821614178,49673.68457865715,1511282172
500,10501,9.595375977438936,6.022962936337993,6.022962936337993,2.022962936337993,1.5154740234975626,-12.491625179364656,-8.491625179364656,-4.4916251793646556,-0.5647721392546086,0.06733186595419713,0.8836315625586774,26.18365658075142,125.78943296955245,0.9036296319962042,49673.68457865715,1511282172
501,10502,9.955175728910847,7.8618699843341195,7.0898514639184,4.901020986712603,4.901020986712603,-0.5659399485654859,-0.0160893929200423,1.7168714176002409,2.45182115548266,8.432181823275536e-07,0.9629390167100234,160.0,746.9744681829168,5.841781785777668,49673.68457865715,1511282172
502,10503,8.418614762709662,7.20406881826378,7.20406881826378,4.335180433825551,1.3671170354562066,-7.434781208765426,-3.4347812087654264,-1.0874994617362341,0.8481981777719751,0.07938937521511114,0.9008432298196266,26.74469972939565,131.53440019089817,0.9865462636230213,49673.68457865715,1511282172
503,10504,7.18598020718467,5.44370258138881,5.44370258138881,3.4083363814114342,1.1863713498140254,-3.7458604700190143,0.2541395299809859,0.2541395299809859,0.6996371187189687,0.09223530090295623,0.8504612593983114,23.42029187468119,105.4465831333915,1.337325372773925,49673.68457865715,1511282172
504,10505,3.711292904776946,1.919456777747791,1.919456777747791,1.8338182477396048,1.5054611762619825,-8.146078254596747,-4.146078254596748,-0.3961395573811881,0.5881337262758674,0.0886093639465277,0.9114425901067233,28.247848856988163,113.43099316611983,0.9858225958742172,49673.68457865715,1511282172
505,10506,7.416257862185731,5.256010981153414,5.256010981153414,1.6592024017067877,1.6592024017067877,-8.910162908345386,-4.910162908345386,-0.9101629083453859,1.2635117919585614,0.0600439988386943,0.9123611712770039,33.99746286147924,140.59171915207372,0.9511539641059943,49673.68457865715,1511282172
506,10507,11.60625112018974,7.959796282866671,7.959796282866671,3.9597962828666713,1.520869567940139,-4.580861666594382,-0.5808616665943818,-0.5102804057894283,0.6900268753596672,0.06210563254615583,0.8944783343168733,28.309142423822717,131.97697974290955,0.8834534392543121,49673.68457865715,1511282172
507,10508,8.775075019447803,7.341895956294259,7.341895956294259,3.341895956294259,1.4278852458672413,-9.40933036919526,-5.40933036919526,-1.4093303691952597,-0.9742196234183089,0.0766609351841087,0.8895279331748938,25.321422356488615,125.5941181553126,0.9412313663092877,49673.68457865715,1511282172
508,10509,11.53475528163736,8.45656588509428,8.45656588509428,4.45656588509428,1.4773351079941028,-11.765613482097772,-7.765613482097772,-3.7656134820977725,-0.8147378969756096,0.06979288490185959,0.8778526456401496,25.124085572153824,125.40749793997455,0.9495462111493976,49673.68457865715,1511282172
509,10510,6.213430135135999,4.321049938018175,4.321049938018175,4.201452294037216,1.4586672077914262,-11.170547559141392,-7.170547559141393,-3.1705475591413936,0.5692139646396508,0.07122262791171119,0.8892763403993978,26.141035769358727,128.38321812053414,0.9200055821209486,49673.68457865715,1511282172
510,10511,9.543623614179582,7.185799007442203,7.185799007442203,3.1857990074422027,1.52737484921642,-10.094787653982296,-6.094787653982296,-2.094787653982296,0.5070971446224828,0.0628297518073963,0.898099782094333,28.318190333783114,136.47372641938196,0.9112649514283356,49673.68457865715,1511282172
511,10512,9.629846788991106,9.539132790092493,9.539132790092493,5.539132790092492,1.5391327900924925,-13.051859105212584,-9.051859105212584,-5.051859105212584,-1.7104221098461385,0.06188594050026076,0.905596571525281,29.308472802307918,146.53361863153148,0.9772014429073179,49673.68457865715,1511282172
512,10513,7.251197806081767,5.958917775167506,5.958917775167506,1.9589177751675053,1.4519603458815495,-11.711286879412679,-7.711286879412678,-5.332676969580143,-1.3326769695801424,0.07607169176353461,0.8900818586074117,25.59856327514289,125.43392542144034,0.9336613182540703,49673.68457865715,1511282172
513,10514,9.97385063270233,8.93666510963962,5.483901500923659,1.702412463554831,1.702412463554831,-4.829588082143936,-0.8295880821439361,0.9104567153689818,1.702412463554831,0.041961659118477275,0.8881956724317632,39.6401551497995,157.1962577630448,1.0512064228550806,49673.68457865715,1511282172
514,10515,8.516917062227629,8.401228315111114,8.401228315111114,4.401228315111113,1.3724160361722462,-11.191355367245912,-7.1913553672459125,-3.1913553672459125,-1.312400909690848,0.08496695003345962,0.8983455016123525,25.18105047452717,125.79600671013449,1.0049646200546674,49673.68457865715,1511282172
515,10516,11.502928757237928,8.939102190823807,8.939102190823807,5.116578509591937,1.656721318008658,-10.01147551555587,-6.011475515555872,-2.0114755155558717,-0.9885272634779165,0.04878791281043001,0.888479071869967,29.761780942496376,148.73751146655803,0.9855798251167951,49673.68457865715,1511282172
516,10517,11.734375190512045,9.47260801388224,9.47260801388224,5.47260801388224,1.4726080138822406,-8.437125923142165,-4.437125923142165,-2.34816150609989,-0.1179725884560534,0.07041815856198323,0.8822535507013484,25.454058463414153,127.13665867991756,0.9375756104426182,49673.68457865715,1511282172
517,10518,7.802659673763414,3.928587739627565,3.928587739627565,1.7182866675373394,1.7182866675373394,-12.883985179030146,-8.883985179030146,-6.155590172026765,-2.281713332462661,0.0592901856623724,0.8966972601220523,30.189968821337406,149.30732714490298,0.9835750880255416,49673.68457865715,1511282172
518,10519,5.922984321079678,5.466050481885531,5.466050481885531,2.0935079696565713,1.7183087568240072,-11.374180811805127,-7.374180811805126,-3.443480669882139,-0.44481444476201637,0.046202911710161,0.8921319509125116,31.037299469800068,148.83851173176217,0.9773133606087249,49673.68457865715,1511282172
519,10520,9.518185901527657,6.282112626866274,6.282112626866274,2.282112626866274,1.3093789197404868,-10.815548472176447,-6.815548472176447,-3.4051373290832974,0.2693411929218519,0.09486394590581917,0.8924824823224179,23.46926000402751,109.96947694710033,1.0323751097484535,49673.68457865715,1511282172
520,10521,4.4428681677722395,3.561590750966806,3.561590750966806,2.413964486259294,1.4757815725416503,-12.703581245650525,-8.703581245650525,-4.703581245650526,-0.7035812456505266,0.07021347633138424,0.8888421846248313,26.18096525897782,127.64840389594798,0.9102572954143283,49673.68457865715,1511282172
521,10522,9.171963471119225,5.665336101621088,5.665336101621088,1.6653361016210886,1.6653361016210886,-10.078658121973596,-6.0786581219735965,-2.0786581219735965,0.8014512757025188,0.06492034743608474,0.9066473602803058,30.63454087358084,132.75076339246937,0.9023109730901412,49673.68457865715,1511282172
522,10523,9.784876679737412,7.588151195643779,7.588151195643779,3.5881511956437793,1.4610675396002442,-14.24446824677147,-10.24446824677147,-6.244468246771469,-2.2444682467714694,0.0719977938422575,0.8898457849663554,25.994521046937685,129.87922905847805,0.9330423468252057,49673.68457865715,1511282172
523,10524,6.246110636054342,4.970175332857233,4.797892506778999,1.6209017333870308,1.6209017333870308,-9.019746412711669,-5.019746412711669,-3.8679102659283515,-1.3628300950356407,0.07189162069655859,0.9146301183295455,30.334063342001453,147.54727401738853,1.0640406398774533,49673.68457865715,1511282172
524,10525,8.86337834666525,8.420394937458962,5.310959261282026,5.2409696799685115,2.5144615174446185,-5.483913793127348,-1.9387221071061367,0.3848522954484275,2.5144615174446185,0.0030057428391905955,0.925524949457269,71.35820293339063,342.469630632689,2.6625398668587232,49673.68457865715,1511282172
525,10526,10.748763110290003,10.309950356290472,7.132334316137051,4.348114890826211,4.348114890826211,-8.55124868866741,-6.6682083147921505,-2.863196298360334,0.34811489082621083,1.1791445902019226e-05,0.8415267298195043,101.76865510643731,504.1976117780285,4.1830871549954285,49673.68457865715,1511282172
526,10527,6.526655395644891,5.839574562600767,5.839574562600767,1.8547813124957278,1.8547813124957278,-6.654312770085285,-2.6543127700852853,0.035129716835394786,0.959345443118014,0.043861207053005294,0.8990794394985171,33.926080040656075,144.1499203855923,0.9410718526791525,49673.68457865715,1511282172
527,10528,6.174197268749238,5.950195731037954,5.950195731037954,1.9501957310379536,1.6693345269442823,-6.753600347867045,-2.753600347867045,-2.753600347867045,0.5715839755283587,0.0529584864274167,0.8934328333522552,30.02516765031677,135.3826626638644,0.8862543305035508,49673.68457865715,1511282172
528,10529,11.799764817225771,9.137212068068816,9.137212068068816,5.137212068068815,1.608611425467373,-13.743496958870935,-9.743496958870935,-5.964516734791591,-2.391388574532627,0.053850665346535494,0.8954186704386288,29.540983994044527,147.69978917478582,0.9636819595493016,49673.68457865715,1511282172
529,10530,8.349486326598496,6.691893928440546,6.691893928440546,2.691893928440546,1.4211007050962372,-13.328364416101328,-9.328364416101328,-5.328364416101327,-1.4625797768122355,0.07765720207968715,0.8902472251354967,25.261040264879924,125.34727372264517,0.9457293785109655,49673.68457865715,1511282172
530,10531,8.116364759467187,6.749797515223711,6.749797515223711,5.411144238626785,1.411144238626785,-12.360426275689655,-8.360426275689655,-4.360426275689654,-2.1820148977315688,0.07910104355090017,0.8921687173206665,25.268030659211483,126.33622493424794,0.9595691012761992,49673.68457865715,1511282172
531,10532,10.811998481519467,7.525228955764254,7.525228955764254,3.923524687572151,1.5530474573579716,-12.316982443298668,-8.316982443298668,-4.741872044442353,-1.0615607717498443,0.060205748403494394,0.8944898120802454,28.305752036242275,141.16705817988358,0.9365177359993316,49673.68457865715,1511282172
532,10533,5.850705003693259,5.837558120253109,5.837558120253109,1.837558120253109,1.5081016015918693,-11.639686161050536,-7.639686161050536,-3.6396861610505358,-0.687969828714974,0.07186820044598018,0.8848182600358641,25.861694406383023,123.95983955999498,0.9134007620185656,49673.68457865715,1511282172
533,10534,9.065581185148407,8.392874969057615,8.392874969057615,4.3928749690576145,1.4830572536320081,-11.479163858140511,-7.479163858140511,-5.168685364843017,-2.1600736818395525,0.06902955870298962,0.8926731212548283,26.715672009116684,133.5496253336795,0.9304620806258327,49673.68457865715,1511282172
534,10535,6.657622305068244,6.398254887911533,6.398254887911533,2.3982548879115333,1.5514423984408003,-9.389500725048057,-5.389500725048057,-2.026118421645786,-1.1328755156954473,0.060707412735150575,0.8949060795265893,28.279949915731528,139.05457156063522,0.9237503743885916,49673.68457865715,1511282172
535,10536,8.66792373605667,5.845625386256799,5.845625386256799,1.8456253862567988,1.8456253862567988,-11.291577937650015,-7.291577937650015,-3.291577937650014,0.31133811028737046,0.04549278718626412,0.89282689103482,32.495199973808866,148.0788262882799,0.9716828697068312,49673.68457865715,1511282172
536,10537,11.670841618293363,8.521764392388384,8.521764392388384,5.446701742398582,1.446701742398582,-10.757104627135723,-6.757104627135724,-2.7571046271357247,-0.7203055212418372,0.07399019494827434,0.8935770781571434,26.098430104338142,130.43782104753825,0.9412554428484098,49673.68457865715,1511282172
537,10538,10.178699823197032,7.302205529320921,7.302205529320921,3.827866332234782,1.5302620547895491,-5.344895206276636,-1.3448952062766366,-0.9811701555612895,0.6744074020955823,0.06173465513454572,0.8965520650207495,28.410563542606937,138.65165473242413,0.9225229326186609,49673.68457865715,1511282172
538,10539,6.343550387484524,5.131228478209808,5.131228478209808,1.9414837954132491,1.6603579755566493,-10.421452006996734,-6.421452006996735,-2.5767785658859212,0.5623402147509655,0.05394078106170062,0.8938803231097929,29.88871029940838,134.777626379121,0.8824988732761305,49673.68457865715,1511282172
539,10540,7.599786027390049,5.549141504285774,5.549141504285774,4.154765866605586,1.6385255793310824,-11.00073556814049,-7.00073556814049,-3.00073556814049,-1.987077061803008,0.05065595569261501,0.8940385097342978,30.008688243142217,149.976713081915,0.9784765168406723,49673.68457865715,1511282172
540,10541,7.288599376586805,6.0806238752426225,6.0806238752426225,2.0806238752426225,1.5559133653672335,-10.435096506004395,-6.435096506004395,-2.4350965060043954,-2.0863221451671956,0.0619819447617531,0.8936386199346313,28.048965716043483,138.9500171234675,0.9297679562421962,49673.68457865715,1511282172
541,10542,11.938652732407872,7.998843995789399,7.998843995789399,3.9988439957894,1.472771553817535,-10.069203490922032,-6.069203490922033,-2.0692034909220327,-1.7085156532513335,0.07040617039047503,0.8871598800766743,25.945294157350784,129.57480514085924,0.9301841225505427,49673.68457865715,1511282172
542,10543,6.5890293633844665,3.287293096932765,3.287293096932765,2.5499391173503634,1.4957003077228765,-13.712457585688762,-9.712457585688762,-5.71245758568876,-2.5042996922771232,0.06752467180232463,0.8848170954941939,26.180255144956146,130.55084837391476,0.9297879679592557,49673.68457865715,1511282172
543,10544,7.058166875165113,6.3031222925842,5.049292600303999,3.8803397856175836,1.4204581672957588,-13.580153009848592,-9.580153009848592,-6.318788622245157,-2.5795418327042414,0.07773686805563142,0.8885294214946111,25.083658012877137,125.38637821596085,0.9522832267193629,49673.68457865715,1511282172
544,10545,7.563482009611148,4.203968361906124,4.203968361906124,1.9569012733113653,1.534521019247675,-11.470586687885914,-7.470586687885914,-3.7179927703233657,-0.36180060492605115,0.06618794317105217,0.8838752592670079,26.475255239536178,125.83960036321082,0.8968237407838858,49673.68457865715,1511282172
545,10546,7.976907999260549,5.520679268389352,5.520679268389352,1.654195435039805,1.654195435039805,-5.8200345889079035,-1.8200345889079033,-1.8200345889079033,0.41487236514777015,0.06725257063076345,0.8956564078042141,28.722519838183295,127.88507317914045,0.8784095219950748,49673.68457865715,1511282172
546,10547,12.953045121337487,12.640901293633839,10.002175535544794,7.344323796054154,3.861835701835423,-2.9884078966651604,0.6402182544213706,1.4866272717848656,3.861835701835423,1.881066244662453e-05,0.8557576002956209,109.78357238255224,510.8995474216707,4.001130803695772,49673.68457865715,1511282172
547,10548,8.996741124903933,6.381825327787772,6.381825327787772,5.076664231407217,1.4856874257574935,-10.541354843622843,-6.541354843622843,-2.541354843622843,-0.4052804285571856,0.06868020548078908,0.8773190412960556,25.231770521996474,126.00231160400993,0.9504933832545762,49673.68457865715,1511282172
548,10549,9.771184587650044,7.1874960822635225,7.1874960822635225,3.1874960822635225,1.5185489395476772,-11.113140704842309,-7.113140704842309,-3.1131407048423094,0.46869797647942746,0.06400878520329448,0.896353031012776,27.922487512936296,134.74953179749605,0.9064511871764486,49673.68457865715,1511282172
549,10550,7.796973439665967,7.419180886406453,7.419180886406453,3.5834378392805566,2.68984644971889,-3.596234360071917,0.40376563992808245,1.4442781833742124,2.001186328174032,0.0030323272689881295,0.8640464353918708,55.498581560940394,226.39222073800187,2.00796580198489,49673.68457865715,1511282172
550,10551,11.044459502719933,8.898269513944825,8.898269513944825,4.8982695139448245,1.423432866323677,-12.998566352630329,-8.998566352630329,-4.99856635263033,-2.576567133676323,0.07730534955721419,0.8916021911069142,25.446000652582626,127.22510086535202,0.951139149052023,49673.68457865715,1511282172
551,10552,10.650139907831985,9.063612491435935,9.063612491435935,5.45996602409592,1.4599660240959198,-6.3374155264813155,-2.3374155264813155,-1.8642678511830868,-1.513465290364173,0.07214934788468665,0.8834721665561404,25.329053744816296,126.6220202679741,0.9391582882910054,49673.68457865715,1511282172
552,10553,5.954140126527315,5.825927320694794,5.825927320694794,1.8259273206947946,1.6113210763938828,-11.014075396316612,-7.0140753963166125,-3.0140753963166134,0.32342497267589154,0.061951241390114306,0.8891498549051062,28.081380270417284,127.6976079400592,0.8685671759524716,49673.68457865715,1511282172
553,10554,11.19187306072545,9.36556292646587,9.36556292646587,5.365562926465871,1.3655629264658706,-11.426492668511592,-7.4264926685115915,-3.4264926685115915,-0.07782994515886399,0.08600287970904892,0.8985711425206087,25.07823854148719,125.22653789131493,1.0124961194217903,49673.68457865715,1511282172
554,10555,6.122545509213171,2.170637937088047,2.170637937088047,1.6660403543392912,1.6660403543392912,-10.68777915428869,-6.687779154288689,-2.6877791542886893,0.8529430678750082,0.07175469854913005,0.911074178410649,30.971611246344793,128.09218224592672,0.9228202808675707,49673.68457865715,1511282172
555,10556,10.321864076950245,7.546433883034054,7.546433883034054,5.688934179524731,1.688934179524731,-10.124658339081607,-6.124658339081607,-4.8222718957748825,-1.9066398978669572,0.045616022045895245,0.8943477265747367,31.094755262221945,155.46900048556597,1.0164489211105339,49673.68457865715,1511282172
556,10557,7.090586410307069,7.02080627895517,7.02080627895517,3.0208062789551704,1.565224202690345,-12.037425850644638,-8.037425850644638,-4.037425850644638,-2.0116813518392886,0.05876499914561629,0.8936085430089374,28.453619366422053,141.9278189322034,0.9388565388843899,49673.68457865715,1511282172
557,10558,8.272034757647631,6.263210425402936,6.263210425402936,2.855200449567497,1.5786214844789923,-10.446103506957142,-6.446103506957142,-2.446103506957143,-0.6120708606421588,0.057221244932793104,0.8981195142922664,29.231326554102633,143.71670959397147,0.9409052397565332,49673.68457865715,1511282172
558,10559,7.060452519927077,5.959393262771386,5.959393262771386,1.9593932627713866,1.6519007127037997,-6.490858733660321,-2.490858733660322,-1.6952135335021363,0.5754553534309113,0.05418052579673589,0.8946677964322526,29.87969452557659,134.6953920122159,0.880875410034032,49673.68457865715,1511282172
559,10560,8.380998562336174,6.176776593091488,6.176776593091488,2.176776593091488,1.413027993619086,-12.85022907155388,-8.85022907155388,-4.85022907155388,-0.8502290715538801,0.07952017633053376,0.90146042683908,26.240810870786447,127.78127883467437,0.9636059004435598,49673.68457865715,1511282172
560,10561,11.979033188470954,8.595992666742129,8.595992666742129,4.814190696656184,1.458841650838716,-7.198399051060003,-3.1983990510600036,-1.444906387639764,0.4768584348014917,0.0716310063092646,0.8916474156542833,26.28103167570677,130.60775116892611,0.9301619473338991,49673.68457865715,1511282172
561,10562,11.04332703208785,7.444403228155165,7.444403228155165,4.875690201468189,1.4100786891400696,-12.660679162089806,-8.660679162089806,-4.6606791620898065,-1.6883602982950079,0.07925821965206216,0.8816767742223656,24.215615589312225,121.05256133071298,0.9690071241213729,49673.68457865715,1511282172
562,10563,7.777121042666873,4.8902324795375804,4.8902324795375804,1.9908970967841642,1.5754969900865603,-11.005601661924068,-7.005601661924067,-4.650838550344955,-0.9395092004394987,0.06116054240010825,0.8895102471059858,27.85530837576686,135.29238815719344,0.913833664837065,49673.68457865715,1511282172
563,10564,10.59503215103066,6.972420518266179,6.972420518266179,2.9724205182661785,1.4191811806691097,-10.915141124624427,-6.9151411246244265,-2.9151411246244265,-0.5444983646540387,0.07792265748166013,0.8896937901795362,25.170285214336364,123.86622527149211,0.9401070702843952,49673.68457865715,1511282172
564,10565,7.08565053286843,6.750446220972862,6.750446220972862,2.750446220972862,1.4092501985502996,-13.097959133298634,-9.097959133298634,-5.097959133298635,-2.2537917160514684,0.07938531039146272,0.890753092833337,25.088816900654788,125.1320212997213,0.9580467714104064,49673.68457865715,1511282172
565,10566,6.622194808897596,4.693392937631261,4.693392937631261,1.7544956380786456,1.533119437401526,-9.064282297024294,-5.0642822970242936,-1.0642822970242938,0.18619295064522423,0.07199261350655242,0.8847731161980008,26.071870280105923,118.38659444108823,0.8782986797182549,49673.68457865715,1511282172
566,10567,11.614305297417488,8.222455714435933,5.71708638181495,2.2079826182983404,0.9995811183099257,-4.623910772157436,-3.0452287894061056,0.35379382114935454,0.9995811183099257,0.1097108247840705,0.9999288693993994,130.96435241749913,566.5289875179985,5.764099183348096,49673.68457865715,1511282172
567,10568,9.116548163065852,6.417100563031569,6.417100563031569,2.4171005630315694,1.5308118827829886,-6.926296647345789,-2.92629664734579,-2.92629664734579,-1.6068316237267755,0.06315389409542171,0.8919925748517346,27.555754029824513,136.5047701363723,0.9220919127420588,49673.68457865715,1511282172
568,10569,3.296063984060125,2.514850732261918,2.514850732261918,1.8623341370916215,1.8623341370916215,-4.310346765534661,-0.31034676553466034,-0.12791275312279926,1.3999983716494033,0.042631401923064166,0.8996637621322785,36.51641260655033,137.03884940800268,0.8973882164850514,49673.68457865715,1511282172
569,10570,8.606175771081336,5.274176383144433,5.274176383144433,1.8692009322854555,1.637251863875344,-7.845152680228619,-3.845152680228619,-0.12607226152494255,0.35690758696536573,0.05796258778116076,0.889099810162146,28.770236596085784,126.52712573776526,0.8488978136906574,49673.68457865715,1511282172
570,10571,7.308284289936544,5.225349101311724,5.225349101311724,2.1914627098040653,1.816159545686413,-5.850093916321648,-1.8500939163216488,-1.6570777215782024,1.008652713265064,0.03635617906107508,0.8945798496428355,33.99721229075131,151.0157919840059,1.012896633885764,49673.68457865715,1511282172
571,10572,4.318353660537715,3.945259953207941,3.945259953207941,1.7344795746693331,1.7344795746693331,-6.8324776872254755,-2.8324776872254755,1.1675223127745247,1.3786574049710678,0.04253122748393963,0.8592987692531214,34.82080039737434,133.84363963806888,1.1322340168410574,49673.68457865715,1511282172
572,10573,3.7209156533073955,1.8055287612741233,1.8055287612741233,1.8055287612741233,1.5262738541945524,-7.116051707608022,-3.1160517076080216,-3.1160517076080216,0.47252706291275604,0.09494856989404525,0.9085720195250083,27.679905655736786,115.75042365251807,1.073664323212905,49673.68457865715,1511282172
573,10574,7.601000847686593,3.6571478650785325,3.6571478650785325,1.9216626898355218,1.6865449537148105,-6.775856863455329,-2.7758568634553287,-2.7758568634553287,0.39334782545240654,0.0525534492673005,0.889853067849677,29.798062682932333,135.5043270985451,0.8959225936916637,49673.68457865715,1511282172
574,10575,5.75083411184597,5.57986344179191,5.57986344179191,1.57986344179191,1.57986344179191,-9.862418434061107,-5.862418434061105,-3.289639411851658,-0.5888163623454108,0.07778009881201713,0.8879628298086204,26.31904291007477,124.26759924518623,0.9474485860262704,49673.68457865715,1511282172
575,10576,11.051738479833428,8.566403062408806,7.427731965918214,5.53374954383127,1.5337495438312698,-9.79386975986875,-5.79386975986875,-2.895256099821742,-2.46625045616873,0.06254563982476162,0.8999722548699878,28.530909670502314,142.65210318985257,0.9496776167187899,49673.68457865715,1511282172
576,10577,3.153829677843384,2.986369611395652,2.986369611395652,1.792840535538,1.792840535538,-7.214939473756704,-3.2149394737567043,-0.9820345019931638,-0.3405922925639244,0.0515329799308724,0.8947920571584629,31.544362283088894,145.99912672115414,0.9516715422857304,49673.68457865715,1511282172
577,10578,9.905608692634065,5.944558769071158,5.944558769071158,1.9445587690711579,1.56785965450232,-12.282138404501046,-8.282138404501046,-4.282138404501045,-0.28213840450104555,0.0628535906709417,0.8845018117489237,27.109154301943576,128.34392707268606,0.8950886343826674,49673.68457865715,1511282172
578,10579,6.443710483442083,6.381820733901041,6.247205953142454,3.9570292113354846,1.4498202292603513,-10.103826834665748,-6.103826834665748,-2.8543872419797527,0.5629040525179017,0.07242373783931662,0.8956836860566454,26.640564399594517,130.80905971425477,0.928968887175482,49673.68457865715,1511282172
579,10580,7.562432302123122,4.6991706547349095,4.240907245336936,1.5172696394070175,1.5172696394070175,-7.297354914428401,-3.297354914428401,-2.9071017651485667,-2.4827303605929822,0.08746067313977365,0.8996295484777669,26.322381343043574,129.6472322445165,1.0573891368560793,49673.68457865715,1511282172
580,10581,8.938586057317096,7.914267715369942,7.914267715369942,4.445718410730794,1.569304826528344,-10.468642412003947,-6.468642412003946,-2.4686424120039456,-2.4306951734716558,0.05828842770234532,0.8903002101387089,28.17729698531871,140.85387983572357,0.9388430287546476,49673.68457865715,1511282172
581,10582,9.653950624135861,6.264068687836088,6.264068687836088,3.6055185262106635,1.6075192264837506,-7.900875711476575,-3.9008757114765755,-3.9008757114765755,-2.392480773516249,0.05396960437872265,0.8889500133477014,28.809090911848855,143.96553994448587,0.9551870352578273,49673.68457865715,1511282172
582,10583,8.819588253615795,8.529383235102769,8.529383235102769,4.5293832351027685,1.4785619722361754,-10.63699212547484,-6.6369921254748405,-2.6369921254748414,0.7215546749103049,0.06755560384456342,0.902267757665529,28.21241633346307,139.45176774861864,0.9529556224168597,49673.68457865715,1511282172
583,10584,3.844343686127372,1.8722928748314485,1.8722928748314485,1.7232551213067786,1.7232551213067786,-9.288639639464616,-5.288639639464615,-2.620231540397227,0.5766087039885961,0.07962980592982122,0.9086231995302385,30.656418121404375,127.47891492157031,0.9737776894010054,49673.68457865715,1511282172
584,10585,9.76772781375703,7.2046672713760875,7.2046672713760875,3.2046672713760875,1.6100969967617271,-8.248478584769485,-4.248478584769486,-0.24847858476948503,0.5644018298332696,0.05315286500623124,0.8919672812337271,29.355217182015664,140.39492831120572,0.9222514281864799,49673.68457865715,1511282172
585,10586,13.303271453037965,9.531850795971161,9.531850795971161,5.5318507959711605,1.5318507959711607,-11.807347701409048,-7.807347701409049,-3.807347701409048,0.19265229859095223,0.06271340058190794,0.8937700247293433,27.811957128669594,138.84648687999035,0.9316257663327278,49673.68457865715,1511282172
586,10587,13.062733648158087,9.062946777383639,9.062946777383639,5.062946777383638,1.495451911261733,-9.194301503150003,-5.194301503150004,-1.194301503150004,-1.0845603399797705,0.0673962569974665,0.8893100298161779,26.602910216992417,132.8977275596455,0.9264023270731611,49673.68457865715,1511282172
587,10588,10.903105653748867,8.96223869678773,8.96223869678773,4.962238696787731,1.5272158113363405,-6.622407056335367,-2.6224070563353674,-2.6224070563353674,-1.8306128601481635,0.06335363361611202,0.8949601114533721,27.835493119318425,139.15032535113025,0.934101958804017,49673.68457865715,1511282172
588,10589,9.320773114338913,7.323188216692018,7.323188216692018,4.536819565400283,1.737117802075338,-9.66590283953945,-5.6659028395394495,-1.6659028395394497,-0.3445353072314419,0.0411830780136496,0.896869137488598,32.42551645008922,161.64011951245803,1.0620891873184246,49673.68457865715,1511282172
589,10590,8.167976641867392,7.70441949232967,7.70441949232967,3.8077856997232873,1.5379731870128837,-11.604341417089913,-7.6043414170899135,-3.9676268828017163,-1.6750647454894112,0.06202731008147739,0.9068796567420583,29.44874182463833,147.0616018301339,0.9836153347129751,49673.68457865715,1511282172
590,10591,4.300115825674791,3.3483760530239097,3.2763064148103025,2.1518851793126634,1.597863298989935,-10.961870231555642,-6.9618702315556416,-2.9618702315556416,-2.4021367010100647,0.05677069923500423,0.8881056391583522,28.355101925872873,141.00181840857587,0.9435846720539824,49673.68457865715,1511282172
591,10592,7.686882528688944,7.389035878974287,7.389035878974287,3.3890358789742874,1.4349473572585805,-12.698571415276414,-8.698571415276414,-4.698571415276414,-1.2945998949403588,0.07565026190773301,0.8939457146463448,25.914213913288428,129.07081086844707,0.9443812279139288,49673.68457865715,1511282172
592,10593,10.754406291349598,7.9640198596545515,7.9640198596545515,5.197087379193201,1.723188130293271,-11.271158747746485,-7.271158747746486,-3.271158747746486,0.36884380652038185,0.04237820104521803,0.8895452862373758,31.289866145549638,155.95254279079097,1.037501824825365,49673.68457865715,1511282172
593,10594,9.95860103123598,7.620390572445519,7.620390572445519,3.620390572445519,1.5199582651089092,-11.497413964405588,-7.497413964405589,-3.497413964405589,-0.6922651689901878,0.06426038523204125,0.8965464339177232,27.86796549847888,138.47056137758887,0.9314750246068684,49673.68457865715,1511282172
594,10595,7.309867297732144,5.439196653500871,5.439196653500871,1.8262799131758045,1.4935846182636536,-8.996664004441813,-4.996664004441813,-3.738546966455492,-0.22598675413429503,0.07380482111297276,0.8806734398953528,25.1831066820466,118.23663225839312,0.9119558408040157,49673.68457865715,1511282172
595,10596,7.016048137349591,6.878239572218597,6.878239572218597,3.2004550958522793,1.4656334027481301,-8.081122156722257,-4.081122156722256,-0.32893597671007413,0.37752471753310335,0.07079330440867215,0.892965309660514,26.544393367059108,127.68763747942506,0.9026142693024951,49673.68457865715,1511282172
596,10597,11.114836482989274,8.718387200637473,8.718387200637473,4.718387200637473,1.5174032649735747,-11.68464796829794,-7.6846479682979405,-3.6846479682979414,-0.7420781778104064,0.06458242819780492,0.8965416802578017,27.81416727167861,138.89290677678767,0.9356517712893383,49673.68457865715,1511282172
597,10598,8.721681174254078,6.047743950775522,6.047743950775522,2.047743950775522,1.6378667316637332,-5.080698700552029,-1.080698700552029,-1.080698700552029,0.608991959952401,0.05352120187521169,0.8933201650584734,29.70831004908884,132.43112817063056,0.8678992116493365,49673.68457865715,1511282172
598,10599,8.567600772207388,6.024696977003606,6.024696977003606,2.024696977003606,1.5841655754024002,-9.028388975330708,-5.028388975330708,-1.0283889753307076,-0.40396760001168475,0.05969077503657484,0.8891748111470406,28.033096056187603,132.69361116542407,0.8933528163673493,49673.68457865715,1511282172
599,10600,10.220144681219095,8.769407772919601,7.115272748487313,3.179257645718592,1.436121117429592,-13.923127404276213,-9.923127404276213,-5.9231274042762125,-2.5638788825704077,0.07548187647061894,0.8905942774121116,25.590292731161234,127.84559169717868,0.9430927248676919,49673.68457865715,1511282172
600,10601,6.403059391352626,4.829727552964763,4.829727552964763,1.8890112539828756,1.6403523977599417,-10.582959119692072,-6.582959119692073,-2.582959119692074,0.0854401147435988,0.05740287648797392,0.8865968140206968,28.492601775590266,131.98858764859256,0.8923788891720774,49673.68457865715,1511282172
601,10602,9.658747186848974,6.684201413359261,6.684201413359261,2.6842014133592613,1.4491363992096138,-7.558246621304146,-3.5582466213041464,-3.5582466213041464,-0.9460119034965271,0.07366875706222176,0.8889589281795675,25.665977400382232,126.54085978445656,0.9260458717643957,49673.68457865715,1511282172
602,10603,8.739603472113059,6.10789462279992,6.10789462279992,2.10789462279992,1.4092374338040836,-12.586562543012194,-8.586562543012194,-4.586562543012194,-1.5613588956786708,0.08042290755619999,0.8874250753202169,24.666284668586158,121.68571647252102,0.9564507001611544,49673.68457865715,1511282172
603,10604,10.741367496944763,9.579132208443436,9.579132208443436,5.579132208443436,1.5791322084434365,-8.74840566100753,-4.74840566100753,-3.853988579519175,-0.8309938072058956,0.057152864983589236,0.8908044838506369,28.42536866046729,142.08706575250721,0.9426712407772051,49673.68457865715,1511282172
604,10605,9.678766898012306,6.037711428588944,6.037711428588944,2.0377114285889437,1.6386353446941018,-11.377415921518068,-7.377415921518068,-3.377415921518069,0.5995756645683743,0.05370436236994817,0.8935966590718496,29.69753222919363,134.4661527388561,0.8807472466506006,49673.68457865715,1511282172
605,10606,8.993815578722344,6.21182780306561,6.21182780306561,2.2118278030656104,1.4926461617644684,-8.281525554462064,-4.281525554462065,-4.245618239060758,-0.533696626747769,0.06855320014655653,0.8862517645198779,26.158828908492076,126.34805937512675,0.9018453750814892,49673.68457865715,1511282172
606,10607,12.461971687795327,9.51536572216367,9.51536572216367,5.51536572216367,1.5153657221636705,-7.454740118910328,-3.454740118910327,-3.454740118910327,-2.157969229861984,0.0648399061080671,0.8912296467078472,27.195115562521096,135.97178088167257,0.9278829603461638,49673.68457865715,1511282172
607,10608,9.028162919569237,8.296492797339317,8.296492797339317,4.296492797339316,1.5612223806550027,-7.790909685797179,-3.790909685797179,-3.790909685797179,-1.085579075665471,0.05923560355989168,0.891954291425957,28.19176929090679,140.7559196081093,0.9362414954272366,49673.68457865715,1511282172
608,10609,11.63509685442012,8.204175444052655,8.204175444052655,4.204175444052654,1.4041115139182574,-14.260906368971442,-10.260906368971442,-6.260906368971442,-2.260906368971443,0.08014273631547982,0.8830811981464604,24.240130638172925,121.16982197326247,0.970237418151998,49673.68457865715,1511282172
609,10610,10.288408012138623,7.941972284228829,7.941972284228829,3.9419722842288287,1.4075663859354168,-11.971969225880542,-7.9719692258805415,-3.9719692258805415,-0.9046875337058264,0.07962961239896559,0.8911145084440696,25.09506308458536,125.08655811336655,0.9589640918431332,49673.68457865715,1511282172
610,10611,7.027557669872921,6.2097962460179925,6.2097962460179925,2.2097962460179925,1.778502399596907,-11.432113416699853,-7.432113416699852,-3.4321134166998517,0.11272491311780342,0.03988657594141533,0.8880970931124356,31.970006243937018,150.435267667193,1.0135129018579805,49673.68457865715,1511282172
611,10612,5.8238672629227395,4.418252449910663,4.418252449910663,1.3353500274895664,1.3353500274895664,-9.922752910405814,-5.922752910405814,-2.1429278465677752,0.8215743027622722,0.11388757549250901,0.9232217809187029,27.25532806310604,114.5050801162302,1.4551237435899977,49673.68457865715,1511282172
612,10613,9.480285497747726,6.425590976820581,5.846402190408242,1.846402190408242,1.4171882200821357,-8.971391805815397,-4.971391805815396,-1.6407231281900023,0.06731958006451433,0.08258342487015435,0.8760577686718708,23.501694367190545,108.56878307636623,0.9563296584097364,49673.68457865715,1511282172
613,10614,6.047423460999929,3.558832279584256,3.558832279584256,2.0104282550309054,1.6164578606735962,-7.546708740239544,-3.546708740239544,0.4532912597604566,0.5823739448302152,0.05388668312634372,0.8775840963190562,28.594159559707148,121.39388089085567,0.8672931459090365,49673.68457865715,1511282172
614,10615,6.694627919975195,6.008971759209975,6.008971759209975,2.008971759209975,1.6204731699311694,-11.412171500546194,-7.412171500546195,-3.4121715005461954,0.587828499453805,0.055912371579494635,0.8887256004999541,28.768039312156056,130.10629106391283,0.8690107337029438,49673.68457865715,1511282172
615,10616,12.244641680702495,8.433705739123866,5.7915280641830815,1.7915280641830815,1.5833579343404496,-8.368739907635726,-4.368739907635725,-3.28379489796154,0.22182038073792065,0.06577183146454271,0.8836103775700435,26.906051619808558,122.89051085938232,0.8769699490665521,49673.68457865715,1511282172
616,10617,8.700131346251224,5.9074810546405,5.9074810546405,2.1881637072083553,1.5787192787606086,-10.661076058023335,-6.661076058023335,-3.070186735371613,0.6396346648355236,0.057730183962909146,0.8933019842422054,28.768554034647625,131.21807260838676,0.8673673743178367,49673.68457865715,1511282172
617,10618,10.555340708900394,9.961153870933003,5.961153870933003,1.9611538709330034,1.6268461996481884,-3.568936050560363,0.4310639494396371,0.4310639494396371,0.5672145480744879,0.04814120130113217,0.8396618106132949,28.76051314796596,115.11572971601343,1.3085243217834703,49673.68457865715,1511282172
618,10619,9.989371311305735,6.95288359176305,6.95288359176305,2.95288359176305,1.4601756431240027,-9.391420749187,-5.391420749187001,-1.3914207491870008,0.47324546020693214,0.07147007845757639,0.8993629718649032,27.139014248541635,129.8005279211185,0.9131643378584364,49673.68457865715,1511282172
619,10620,9.21011258147608,5.927241926787715,5.927241926787715,2.0062863197736833,1.5483526937585925,-10.537214076844776,-6.537214076844777,-2.5372140768447773,-0.9411193749293003,0.06381654790455048,0.8902026118783727,27.445024255667278,133.32552298704604,0.9091351349682543,49673.68457865715,1511282172
620,10621,6.50442273929007,3.9049174620472265,3.9049174620472265,2.079368478319537,1.5400630986999133,-11.646689547196535,-7.646689547196536,-4.080526236045908,-1.7985152544276846,0.06379189091664066,0.8915915169902822,27.542985569650597,136.25813216772568,0.9241568249882346,49673.68457865715,1511282172
621,10622,8.792230136179517,5.886728808771437,5.886728808771437,1.8867288087714376,1.4918115387405593,-8.92927504672409,-4.929275046724091,-0.9292750467240907,-0.34514515999388906,0.07247467362516868,0.8881423805389114,26.014492116020307,121.7771203197016,0.8895312263129583,49673.68457865715,1511282172
622,10623,10.506861382455321,6.799110853154645,6.799110853154645,5.481618036975775,1.4816180369757757,-7.172607701551779,-3.1726077015517795,-2.3793078585086302,-0.49942793945278585,0.06922068389068352,0.890817676922185,26.488109662909373,132.36545958449202,0.9286289441856818,49673.68457865715,1511282172
623,10624,9.787810741060465,7.5853254298948425,7.5853254298948425,3.5853254298948425,1.4456981540550216,-10.089183212221018,-6.089183212221017,-2.089183212221017,0.5043448428101962,0.07327991616502649,0.8984191080939248,26.792418640576336,130.6491538776669,0.9314768418178405,49673.68457865715,1511282172
624,10625,8.288075451610837,6.425564787880354,6.425564787880354,2.6093785875821482,1.5162548021994684,-13.030415301676882,-9.030415301676882,-5.030415301676881,-1.3043138642850696,0.06478212984869373,0.9028522262918212,28.505794155140286,141.0889640638924,0.9502124438155892,49673.68457865715,1511282172
625,10626,7.777856808305197,6.198665261852406,6.198665261852406,2.198665261852406,1.4286453827181582,-13.171911908333406,-9.171911908333406,-5.171911908333406,-2.571354617281842,0.07719700492149262,0.8890494702427127,25.225703231624454,125.64599605585033,0.9475984642525203,49673.68457865715,1511282172
626,10627,11.805631290269933,9.097853108511774,9.097853108511774,5.097853108511775,1.4931140904047957,-8.272226841338732,-4.272226841338731,-0.272226841338731,0.2845347726791809,0.06726435952510997,0.8900335465430108,26.748513419552772,132.4186049376774,0.9202856356001409,49673.68457865715,1511282172
627,10628,9.059297694159802,5.635148589200662,5.635148589200662,1.8049914703742496,1.5685960129024152,-9.905923458783407,-5.905923458783406,-1.9059234587834066,-0.03002506661740134,0.06668763306377798,0.8881904030633658,27.16011509712723,125.95078859175231,0.8814960881094239,49673.68457865715,1511282172
628,10629,6.841574589803928,6.2707680141131945,6.2707680141131945,5.490984327167647,1.490984327167647,-10.801472215893801,-6.801472215893801,-2.8014722158938,0.5067170304604552,0.06733879563836269,0.9054400111028585,28.467498790955744,141.96869193664128,0.971886364711988,49673.68457865715,1511282172
629,10630,12.275466683299966,8.503916811263329,8.503916811263329,5.492355579264594,1.4923555792645946,-10.34218569273655,-6.3421856927365505,-2.3421856927365505,-1.3022344109900208,0.06780297625891502,0.8943311616815142,27.072297019187566,135.34167208952124,0.9318017849144504,49673.68457865715,1511282172
630,10631,6.476116691658869,5.6391949848118665,5.6391949848118665,1.678291849904112,1.678291849904112,-6.7436869457226765,-2.7436869457226765,-0.9177625462090615,-0.6673414617396893,0.06423364552334798,0.8959427864799838,29.22244335182029,136.4018880796209,0.9186365291767615,49673.68457865715,1511282172
631,10632,5.394048320194744,2.9334560083663037,2.9334560083663037,1.9194061114670031,1.573234768871956,-12.06207401215334,-8.06207401215334,-4.0620740121533405,-0.4322703793636202,0.06324521989828918,0.8925010135290455,28.01276290190082,132.70416552059723,0.8965928769371401,49673.68457865715,1511282172
632,10633,8.628273318343485,5.616240880378806,5.616240880378806,2.329141399047768,1.4789165315524622,-10.220427271226251,-6.22042727122625,-2.2204272712262503,-2.1703262599355186,0.06992854796038002,0.8887262347219652,26.18433980113606,129.92340678557147,0.9236535731593317,49673.68457865715,1511282172
633,10634,9.839447134075694,6.141887021577604,6.141887021577604,2.1418870215776042,1.438958024817204,-10.601724043040843,-6.601724043040843,-2.601724043040843,0.47397242713358967,0.07529438896246506,0.8942224674438215,26.094920182330622,119.92024936617236,0.8817200703701767,49673.68457865715,1511282172
634,10635,8.45629318808732,5.893213270149752,5.893213270149752,3.183741907334169,1.4750426746637555,-12.777430504022586,-8.777430504022586,-4.777430504022587,-1.754614286877022,0.07009914456501805,0.8872904952013132,26.002369971935142,129.6571892504247,0.9282871169681115,49673.68457865715,1511282172
635,10636,7.429042083072115,5.752550737587747,5.752550737587747,1.752550737587747,1.752550737587747,-7.720017686216188,-3.7200176862161882,-2.7356497840731215,0.8915540812814708,0.05440108784397858,0.9075927154064626,32.70171832255084,141.6996003312994,0.9311087838432863,49673.68457865715,1511282172
636,10637,8.012426442731767,7.459109203011539,7.459109203011539,3.945155779099002,1.5072492291135944,-8.747529620411813,-4.747529620411812,-2.748436753730674,-2.4927507708864054,0.0658731618745838,0.8992226118367832,27.91812254639804,139.5397635066677,0.9441572245439618,49673.68457865715,1511282172
637,10638,8.75681230503487,7.54502963415274,7.54502963415274,3.5450296341527396,1.5503032964777306,-10.257099550552468,-6.257099550552468,-2.257099550552468,-1.0029462619893927,0.06053391284671389,0.8966831077682282,28.495110265924424,141.80544394753267,0.9387238365559808,49673.68457865715,1511282172
638,10639,9.18547172216103,5.659645454735686,5.659645454735686,1.659645454735686,1.659645454735686,-10.495628036543309,-6.49562803654331,-2.4956280365433097,0.1053559298674076,0.06663908549277388,0.8934270611262873,28.54803383212214,130.24497819829008,0.8942651569260999,49673.68457865715,1511282172
639,10640,9.14310582280444,7.017205210660779,7.017205210660779,3.017205210660779,1.6175750780606502,-10.771936549766712,-6.771936549766712,-2.7719365497667123,0.6147549131588661,0.052377330102469956,0.8961022846572332,29.95850768340683,142.90847987143073,0.9302917134451021,49673.68457865715,1511282172
640,10641,5.230182685569916,4.960510612523689,4.960510612523689,1.9187135181806863,1.5502732102208927,-9.91067878752427,-5.910678787524271,-1.9106787875242708,-1.3261890447515274,0.06525866605089231,0.8837861777668007,26.671038697666066,130.12953187950686,0.9205928912003702,49673.68457865715,1511282172
641,10642,11.293426153262567,7.460192030350061,7.460192030350061,3.4601920303500613,1.4958514953570468,-13.697076438512818,-9.697076438512818,-5.697076438512817,-2.1821053582537706,0.0673452566765323,0.8921090761522321,26.90965811398081,134.41795637332922,0.9279741436440666,49673.68457865715,1511282172
642,10643,6.379859651708791,6.2954827114416885,6.2954827114416885,4.374223564412325,1.4836064581540598,-10.368478455408939,-6.3684784554089395,-2.3684784554089395,0.5749474588623075,0.06798232369386607,0.8915068594068118,26.831376853033742,132.6096639768301,0.9212335963886971,49673.68457865715,1511282172
643,10644,8.146675531321963,5.792579479526248,5.792579479526248,1.7925794795262484,1.547320196750465,-8.664516899171932,-4.664516899171934,-0.6645168991719339,0.024064653391949298,0.06915736390133573,0.8884944378635244,26.80382111205563,122.09873006560053,0.8690606814468065,49673.68457865715,1511282172
644,10645,8.13863848108371,5.037602580489065,5.037602580489065,1.9562430046760217,1.4735441461943959,-10.604182638011178,-6.604182638011178,-2.604182638011178,-0.41690166965289066,0.07337643689964336,0.8880711399630817,25.784246961094453,122.83431846946073,0.9030243037013528,49673.68457865715,1511282172
645,10646,8.907609724842512,7.403364243993814,7.403364243993814,4.4474210548263295,1.4961413058584216,-10.853360853003773,-6.853360853003772,-2.853360853003771,-1.7378512406215616,0.06730838872123401,0.8869799042098258,26.379080919753896,131.84129374627,0.9275952910997752,49673.68457865715,1511282172
646,10647,9.455186379697295,9.090956556462535,9.090956556462535,5.090956556462534,1.5422535850475751,-13.17379820077842,-9.17379820077842,-5.173798200778419,-2.128835794221316,0.06150598949115749,0.8909527346741041,27.70119981866366,138.49724719464248,0.9314870705526291,49673.68457865715,1511282172
647,10648,10.913616014404857,9.529556326197932,9.529556326197932,5.529556326197932,1.5295563261979324,-10.95000607924476,-6.95000607924476,-2.9500060792447593,-0.08841555645729127,0.0630554722793933,0.8983364748576823,28.26017343118494,141.1587279495355,0.9424282239646049,49673.68457865715,1511282172
648,10649,7.371097218386525,6.682241125080858,6.682241125080858,3.289922274898414,1.5355809667699034,-9.915245460099642,-5.915245460099642,-1.9152454600996418,0.3973819938313543,0.062072220368882096,0.8918461919498846,27.725732563152036,134.51206966736956,0.9053233210473121,49673.68457865715,1511282172
649,10650,10.690189192991037,9.057805083049104,9.057805083049104,5.057805083049104,1.5264972111888293,-11.934539324435107,-7.934539324435107,-3.934539324435108,-1.3333431450379332,0.06344304027020475,0.890517373216448,27.340911989854018,136.66557868766043,0.9282978420733246,49673.68457865715,1511282172
650,10651,9.286275114645113,5.935965687270394,5.935965687270394,5.427037093803858,1.4270370938038581,-12.018137396124896,-8.018137396124896,-4.018137396124895,-0.9191236310995954,0.07678459531023608,0.8941589870462421,25.779890307562198,128.85835438494118,0.9517804921580092,49673.68457865715,1511282172
651,10652,11.558642678811761,8.069049712539831,8.069049712539831,5.568822318043459,1.5688223180434588,-11.691063358085396,-7.691063358085396,-3.6910633580853958,-1.6928651863908504,0.05834467308931866,0.8807546697798807,27.177741542276916,135.88076236584692,0.9493164842989276,49673.68457865715,1511282172
652,10653,7.054180184782338,3.7507223811538255,3.7507223811538255,2.0048141556123458,1.4400596613880434,-10.976311976976193,-6.976311976976192,-2.976311976976193,0.3987597346195786,0.07655837696465288,0.8895714626967515,25.496832912748488,116.56511403954353,0.881676634239635,49673.68457865715,1511282172
653,10654,4.966659701072538,4.830681161392241,4.830681161392241,1.945480284010459,1.4827805041365412,-9.65411629678862,-5.6541162967886205,-2.211880243246366,-0.8980529745860582,0.07241565695766837,0.8863455601395134,25.76300853967522,124.71616575662233,0.9152553667881995,49673.68457865715,1511282172
654,10655,8.095974437395794,7.183183970784649,7.183183970784649,3.1831839707846488,1.5365784350183758,-10.88536204148068,-6.885362041480681,-2.88536204148068,-0.44707671953383765,0.06219754643478425,0.8983562344369787,28.40481425384801,140.0446640770623,0.9318512965212885,49673.68457865715,1511282172
655,10656,9.74578675980889,8.935816241334495,8.935816241334495,5.148188354156199,1.5742716420646985,-10.19158559215721,-6.1915855921572085,-2.1915855921572085,-0.39278505505451733,0.05771201200998469,0.8924644103568146,28.50821976455865,142.37728703073756,0.9415541091342826,49673.68457865715,1511282172
656,10657,5.438350019045603,1.7980552071753635,1.7980552071753635,1.7260556538516172,1.7260556538516172,-11.370663682892857,-7.370663682892857,-3.3706636828928582,-1.4755418619522664,0.0848161642247175,0.9013420379640594,29.40927651612902,140.16953527557166,1.0964425165542713,49673.68457865715,1511282172
657,10658,4.617004054019858,3.497138082768519,3.497138082768519,2.666816948055744,1.5326590413353254,-14.104973121929284,-10.104973121929284,-6.104973121929284,-2.467340958664675,0.06274546367721143,0.8852541332337538,26.954166186819624,134.46408244980032,0.9308573502003222,49673.68457865715,1511282172
658,10659,10.059119706193725,6.399468295718415,6.399468295718415,2.6011884430655683,1.3999378036930203,-11.131139708391435,-7.131139708391436,-3.1311397083914363,0.4322205426931064,0.08002720623908854,0.8977353666038819,25.791613102583774,121.78139436182255,0.9297992430226557,49673.68457865715,1511282172
659,10660,9.742133085695365,8.44159063664295,8.44159063664295,5.506228282993771,1.506228282993771,-7.756430789032624,-3.756430789032623,-3.2846302889728367,-2.4937717170062292,0.06600429031619649,0.8956737135634155,27.49382854561682,137.46636214787767,0.9341429817380219,49673.68457865715,1511282172
660,10661,9.56563908069415,6.339360055210101,6.339360055210101,2.3393600552101006,1.5448275528339666,-10.628810175297753,-6.628810175297753,-2.6288101752977537,-0.6236051650705539,0.061637570018617346,0.8948779611954889,28.130174190749347,136.7404680042053,0.9119864492351643,49673.68457865715,1511282172
661,10662,8.938174587349502,7.258894808399256,7.258894808399256,5.319852061833692,1.3198520618336922,-7.359406323446428,-3.3594063234464278,-2.250468197723568,1.3198520618336922,0.06303755453226838,0.9054516096689568,32.410125928060936,160.57094064438272,1.0724421785924,49673.68457865715,1511282172
662,10663,7.467000437958881,5.855818357288079,5.855818357288079,1.8558183572880798,1.5967057084694247,-10.462408349059299,-6.4624083490593,-2.4624083490592987,-0.18052765521253877,0.062340627633789135,0.8895818116399735,27.941943962577355,131.06380378038062,0.8904463427002509,49673.68457865715,1511282172
663,10664,10.962746122723368,9.192648246092366,7.094077908774255,5.327114842698782,1.3271148426987815,-8.480143143793056,-4.480143143793056,-1.7320456124724009,0.8959381894757183,0.08301456853572171,0.9141478430370984,28.13841284488121,139.93623501327312,1.1066685666930138,49673.68457865715,1511282172
664,10665,7.9620651242149725,6.518248165451191,6.518248165451191,2.5182481654511917,1.4705343786510643,-9.896462385059484,-5.896462385059485,-1.896462385059485,-1.798097229775143,0.07079359905565766,0.9022588438088257,27.515310724183557,136.26685865928783,0.9514296107376736,49673.68457865715,1511282172
665,10666,9.448632675347708,8.651551180175016,8.651551180175016,4.651551180175017,1.5348656194086965,-12.941800307670666,-8.941800307670666,-4.941800307670667,-1.0330057814450277,0.062408409520051285,0.8788218712522736,26.323446223859378,131.49787537020916,0.9459276644824751,49673.68457865715,1511282172
666,10667,8.710164694595418,5.785050758225729,5.785050758225729,1.7850507582257298,1.5341544488896484,-9.182318182023497,-5.182318182023498,-1.1823181820234978,0.15014906983310672,0.07074318115314862,0.8900271167130864,26.71690717081323,121.99105891444017,0.8730414594029534,49673.68457865715,1511282172
667,10668,9.452204202873757,6.004405094802607,6.004405094802607,2.004405094802607,1.6180824605140673,-9.943189703287246,-5.943189703287245,-1.9431897032872445,-0.8519375891612009,0.05664831353082555,0.8962329309665823,29.415545252462223,142.35029944279586,0.9324585163728639,49673.68457865715,1511282172
668,10669,6.446288411574203,4.3617339856841495,4.3617339856841495,3.6161212702874463,1.5759902591733235,-8.692288064148503,-4.692288064148504,-0.6922880641485041,0.6467558704635402,0.05671576499893445,0.8935581929282692,28.899299416779563,140.06788537552254,0.9220001602667252,49673.68457865715,1511282172
669,10670,6.470433273195188,5.809815095459354,5.809815095459354,1.8098150954593533,1.5977181514481902,-11.81761901068343,-7.817619010683429,-3.817619010683429,0.18238098931657065,0.06379889714322896,0.8924543954726463,28.137124486268,128.9841332897329,0.8748765112228748,49673.68457865715,1511282172
670,10671,11.08889405575871,8.592181309360651,8.592181309360651,5.866272666615331,1.866272666615331,-9.799019812569481,-5.7990198125694805,-4.202899378832675,-0.7830224182520797,0.03100161331901737,0.8843074125127883,33.777053609585266,168.8546634037477,1.1889960353816078,49673.68457865715,1511282172
671,10672,8.91720565120504,5.952180549790956,5.952180549790956,1.9521805497909561,1.4589373006700692,-10.766331018754896,-6.7663310187548955,-2.7663310187548955,0.3757396580218735,0.07490751998302839,0.888911433864195,25.68001609484312,117.33962408589497,0.875793306804129,49673.68457865715,1511282172
672,10673,15.485169330980014,12.952924334720876,10.173906936561636,6.269884203855832,2.269884203855832,-6.200359448091112,-2.6994191639932357,-2.2392823065654808,0.33348900697384587,0.011607090479303694,0.8795635245615836,42.66820000052293,213.21129903049945,1.674747197546714,49673.68457865715,1511282172
673,10674,10.224898427820976,6.584006286425186,6.584006286425186,3.0201329987621945,1.4487043811023688,-12.312336139366638,-8.312336139366638,-4.312336139366637,-0.952029532957477,0.07370949637755722,0.901712423113661,27.03168938972769,133.88324922799652,0.955635514823548,49673.68457865715,1511282172
674,10675,8.491258773839117,5.653716258292163,5.653716258292163,1.6537162582921632,1.6537162582921632,-6.848797542340871,-2.848797542340871,-2.848797542340871,-0.34419544256032575,0.0674328365265486,0.8951736984113356,28.616748530362493,133.95296097007005,0.9194193988997795,49673.68457865715,1511282172
675,10676,10.706834452650691,8.627882688718172,8.627882688718172,4.627882688718173,1.5455238413634158,-8.518996901298413,-4.518996901298413,-4.518996901298413,-2.4544761586365844,0.061109785756895976,0.8868539065155998,27.337462013790745,136.67610300481533,0.9323141201530682,49673.68457865715,1511282172
676,10677,2.638224273648783,2.024046522340144,2.024046522340144,1.7860247335238044,1.4912112740089725,-10.960038015730435,-6.960038015730434,-2.960038015730434,-0.07515684767389152,0.08850846228167657,0.8919297677084734,25.610245889068484,114.036734485785,0.9784090172543838,49673.68457865715,1511282172
677,10678,9.275952103831584,6.186889184809682,6.186889184809682,2.1868891848096816,1.510044244160398,-10.927945333362791,-6.92794533336279,-2.92794533336279,0.5816257369416782,0.065650216262942,0.8972939366651242,27.869156692877304,127.57771172004058,0.8665090544176545,49673.68457865715,1511282172
678,10679,12.460741891141677,9.143310251757605,9.143310251757605,5.414921693497991,1.414921693497991,-11.563233034807217,-7.563233034807217,-5.2082195984083395,-1.9033422037884102,0.0785457279240888,0.8926370950733423,25.38846169621254,126.93562202386856,0.9574258506044896,49673.68457865715,1511282172
679,10680,7.5206162062773,5.70121848703865,5.70121848703865,1.70121848703865,1.70121848703865,-9.084405813203368,-5.084405813203368,-1.0844058132033683,0.3079344911777697,0.06132383359964528,0.8978975516808071,29.952519714275496,134.50998088123856,0.8930435606108389,49673.68457865715,1511282172
680,10681,6.699537158278117,6.106407041025211,6.106407041025211,2.1064070410252116,1.4772696782891137,-8.11649695759218,-4.1164969575921795,-0.1164969575921797,0.5178023039363424,0.06994764013445445,0.8936161549226144,26.898877712704618,120.29118922692027,0.8479747130484968,49673.68457865715,1511282172
681,10682,8.540230003628555,6.049991747971859,6.049991747971859,2.0499917479718586,1.461197885521291,-8.50598415553037,-4.505984155530369,-0.5059841555303688,0.4689500617178657,0.07305505917392308,0.892648274653574,26.289608089155003,118.34921354126602,0.8580245756800045,49673.68457865715,1511282172
682,10683,4.8247304650943805,3.792007773986076,3.792007773986076,2.1949778082760885,1.5426507582413242,-7.845050799649108,-3.8450507996491083,0.15494920035089188,0.6180840474147468,0.0606239756404198,0.8943476113704543,28.60203475164439,126.28392045955454,0.8415551234926568,49673.68457865715,1511282172
683,10684,6.540884190390617,6.157778927689069,6.157778927689069,2.157778927689069,1.5294902161118105,-9.665323432396061,-5.665323432396062,-1.6653234323960617,0.5948370757416781,0.06352446317201459,0.8973679958168677,28.235276709878743,128.8456033937459,0.8651131517046466,49673.68457865715,1511282172
684,10685,4.237017663143933,3.0995910161280875,3.0995910161280875,2.063237816338498,1.4733727399912124,-11.344980758981738,-7.3449807589817375,-3.3449807589817375,0.49200732465864083,0.07157216334941272,0.8934776125385409,26.629188973509457,120.58128491840861,0.8605296048409816,49673.68457865715,1511282172
685,10686,9.765035015335226,6.178848331204968,6.178848331204968,2.1788483312049673,1.574208692977632,-11.180285089346073,-7.180285089346072,-3.1802850893460723,0.6459049152419113,0.058248367715456335,0.8983491901120342,29.257730498209735,133.3143752613461,0.8757472997820434,49673.68457865715,1511282172
686,10687,8.711026419389373,5.313585500923517,5.313585500923517,2.035461356084482,1.4782870879298982,-10.184278020332599,-6.184278020332599,-2.1842780203325987,0.48184875372889613,0.07111753172906375,0.8930676082672591,26.617931621289365,121.43395288584534,0.8639196740419879,49673.68457865715,1511282172
687,10688,8.134113251032378,6.160927286211292,6.160927286211292,2.160927286211292,1.4016895713652453,-11.067842395696111,-7.067842395696112,-3.067842395696112,0.4375309535923517,0.08045515471456006,0.895714903385243,25.55370458061078,117.82988959912254,0.9101947941604769,49673.68457865715,1511282172
688,10689,5.954702234965445,2.724704370406392,2.724704370406392,2.6485807671553223,1.6932141776664758,-8.553168841518394,-4.553168841518395,-1.6842733617647718,0.7106650112884407,0.04639770299297409,0.8962254783447298,31.466503041335407,141.68634720847092,0.9233468928831137,49673.68457865715,1511282172
689,10690,8.20446087954961,4.268577447501063,4.268577447501063,2.0709568268037857,1.5451085949725998,-9.546907350474163,-5.546907350474163,-1.5469073504741633,0.5813371167689857,0.06263692535624817,0.8968008687396927,28.37631885223651,128.78330824496953,0.8616395745372112,49673.68457865715,1511282172
690,10691,10.26455585524828,6.904640579384158,6.904640579384158,3.170060130117514,1.5784256196948523,-12.677304879768284,-8.677304879768284,-4.677304879768284,-1.499325468031264,0.057233060633784756,0.8984210295657475,29.266462783563583,145.75642533413085,0.9540028599879609,49673.68457865715,1511282172
691,10692,10.348996540490814,6.781651237295597,6.781651237295597,2.8634946822591907,1.4982838327083796,-8.944728417325157,-4.944728417325157,-0.9447284173251569,0.5220947653900054,0.06636617966570804,0.8970050187636318,27.64566382655305,131.3256724907521,0.8946102988835721,49673.68457865715,1511282172
692,10693,9.70447871984211,6.023111564697611,6.023111564697611,2.023111564697612,1.662018059247773,-11.21029670207683,-7.21029670207683,-3.21029670207683,0.7897032979231697,0.051285251686927394,0.9001748630097166,31.100619778216583,138.7876539473709,0.9006052913271912,49673.68457865715,1511282172
693,10694,9.603332693451833,5.99143580879626,5.99143580879626,1.9914358087962605,1.5099328727902328,-7.682282932703306,-3.6822829327033055,0.31771706729669424,0.48390068034627287,0.06549271320267477,0.8846269300927592,27.11157565681019,117.44446818535428,0.8353178521521718,49673.68457865715,1511282172
694,10695,9.923925609897461,9.781740210420347,9.781740210420347,5.781740210420347,1.7817402104203472,-8.70742061405805,-4.70742061405805,-0.7074206140580495,-0.07756971342089924,0.03738890974534666,0.8881659110422598,32.37262874388431,161.7193037783956,1.0952123527773268,49673.68457865715,1511282172
695,10696,9.977759044694485,6.435986367896062,6.435986367896062,3.9702390292757332,1.2069626035187537,-12.277186298132897,-8.277186298132897,-5.356550905593355,-2.0460378083330992,0.11372308912852548,0.8748999680454501,20.0,99.94658747400145,1.371434646211608,49673.68457865715,1511282172
696,10697,4.643085637695168,3.140670669397183,2.89233878123545,2.1923952691361484,2.1923952691361484,-8.409458405798695,-6.664121555139681,-2.932214818509572,-1.8076047308638516,0.021054739098461093,1.0000025224931275,137.14356193557444,678.5116602257477,6.072374788681239,49673.68457865715,1511282172
697,10698,10.978610461027408,7.843276713985925,7.843276713985925,3.843276713985925,1.4639842122722386,-12.127480932357201,-8.127480932357201,-4.1274809323572015,-1.5411265979602284,0.07159889685209603,0.8860270460654058,25.662283861378206,128.12737539839506,0.9331995384151639,49673.68457865715,1511282172
698,10699,9.400303385401326,6.049002530106316,6.049002530106316,2.0490025301063164,1.5641800955611507,-12.331156294486668,-8.331156294486668,-4.331156294486668,-2.1357770664095455,0.06146173019694598,0.8920158395485769,27.992299397573706,138.93342116489293,0.9313688726949402,49673.68457865715,1511282172
699,10700,7.9330799330434765,5.929507274435837,5.929507274435837,4.898036243993426,1.4623370295385938,-11.235276080855828,-7.235276080855828,-3.2352760808558285,0.603954166517199,0.07053187225886191,0.9017798933333461,27.614929853554308,137.18573229910055,0.9554250904033625,49673.68457865715,1511282172
700,10701,7.263892160511357,5.987704574299058,5.987704574299058,1.9877045742990584,1.5041686404354053,-10.619065577466836,-6.619065577466837,-2.619065577466837,0.47484973714528533,0.06867860870788241,0.8919521066704301,26.90575162280636,122.43305576113863,0.8580153057260866,49673.68457865715,1511282172
701,10702,11.01038397895533,8.591780311296558,8.591780311296558,4.591780311296558,1.6067942669080184,-11.327020227362933,-7.327020227362933,-3.327020227362933,-1.9693301311816536,0.05404973548248694,0.8864740823709871,28.52651413934073,142.6022236867827,0.9558216709622508,49673.68457865715,1511282172
702,10703,12.848138526517161,9.486071359557974,5.858504810731073,2.2581220895142238,2.2581220895142238,-8.943621347140482,-4.958727853292536,-1.8452738756256917,-1.7418779104857762,0.01747541579518581,0.9711644297578799,60.275987074435605,297.23047010602687,2.871935584010795,49673.68457865715,1511282172
703,10704,7.751839171806781,6.135580723829619,6.135580723829619,3.995397506874266,2.929479764552191,-7.174067979306255,-3.174067979306254,-3.008264329242497,-0.594934757176548,0.0016987992690596203,0.9041211154491585,64.5647823696958,321.4124236661391,2.447322005716929,49673.68457865715,1511282172
704,10705,8.7402314793533,7.828324276001022,7.828324276001022,3.8283242760010223,1.4333342997078045,-10.958432023230717,-6.958432023230716,-2.958432023230716,0.5629942970667351,0.07462861601136063,0.9027327023113193,27.126083178121025,132.84460286015812,0.9564453177313059,49673.68457865715,1511282172
705,10706,9.875832835221663,6.380669718757489,6.380669718757489,4.911887056834425,1.4326623751234802,-8.850701780463988,-4.850701780463988,-3.1916963788710833,-2.5673376248765196,0.07597716804244316,0.8908660128915801,25.54719003060073,127.730521732196,0.9454984903411371,49673.68457865715,1511282172
706,10707,11.241638776406779,8.956726940801271,8.956726940801271,4.956726940801272,1.4660406725065813,-12.645889172260544,-8.645889172260544,-4.645889172260544,-0.7553986735236033,0.07131857752728285,0.8816493928775142,25.268869579331902,126.23459805467841,0.9408784949359216,49673.68457865715,1511282172
707,10708,10.918680821823045,9.595710043986204,9.595710043986204,5.595710043986203,1.5957100439862029,-13.22889141365553,-9.22889141365553,-5.228891413655531,-1.2288914136555313,0.055276772409993805,0.8968486550923634,29.436966770689715,147.16535449219853,0.9605169580133653,49673.68457865715,1511282172
708,10709,4.695635665289512,4.387549670903179,4.387549670903179,1.9036093388367539,1.9036093388367539,-9.988536954642358,-5.988536954642358,-1.9885369546423577,0.7071524345045639,0.040035404474917005,0.8964819466900718,34.32267703758586,152.67029302537105,1.0076194927146338,49673.68457865715,1511282172
709,10710,6.9590130267265655,6.428040432601008,6.428040432601008,2.4280404326010077,1.4604722127039784,-10.845250098390098,-6.845250098390098,-2.845250098390098,-0.5950438337494621,0.07224247635634651,0.889121438110662,25.886227053512833,126.04151542663504,0.9121633628341462,49673.68457865715,1511282172
710,10711,7.740793289502331,6.129484039118217,6.129484039118217,2.129484039118217,1.528287039075747,-9.097433897592563,-5.0974338975925635,-1.0974338975925637,0.5810270864271232,0.06393683972424968,0.8965584165348492,28.085857205595968,127.79392941162426,0.8607943190690432,49673.68457865715,1511282172
711,10712,8.585875302839327,6.975869053253933,6.975869053253933,2.975869053253933,1.5963134287683023,-13.995780766872183,-9.995780766872183,-5.995780766872184,-2.0521426262185978,0.05521104624191974,0.8956940968455721,29.32024400802839,146.24833063320193,0.9557889627979753,49673.68457865715,1511282172
712,10713,6.490077342437161,6.095515708514436,6.095515708514436,2.095515708514436,1.6162236917614219,-10.06377511502845,-6.06377511502845,-5.5890766119394035,-2.383776308238578,0.05542256245747123,0.8894317720211752,28.76423925687682,143.05154291561945,0.9497558944436514,49673.68457865715,1511282172
713,10714,6.3371775378746005,5.988364387986639,5.988364387986639,1.9883643879866393,1.5009128826306564,-7.14787404611824,-3.1478740461182397,-3.1478740461182397,0.47178333305270703,0.06905521301203008,0.8912043628393832,26.766897294863384,121.83240105341527,0.8582507540106112,49673.68457865715,1511282172
714,10715,12.464379209974439,9.136229908324601,9.136229908324601,5.136229908324602,1.5236701708498706,-9.6771460843762,-5.677146084376201,-1.6771460843762,0.07243173334892816,0.06376614674126313,0.885466280042934,26.76764585784534,133.53089336122795,0.9280173102837982,49673.68457865715,1511282172
715,10716,9.014899911459926,5.751505149518947,5.751505149518947,1.8123581396248405,1.8123581396248405,-10.23998009396832,-6.239980093968321,-2.239980093968321,-0.12969981020236543,0.048828439569475066,0.8956401059451043,32.08751434846234,149.74848349851715,0.9745929991193599,49673.68457865715,1511282172
716,10717,9.581448117133919,6.842499589106111,6.842499589106111,3.964484605010936,1.464355675784047,-11.166484683697538,-7.166484683697538,-3.166484683697538,-1.1562302514790426,0.07154825972472681,0.8942521907741712,26.517820699418927,132.309357884408,0.9349882293110363,49673.68457865715,1511282172
717,10718,8.818363297185032,6.035484778898524,6.035484778898524,2.0354847788985238,1.435935790271068,-12.955497755675204,-8.955497755675204,-4.9554977556752045,-2.2136421882186292,0.07726432905094885,0.8820239531239169,24.584810405834887,122.0767323760792,0.9563359181177342,49673.68457865715,1511282172
718,10719,6.595088659654745,6.366738483629096,6.366738483629096,2.3667384836290952,1.4852793636017771,-8.372533028267512,-4.372533028267511,-0.372533028267511,0.5518704631163259,0.06803824273148976,0.8957951933214654,27.306646976271978,125.19408896271628,0.8650437330606329,49673.68457865715,1511282172
719,10720,10.528240276601807,7.0770449449619575,7.0770449449619575,3.0770449449619575,1.4723601515005396,-13.737885371523646,-9.737885371523646,-5.737885371523647,-2.5276398484994607,0.07045971146875633,0.8984329984022261,27.13275043831262,135.5244883947216,0.944082430356611,49673.68457865715,1511282172
720,10721,9.339548774560049,6.114841503704057,6.114841503704057,2.1148415037040578,1.5448966291601922,-5.270717326774981,-1.2707173267749805,-1.2707173267749805,0.6003762849225095,0.062090483451449394,0.897136660299552,28.48310557155419,128.17839563465276,0.8553186891288675,49673.68457865715,1511282172
721,10722,9.177848469123239,5.5397385307554226,5.5397385307554226,2.01268238754646,1.4957885003001972,-10.10935926219189,-6.109359262191891,-2.456356415345394,0.4780343618974465,0.06929998399115868,0.8911324392344263,26.700988940236098,121.67233248216846,0.8588553754766558,49673.68457865715,1511282172
722,10723,6.458424909780948,5.463779984929664,5.463779984929664,3.7076567484932657,1.4494848270562077,-12.532679610371774,-8.532679610371774,-4.532679610371775,-2.5505151729437925,0.0736006066764526,0.8773958213331075,24.559767385778734,122.75493582558275,0.9609599566970872,49673.68457865715,1511282172
723,10724,11.748468228474868,9.353396897101463,9.353396897101463,5.494556571279166,1.4945565712791666,-12.3661076097806,-8.3661076097806,-4.3661076097806015,-0.3661076097806011,0.06751416912355171,0.88166214880853,25.81647912720756,128.99372055997796,0.9359320499223833,49673.68457865715,1511282172
724,10725,6.473276175152433,5.6413576971030395,5.6413576971030395,1.9624467251862077,1.9624467251862077,-9.195198413733811,-5.195198413733811,-1.1951984137338114,1.4757745936755033,0.03224282738590772,0.9047047830735564,39.378521409535864,164.55844233194122,1.119544696698586,49673.68457865715,1511282172
725,10726,4.942371697430711,2.9922618431596537,2.9922618431596537,1.505096422353758,1.505096422353758,-10.242861532769068,-6.2428615327690675,-2.2428615327690675,-0.45543098773336355,0.08958667152504506,0.8866279411141468,24.719154609442885,115.11048226562087,1.0158786650460145,49673.68457865715,1511282172
726,10727,6.74248961404225,5.747368061560807,5.747368061560807,1.7473680615608067,1.7473680615608067,-12.081023404848638,-8.081023404848638,-4.440438688572104,-2.252631938439193,0.05588365612062297,0.8998627642946483,31.167488610618243,154.19852768785995,1.0056588111266138,49673.68457865715,1511282172
727,10728,7.274377857921259,6.124230282653308,6.124230282653308,2.1242302826533077,1.5583361823391517,-9.093958948146978,-5.093958948146979,-1.0939589481469796,0.6137874048315031,0.060526838646949264,0.8979027234373316,28.826716032545782,130.845597881268,0.8665840664508753,49673.68457865715,1511282172
728,10729,6.798856992989567,6.273328887522371,6.273328887522371,2.273328887522372,1.4211487258102686,-9.45914858899999,-5.45914858899999,-1.4591485889999902,0.47542142345765714,0.07717757618540748,0.8968786037556224,26.10049349100148,120.77366942389216,0.8988449898956706,49673.68457865715,1511282172
729,10730,10.692912683823495,6.96256016508711,6.96256016508711,2.9625601650871105,1.6188470700790403,-11.287458628891741,-7.287458628891741,-3.2874586288917413,-0.6250063403989594,0.052744493446037044,0.9022638489762076,30.557533890965406,150.55653025230356,0.9786443308437073,49673.68457865715,1511282172
730,10731,7.340572754207747,5.283481561066761,5.283481561066761,1.8840631809386243,1.5541584409575078,-12.497723359377858,-8.497723359377858,-4.497723359377858,-0.5637561950900893,0.06569329858067206,0.8976180149206007,28.142673401613855,134.49082352787858,0.9113099015010815,49673.68457865715,1511282172
731,10732,9.584868051050242,8.566185068195036,8.566185068195036,4.942095561769094,1.7121114042753753,-10.469240627059984,-6.4692406270599845,-2.4692406270599845,-1.089719976481996,0.04343806700057302,0.8992682626009055,32.176303262512945,160.79715010918153,1.0498464155217628,49673.68457865715,1511282172
732,10733,7.662581052696804,6.92019217850674,6.92019217850674,2.92019217850674,1.3864316690957013,-11.976993321350333,-7.976993321350333,-3.976993321350334,-1.7635081514460047,0.08280635570751693,0.8993981322103395,25.563187158943514,127.32243526470032,0.9919286032402836,49673.68457865715,1511282172
733,10734,12.011361081323617,8.39159037327634,8.39159037327634,4.3915903732763395,1.568188777789118,-6.079378641126545,-2.079378641126545,0.5662303793579915,0.6012075532989057,0.053687118169742185,0.8744606341309096,28.370472687078923,135.94541789495923,0.9845486384510347,49673.68457865715,1511282172
734,10735,10.108621505136414,7.788544475507356,7.788544475507356,3.788544475507357,1.5227887414228098,-12.531243842569635,-8.531243842569635,-4.531243842569635,-1.877128597888025,0.06390546907725943,0.8839670479291649,26.597905292584752,132.86529597671768,0.9313578480429295,49673.68457865715,1511282172
735,10736,7.000682085725993,3.987141860569362,3.987141860569362,1.9770790931390039,1.5094984231152149,-9.25628904584603,-5.25628904584603,-1.2626855429978512,0.4695582838590986,0.0682447242012721,0.891314675093687,26.924471813456684,122.12385593630826,0.8551841157592407,49673.68457865715,1511282172
736,10737,9.540098418850356,6.030822195940078,6.030822195940078,5.602589812100248,1.6025898121002486,-9.982818489775902,-5.982818489775902,-2.682138081379427,-2.3974101878997516,0.0545126220035584,0.9020558627556482,30.19236318193609,150.95859279454126,0.983092072927398,49673.68457865715,1511282172
737,10738,11.080483420996526,8.793487837065314,8.793487837065314,4.793487837065315,1.3682867193301862,-12.105700043162964,-8.105700043162964,-4.1057000431629636,-0.10570004316296289,0.08558344340523237,0.8767116175140085,22.993678471669277,114.63715973186582,1.022459970265836,49673.68457865715,1511282172
738,10739,9.361096450907901,8.462220113235329,7.523514637271203,6.067387071792703,2.0673870717927034,-8.6856708781311,-5.488452969018014,-2.8214557730460514,-1.9326129282072966,0.01934884772145755,0.9640522219748939,53.84457254290665,269.21912005645845,2.523731782943291,49673.68457865715,1511282172
739,10740,9.582726508154753,7.10445596566694,7.10445596566694,3.10445596566694,1.5011898888488837,-8.513483955404912,-4.5134839554049115,-0.5134839554049113,0.41864754200331356,0.06622504414444934,0.8870877786860623,26.589672323961658,127.62268204446548,0.8941970349205994,49673.68457865715,1511282172
740,10741,8.237875448967431,6.157212685847809,6.157212685847809,2.72272074470507,1.5631985664289358,-10.461780630924716,-6.461780630924716,-2.461780630924717,0.6130374135756697,0.05831949724796711,0.8958143830715642,28.850631152637064,135.8391176750952,0.8945880341412105,49673.68457865715,1511282172
741,10742,7.4482986835721565,7.277813118035456,7.277813118035456,3.2778131180354557,1.6265757502941651,-11.236964787222256,-7.236964787222256,-3.236964787222255,0.4435103741449402,0.05174325927292792,0.8936205404947384,29.75913353920461,144.13589958344244,0.941783127289316,49673.68457865715,1511282172
742,10743,9.759146276805279,6.180463053529708,6.180463053529708,2.1804630535297083,1.4009616925500483,-10.298179949175024,-6.298179949175024,-2.298179949175024,-1.122032906899179,0.08125735202567895,0.8822016025843127,24.04009498847395,117.75222755644037,0.9633235939947945,49673.68457865715,1511282172
743,10744,6.523571501478534,6.082109650653312,6.082109650653312,2.082109650653311,1.5577568923874006,-9.502816621057116,-5.502816621057115,-1.5028166210571154,0.5947217099070126,0.061095342856868,0.8974860677056642,28.705437500199736,130.29562584488883,0.8652072911927144,49673.68457865715,1511282172
744,10745,8.869629529007936,5.216029229720609,5.216029229720609,4.217295308347873,1.419591355448602,-8.570014812054612,-4.570014812054614,-0.570014812054614,0.5258545814199845,0.07667688867175376,0.8865461423933323,25.111749939598997,123.77697628704283,0.9405716694263297,49673.68457865715,1511282172
745,10746,9.176937834478018,6.013908696325344,6.013908696325344,2.013908696325344,1.5030427120139846,-11.522581573248912,-7.522581573248912,-3.522581573248913,0.47741842675108725,0.06843294257722421,0.8899072850053459,26.703286293479145,121.70314703722505,0.8575929011453156,49673.68457865715,1511282172
746,10747,9.191395910325511,7.806337373280958,7.806337373280958,3.806337373280959,1.7031811804471613,-11.755155067656663,-7.755155067656664,-5.440428687856314,-1.7931268053696094,0.04426679642363016,0.8995237945943517,32.02060512083814,159.93728919233916,1.0426500489016672,49673.68457865715,1511282172
747,10748,10.594030162026744,8.05898460452555,8.05898460452555,4.058984604525549,1.4697820108258635,-13.620981922805822,-9.620981922805822,-5.620981922805821,-2.218641750452041,0.070810258015693,0.8980040965437103,27.03474143240061,135.127019313991,0.9439696066066174,49673.68457865715,1511282172
748,10749,7.211360880032267,6.024674196830434,6.024674196830434,2.0246741968304334,1.5126637328993275,-3.7149650002607597,0.2850349997392403,0.2850349997392403,0.50422976834316,0.05868212724938593,0.8524868347512858,27.17520260383534,109.53447434303983,1.0701858920640308,49673.68457865715,1511282172
749,10750,6.9601195590382625,6.017377873827048,6.017377873827048,2.017377873827048,1.6900277613210049,-11.244900684152249,-7.244900684152249,-3.244900684152249,0.7550993158477505,0.04927621461900307,0.8991769136319517,31.4113105950926,140.47153782185745,0.9114548521097677,49673.68457865715,1511282172
750,10751,10.374994583474408,9.016124003940872,9.016124003940872,5.016124003940871,1.4286375992924765,-11.835122014393866,-7.835122014393867,-3.8351220143938676,-2.2363664487400685,0.07655420768092694,0.8866625846289983,25.046456577831204,125.22475422196443,0.948476169825023,49673.68457865715,1511282172
751,10752,4.829462596219112,4.658634902435095,4.658634902435095,1.689789504090507,1.689789504090507,-10.734855526248301,-6.734855526248301,-2.7348555262483014,0.2438042305706658,0.06275640616392061,0.8981656894019492,29.740843918209087,134.7240063960187,0.8995869111939012,49673.68457865715,1511282172
752,10753,10.390342967326962,7.044503630735045,7.044503630735045,3.0445036307350453,1.4391494026873628,-10.459869097447925,-6.459869097447924,-2.459869097447924,0.4410001303315688,0.07442888240504365,0.8989902268883463,26.67274627809404,128.211305614086,0.923883724240005,49673.68457865715,1511282172
753,10754,6.390746427719355,6.014759225694059,6.014759225694059,2.0147592256940583,1.4897755398873629,-11.374574895671836,-7.374574895671836,-3.374574895671836,-1.5896924188028743,0.07053327229267557,0.8912732880028748,26.478536358196557,130.48992143465082,0.9232477253563595,49673.68457865715,1511282172
754,10755,6.969473823424915,5.891870733932601,5.891870733932601,1.8918707339326009,1.6114678153294852,-11.908441075831789,-7.908441075831789,-3.9084410758317887,-0.19432213839666312,0.05989532971341624,0.8903868973213309,28.389518575641944,133.5156942525989,0.8954847028027846,49673.68457865715,1511282172
755,10756,7.892452997121582,6.288805322376571,6.288805322376571,2.288805322376571,1.4909601151450202,-12.13367928214476,-8.13367928214476,-4.133679282144761,-1.0794104433352543,0.06846850082003413,0.902405949768362,27.90081601103083,136.92825255732276,0.9417539843040952,49673.68457865715,1511282172
756,10757,12.907370080050683,9.033271371967777,9.033271371967777,5.033271371967777,1.514859611149084,-10.121210039659612,-6.121210039659613,-2.121210039659613,-1.7120862472581584,0.06490397624402575,0.8925859253475045,27.330774278576655,136.62579332879153,0.9290357762512876,49673.68457865715,1511282172
757,10758,8.052858271153674,6.75177584577489,6.75177584577489,2.75177584577489,1.3769030541692,-10.195329774748053,-6.1953297747480525,-2.1953297747480525,-0.542091370270319,0.08427621564128666,0.8963815049850014,25.055297895541944,122.75689911145945,0.9794729056384182,49673.68457865715,1511282172
758,10759,11.692865889251223,7.946797410098975,7.946797410098975,3.9467974100989753,1.5909753162490075,-11.366007181984601,-7.366007181984601,-3.3660071819846014,-0.9376336680647885,0.05580743268556005,0.8930666880250973,28.91783665163983,144.16411215367154,0.9478331665174795,49673.68457865715,1511282172
759,10760,12.826618616825652,9.508270384571638,9.508270384571638,5.508270384571639,1.5082703845716388,-10.913916987778874,-6.913916987778873,-3.283525569828493,-2.1691508975192164,0.06574266954941825,0.8935872652601946,27.30695806116694,136.5311735861165,0.930249828322169,49673.68457865715,1511282172
760,10761,12.87830148107245,9.008339676086136,9.008339676086136,5.008339676086137,1.4326396179362215,-11.797192421244029,-7.797192421244029,-3.797192421244029,-1.2384575425516535,0.07598042434024603,0.8835345247868377,24.81635618475848,124.03645535402158,0.9504914158019675,49673.68457865715,1511282172
761,10762,8.862025438172402,5.709050905694844,5.709050905694844,1.748021185235029,1.748021185235029,-10.575762741073724,-6.575762741073724,-3.0209568043504884,0.9646053073491306,0.05451020249147769,0.9109445672938561,33.26539494025391,143.19740722107633,0.9505532174233002,49673.68457865715,1511282172
762,10763,5.416581326578957,5.242217007016586,5.242217007016586,1.600637242623306,1.600637242623306,-12.240156171526401,-8.240156171526401,-4.2401561715264,-1.0115172267160808,0.07475512451410542,0.8903399975373911,26.989531500516335,129.77482389444995,0.9507274330343479,49673.68457865715,1511282172
763,10764,9.745960139313722,8.35845574207937,8.35845574207937,4.35845574207937,1.493808111009897,-11.419896565671694,-7.419896565671695,-3.419896565671695,-1.553248945573331,0.06761285175654146,0.8980710118041401,27.51598127668426,137.49270855810843,0.9403379692394243,49673.68457865715,1511282172
764,10765,12.088489003967702,8.266066692374602,8.266066692374602,5.576101056622258,1.5761010566222586,-12.394220222395763,-8.394220222395763,-4.394220222395763,-0.6977683169634263,0.05750124521715274,0.891743678735689,28.4659528385601,142.2802811880764,0.9421850242796311,49673.68457865715,1511282172
765,10766,6.6434577771694405,5.7787243700088595,5.7787243700088595,1.8518817949214432,1.588803883806355,-11.374164047727193,-7.374164047727193,-3.374164047727194,0.3375790957331626,0.06309085681264222,0.8963537230329552,28.568987411550253,130.01708269137512,0.8719154296689625,49673.68457865715,1511282172
766,10767,8.550914879293135,6.662811464386033,6.662811464386033,2.6628114643860332,1.3438468237986763,-8.716864904217084,-4.7168649042170845,-0.7168649042170847,0.25668900188233423,0.08904949078245471,0.887754002598655,23.64614937982253,112.24077541110222,0.9863038790554182,49673.68457865715,1511282172
767,10768,9.958997715312625,6.068821781723305,6.068821781723305,2.0688217817233054,1.468599304257767,-12.03726621506713,-8.03726621506713,-4.037266215067128,-0.5040372229785648,0.07262206772973279,0.890347087884337,26.038718031427187,125.02691961432132,0.9043275760865994,49673.68457865715,1511282172
768,10769,10.124512948600696,6.720371544843284,6.720371544843284,2.7203715448432844,1.716141413629823,-11.317568315945795,-7.3175683159457945,-3.3175683159457945,0.6824316840542057,0.0427652404300233,0.8933547824539378,31.687600409212358,148.66851908591954,0.9793207867403465,49673.68457865715,1511282172
769,10770,9.660186345038404,7.768694215834115,7.768694215834115,5.059353500150036,1.4766446947125822,-11.533163468724387,-7.533163468724388,-3.5331634687243882,0.3069055338737501,0.06966895217976977,0.8920552159656451,26.56863435555944,132.37531122141726,0.9281128714950027,49673.68457865715,1511282172
770,10771,10.737847011072073,7.636044660385345,7.636044660385345,3.667382043045164,1.6699401166977095,-9.648348016713303,-5.648348016713303,-1.6483480167133033,-0.20322628870581494,0.04746464295070236,0.8950933815493166,30.78337947106256,152.25572766304484,0.9924182958020671,49673.68457865715,1511282172
771,10772,11.613066324856204,9.046773344191285,9.046773344191285,5.046773344191285,1.4482500203940758,-9.673089673063716,-5.673089673063717,-1.6730896730637166,-0.4158810522243688,0.07377255216619749,0.888865722123863,25.641346535644196,128.03981314839538,0.936847576427481,49673.68457865715,1511282172
772,10773,8.27337391476439,5.854806514656725,5.854806514656725,1.8548065146567254,1.5810525827963915,-8.231848328231436,-4.231848328231436,-0.23184832823143608,0.3483772640178644,0.06351265814444763,0.8956824094003465,28.443230269299224,125.40570773719998,0.8445543202063144,49673.68457865715,1511282172
773,10774,9.55517759789162,6.523203372526211,6.523203372526211,4.528459236382032,1.5691306390518862,-9.008571378104245,-5.008571378104244,-1.008571378104244,-0.6256068422373289,0.058304747936253634,0.8819781397064596,27.308867489284438,136.14875722356243,0.9439240785907324,49673.68457865715,1511282172
774,10775,9.558935585633735,6.604505520853989,6.604505520853989,2.604505520853989,1.3526891795848697,-12.69055185802486,-8.69055185802486,-4.869180148151435,-2.6473108204151306,0.0880932821643457,0.8936704484822975,24.31739527404258,121.37454126232262,1.0172446729471891,49673.68457865715,1511282172
775,10776,9.55040996884131,5.856240798201559,5.856240798201559,1.8562407982015587,1.5779214563620017,-7.300512323770774,-3.300512323770774,-3.300512323770774,0.35577053323004515,0.06396666480039678,0.8962468814149391,28.382514090104806,129.0492478458678,0.8694116422340974,49673.68457865715,1511282172
776,10777,7.6184285586124965,7.062867383047062,7.062867383047062,4.060114332163945,1.6119678050408333,-10.525836239468447,-6.525836239468448,-4.704632411665371,-2.388032194959167,0.05348432228775404,0.8975794328598438,29.864751078683973,149.2852100269273,0.9712205232997778,49673.68457865715,1511282172
777,10778,5.12715098073235,2.033861276627402,2.033861276627402,1.7057508080120372,1.7057508080120372,-11.613545750629456,-7.613545750629457,-3.6135457506294566,-0.7014516601433043,0.07309594550340998,0.9054303035938052,30.271351471302737,140.95759653540415,1.0011951301559248,49673.68457865715,1511282172
778,10779,4.777880893286934,3.1129506454740286,3.1129506454740286,1.8471930286521647,1.6299637407140282,-11.629874682042386,-7.629874682042387,-3.629874682042387,0.2080994501894382,0.059791261657368755,0.8934207789759445,28.952415925662226,132.09979619782936,0.8784109755449013,49673.68457865715,1511282172
779,10780,7.536150258793886,7.263094256948301,7.263094256948301,4.330711728145889,1.4050983364096374,-10.699978266033419,-6.699978266033418,-2.699978266033418,-2.5949016635903623,0.07999595982068823,0.8885404404685157,24.78997423346282,123.92671467099257,0.9628798453524745,49673.68457865715,1511282172
780,10781,6.050451606445468,5.987724496202164,5.987724496202164,1.9877244962021638,1.5826071179021641,-7.692624715528122,-3.6926247155281233,0.3073752844718767,0.5387754537746898,0.05835677563341335,0.8919308756933001,29.06333930861749,125.76945311557691,0.8366959166300868,49673.68457865715,1511282172
781,10782,8.714694345239057,6.970724018640862,6.970724018640862,3.501297696933065,1.4229596145620393,-12.270229454637716,-8.270229454637716,-4.270229454637716,-0.749178026855416,0.07737342907462877,0.8849435840285472,24.772532410187566,123.02772912661744,0.9485575686956308,49673.68457865715,1511282172
782,10783,6.8829696400010585,4.5151694708701005,4.5151694708701005,2.003125726925502,1.5843158093864183,-9.380083003312361,-5.38008300331236,-1.3800830033123603,0.5571530295832161,0.05958021007131828,0.8985018332483123,29.17444370365268,131.96796850274643,0.8705990206934414,49673.68457865715,1511282172
783,10784,7.539897099487188,4.431150847351529,4.431150847351529,1.8508190049767304,1.473221384753286,-10.326878357675906,-6.326878357675906,-2.3268783576759047,-0.8803850975213783,0.07551954356001803,0.8929587354252944,26.11984452675545,126.02098153893273,0.9255576223856831,49673.68457865715,1511282172
784,10785,3.013495514308106,2.526445474841332,2.526445474841332,1.8644686837665845,1.555611277587398,-8.281398934028019,-4.281398934028018,-0.2813989340280181,0.3700841493917284,0.0683030544220963,0.89632036111992,27.979351185059816,120.0385985627113,0.8324441280222223,49673.68457865715,1511282172
785,10786,7.340115770026786,5.860302406825904,5.860302406825904,1.860302406825904,1.552191539969242,-9.353019338103813,-5.353019338103812,-1.353019338103813,0.360960336419494,0.06636767284831599,0.8959488523481767,27.90922788327626,126.61384633292077,0.8651983448465936,49673.68457865715,1511282172
786,10787,10.276595603919468,9.099748545772766,9.099748545772766,5.293871145834004,1.7666681928373642,-9.03310129153268,-5.03310129153268,-3.0803885776243174,-2.233331807162636,0.03864190575836263,0.892868677188524,32.587956636704995,162.9332198262912,1.0847091269081492,49673.68457865715,1511282172
787,10788,9.169552712742826,5.935137642182615,5.935137642182615,1.9351376421826147,1.5785614643865833,-9.466079658478378,-5.466079658478378,-1.4660796584783775,0.47264715445192174,0.06167832093613314,0.8972994304922085,28.74585638275485,130.2020169134259,0.8667966204360814,49673.68457865715,1511282172
788,10789,10.600299527408874,8.844988337840551,6.90875702629709,5.956812820936195,1.956812820936195,-2.2137913981918453,1.3382380603057107,1.4784636075742914,1.956812820936195,0.009630062490469904,0.760163791246571,44.916692086389034,216.62686328611326,4.670787865947922,49673.68457865715,1511282172
789,10790,12.381007058901336,10.359084937988001,10.359084937988001,6.359084937988,2.3590849379880003,-8.117606545097683,-4.117606545097684,-0.11760654509768376,1.5636671178607418,0.00873022732893025,0.9125490525044684,50.63612396915575,250.58266976246324,1.912406053330377,49673.68457865715,1511282172
790,10791,12.965751255662907,9.659143634330286,9.659143634330286,5.659143634330287,1.659143634330287,-11.13715151274101,-7.137151512741009,-3.137151512741009,0.8628484872589903,0.04715971964207415,0.9844749343804357,53.22627314043428,265.24866274785984,2.821981093529199,49673.68457865715,1511282172
791,10792,8.489915979682907,7.847456475592587,6.158508097069018,5.382662024105522,2.396344671370594,-5.778129759089811,-1.7781297590898113,1.7170714768923587,1.8094623788373445,0.005729976348443263,0.8264628874329479,48.39609890271757,233.70996702309557,2.6518288797422818,49673.68457865715,1511282172
792,10793,9.471894937617156,7.832531801528993,7.832531801528993,4.866323518772688,1.4614506457623657,-6.4937816454248605,-2.4937816454248605,-1.444158179910919,0.7677600995937596,0.06913060682718385,0.9081399634708401,28.758385798481214,142.6232426951242,0.9918575859235363,49673.68457865715,1511282172
793,10794,11.790885478382961,9.518134558032825,9.518134558032825,5.569379807478963,1.5693798074789636,-8.532203779349816,-4.532203779349816,-0.5322037793498151,0.4613753633051003,0.05794818970725319,0.9024516961362524,29.645658929041094,147.4534762884013,0.9672277768752371,49673.68457865715,1511282172
794,10795,9.933732236457114,7.596300882655503,7.596300882655503,3.5963008826555027,1.6593195638148093,-4.2592392770330525,-0.25923927703305183,-0.25923927703305183,0.7779972359758668,0.046510444149700195,0.8874583625895284,30.683001351773385,136.89709663162785,0.914205105988213,49673.68457865715,1511282172
795,10796,8.27490979204251,7.009019432288462,5.621295740273912,4.620769188973464,1.1678748662135738,-3.6660457938752673,-1.5491580566956749,-1.0504453282821669,1.1678748662135738,0.0845636170596034,0.8988167220028876,28.096478096612913,138.06991649705267,1.080059075899582,49673.68457865715,1511282172
796,10797,10.078677992823756,8.451697882792068,8.451697882792068,4.451697882792068,1.8284443882418133,-3.5687312076931947,0.43126879230680526,0.43126879230680526,0.559719654301708,0.02959846921198817,0.8452833770248418,32.6573568099594,153.74067516453357,1.5230186588329193,49673.68457865715,1511282172
797,10798,6.8593697974173065,3.341043687264418,3.341043687264418,3.341043687264418,1.5447441095609415,-4.881685457989237,-0.881685457989237,-0.881685457989237,0.649587160480746,0.06011143011292795,0.892563617309259,28.27520220894295,132.7323182581993,0.8853484502324802,49673.68457865715,1511282172
798,10799,8.188138198002433,6.76507581280611,6.76507581280611,3.4155748486028283,1.5325920871480905,-6.178911098365972,-2.1789110983659716,-2.1789110983659716,0.6249849468564662,0.06176053084990741,0.889849203233571,27.633566945224903,133.6520960422302,0.9042341839074308,49673.68457865715,1511282172
799,10800,7.016556763956299,5.521451109696509,5.521451109696509,5.521451109696509,1.5214511096965089,-8.572747880950866,-4.572747880950867,-0.5727478809508664,0.037311627153335136,0.06399153299276125,0.8810935057216374,26.30319089297954,131.25523955265427,0.9367597407046158,49673.68457865715,1511282172
800,10801,5.2964775063129625,3.2727106144616487,3.2727106144616487,3.0702472228792663,1.5759320142708189,-9.928801187878737,-5.9288011878787374,-1.9288011878787377,0.6337629409295786,0.05690584085708411,0.8965540764562914,29.224981322059794,137.32865208704231,0.9000629824714149,49673.68457865715,1511282172
801,10802,8.892077587807927,5.9447039687205745,5.9447039687205745,3.0105111971173413,1.7779625611399583,-6.167983501216126,-2.167983501216125,-0.32031411044423064,1.0099772403373866,0.03636267848538428,0.8935250723217714,33.54387946176397,156.44562655288541,1.0500278868964286,49673.68457865715,1511282172
802,10803,9.068665001346956,7.8887472942735934,7.8887472942735934,4.20187298614855,1.4736284599967202,-11.188093506039985,-7.188093506039984,-3.1880935060399835,0.8119064939600165,0.06710557315949567,0.90270705107631,28.464107109108866,139.75187433207967,0.9528348460280789,49673.68457865715,1511282172
803,10804,7.3132182786170405,6.539365346639454,6.539365346639454,2.539365346639454,1.5576791497317848,-9.985182873027979,-5.98518287302798,-5.66796599743124,-1.6679659974312406,0.05977193239941132,0.8851787605996955,27.389380336736167,135.97331360421396,0.9306703477273265,49673.68457865715,1511282172
804,10805,10.288686839168838,7.549663777279103,7.549663777279103,3.549663777279103,1.5078037935248176,-3.915152454418645,0.08484754558135488,0.08484754558135488,0.6001339450365889,0.059701428184633254,0.8636702841421446,26.87252721600362,121.30234688353907,1.004876718167886,49673.68457865715,1511282172
805,10806,7.960503418490566,5.592119777464079,5.592119777464079,3.6679903044512545,2.501938150286083,-8.836938577993493,-4.836938577993494,-4.0360825330026415,-0.5512006832933452,0.006177836315924967,0.8853614349737391,49.39928344476805,245.26499233889027,1.9201455097071063,49673.68457865715,1511282172
806,10807,5.175677608372762,1.6880969633795557,1.6880969633795557,1.6880969633795557,1.6880969633795557,-9.755079038481222,-5.755079038481223,-1.7550790384812227,0.3822011798112537,0.09755386489365382,0.9150926144559066,30.05939389717551,124.35754166090848,1.1904363429627143,49673.68457865715,1511282172
807,10808,10.615725777037229,7.347402607307684,7.347402607307684,3.881554438173259,1.4958713202735388,-8.02499941127982,-4.024999411279819,-4.024999411279819,-0.7080213054388025,0.06734341976423526,0.9014213081150291,27.938092681044864,139.07957703792619,0.948918314097779,49673.68457865715,1511282172
808,10809,6.623473315822372,5.855560337904819,5.855560337904819,1.9878990763332092,1.5880118962586158,-7.2562835950188,-3.2562835950188003,-3.2562835950188003,-0.37615382539432285,0.05992865952065481,0.8884278713203522,27.964463189295067,133.18153098450892,0.8998163302746303,49673.68457865715,1511282172
809,10810,4.5388203711690185,2.8703776019190874,2.8703776019190874,2.1290611016127903,1.5912755791972344,-3.7780129754417615,0.22198702455823827,0.22198702455823827,0.6751709345663502,0.051997035729372594,0.8676922162587893,29.323287913612035,115.23951565266634,0.9090986707734736,49673.68457865715,1511282172
810,10811,12.37338202162487,9.1242118421735,9.1242118421735,5.124211842173499,1.538421636774897,-7.4766483600598885,-3.4766483600598876,-3.4766483600598876,0.5233516399401119,0.061457978184263386,0.8960615912803652,28.316030768308178,140.97013226648144,0.9371327025811852,49673.68457865715,1511282172
811,10812,7.709719533457705,6.6560363439886645,6.6560363439886645,2.6560363439886654,1.46813533075827,-12.85722624031492,-8.85722624031492,-4.857226240314922,-2.177384760835661,0.07105902539382353,0.8844624272609156,25.58093282617721,127.5013649225977,0.9327059365916591,49673.68457865715,1511282172
812,10813,6.136546892063734,5.739604590150852,5.739604590150852,1.8801112110080207,1.4958982709275512,-7.249901026715865,-3.2499010267158637,-1.4360325663044244,0.3312208737512772,0.07194349557916549,0.8909021742533344,26.408472006185516,120.24309688299091,0.8670278208036202,49673.68457865715,1511282172
813,10814,6.204698603781953,4.844552750731106,4.844552750731106,3.2410227283165804,1.6653724724209018,-8.80286438317121,-4.80286438317121,-4.80286438317121,-2.334627527579098,0.04791807117024199,0.886372898610195,29.721370839564678,148.44700961653479,0.9923016413395321,49673.68457865715,1511282172
814,10815,9.206416502551544,6.318616869830299,6.318616869830299,5.630370259218189,1.630370259218189,-10.504218958307188,-6.504218958307188,-2.504218958307189,0.26854552217368277,0.05146024979597003,0.8928486084680544,29.71341796568776,148.34335020586752,0.9705480998236523,49673.68457865715,1511282172
815,10816,8.653458283442165,6.260518857291558,6.260518857291558,2.2605188572915584,1.5518837091163997,-8.078337385889835,-4.078337385889835,-4.078337385889835,-1.2554741819182278,0.06109185693758777,0.8872542864699747,27.42247160608759,134.9482306522202,0.9194456767872264,49673.68457865715,1511282172
816,10817,7.980871678648099,6.223070116190194,6.223070116190194,2.4528014733350973,1.5339595867704137,-10.510750759126674,-6.510750759126673,-2.5107507591266733,-2.466040413229586,0.06271188034933578,0.8842668494741982,26.820065057938994,133.51778862117078,0.9292253187082289,49673.68457865715,1511282172
817,10818,10.367611244567568,7.236760512281508,7.236760512281508,3.2367605122815077,1.5367000402359918,-9.544607082339697,-5.544607082339697,-1.5446070823396971,0.5251423366220038,0.06165879050116264,0.9039525817738929,29.2006920004456,140.86215762271254,0.93716506851527,49673.68457865715,1511282172
818,10819,9.866305192874584,7.032346101008148,7.032346101008148,3.032346101008148,1.5280716971827661,-10.057957184779674,-6.057957184779673,-4.389315679849702,-0.45632935398240404,0.06324757926926121,0.8905722483186892,27.37862277807697,134.66839196760617,0.9143774990107857,49673.68457865715,1511282172
819,10820,2.524764663612902,1.9823350283618333,1.9823350283618333,1.9823350283618333,1.5382290990311398,-4.292571693073426,-0.2925716930734261,-0.2925716930734261,0.46945301280807694,0.08100540909001464,0.8887014749019663,27.096072365644904,102.66278006715123,0.8338632772934904,49673.68457865715,1511282172
820,10821,7.10868118996328,5.973544032842563,5.973544032842563,1.9735440328425626,1.5350733335172928,-7.5417793000779945,-3.5417793000779954,-3.5417793000779954,0.45822069992200487,0.06547098359831197,0.887875380820921,27.00001522595693,122.88484153630031,0.85673766620064,49673.68457865715,1511282172
821,10822,8.976776891723738,8.652397565992231,8.652397565992231,4.652397565992231,1.534758750494696,-8.913890203015177,-4.9138902030151765,-4.9138902030151765,-0.9138902030151768,0.062421537947415985,0.9002449229854661,28.5847786678211,142.76813759913705,0.9499618583104592,49673.68457865715,1511282172
822,10823,10.166204267158099,8.954697307432347,7.784950091330185,5.669425096517156,1.6694250965171566,-8.980468209897387,-4.9804682098973885,-3.0977198853121983,-1.475762721188943,0.04751658160482524,0.9144477702281941,33.22885416525684,166.13215623908752,1.110863236844273,49673.68457865715,1511282172
823,10824,7.920896319370872,5.894985635804956,5.894985635804956,1.8949856358049568,1.5032456688224196,-6.013696527553413,-2.013696527553413,-2.013696527553413,0.3563106523374824,0.07073537074648155,0.8902647624601554,26.50737765580009,120.67506587036056,0.8637324192052748,49673.68457865715,1511282172
824,10825,7.361402015959158,6.312061859113979,6.312061859113979,2.312061859113979,1.5249040736274624,-6.5507443875207425,-2.5507443875207416,-2.5507443875207416,-0.6474630764408993,0.06412551511787902,0.8870878630237741,26.900479258573597,130.70339433427702,0.9043592751391709,49673.68457865715,1511282172
825,10826,8.399037310003925,7.093866971907819,5.1606979889818705,5.127376015417288,1.127376015417288,-8.92475359266159,-4.92475359266159,-2.2508571432379485,1.127376015417288,0.09114659902812783,0.9082915529202181,28.409772877498064,140.5221172566568,1.1831767775341222,49673.68457865715,1511282172
826,10827,10.857789694984444,9.43300739642784,9.43300739642784,5.433007396427841,1.4330073964278405,-7.641474442323388,-3.6414744423233882,0.35852555767661176,0.993436770614348,0.06607434004151917,0.931125863648698,33.78138657765578,166.8257762384789,1.2714079378213972,49673.68457865715,1511282172
827,10828,5.360546959894331,4.266907006293821,4.266907006293821,2.040400326398447,1.5559071001903717,-5.005434106525088,-1.0054341065250878,-1.0054341065250878,0.52464725896243,0.06190390105332098,0.8876521373589188,27.541814989030627,123.12271574006948,0.8440705361184793,49673.68457865715,1511282172
828,10829,3.844239541586238,2.062648595162538,2.062648595162538,2.039874760615993,1.5562502155738882,-7.066514107388253,-3.0665141073882536,-3.0665141073882536,0.526025081396674,0.07466360495502808,0.8946703073210026,27.56700798895095,118.08231289697788,0.8641725355806406,49673.68457865715,1511282172
829,10830,8.213690373750902,7.075442244021575,5.800332596341779,2.3157818864888067,0.8833542536229972,-5.836960465079564,-2.9376604591930757,-0.5108324898982015,0.8833542536229972,0.13881157319713378,0.9999132810468166,160.0,714.2241114926688,7.388000108053591,49673.68457865715,1511282172
830,10831,7.014576725583438,3.4936657881370063,1.5654986869065415,1.3882307325938086,1.3882307325938086,-10.484966024873108,-6.696274193061025,-4.512472921276971,-2.611769267406191,0.12409275649022103,0.9999927994366797,109.33148224171441,528.7736882927672,5.817780185576298,49673.68457865715,1511282172
831,10832,6.860096855804023,5.997453862626658,5.997453862626658,1.9974538626266585,1.3964157976817984,-6.022616185222544,-2.022616185222544,-2.022616185222544,0.29982807046663695,0.08280152059890725,0.8896370697116105,24.6539266221812,113.37415669889408,0.9178924607422971,49673.68457865715,1511282172
832,10833,9.101201982389822,8.31332034256128,8.31332034256128,4.313320342561281,1.422598344935852,-8.155628547667908,-4.155628547667907,-4.155628547667907,-0.744541021806713,0.07742623517007328,0.87905115650609,24.2046362818571,120.74408255770962,0.9668931789691853,49673.68457865715,1511282172
833,10834,8.004811769976813,7.286510462632316,7.286510462632316,5.116593733922951,1.6395020460229814,-6.152723155549505,-2.1527231555495048,-2.1527231555495048,-1.5911167320063135,0.05055399787670042,0.8794346725378205,28.461201905528583,142.25876272693554,0.9881058558482301,49673.68457865715,1511282172
834,10835,7.212532222737791,6.6882950015051446,6.6882950015051446,3.334377897325442,1.5330429952577769,-6.998998229254461,-2.998998229254461,-2.8874113603409697,-0.8146783288950108,0.0626319588608918,0.8952974355726915,27.991346032112766,138.88441507851797,0.9289795665008691,49673.68457865715,1511282172
835,10836,7.471706566139996,3.5493673440374067,3.5493673440374067,3.338082625358408,1.490509350450828,-9.457782723415814,-5.457782723415815,-5.457782723415815,-2.1774459734421665,0.06806686984162004,0.8883937817749665,26.44129107509903,131.97075379405948,0.9272039171382255,49673.68457865715,1511282172
836,10837,9.829141770685531,9.090784922747266,9.090784922747266,5.460732301708202,1.4607323017082015,-9.612445450572606,-5.612445450572606,-2.8824162974394714,-0.3883326093275745,0.07204339749004299,0.8771944705194753,24.74641699627527,123.64549185905311,0.9571901121080845,49673.68457865715,1511282172
837,10838,8.789620089818895,6.042304694160015,6.042304694160015,2.0423046941600154,1.561613324813625,-4.542646818239785,-0.542646818239785,-0.542646818239785,0.5362914578616289,0.060666944582576474,0.8869308944059604,27.840103785404963,122.68436944501241,0.8397490056256093,49673.68457865715,1511282172
838,10839,7.280924886783439,6.851429373933949,6.851429373933949,2.8514293739339496,1.4405323652477142,-6.632522729063696,-2.6325227290636963,-2.6325227290636963,-1.2036607318458945,0.07486067671638362,0.8835824387934479,24.971322549872006,123.74507677185208,0.9395827140186708,49673.68457865715,1511282172
839,10840,4.425529589002127,3.622757331134417,3.622757331134417,2.0654951085985696,1.5652573352756225,-7.047132774125182,-3.047132774125182,-3.047132774125182,0.5522560070597411,0.060646537488085496,0.8897294494155463,27.942146362386467,126.83388878065051,0.8565321860167215,49673.68457865715,1511282172
840,10841,6.118707344420126,3.422348984466084,3.422348984466084,2.5513076436318123,1.5397756141159225,-4.63098496749815,-0.63098496749815,-0.63098496749815,0.5968560707734951,0.060662383761566116,0.8886596286145043,27.8289317279474,126.31074495358473,0.8567543904346493,49673.68457865715,1511282172
841,10842,8.580911303395617,6.208398894577705,6.208398894577705,2.2083988945777056,1.5760292671346428,-6.5883674584185234,-2.5883674584185234,-2.5883674584185234,0.6147978521861559,0.05797015483971274,0.89165495213525,28.52256091714085,130.46189974804622,0.8668619564875986,49673.68457865715,1511282172
842,10843,5.801648021611181,4.581475742494554,4.581475742494554,2.82785192473669,1.5469255288223203,-6.771258992145634,-2.7712589921456345,-2.7712589921456345,0.573138366578225,0.060312205183805076,0.8893538232362002,27.794280541810764,131.70834791132432,0.8882848496253493,49673.68457865715,1511282172
843,10844,4.385639362734418,2.6541151611328297,2.6541151611328297,2.0671940239693796,1.5510355783268006,-7.9296164574878105,-3.9296164574878105,0.07038354251218948,0.5207477945374555,0.06288163056233362,0.8851386593893966,27.375078285122026,116.62170825943001,0.8161748842606205,49673.68457865715,1511282172
844,10845,9.831504706345015,6.078645919339627,6.078645919339627,2.0786459193396274,1.5506518872803101,-5.589830066647587,-1.5898300666475869,-1.5898300666475869,0.5329885266449537,0.06209199046578497,0.8875312535689424,27.43224310582718,124.73494513467979,0.8556875911215581,49673.68457865715,1511282172
845,10846,7.503159848307826,6.075193284442458,6.075193284442458,2.075193284442458,1.5526643000235307,-7.466295079879525,-3.466295079879526,-3.466295079879526,0.5337049201204742,0.06191910766113336,0.8878943794051019,27.50047229706997,125.37687615591182,0.8578364841755888,49673.68457865715,1511282172
846,10847,10.184963165845016,8.131155205679189,7.852792288794525,4.700884504258566,1.3987736258720214,-5.849491450774759,-1.849491450774759,-1.0227903762163277,0.7951803734588363,0.07650561760743581,0.9016582663159062,27.051370267371667,133.8646293411316,0.9771303025215978,49673.68457865715,1511282172
847,10848,9.087216106176529,6.219015400949087,6.219015400949087,2.219015400949088,1.5830042969831404,-7.3459425995854835,-3.3459425995854835,-3.3459425995854835,0.6296917959540292,0.05710904308764286,0.8925400721405328,28.773778558352177,131.5860480194849,0.8699965039475627,49673.68457865715,1511282172
848,10849,9.120012651829073,6.29965925764551,6.29965925764551,2.29965925764551,1.4317507553811442,-9.76894859302727,-5.768948593027268,-5.768948593027268,-1.7689485930272684,0.07644735878671458,0.8829699863126361,24.713445452546488,122.52749289733153,0.9473909553421525,49673.68457865715,1511282172
849,10850,6.836307997695703,2.8809838129079752,2.8809838129079752,2.2518108198048536,1.4911386668021074,-5.086915274623205,-1.0869152746232051,-1.0869152746232051,0.5263057998267587,0.0683069274099651,0.8894896106930092,26.660389015541114,119.3184974457981,0.8427359931431194,49673.68457865715,1511282172
850,10851,7.003187544505088,6.207271128740634,6.207271128740634,2.207271128740634,1.4946288869087703,-4.421480184747145,-0.42148018474714477,-0.42148018474714477,0.5185569364239269,0.0663357561251377,0.8834345292995309,26.59702531012563,109.15034869750116,0.7915188805657734,49673.68457865715,1511282172
851,10852,8.315508146633348,6.2716073615427055,6.2716073615427055,2.271607361542705,1.4910597193610868,-6.861949332844495,-2.8619493328444943,-2.8619493328444943,0.5240514414215025,0.06781024351370867,0.888829639606667,26.579822324401487,122.73385365250074,0.8643325729482474,49673.68457865715,1511282172
852,10853,4.300969218954576,4.278528272563611,4.278528272563611,2.1079398003996266,1.5013106022815552,-6.778613986717326,-2.7786139867173247,-2.7786139867173247,0.49209167579204616,0.06758995092241128,0.8855429816935516,26.327928316737264,120.54896104220026,0.86194032693317,49673.68457865715,1511282172
853,10854,8.584211872338875,5.876438396280098,5.876438396280098,2.3976046536959728,1.4945376817057723,-4.62262228637424,-0.622622286374239,-0.622622286374239,0.5531153824902306,0.06628668958845063,0.888991063848529,26.98120324590887,122.66441632198507,0.8553223959299323,49673.68457865715,1511282172
854,10855,6.474277266364936,6.214284033411457,6.214284033411457,2.2142840334114573,1.4923314873854772,-7.07170738288158,-3.0717073828815797,-3.0717073828815797,0.5451741254329577,0.06779955545355107,0.8932452534523776,27.069276477246518,124.40804055791915,0.8629337540134362,49673.68457865715,1511282172
855,10856,8.444303872390865,6.062253555527072,6.062253555527072,2.062253555527071,1.5140885223262515,-5.529861047903934,-1.5298610479039338,-1.5298610479039338,0.4828463749825933,0.06653115970288614,0.8849574834700052,26.453473865503533,120.45675603205706,0.8584356567397569,49673.68457865715,1511282172
856,10857,8.793383131195267,5.697388095507689,4.71983136635335,1.9946350717064882,1.9946350717064882,-4.455497262294259,-3.606498792629493,-1.0894593643754493,0.5202036837796931,0.03276507292626501,0.9998992570050719,160.0,723.9971945632192,6.280905659717195,49673.68457865715,1511282172
857,10858,8.65535548524542,5.11229260883686,5.11229260883686,2.8786229827283814,1.5390747702394425,-3.997411892868082,0.0025881071319184823,0.0025881071319184823,0.536909858498553,0.05749502694519544,0.867889879556457,27.26004087566609,123.51135061420162,0.9688417167276617,49673.68457865715,1511282172
858,10859,14.52278759155514,11.024069069514418,7.539535085131198,3.595193527862241,3.595193527862241,-6.435364888403289,-3.506504713526531,-2.013463935096123,-0.4048064721377589,0.0002649400681050076,0.8403903988810599,74.42764092600017,368.71385078711853,3.3209667564211207,49673.68457865715,1511282172
859,10860,10.101868672709855,6.635916394102499,6.635916394102499,2.635916394102499,2.059507242012228,-6.398423133930293,-2.3984231339302937,-2.3984231339302937,1.6015768660697058,0.017496694899681146,0.8899965538968624,41.59014383304787,182.77947612929398,1.3640093565446683,49673.68457865715,1511282172
860,10861,5.680090347579157,3.9818527158292802,3.9818527158292802,1.6960869204746822,1.6960869204746822,-9.410575610179864,-5.4105756101798645,-2.0164265703661792,1.0938179858063242,0.058969580523124,0.9003446196789386,31.50668992544567,133.3128577503571,0.877249874439949,49673.68457865715,1511282172
861,10862,3.3283188310064715,3.168987415284553,3.168987415284553,2.033982766484171,1.64185561329845,-3.5399302577471943,0.4600697422528064,0.4600697422528064,0.8832888627377402,0.04508850471878899,0.8496226807565022,30.524700492015285,115.53627575195338,1.144439088717774,49673.68457865715,1511282172
862,10863,6.091437713025502,5.98796538893748,5.98796538893748,1.9879653889374802,1.515545749010615,-11.589511031107795,-7.589511031107795,-3.5895110311077945,0.41048896889220576,0.0675148404651377,0.8851257134975706,26.365774415755652,120.48320396652748,0.8629939312190968,49673.68457865715,1511282172
863,10864,9.86124348679503,5.974594489175251,5.974594489175251,1.9745944891752518,1.5157324676804242,-7.0345312754065965,-3.0345312754065965,-3.0345312754065965,0.40995139326076235,0.06770678373238759,0.8861967690024699,26.459020015235126,120.80657652407857,0.8613991270761598,49673.68457865715,1511282172
864,10865,6.754960850253793,6.078939655260033,6.078939655260033,2.078939655260032,1.460019129308417,-8.439134433235637,-4.439134433235637,-3.5621782262540815,0.43782177374591824,0.07312090515976105,0.8891582329640004,25.88172414910361,118.74626893487235,0.8708569203274895,49673.68457865715,1511282172
865,10866,7.596206641163378,7.0345501722899515,7.0345501722899515,3.034550172289952,1.6355527080624823,-9.238180556835006,-5.238180556835007,-5.165898514276675,-1.1658985142766747,0.05096835618318817,0.8989345560848194,30.509591378163698,151.45420046104127,0.9828361412852313,49673.68457865715,1511282172
866,10867,6.215053088205183,5.980092569823816,5.980092569823816,1.9800925698238157,1.5324911308856979,-7.881456369171107,-3.881456369171107,0.11854363082889252,0.4122685241267754,0.06461253032039616,0.8819164507751971,26.71656244519021,117.38144261219642,0.8448031157952872,49673.68457865715,1511282172
867,10868,6.796752871252684,5.55060029837581,5.55060029837581,1.9581469726171523,1.5313913603052594,-6.237901906591415,-2.237901906591416,-2.237901906591416,0.4021805611919318,0.06625239630711083,0.8862867127559579,26.719879321289515,121.8662917279862,0.8602788205576457,49673.68457865715,1511282172
868,10869,11.007098640832991,9.345401218548577,9.345401218548577,5.458360023509253,1.4583600235092529,-6.766615357769058,-2.7666153577690578,-2.7666153577690578,-1.3435961525351028,0.07237064248992804,0.8837066652558331,25.32115319318147,126.5874447635808,0.939266260042515,49673.68457865715,1511282172
869,10870,9.526037503766506,9.19806486855872,9.19806486855872,5.1980648685587205,1.6546415724105616,-6.848214009920987,-2.848214009920987,-2.7385337085065284,-0.6139179778253314,0.04899859496385288,0.884523774417585,29.29432944314714,146.36263017945524,0.986561893510435,49673.68457865715,1511282172
870,10871,6.07668940722496,5.62079832055998,4.441519147463571,1.258784962400343,1.258784962400343,-6.096481331357678,-5.609204761402815,-2.3484392304897286,1.258784962400343,0.10405397021173743,0.9882998028137331,56.032244879433335,224.0897013973749,3.1059965962114533,49673.68457865715,1511282172
871,10872,9.292021272577685,6.077034838247863,6.077034838247863,2.0770348382478634,1.4606050374307282,-5.638258699224235,-1.6382586992242352,-1.6382586992242352,0.45369791165083195,0.07300089349198859,0.8923407855603968,26.236246788073817,119.90720417457402,0.8684585605292767,49673.68457865715,1511282172
872,10873,5.9835537398792935,2.607399457687296,2.607399457687296,1.9919406131147839,1.5399521658576096,-11.303512067004185,-7.303512067004185,-3.303512067004184,0.42395886733702737,0.06633467095394774,0.8864826674164952,26.88568361119019,120.11526106221524,0.8485102533125416,49673.68457865715,1511282172
873,10874,9.253912088379314,5.996478993617265,5.996478993617265,1.996478993617265,1.5403429810224252,-11.573282632705904,-7.573282632705904,-3.5732826327059044,0.4267173672940958,0.06457525017724766,0.8861962946420294,26.938946843208008,123.04161159763318,0.8603170101490598,49673.68457865715,1511282172
874,10875,8.424613735851443,8.09542720493417,8.09542720493417,4.439047727477098,1.4738240475110327,-6.712775656447371,-2.71277565644737,-2.44045332793344,-1.8650227118074618,0.07026442353212166,0.878768544243897,25.14454382066149,125.66702458011623,0.9480170350671132,49673.68457865715,1511282172
875,10876,4.575453843301374,3.382125154218193,3.382125154218193,1.888388919375368,1.888388919375368,-10.1736534385632,-6.1736534385632,-4.4722068014172045,-0.4722068014172043,0.041551258683083105,0.8987089699661357,34.211456451220826,162.70715972498712,1.0667773146702066,49673.68457865715,1511282172
876,10877,9.990983305026058,6.037098251676223,6.037098251676223,2.0370982516762233,1.5659122578297506,-8.082144330109202,-4.0821443301092035,-3.9932524737132065,-1.812523030450549,0.06143922009020979,0.8940791544495923,28.235722683900484,139.640925786252,0.9314565412852412,49673.68457865715,1511282172
877,10878,6.643424903830374,6.115763155178957,6.115763155178957,2.1157631551789575,1.4636023104533218,-9.723868954051824,-5.723868954051823,-1.7238689540518226,0.43932007303257414,0.07236803057860819,0.8878743020439579,25.840887873720607,118.75722116477029,0.8701944005313408,49673.68457865715,1511282172
878,10879,7.485578921591372,5.730628839885811,5.730628839885811,1.9806571042548988,1.4612253114159082,-10.538774688584091,-6.538774688584092,-6.538774688584092,-2.538774688584092,0.07456666557131958,0.8854949298348848,25.328559673989126,125.89539061366706,0.94217587324875,49673.68457865715,1511282172
879,10880,7.633793551434889,6.002934358949911,6.002934358949911,2.002934358949912,1.5483605412195198,-10.03152831698881,-6.03152831698881,-2.03152831698881,0.43315075614093823,0.06358864119785802,0.8865528693983834,27.132433427402965,123.89766087811347,0.860089220941015,49673.68457865715,1511282172
880,10881,10.917761836973066,9.365545326975719,9.365545326975719,5.365545326975719,1.3655453269757192,-8.990147947594577,-4.9901479475945765,-2.9892613486393698,-2.227242870015793,0.0860408578810337,0.8950856260649279,24.70458822682392,123.51887958465014,1.0052480849489873,49673.68457865715,1511282172
881,10882,9.025696079093299,7.160594920396305,7.160594920396305,4.656606713717473,1.563632786651054,-10.904661830289646,-6.904661830289646,-5.637077599713158,-2.4363672133489462,0.05895189976073661,0.8805390884335641,27.056661811552818,135.27236522387656,0.948274973384041,49673.68457865715,1511282172
882,10883,8.411947526893933,5.036808091885984,5.036808091885984,2.457540510817668,1.617049788412664,-10.349261089337235,-6.349261089337236,-2.3492610893372357,-0.4263411160324002,0.053216437697473,0.8939995692081365,29.519260766060597,143.16440550897968,0.9358838068225951,49673.68457865715,1511282172
883,10884,3.2456309997436943,3.0782318012693253,3.0782318012693253,2.4313842123822447,1.525113781490507,-6.602851547765187,-2.6028515477651872,-2.6028515477651872,-2.474886218509493,0.06433695673667489,0.9072789375156778,29.20321883568463,144.97657267859162,0.9803472163292456,49673.68457865715,1511282172
884,10885,9.131826803937797,5.98801237351054,5.98801237351054,1.9880123735105402,1.4950374428492996,-8.422248340561486,-4.422248340561487,-0.4222483405614874,0.4323555089672939,0.0697400009664559,0.8931238430478794,26.872939519077736,120.27617711884879,0.8476133221371573,49673.68457865715,1511282172
885,10886,6.501877116543062,5.866993391324707,5.866993391324707,1.8669933913247068,1.5013210880689105,-8.699492007006652,-4.699492007006653,-4.699492007006653,-1.2760272396339734,0.07185117141363294,0.8842156449784642,25.745911791599994,125.73720878231855,0.9276927049341794,49673.68457865715,1511282172
886,10887,8.31530742873811,5.7642784124129,5.7642784124129,2.2476249198546054,1.4419636158573674,-9.064336174038356,-5.064336174038357,-1.0643361740383568,0.4668635705975823,0.07445338859481326,0.8929535481824313,26.048809120160115,120.20667685879053,0.8796373166806153,49673.68457865715,1511282172
887,10888,9.23833740517455,6.015285772812174,6.015285772812174,2.0152857728121742,1.5518807212799006,-10.637062642924286,-6.6370626429242865,-2.6370626429242865,0.4424044247707348,0.06300173811569035,0.8867103697065941,27.234040432326957,124.41023891095787,0.8603596476531579,49673.68457865715,1511282172
888,10889,6.771743580399906,5.4169157034993916,5.4169157034993916,4.607582813842839,1.4976190207398947,-8.331242375056098,-4.331242375056098,-4.331242375056098,-2.1689958413837394,0.067116112111195,0.8955542720618149,27.313350586917327,136.54662844557112,0.9340143660728374,49673.68457865715,1511282172
889,10890,6.065443833617676,5.967038062460115,5.967038062460115,1.9670380624601154,1.4969150585162618,-10.169803657743577,-6.169803657743577,-2.169803657743577,0.4205133928087017,0.06997981469701214,0.8936348064848644,26.89429552270581,122.63509704345245,0.8633415295198607,49673.68457865715,1511282172
890,10891,10.638065011929985,9.078947611679665,9.014218214429542,5.47940311191296,1.4794031119129605,-6.602841235041106,-2.6028412350411063,-2.1065127764842844,-1.635979152666666,0.06951624132928562,0.9016981338438372,27.636904406639438,138.16859382890118,0.9554874119714433,49673.68457865715,1511282172
891,10892,8.688759615250996,7.537871204286675,7.537871204286675,3.537871204286674,1.5116514021165226,-7.866833651154118,-3.866833651154118,-3.866833651154118,-1.6587382549400453,0.06531067102987159,0.8839520770315311,26.378493536458567,131.642909178526,0.929830523943993,49673.68457865715,1511282172
892,10893,6.618724171730292,4.093895749766315,4.093895749766315,4.093895749766315,1.4725603509996301,-5.774208903143712,-1.7742089031437114,-1.7742089031437114,-1.188133769098718,0.07042900062520639,0.8802800553249358,25.270857251758972,125.80261555066824,0.9403874058315327,49673.68457865715,1511282172
893,10894,7.063194404935232,6.062286629768779,6.062286629768779,2.0622866297687787,1.5622210588927807,-11.368779481026277,-7.3687794810262774,-3.3687794810262766,0.47173503653527016,0.06118639821294835,0.8868599373840154,27.513006972535976,125.83043169800615,0.8621947476543633,49673.68457865715,1511282172
894,10895,11.107998080973708,9.478680690890197,9.478680690890197,5.478680690890196,1.4786806908901966,-10.518074574384347,-6.518074574384348,-6.518074574384348,-2.5213193091098036,0.06961283731451834,0.8917217921415135,26.52568703833241,132.6266562142011,0.9302374252146541,49673.68457865715,1511282172
895,10896,6.524948400263197,3.0732280632519267,3.0732280632519267,1.6344632834309503,1.6344632834309503,-9.959730016930791,-5.959730016930791,-1.9597300169307916,1.6344632834309503,0.05124691924597823,0.8750501420036352,34.91246167949529,139.02449684989722,0.9980792699891113,49673.68457865715,1511282172
896,10897,10.444738019074826,8.179036279673731,8.179036279673731,4.179036279673732,1.6358481158031049,-8.489895901484877,-4.489895901484877,-4.489895901484877,-1.4995462339732268,0.05093561584469729,0.8878821661080691,29.270521039074247,146.21859966981188,0.9713226248905922,49673.68457865715,1511282172
897,10898,6.959854577014748,5.510445864036129,5.510445864036129,1.913401701348148,1.580855327204888,-12.07788324292037,-8.07788324292037,-4.077883242920371,-0.07788324292037041,0.06224364602081524,0.8817476710692249,27.000742395679026,126.37669512777262,0.8942958032590937,49673.68457865715,1511282172
898,10899,3.567079261912527,3.103064102521978,3.103064102521978,1.8687658306955646,1.5195162332685805,-7.367941535107093,-3.367941535107093,-3.367941535107093,0.2996251062387365,0.06983716001054184,0.8871669689556201,26.415090652784798,119.85628883399956,0.8635800779662018,49673.68457865715,1511282172
899,10900,6.9153804091193685,6.529754227871677,6.529754227871677,2.529754227871677,1.4748889376216143,-8.468177498503145,-4.468177498503145,-4.468177498503145,-0.7684018781480846,0.07020332536771545,0.8857530531826527,25.83204239564376,126.59537114179805,0.915460223474662,49673.68457865715,1511282172
900,10901,9.847584208402271,5.991653924147043,5.991653924147043,1.9916539241470428,1.493163033207485,-7.5510299184751295,-3.5510299184751286,-3.5510299184751286,0.4489700815248716,0.06997972845777413,0.8947939783288242,27.000477816471378,123.10692117222155,0.8643342168298533,49673.68457865715,1511282172
901,10902,6.163185775085574,2.6588924750546012,2.6588924750546012,1.738937245918933,1.738937245918933,-6.86425422104513,-2.8642542210451305,1.135745778954869,1.4231887978158904,0.04365182167367318,0.8808395558217936,37.266460253310484,130.56106157070982,0.9097820294927571,49673.68457865715,1511282172
902,10903,12.786143378979743,9.170537585891399,9.170537585891399,5.170537585891399,1.5462418178485369,-8.001787746824734,-4.001787746824735,-4.001787746824735,-0.10573760872491311,0.061017290844034164,0.8824320789432867,26.90071525357972,134.2772114723331,0.937371826465267,49673.68457865715,1511282172
903,10904,8.514963984267073,4.658942438927431,3.04603684787715,2.008722870297868,2.008722870297868,-8.739236821239674,-5.903256555669564,-2.0045224945544744,-1.9912771297021319,0.0317936812863942,0.8864427490577815,35.43804436223371,174.56576971868878,1.2118747707517945,49673.68457865715,1511282172
904,10905,9.11943199447423,7.264356754165846,7.264356754165846,3.264356754165846,1.4046105886620286,-11.929093680319122,-7.929093680319123,-3.9290936803191228,-2.203777096623038,0.08006701070946153,0.8792647431085258,23.89315642913317,119.3142123684341,0.9796488623721352,49673.68457865715,1511282172
905,10906,8.390815704060945,6.57993904808463,6.57993904808463,2.5799390480846305,1.6144726874030308,-11.814403732111655,-7.814403732111656,-3.814403732111656,-2.0059409534137336,0.05332849766051608,0.8899475207816946,29.03605912356371,144.541494322406,0.9549573132847741,49673.68457865715,1511282172
906,10907,7.140499571099953,4.7978322324443745,4.7978322324443745,1.983302170118771,1.5512953023927951,-6.768296875472144,-2.768296875472144,-2.768296875472144,-0.7291485403571192,0.0638709705726773,0.8848315342141195,26.909903871333842,129.7899069006961,0.9071015136452175,49673.68457865715,1511282172
907,10908,7.035285417672295,6.086968003295857,6.086968003295857,2.0869680032958566,1.4541104272385186,-10.418268546247075,-6.418268546247075,-2.4182685462470754,0.4081832304507593,0.07390233271214508,0.8859935670978281,25.442170470373227,116.99461160408609,0.8772795076873706,49673.68457865715,1511282172
908,10909,11.000532386397465,7.3023863597258245,7.3023863597258245,3.3023863597258245,1.4788342787462032,-7.520756398254787,-3.520756398254787,-3.520756398254787,-0.4832572293310251,0.06959134759943099,0.9062345498932324,28.162036804301238,139.16150327839867,0.9679286122192859,49673.68457865715,1511282172
909,10910,12.310877006284088,9.473101998306813,9.473101998306813,5.473101998306813,1.4731019983068132,-5.206767824530807,-1.206767824530807,-1.206767824530807,0.17928990174547832,0.07017785696319623,0.8858757564927604,25.86630368967145,129.0745219463475,0.9308478540449726,49673.68457865715,1511282172
910,10911,14.193124686843568,11.164565173410258,9.17333103132173,5.269019784397686,1.2690197843976858,-7.841693428094692,-4.323686771724559,-1.2485103865706353,-0.11203066249173066,0.10215236207183238,0.8615896599221985,20.0,99.85001516908433,1.2944394457884298,49673.68457865715,1511282172
911,10912,10.399575739917188,8.8831343091078,8.8831343091078,4.883134309107801,1.4282593627575195,-8.050908774556579,-4.050908774556578,-1.6283401198804486,0.40542040434265747,0.07605778225614712,0.8835753838084192,24.848253106959444,123.61141918340928,0.9481474965964015,49673.68457865715,1511282172
912,10913,8.101365258678761,7.807453432729866,7.807453432729866,5.407740006130326,1.4077400061303258,-6.719075015162882,-2.7190750151628817,-2.7190750151628817,-0.20590932451734267,0.07959517003308424,0.8835450930195834,24.349734620465128,121.6252422201739,0.9657630135517621,49673.68457865715,1511282172
913,10914,7.243759977820061,4.316368177142327,4.316368177142327,1.7984428568076563,1.7984428568076563,-6.769678581033074,-2.769678581033073,-2.769678581033073,1.0973938152235183,0.04853884479349919,0.9126565496042713,35.007711597356796,149.55265051299986,0.9952028396038496,49673.68457865715,1511282172
914,10915,6.390425468116418,5.535354930913773,5.535354930913773,4.873998870110231,1.402570394076436,-12.330688036746652,-8.330688036746652,-4.330688036746652,-0.45959196141324266,0.08037152351907906,0.868500689250628,22.897078511590706,114.30282393570307,1.0366471927205827,49673.68457865715,1511282172
915,10916,7.179212984002561,6.45263098189695,6.45263098189695,2.4526309818969496,1.2924517403843458,-12.710835604444073,-8.710835604444073,-4.710835604444073,-1.183950587548009,0.0981508637302733,0.8565035107312118,20.0,98.61645261919719,1.2887843106997035,49673.68457865715,1511282172
916,10917,9.535745388456874,6.380810265462443,6.380810265462443,2.86716949848985,1.5057940399163516,-11.139105419526722,-7.139105419526721,-3.1391054195267207,-2.494205960083648,0.06606224186094346,0.8803429714374265,25.908082012579595,129.3329616257194,0.9383441935790056,49673.68457865715,1511282172
917,10918,7.505529822644415,6.089305140221934,6.089305140221934,2.089305140221934,1.4834391511254978,-8.406610775558603,-4.406610775558604,-4.406610775558604,-0.4066107755586039,0.07053534067753187,0.8815667862215737,25.452744232017455,121.86343261197786,0.9079369338807768,49673.68457865715,1511282172
918,10919,10.379323649794374,7.787560784687819,7.787560784687819,5.573403520360375,1.573403520360375,-8.531741166393417,-4.531741166393416,-4.531741166393416,-1.8246887537495107,0.05781270600811673,0.879965984998875,27.190219509831966,135.94495028322618,0.9531833357412789,49673.68457865715,1511282172
919,10920,7.539279684451145,6.03112310603833,6.03112310603833,2.0311231060383306,1.5678872008677482,-6.781709975666246,-2.781709975666246,-2.781709975666246,0.4605598182820523,0.061027505067978854,0.8876838431998588,27.657551393397462,126.32216373004701,0.8616075767303889,49673.68457865715,1511282172
920,10921,6.87043916427846,5.876614659411153,5.876614659411153,1.8766146594111532,1.5265903615331606,-7.866918301966574,-3.8669183019665727,0.1330816980334275,0.301544950426218,0.06739331575652607,0.8827249318073772,26.52023749028602,115.66312472661104,0.8429688792650125,49673.68457865715,1511282172
921,10922,8.907865786526669,8.767867733414601,8.767867733414601,5.076598875616277,1.5267445096420313,-10.706884885413835,-6.706884885413834,-2.7068848854138343,-2.4732554903579684,0.06341227492249679,0.8960546275434347,27.947062236511073,139.72804031328576,0.9365756904454132,49673.68457865715,1511282172
922,10923,5.449231147889275,5.217708798859507,5.217708798859507,2.0634058527152455,2.0634058527152455,-12.512036450193916,-8.512036450193916,-5.218241389358656,-1.218241389358656,0.027986463311874585,0.9270203867420972,42.68614276458317,209.11973989455117,1.543850255627987,49673.68457865715,1511282172
923,10924,5.824573994130683,5.1530467420321,5.1530467420321,2.2886559806163262,2.2886559806163262,-4.70933426898852,-0.7093342689885196,-0.7093342689885196,-0.07399951681707773,0.01616364332901094,0.894892886949148,43.409717732734364,200.51159094827614,1.481268600321516,49673.68457865715,1511282172
924,10925,7.024262272235637,5.627249824755704,5.627249824755704,1.939709513712503,1.5061915800441967,-6.747667167717493,-2.747667167717493,-2.747667167717493,0.4107946258488726,0.06939977071332944,0.8940517749779753,27.061091998371452,123.26176299178627,0.8630943387509854,49673.68457865715,1511282172
925,10926,5.761534539026805,2.295195312895482,2.295195312895482,1.8623490712270205,1.5401873537803417,-6.846257845178018,-2.8462578451780187,-2.8462578451780187,0.2735125212964662,0.07268400451716009,0.8877417739866964,26.540077060406883,117.54824813608029,0.865044025115187,49673.68457865715,1511282172
926,10927,11.003856378844718,8.256352663740884,8.256352663740884,4.256352663740884,1.4205132411441632,-4.163034874829796,-0.16303487482979562,-0.16303487482979562,0.6092542386300085,0.07254592642361525,0.8719289322658346,25.114126414025193,120.63916998945639,0.982436985418712,49673.68457865715,1511282172
927,10928,7.48312206705202,6.046102250948904,6.046102250948904,2.0461022509489037,1.5715806793565157,-4.510141853317827,-0.5101418533178272,-0.5101418533178272,0.4692173662146186,0.05963952121572966,0.8840354605057562,27.719888453285357,122.29459321506684,0.8469629308176316,49673.68457865715,1511282172
928,10929,8.210464366648509,6.084345487930643,6.084345487930643,2.0843454879306433,1.5689266954782009,-11.408762862838763,-7.408762862838763,-3.4087628628387625,0.4844851352671815,0.06017756347291938,0.8871255387156387,27.69638945976313,126.7439887200871,0.8637337656888164,49673.68457865715,1511282172
929,10930,5.83555998182283,2.1057141895362266,2.1057141895362266,2.0693267018796586,1.5608787754178544,-9.994480728280633,-5.994480728280634,-1.9944807282806336,0.4806915697902514,0.07240311890808643,0.8933132463875398,27.57698055353797,119.0286605045793,0.8564249144767463,49673.68457865715,1511282172
930,10931,9.061375135624111,5.966520309886678,5.966520309886678,1.9665203098866788,1.5023479741729793,-10.478960555630913,-6.478960555630913,-2.4789605556309127,0.4249338071169886,0.06934545957152494,0.894320768583101,27.067876742158866,123.39964058297394,0.863182270623114,49673.68457865715,1511282172
931,10932,7.954224672569475,7.506153083956855,7.506153083956855,3.506153083956855,1.4274300462384077,-7.170315978721433,-3.1703159787214332,-3.1703159787214332,-1.1785942408578858,0.07672743194531834,0.8953042230875805,25.91294718714657,129.06303032734363,0.9507766022646313,49673.68457865715,1511282172
932,10933,6.930243924158501,5.576494752292936,5.576494752292936,1.5764947522929356,1.5764947522929356,-8.027488063065418,-4.027488063065418,-2.792821851972305,0.2085812264999678,0.07822758153714938,0.885128300045398,25.97566434018398,117.04038490209648,0.9161850018394646,49673.68457865715,1511282172
933,10934,7.522474562529359,5.8770218039827276,5.8770218039827276,1.8770218039827276,1.5344312839394803,-11.642061273675992,-7.642061273675991,-3.642061273675992,0.2970411297960176,0.06781742752415412,0.8865997285124165,26.62157474963945,121.67161585940835,0.8659269454761154,49673.68457865715,1511282172
934,10935,8.107461298104212,7.537291550356734,7.537291550356734,3.537291550356734,1.5170685962014245,-10.099769338869747,-6.099769338869747,-3.003534749470072,-2.4829314037985757,0.06462385701147332,0.8942287750513337,27.558862824969996,137.71133075690602,0.9314637799879116,49673.68457865715,1511282172
935,10936,9.16509974711718,5.754557580858388,5.754557580858388,5.582729583689607,1.5827295836896076,-6.419422328540206,-2.4194223285402057,-1.6288826531825589,-0.9977152705127879,0.05674140541245759,0.8894932059910206,28.35717679888861,141.7418622966899,0.9435330469389318,49673.68457865715,1511282172
936,10937,6.648860468289013,6.096926875147371,6.096926875147371,2.0969268751473713,1.6263042893560276,-5.419573981181149,-1.4195739811811492,-1.4195739811811492,-1.018303357797558,0.05438985744069126,0.8922220655363597,29.275347866022162,140.3795452090082,0.9229689315519868,49673.68457865715,1511282172
937,10938,2.417290089617658,2.3838675765161756,2.3838675765161756,2.0173695303246046,1.3758899633575525,-10.870001342620297,-6.870001342620297,-2.870001342620297,0.14470660200687457,0.09277125916830543,0.8815342051086306,23.259699786122944,104.01971566634163,1.009359029604921,49673.68457865715,1511282172
938,10939,7.966898589208061,5.923993891706185,5.923993891706185,1.923993891706185,1.5644988216976812,-4.341887230364923,-0.34188723036492363,-0.34188723036492363,0.3819227283195292,0.062069520620478304,0.8815768132956061,27.394663796355456,118.60345315899575,0.8441824261545429,49673.68457865715,1511282172
939,10940,6.712122512418629,5.656392401432216,5.656392401432216,1.6563924014322156,1.6563924014322156,-8.264550767002456,-4.264550767002456,-4.264550767002456,-0.26455076700245606,0.06707864808169606,0.8904212833475404,28.144097516430644,131.23879946456395,0.9104806300120917,49673.68457865715,1511282172
940,10941,5.751204850836174,4.642737786734954,4.642737786734954,1.8846384186402616,1.5869966250422343,-5.066370252212199,-1.066370252212199,-1.066370252212199,0.06132229918616017,0.062288236683085876,0.8828242078129535,27.19299092288901,123.84678365869141,0.8721731333456655,49673.68457865715,1511282172
941,10942,8.581343467566558,5.935519967237262,5.935519967237262,1.935519967237262,1.56282256363401,-6.839011762220857,-2.839011762220858,-2.839011762220858,0.40651085684929855,0.06335655050568614,0.8879213660650814,27.410571579681633,124.8574361190241,0.859966755935657,49673.68457865715,1511282172
942,10943,8.699399728346533,5.555019485868204,5.555019485868204,1.9961076340904214,1.571421129920289,-10.512553207602892,-6.512553207602892,-2.512553207602891,0.4472961661316919,0.06123775918487853,0.8864871600232127,27.53916205935663,125.6034761483568,0.8624315401298056,49673.68457865715,1511282172
943,10944,8.121298628022393,5.272895798573421,5.272895798573421,1.8737511413102477,1.5262213169507624,-6.715611666733974,-2.715611666733974,-2.715611666733974,0.358572255700788,0.06870924087014234,0.8923010737170866,27.085228957957604,123.2566965621917,0.8626879180059317,49673.68457865715,1511282172
944,10945,10.681399261513238,7.134115120249804,7.134115120249804,3.1341151202498043,1.5205826005416918,-7.495945707732362,-3.4959457077323615,-3.4959457077323615,-1.8513118934822799,0.06418098689179419,0.907594972235002,29.177839688493044,145.51328273874736,0.9838679307226188,49673.68457865715,1511282172
945,10946,14.856871803836132,13.661220256995858,12.527560293721493,8.901020986712602,4.901020986712603,-4.448945132519078,-1.0970994517882318,0.8445193815595191,0.9010209867126031,4.7669898418400546e-07,0.9271364464543863,145.42817319868414,727.089143914558,5.215665950940314,49673.68457865715,1511282172
946,10947,8.509708847762122,6.496515159279987,6.496515159279987,2.496515159279987,1.5074872925450642,-5.615843835408677,-1.615843835408677,-1.615843835408677,-1.1421587690261947,0.06595534411695715,0.8907428512404292,26.978264980646745,131.82429483662258,0.9076251340220618,49673.68457865715,1511282172
947,10948,9.905758211301837,8.806196871758772,7.610388515839245,7.158888505408556,4.901020986712603,-4.983718103102539,-1.3449133006054206,-1.2483760158386854,0.9010209867126031,4.766993409389317e-07,0.8388184711461338,124.92715860045195,624.4053891113821,5.013028771860927,49673.68457865715,1511282172
948,10949,9.401315897143093,5.88374618638129,5.88374618638129,1.8837461863812908,1.5870979585940594,-4.188749556719969,-0.1887495567199695,-0.1887495567199695,0.03923493418350876,0.060285086994494155,0.8736336871529097,27.23854320562655,116.63357255699819,0.8800957873430297,49673.68457865715,1511282172
949,10950,11.242691504698463,7.99177503049275,7.99177503049275,3.99177503049275,1.979091052652824,-9.79529449640025,-5.795294496400252,-4.638914692810055,-1.607162240483521,0.023902733019911106,0.8813978903003452,35.98028635048947,179.71511903303724,1.3241789788400717,49673.68457865715,1511282172
950,10951,9.06061276735174,6.199029441416628,6.199029441416628,2.1990294414166285,1.5465632171225343,-8.057443762380567,-4.057443762380566,-0.0574437623805657,0.5249828830430232,0.0610821763378724,0.886053391863596,27.45293823182367,123.37830065834115,0.8492971172830037,49673.68457865715,1511282172
951,10952,8.65009407233934,7.969366898462568,7.969366898462568,3.9693668984625683,1.4456891649494368,-8.117477177027638,-4.117477177027638,-4.117477177027638,-1.8273594897656429,0.07413203102860474,0.8993704833911874,26.71200687337282,133.4584714002839,0.9556050310910363,49673.68457865715,1511282172
952,10953,7.1777576514303,5.613947695848732,5.613947695848732,1.6139476958487322,1.6139476958487322,-10.263579983199994,-6.263579983199995,-2.263579983199995,0.6918679873456508,0.07208273813462704,0.8945038208873901,27.979333801353214,121.84001059142194,0.8702298731120484,49673.68457865715,1511282172
953,10954,5.112741573897466,4.94025343705899,3.2191584093049443,1.884617754506709,1.5449376452334083,-8.884972405040012,-4.884972405040013,-2.598844046516156,0.5429185131973071,0.06609641285624525,0.886294204557823,26.911995806016545,120.6563849040327,0.8516204061547649,49673.68457865715,1511282172
954,10955,7.1387623928094746,5.897631460585413,5.897631460585413,1.8976314605854125,1.544263335672763,-6.295137592573942,-2.2951375925739432,-2.2951375925739432,0.5297559379961683,0.06587829474787313,0.8871605204513486,26.99945809455634,121.60619925457819,0.8531620750130219,49673.68457865715,1511282172
955,10956,10.803312660472292,9.899012203631928,5.899012203631927,1.8990122036319272,1.5443718510775775,-4.955237150592423,-0.9552371505924226,-0.9552371505924226,0.5241059954698566,0.06568489331806886,0.8869659471110569,27.04611471706541,119.48617647037511,0.8392440724706982,49673.68457865715,1511282172
956,10957,3.072946362338119,2.3965950794024877,2.3965950794024877,1.8952978370265308,1.5445524535404231,-8.19812959089341,-4.1981295908934095,-3.1561597072034777,0.5323917395453073,0.06980061349538383,0.8885160086811353,26.96370510045277,117.48569873389877,0.8429214270550554,49673.68457865715,1511282172
957,10958,8.823843576921034,8.674531608684273,8.674531608684273,4.674531608684273,1.5452510591925905,-9.864294337273645,-5.864294337273646,-4.591937192329875,-1.2605511851404423,0.0611427641258003,0.8818266764732705,26.821207460177256,134.02424234291783,0.9394948279632026,49673.68457865715,1511282172
958,10959,8.40784836414343,4.792690231374351,2.402749228712974,1.890459534043747,1.5445535217648276,-8.535694386975154,-4.535694386975153,-2.499472481805693,0.5385601598212384,0.0669441536145427,0.8871386328155328,26.932825440027933,119.14256022431746,0.842659394610431,49673.68457865715,1511282172
959,10960,10.476043726985399,8.620568442689047,7.361419123683854,5.451792999660102,1.4517929996601013,-5.944794373162276,-1.9447943731622768,0.10898278257015348,0.39354396744268283,0.07131128165839448,0.8884539985438857,26.214058401837026,130.40684806668492,0.9365375553852664,49673.68457865715,1511282172
960,10961,6.309457012837149,5.909153155113984,5.909153155113984,1.9091531551139838,1.546851373363601,-8.610787334657626,-4.610787334657627,-0.6107873346576269,0.5229706862257322,0.06533254495380598,0.8862180698046757,26.973453680554044,119.7697716971503,0.8424906017053353,49673.68457865715,1511282172
961,10962,8.663502641419372,7.6948858731883165,3.6948858731883165,1.9083741225434137,1.5470216070296765,-10.630767073672384,-6.630767073672385,-2.630767073672385,0.5161739767083118,0.06537769067217498,0.8867646457127227,27.023904659636703,121.86324251738826,0.8540088024539697,49673.68457865715,1511282172
962,10963,5.726802482434758,3.9625502851980485,3.9625502851980485,1.9056124639726781,1.5365278313516184,-6.111857601331405,-2.111857601331404,-2.111857601331404,0.5373111105871057,0.0664690082324173,0.887371184400982,26.917707971206035,121.10852785406561,0.8520520040564286,49673.68457865715,1511282172
963,10964,4.329591049097245,3.062462958032909,1.7718451499178887,1.6232410242769981,1.6232410242769981,-7.269529878881086,-3.2695298788810856,-1.440908930916139,0.7295258280206008,0.08146839628847474,0.9010233958718818,28.345907207891656,117.3208135344438,0.9138951220263638,49673.68457865715,1511282172
964,10965,7.494377670793943,5.938593875317646,5.938593875317646,1.9385938753176466,1.5774322760301216,-9.440969782135175,-5.440969782135174,-1.4409697821351741,0.4557236915906506,0.06174134760781734,0.8847686896621701,27.36907340651337,124.12140101614492,0.8622151626933806,49673.68457865715,1511282172
965,10966,8.713299388508544,4.895571307932809,4.895571307932809,2.3720900450832323,1.7991683144337263,-10.16135728429263,-6.161357284292631,-5.38593019609359,-1.7033105882900748,0.03698786985654807,0.8917374134326755,33.006089282192946,163.65296208229182,1.0982763330133636,49673.68457865715,1511282172
966,10967,8.88284984301459,5.934920459570805,5.934920459570805,1.934920459570805,1.518696126056058,-7.462441469923538,-3.4624414699235393,-3.4624414699235393,0.5375585300764608,0.0677516982905861,0.8881482678023844,26.73671294589916,120.72132562116501,0.8533740047783097,49673.68457865715,1511282172
967,10968,10.910909047881079,9.585567163925377,5.585567163925377,1.5855671639253777,1.5855671639253777,-9.960816474235235,-5.960816474235235,-3.6560109473222457,0.3439890526777549,0.07681839001944854,0.8907680812186747,26.765291741812348,119.51318243946344,0.8993142593857438,49673.68457865715,1511282172
968,10969,3.3301780511794137,1.9290732636987467,1.9290732636987467,1.9290732636987467,1.575484424465878,-8.734638920716687,-4.734638920716688,-0.7346389207166879,0.4476315074200483,0.08086246251509166,0.8941387658440114,27.338261519895266,113.45471511535251,0.8881271345068892,49673.68457865715,1511282172
969,10970,5.88934674490255,5.247034327215845,5.247034327215845,1.9259824905698513,1.514067340944446,-5.499805187730787,-1.4998051877307865,-1.4998051877307865,0.5375658043961975,0.06841889222373804,0.8888031427424877,26.715931018805797,120.03623990878495,0.8503230362698537,49673.68457865715,1511282172
970,10971,7.708993112315198,4.753049936703127,4.753049936703127,1.8273940582943282,1.5281682999948465,-6.924442791589155,-2.924442791589155,-2.924442791589155,0.40029650968397124,0.06973708111921378,0.8913686236106475,26.92922760448335,121.8295798383064,0.8618686254675128,49673.68457865715,1511282172
971,10972,3.9443439809077345,1.9870133265993266,1.9870133265993266,1.9870133265993266,1.5104204458961876,-8.151247107778618,-4.151247107778618,-0.1512471077786175,0.5277906830445973,0.08257849134227166,0.8923461756480958,26.460374113635915,106.71105187004916,0.8648957707829374,49673.68457865715,1511282172
972,10973,10.119168788894209,8.281055113581466,6.840756954094488,3.4272392611809117,3.4272392611809117,-3.6791454284265885,-0.8756235563285584,1.8291880583219224,2.4117942570800857,0.0004670591399304978,0.9530902781776668,95.04065315868883,397.89956571043496,3.39395044121547,49673.68457865715,1511282172
973,10974,6.793914273827408,5.701279649623954,5.701279649623954,1.7012796496239544,1.7012796496239544,-9.81912102888307,-5.819121028883068,-2.038161601842284,1.3259399450073126,0.054694400583879144,0.8981602455651078,33.26183817326641,137.98478263693832,0.8990563375026626,49673.68457865715,1511282172
974,10975,6.9105078456127105,6.400424313836513,6.400424313836513,2.400424313836513,1.8577695976898247,-4.7617202158468235,-0.7617202158468237,-0.7617202158468237,0.004219842883717018,0.03253755536213585,0.8887295450444188,33.99328084609925,156.56417320179773,1.0822524520345478,49673.68457865715,1511282172
975,10976,7.554428641070788,3.7873250638144444,3.7873250638144444,1.6752079067564158,1.6752079067564158,-7.937190034920047,-3.9371900349200466,0.06280996507995318,0.9572823715663186,0.06242711391248573,0.897970070523709,30.34277777331845,126.08395614556406,0.8423752155943498,49673.68457865715,1511282172
976,10977,4.643710291624352,2.5078895685321947,2.5078895685321947,1.6816208930958891,1.6816208930958891,-5.386718384707187,-1.3867183847071873,-0.043473703631287997,0.962802889172184,0.06377975409230578,0.8996788330223288,30.50659239982526,121.44035681797905,0.8170962332736291,49673.68457865715,1511282172
977,10978,3.1188807606887883,1.8916708843091008,1.8916708843091008,1.8916708843091008,1.5703260842925444,-11.32772228957205,-7.3277222895720495,-3.3277222895720486,0.6033244280100042,0.08378448177462866,0.8966814261926987,27.49997502599422,114.68532986862022,0.9216311185495611,49673.68457865715,1511282172
978,10979,3.4381496656726522,2.0445835817154063,1.798727576521605,1.7189384845820428,1.7189384845820428,-8.079935961244189,-4.07993596124419,-0.07993596124418967,1.019773315256883,0.07524382544400886,0.9068742504318233,31.35499390307878,117.83027562885512,0.8699069291917549,49673.68457865715,1511282172
979,10980,8.333192939687603,7.529937643588943,4.304467851744832,1.6448681925006643,1.6448681925006643,-6.673201744879461,-2.673201744879461,0.4406957291558753,0.9468932580230672,0.06471156438884097,0.8954083664551804,30.153610223011732,123.38993147759243,0.8370700272677417,49673.68457865715,1511282172
980,10981,4.2417071347043525,1.8238005985887058,1.8238005985887058,1.6561913324430841,1.6561913324430841,-7.322535362986811,-3.3225353629868106,-2.0596888061788157,1.0694919711567397,0.08632685573998856,0.9133685463034988,31.24977224497262,124.12290952466363,1.036183369586274,49673.68457865715,1511282172
981,10982,6.138409608973007,5.749481768492798,5.749481768492798,1.749481768492798,1.749481768492798,-6.250518231507202,-2.2505182315072023,-2.2505182315072023,1.749481768492798,0.040103883547379406,0.8854949205899624,39.225569215308965,156.89285516343935,1.0653272615468596,49673.68457865715,1511282172
982,10983,7.645300142705142,6.090795713900857,5.162255215171629,1.7195554136879367,1.7195554136879367,-6.569996689525084,-2.569996689525084,-2.4187178521768864,0.7730671692202363,0.05853491132220302,0.8953457579478955,30.28610677993685,132.14384098021213,0.8718142056873903,49673.68457865715,1511282172
983,10984,7.285795288992592,5.638227425851185,5.638227425851185,1.6382274258511849,1.6382274258511849,-4.756945869244928,-0.7569458692449278,-0.7569458692449278,0.6425382719704095,0.06873343661748794,0.8947948299642831,28.55954916786909,121.7610962007575,0.8481648103912779,49673.68457865715,1511282172
984,10985,7.925779855554761,5.91091795107846,5.91091795107846,1.91091795107846,1.599043884236078,-8.06073142382101,-4.06073142382101,-0.060731423821010155,0.5430845975313408,0.05980010571902045,0.883796452956557,27.771690057409195,121.69497529828153,0.8447394495762327,49673.68457865715,1511282172
985,10986,8.6457451237599,5.295337410702687,5.10225610397341,1.6345848279167774,1.6345848279167774,-1.5776640055959177,-0.7176318283999608,0.32971177843469435,0.6359411957740679,0.06766242934180612,0.8879210229231103,28.44470043967356,117.5308482037735,0.8330276373828462,49673.68457865715,1511282172
986,10987,8.9441745918062,5.497378277769216,5.020093476877777,1.713512153325061,1.713512153325061,-6.752906242188043,-2.7529062421880433,-0.3492668689746832,0.7782359612422984,0.059183801606568665,0.8957022878008952,30.2315376974286,129.38552135634353,0.8552007238482622,49673.68457865715,1511282172
987,10988,3.4765873011732484,1.6431300284131243,1.6431300284131243,1.6281181968156695,1.6281181968156695,-5.7135702511785,-1.7135702511784998,-0.6322866887015774,0.6083095924655462,0.10702740926519742,0.9102766261761474,28.307536733482948,109.2644435548817,1.2264146591185474,49673.68457865715,1511282172
988,10989,8.075058994173773,7.0194312248293045,7.0194312248293045,3.0194312248293045,1.6453543450659593,-7.763775611753379,-3.7637756117533803,0.23622438824662018,0.5835588811519254,0.04861629117559785,0.8822610971832048,29.406129308414695,125.79286908563893,0.8648470068904731,49673.68457865715,1511282172
989,10990,7.3882200310958055,7.1007350245630665,4.447945331503805,2.235295160675303,1.5615156255683653,-5.824002270151091,-1.8240022701510907,-0.05329199027220799,0.5596711725443844,0.05913477108398581,0.8819010048806719,27.34839044890474,123.01418819160067,0.8613780781447288,49673.68457865715,1511282172
990,10991,7.3748102530714625,6.186486718275954,6.186486718275954,2.186486718275954,1.5742411906788452,-5.666690414057276,-1.6666904140572754,-1.6666904140572754,0.5551783797104228,0.058493487884134,0.883855546235834,27.597509924339377,126.28140217432012,0.8705133536363332,49673.68457865715,1511282172
991,10992,6.683132670267653,4.324730525945178,4.029155962895288,1.7996552796231196,1.7996552796231196,-4.9411062952670415,-0.9411062952670417,0.7615979632529752,1.142160150760917,0.04559186243094663,0.8832671010007871,33.22005171630465,133.42965391041244,0.9117430355585118,49673.68457865715,1511282172
992,10993,4.409443609767645,2.5283517084726057,2.5283517084726057,2.1972654450443585,1.513042966174998,-8.508779515758524,-4.508779515758525,-1.9669012823423222,0.5114420359241771,0.06794054463721716,0.8847656765198737,26.401580072000566,117.65856510528296,0.8486675428544936,49673.68457865715,1511282172
993,10994,9.56625481710674,6.172061329102369,6.172061329102369,2.172061329102369,1.5704673705092083,-7.926895833554623,-3.9268958335546227,0.07310416644537754,0.5461481271680404,0.058307516055530494,0.8812890031558562,27.513906147995904,122.62241956280934,0.8600849759349586,49673.68457865715,1511282172
994,10995,5.627656199265106,5.538952925428518,5.538952925428518,2.494968441227419,1.4775552129225196,-9.703933964732359,-5.70393396473236,-3.0648600511474475,0.48353561248853727,0.0692586558914286,0.8857038612778743,26.014651525672548,121.88737309672614,0.8793883896668427,49673.68457865715,1511282172
995,10996,6.136572050288956,5.509860882500637,5.509860882500637,2.1391406541099487,1.601488195412171,-4.622775556562409,-0.6227755565624091,-0.14448008490778586,0.5524666003944645,0.05543786504997248,0.881047797750856,28.04688465367764,124.19873897259836,0.8656309528569234,49673.68457865715,1511282172
996,10997,10.851624539674013,7.125963897377524,7.125963897377524,3.125963897377524,1.5511489954689759,-8.917884714787185,-4.917884714787185,-3.368199521241296,0.4201098146711417,0.06017810279146832,0.8825049085007963,27.068043253206998,130.57043572913722,0.9101896796635602,49673.68457865715,1511282172
997,10998,4.078991423595938,3.53991656531963,3.53991656531963,2.102307162528867,1.5017110352603995,-10.794917541737359,-6.794917541737359,-2.794917541737359,0.49492902903552616,0.06760318459022487,0.8835571387536898,26.149784908024653,119.34282343508252,0.863646594239872,49673.68457865715,1511282172
998,10999,9.363074113459648,7.0453994319098445,7.0453994319098445,3.045399431909844,1.5147434479100992,-10.565448337184453,-6.565448337184453,-2.5654483371844528,-0.2566007911306809,0.06491693360754137,0.884359195541139,26.476210157920743,129.76042027299997,0.9137950715462696,49673.68457865715,1511282172
999,11000,12.094574926604148,10.08767501124536,6.087675011245358,2.0876750112453584,1.5140260204868359,-9.52192371704057,-5.52192371704057,-1.52192371704057,0.5096637097410204,0.06621198476778475,0.8850416064501573,26.49889331649115,120.98935393191317,0.859890717841957,49673.68457865715,1511282172
1000,11001,9.204808688923048,5.818411105481196,5.818411105481196,1.8184111054811969,1.4379419426911497,-10.824577850492718,-6.824577850492719,-2.8245778504927186,-1.915204019764024,0.0806423491790663,0.8809491194904961,24.24286177329958,119.63880403873416,0.9768084651473947,49673.68457865715,1511282172
1001,11002,8.051066329297619,7.879914924508019,7.879914924508019,3.879914924508019,1.6021337882010684,-7.7771313613939705,-3.7771313613939705,-1.2406873799186042,-0.7493500501699135,0.05456215088330505,0.8917062886345614,28.995500497215744,144.20809387808714,0.9493211240929749,49673.68457865715,1511282172
1002,11003,7.468527137194552,6.994966966340757,6.994966966340757,2.9949669663407574,1.6506365414439241,-10.144470266330286,-6.144470266330286,-2.144470266330286,0.590747625521761,0.04906160079011758,0.8872332900350537,29.611468510410823,141.25937409707387,0.941640890925369,49673.68457865715,1511282172
1003,11004,10.1152407186624,10.070725606748633,6.070725606748635,2.070725606748635,1.5115942485051288,-11.49031121271955,-7.49031121271955,-3.4903112127195497,0.5096887872804499,0.06666614233303828,0.8855537017518478,26.49182572808418,120.93148339855057,0.8594958524020185,49673.68457865715,1511282172
1004,11005,14.796616526141051,11.51127152051199,9.481150100939068,5.729043394752601,2.734377229316368,-9.24213356294596,-6.1261099912673656,-4.279670638019308,-1.265622770683632,0.0031249197927806552,0.8966808125971857,57.52617956673895,287.603100059681,2.20615064814239,49673.68457865715,1511282172
1005,11006,7.8917866946034785,6.128187579552399,6.128187579552399,2.1281875795523986,1.4771889163354717,-8.129332022622986,-4.129332022622986,-4.129332022622986,-1.4675546762013416,0.07102728535602193,0.9054640040005794,27.918551533484283,137.57221540929288,0.9652198928220199,49673.68457865715,1511282172
1006,11007,10.10888810162207,9.853182035965933,8.714695619094655,5.842087293424381,1.8420872934243813,-10.597615400414515,-6.597615400414515,-4.2310690030679226,-1.7330384896386162,0.032731191025479535,0.8926270804074521,34.21174117747468,171.05328251124234,1.1640088154197878,49673.68457865715,1511282172
1007,11008,7.467400733186434,6.0933487222815295,6.0933487222815295,2.0933487222815295,1.5955745584049221,-8.356430099210728,-4.356430099210728,-0.3564300992107283,0.5254455345077547,0.05712472579585189,0.8836908336534571,27.897892463509216,125.26094767804133,0.8614221054602305,49673.68457865715,1511282172
1008,11009,14.000807418536935,10.067395139277936,6.067395139277935,2.067395139277936,1.5114069833870982,-11.490488990246643,-7.490488990246644,-3.490488990246644,0.5095110097533568,0.06672356822492823,0.8859129417421215,26.52166411653831,121.04316855108081,0.8589358698967613,49673.68457865715,1511282172
1009,11010,10.161659241785374,8.216360992759599,8.216360992759599,4.216360992759599,1.4121144173825317,-8.921233019608165,-4.921233019608165,-4.695266281747132,-2.587885582617468,0.07895804592773525,0.8675383766139269,22.991465091725132,114.94153650818092,1.037351498651149,49673.68457865715,1511282172
1010,11011,13.86867118035521,10.843135263532712,9.30120423707463,6.501892494654545,2.5018924946545447,-6.887436246839183,-3.389890501824822,0.3905397164399229,2.5018924946545447,0.0031252870818205747,0.9888801019023867,103.67829381491394,513.6344325102342,4.888490504180902,49673.68457865715,1511282172
1011,11012,9.800607184762114,8.594662143903916,8.594662143903916,5.058431892707006,1.5104087700892437,-8.806963125090318,-4.806963125090318,-2.1881622265040166,-0.8443132935936222,0.06546956854164135,0.8933177807623224,27.320790033148963,136.51412963573887,0.9293692531193419,49673.68457865715,1511282172
1012,11013,9.794168142515565,6.084749119729677,6.084749119729677,2.084749119729678,1.5937981847331442,-11.052486074492613,-7.052486074492613,-3.052486074492613,0.5206573290611896,0.05750792373098693,0.8842346986625376,27.876550187771358,127.27722129294537,0.872677452956753,49673.68457865715,1511282172
1013,11014,11.870138448638052,8.272495787652035,8.272495787652035,4.272495787652034,1.5257822317002223,-4.752046819619651,-0.752046819619651,-0.752046819619651,0.814800575925467,0.06081360098153804,0.8994748147819676,29.13034780239051,138.42583874967053,0.9160665693831852,49673.68457865715,1511282172
1014,11015,9.965288288656476,6.675819730030915,6.675819730030915,2.6758197300309146,1.5173071730598104,-12.108462997844333,-8.108462997844333,-4.108462997844334,-0.5143132350725754,0.06462731256642856,0.8892312998558303,27.019569476038757,132.10260136878534,0.9078359520261432,49673.68457865715,1511282172
1015,11016,10.917769308893533,10.42740028885629,9.585873901112972,5.585873901112972,1.5858739011129723,-7.751232916876017,-3.751232916876016,-3.751232916876016,-0.39731465659803344,0.056383688357865516,0.8844457611806177,27.890364185258687,139.3732282951319,0.9477205004157432,49673.68457865715,1511282172
1016,11017,12.13704822014149,9.704031201405874,9.540236596320346,5.540236596320346,1.540236596320346,-11.428331987230976,-7.428331987230976,-3.428331987230976,-2.1353183179781254,0.061751345949231984,0.9000377870739561,28.67007188303119,143.34659742558014,0.9512081362990169,49673.68457865715,1511282172
1017,11018,10.284648373275443,10.053385940137415,6.053385940137417,2.053385940137417,1.5029149251282756,-8.534121937729592,-4.534121937729591,-0.5341219377295909,0.5039786881962844,0.06783493433658841,0.8861518775658846,26.391424910555234,118.70550339837219,0.8486624543248741,49673.68457865715,1511282172
1018,11019,8.889153233066947,6.077719213037238,6.077719213037238,2.077719213037238,1.600861416087277,-14.366396770338373,-10.366396770338373,-6.366396770338373,-2.3991385839127233,0.05720653040171937,0.8821434384394043,27.68720435948847,137.68260026963756,0.9503343531234207,49673.68457865715,1511282172
1019,11020,5.841267618702833,5.582159285030658,5.582159285030658,1.5821592850306574,1.5821592850306574,-7.619121371561011,-3.619121371561011,-3.619121371561011,-0.5773573194081478,0.07744123411709672,0.9071939021479516,28.544524660804953,134.71761364880038,0.9979979414668121,49673.68457865715,1511282172
1020,11021,9.403965358171165,5.926819580642379,5.926819580642379,1.9268195806423787,1.5586509359561485,-6.152159949322423,-2.1521599493224217,-2.1521599493224217,-0.16957773973729506,0.0641938900241355,0.8790665303871763,26.36996496524031,123.90440781479157,0.902400741454616,49673.68457865715,1511282172
1021,11022,9.611628187028568,8.871126639519574,8.871126639519574,4.8711266395195745,1.5432822362583571,-7.689527160571418,-3.6895271605714193,0.3104728394285805,0.6432726294291361,0.058535737368609904,0.8913912331172122,28.75365688478884,140.86941606170183,0.9365060566125468,49673.68457865715,1511282172
1022,11023,4.344952829191893,2.36092514128152,2.36092514128152,1.568564773744488,1.568564773744488,-9.977068828462112,-5.977068828462111,-4.63510128899689,-1.343246704233773,0.08238936647620668,0.8865547594254741,25.82426837269235,124.58575950634223,0.9977949125303328,49673.68457865715,1511282172
1023,11024,9.3380025419293,6.482248950713376,6.482248950713376,2.482248950713376,1.4603346175368135,-3.692664270671556,0.30733572932844466,0.30733572932844466,0.4737401656035676,0.06126846972175298,0.8420393869828783,25.921018619617847,107.01251806111344,1.2316413291357318,49673.68457865715,1511282172
1024,11025,11.419073881638866,9.221232842002744,7.680958314548433,3.680958314548433,1.582780250398138,-7.381310969901576,-3.381310969901577,-2.3514344825740796,0.7646958972035276,0.0553647277707605,0.8954901022931135,29.432957947225383,142.89811386042862,0.9345831291601921,49673.68457865715,1511282172
1025,11026,12.959446465909462,9.449738967737083,9.449738967737083,5.449738967737083,1.4497389677370836,-10.389277736059793,-6.389277736059792,-2.3892777360597917,-1.686339417937228,0.07356566179460514,0.8752730830750347,24.362888453649845,121.80436971286599,0.9700269648912454,49673.68457865715,1511282172
1026,11027,10.193369993728833,7.3110304617659105,7.3110304617659105,3.3110304617659105,1.3887860847448181,-12.696827634514216,-8.696827634514216,-4.696827634514217,-0.6968276345142164,0.08244808309009832,0.8873576325768588,24.365108776644874,120.72362055783258,0.9700985597335057,49673.68457865715,1511282172
1027,11028,6.743251706400959,5.628948565306145,5.628948565306145,1.6289485653061455,1.6289485653061455,-11.023525754787558,-7.023525754787559,-3.023525754787559,-2.0107934450063487,0.07077874389087722,0.8955121028857855,28.135786289082176,138.5589774253953,0.9685221174721862,49673.68457865715,1511282172
1028,11029,13.209905194407067,9.928430291070928,5.928430291070927,1.9284302910709272,1.530584355821346,-9.141632292728815,-5.141632292728816,-1.1416322927288152,0.5115796851907606,0.06667675815322466,0.8908191172470634,27.19117498327237,122.57960480338517,0.8510649058885152,49673.68457865715,1511282172
1029,11030,7.651034559099155,7.4590991901954204,7.4590991901954204,3.459099190195421,1.5452469400107136,-12.321438274256565,-8.321438274256565,-4.321438274256566,-1.3003493559458603,0.06114262640720392,0.8948042940293248,28.18353742180828,140.4262723761741,0.9342762166328958,49673.68457865715,1511282172
1030,11031,11.369366031869365,7.882075799643325,7.882075799643325,3.8820757996433253,1.5424316086261947,-10.962207111038008,-6.962207111038009,-2.9622071110380093,-2.142307855187364,0.06148411787949289,0.8854472175218054,27.1345053906549,135.59758831289358,0.9326275210947651,49673.68457865715,1511282172
1031,11032,6.660600173975571,5.870685433142081,5.870685433142081,1.8706854331420812,1.5159737288765889,-8.045627638653404,-4.045627638653402,-0.045627638653402025,0.2891510030095219,0.06931452533449634,0.8827214414594337,26.10464888804897,114.949059772996,0.8492263123783256,49673.68457865715,1511282172
1032,11033,10.426258616111467,8.951029267969979,8.951029267969979,4.95102926796998,1.656449092150334,-11.71475183635965,-7.71475183635965,-3.7147518363596497,-1.9371921576949613,0.048815449406309094,0.8957715680292848,30.577475311805397,152.86936195674718,0.9946694993704154,49673.68457865715,1511282172
1033,11034,11.311489554728738,8.330008291898483,8.330008291898483,4.330008291898484,1.4658406527798304,-9.162030916958473,-5.162030916958473,-1.162030916958473,-0.8479774612891784,0.07134281516338638,0.9014015665916416,27.336535515068622,136.2840250141789,0.9546245759800507,49673.68457865715,1511282172
1034,11035,8.272211015145286,5.875484702510468,5.875484702510468,1.8754847025104677,1.5163734850119444,-11.190311173152176,-7.190311173152177,-3.1903111731521765,0.303380495224695,0.0697971861684415,0.8852649275890394,26.17007779410888,119.54733906477182,0.8694145485048397,49673.68457865715,1511282172
1035,11036,10.161137657758696,8.942872346653683,8.942872346653683,4.942872346653682,1.4558191657235746,-12.267792403295928,-8.267792403295928,-4.267792403295929,-1.83390902804195,0.07272130425695389,0.8911040714962234,26.01752192849473,130.06881980547575,0.9355646808404798,49673.68457865715,1511282172
1036,11037,8.645261092974113,6.198193568214994,6.198193568214994,2.198193568214994,1.5939311293134908,-13.482628727008677,-9.482628727008677,-5.482628727008677,-1.4826287270086775,0.05674522803896365,0.8851419930115807,27.983815902439282,138.07595981245777,0.9367725716995481,49673.68457865715,1511282172
1037,11038,6.025562970550648,5.918323687097314,5.918323687097314,1.9183236870973142,1.5228984496354243,-11.435513153452547,-7.435513153452546,-3.435513153452547,0.5644868465474527,0.06753449845350407,0.8908211151046785,27.087543524956295,121.93467562290087,0.8513988678925382,49673.68457865715,1511282172
1038,11039,9.692140393682568,5.908299514075993,5.908299514075993,1.9082995140759929,1.514448295420306,-8.117037106293516,-4.117037106293517,-0.11703710629351671,0.4849716202341765,0.06849626125050978,0.889314969366401,26.835946026186576,118.13153582323187,0.8366806368457917,49673.68457865715,1511282172
1039,11040,9.84907777089404,5.973660837690694,5.973660837690694,1.9736608376906943,1.585348319202449,-10.190768073014759,-6.190768073014758,-2.190768073014758,0.4299714367142613,0.06025992221035488,0.8850392946858199,27.594618296652225,125.80712446104903,0.866867180230904,49673.68457865715,1511282172
1040,11041,12.97124599532734,9.926157634013043,5.926157634013044,1.9261576340130437,1.5285269464364297,-8.587953871083638,-4.587953871083638,-0.5879538710836381,0.5051144863533481,0.06692958762049059,0.8909195094561672,27.16737544087453,120.84518517168438,0.8408404996896006,49673.68457865715,1511282172
1041,11042,5.571176391106032,5.234809943577868,5.234809943577868,2.3931427268145824,1.451771241918746,-12.182254591370269,-8.182254591370269,-4.201790086534097,-2.199656739077108,0.07347711548110639,0.8838626991677102,25.192649613750735,125.41447262389698,0.9386967789360394,49673.68457865715,1511282172
1042,11043,12.943165606612089,9.92655581253955,5.926555812539552,1.926555812539552,1.5287896445102052,-8.54638942220843,-4.54638942220843,-0.5463894222084298,0.5036411731357533,0.06688775729683658,0.8908804754414144,27.170468555616836,120.80929394248614,0.8404991180097605,49673.68457865715,1511282172
1043,11044,12.739602659121916,9.92684826760735,5.926848267607349,1.9268482676073497,1.5289198273696132,-8.494524120736074,-4.494524120736074,-0.49452412073607355,0.5025894584462198,0.06685555721331554,0.8908037596832585,27.169210549681893,120.72735595999518,0.8400166757156138,49673.68457865715,1511282172
1044,11045,7.457948042964371,5.8781588921009815,5.8781588921009815,1.8781588921009815,1.5053794901822128,-8.46876936061821,-4.468769360618211,-0.4687693606182106,0.3501217408698698,0.07080109248656585,0.8872713411772117,26.228247847332383,116.79515249302949,0.8493489722568763,49673.68457865715,1511282172
1045,11046,13.889263762397345,10.180861578844166,8.271899122229756,4.2718991222297555,1.4798864904021374,-9.361382223216449,-5.36138222321645,-4.76366756549983,-2.520113509597863,0.06945169804729229,0.9041182177624674,27.93448043681564,139.50592921877217,0.965945110183956,49673.68457865715,1511282172
1046,11047,9.579444113380749,7.115116971000068,7.115116971000068,5.458911061049961,1.458911061049961,-8.967969656141547,-4.967969656141546,-1.6404102115926535,0.06960917053208449,0.07224554497207886,0.8826472669328721,25.238298246380765,126.01105469024841,0.9401613131360268,49673.68457865715,1511282172
1047,11048,11.629188735384373,9.927628742837893,5.927628742837893,1.9276287428378929,1.5294709075056085,-9.436123557376224,-5.436123557376224,-1.4361235573762234,0.5066140549944147,0.06682766400291884,0.8910148805274432,27.187060768525008,122.78659615026612,0.8526388936623203,49673.68457865715,1511282172
1048,11049,12.55040245397287,9.972814176099487,5.972814176099486,1.9728141760994853,1.5031552747805603,-11.456578034973926,-7.456578034973926,-3.4565780349739263,-0.8665071489605893,0.06951661969764687,0.8804433631914497,25.58488462545685,123.9358890621672,0.9216707361457833,49673.68457865715,1511282172
1049,11050,12.942713311353486,9.931620759006048,5.931620759006048,1.931620759006048,1.531745196119424,-7.625881884745496,-3.625881884745495,0.3741181152545052,0.5248630614461045,0.06378749828265819,0.8815227525318772,27.247917598114146,116.77586465047492,0.8394815501239711,49673.68457865715,1511282172
1050,11051,9.788707826569583,5.9199836328456374,5.9199836328456374,1.9199836328456374,1.524225909471314,-10.428991934620894,-6.4289919346208935,-2.4289919346208935,0.5873761674547892,0.06726444362677614,0.8907881599702883,27.1350565326997,121.95913918297411,0.8502023569779645,49673.68457865715,1511282172
1051,11052,9.377705691348794,7.25796451794545,7.25796451794545,4.04123523818791,1.4172899659193277,-8.565562763684436,-4.565562763684436,-0.5655627636844356,0.7847546348461902,0.07431939080341089,0.9056881018513137,27.78776045158191,135.94668462877783,0.9780722937056091,49673.68457865715,1511282172
1052,11053,10.09212249339368,9.91323459690303,5.913234596903028,1.9132345969030282,1.5233770790452923,-10.722291531858469,-6.7222915318584695,-2.7222915318584695,0.4483660921747765,0.06793571702019846,0.8904409210118842,26.955098871102862,122.26727448965954,0.8568484243263063,49673.68457865715,1511282172
1053,11054,10.510802663055886,9.9786422496268,5.978642249626799,1.978642249626799,1.572245568483796,-11.491424322702626,-7.491424322702626,-3.491424322702626,0.5085756772973749,0.061350527583443865,0.8879273751714851,27.70794243610401,125.72850665266546,0.8579551161982819,49673.68457865715,1511282172
1054,11055,8.554345376049252,7.961015643282949,7.961015643282949,3.9610156432829493,1.68894428433573,-10.914179853754108,-6.914179853754107,-3.0814785453258002,-2.3110557156642697,0.045614847139046316,0.8900523989132078,30.61385422751681,153.0129668374918,1.01084669354011,49673.68457865715,1511282172
1055,11056,5.942425158708863,5.785189956996409,5.785189956996409,1.7851899569964094,1.7851899569964094,-8.167414486981224,-4.167414486981226,-0.16741448698122552,0.931708914296685,0.050748580208485855,0.8981120691887642,32.268807433491794,137.21909247335577,0.890806153352512,49673.68457865715,1511282172
1056,11057,9.725960915580043,5.751101040533641,5.751101040533641,1.751101040533641,1.751101040533641,-10.620458873772566,-6.6204588737725665,-2.6204588737725674,1.3795411262274326,0.049231052875092364,0.8961147420978913,34.22610871103665,141.9471086144266,0.923260081853257,49673.68457865715,1511282172
1057,11058,7.508780530260281,5.366516780798252,5.366516780798252,2.659956621439245,1.4282101788461932,-11.279031014648833,-7.279031014648833,-3.279031014648833,-0.8069897601156344,0.07663644491153442,0.9060426727366513,27.125244465102192,133.36943984522938,0.980194314538158,49673.68457865715,1511282172
1058,11059,7.92866429054249,5.8741527502108255,5.8741527502108255,1.8741527502108262,1.50693451680419,-10.064290378748405,-6.064290378748405,-2.064290378748404,0.3151987028612051,0.07086062824555317,0.8859276282114827,26.073401349020216,118.97145161451427,0.8694008082532545,49673.68457865715,1511282172
1059,11060,10.100604693689528,8.288426060085019,8.288426060085019,4.288426060085018,1.5796849843961074,-9.55907392827429,-5.55907392827429,-1.5590739282742903,-1.1266479618543468,0.05708938368569867,0.8998245188608388,29.455987288102733,147.0127571651801,0.9614561809072038,49673.68457865715,1511282172
1060,11061,7.204138928366997,4.994273493204052,4.994273493204052,2.8925429052790452,1.5350433999732795,-11.143047605345593,-7.143047605345593,-3.1430476053455934,-1.6688014451582396,0.062390006404830674,0.8842348547358605,26.8633007357744,133.70339811151618,0.9293392856885192,49673.68457865715,1511282172
1061,11062,7.59025923483845,7.2764477996255135,7.2764477996255135,3.2764477996255135,1.40822946651865,-11.305993398285226,-7.305993398285226,-3.305993398285227,-1.6334040341695284,0.0795303746477918,0.8803965277535525,24.06436305811954,119.9794727276926,0.9719968882112082,49673.68457865715,1511282172
1062,11063,8.009345514832713,5.5943156892632615,5.5943156892632615,2.0289985204143357,1.6327558983356882,-10.989633899707403,-6.989633899707403,-2.9896338997074023,-0.25027609960016184,0.05480572143132323,0.8860614902038118,28.619655884105605,135.81072454329762,0.9145424534310285,49673.68457865715,1511282172
1063,11064,9.344316787911723,6.197461950365589,6.197461950365589,2.197461950365588,1.471512682478325,-10.910226738324097,-6.910226738324097,-2.9102267383240976,-0.4157512933057892,0.07136379426186121,0.8813647127608141,25.273062719370184,121.52286358582512,0.9122330022012534,49673.68457865715,1511282172
1064,11065,10.026022682366225,8.945092800585003,8.294245316954433,5.467898815635945,1.4678988156359456,-11.28170389718293,-7.281703897182932,-3.281703897182931,-0.8137651501611141,0.07106584283879315,0.8757954723452723,24.752164188297407,123.7183549626782,0.9613046204141749,49673.68457865715,1511282172
1065,11066,13.51200298755759,12.32144967885064,8.544964363941185,6.912863779669635,2.9128637796696353,-7.546168517820455,-5.306093060199098,-2.6700879153108286,-1.0871362203303647,0.0017906539513383394,0.9864920650293938,94.5608666711233,472.7979601958447,4.578580287052368,49673.68457865715,1511282172
1066,11067,9.54517391804711,7.079261203435443,7.079261203435443,5.650625589558787,1.6506255895587871,-11.161301514047626,-7.161301514047626,-3.1613015140476257,0.000714951189286106,0.049402094087168766,0.9153618924041143,32.94796790282198,164.58209561950417,1.104112582589743,49673.68457865715,1511282172
1067,11068,8.010601539990736,5.027925025733859,5.027925025733859,2.0054459884763047,1.5940255635141132,-9.405898791870214,-5.405898791870215,-1.405898791870215,0.4855196757408049,0.058725157072912204,0.8852797083240453,27.856825793774146,126.64529037415832,0.8667130358512267,49673.68457865715,1511282172
1068,11069,6.639927662526623,5.920876316882066,5.920876316882066,1.9208763168820662,1.5189285517161062,-6.051017944852484,-2.051017944852484,-2.051017944852484,0.5798727334995413,0.06784384260258766,0.8908345453488772,27.042326716205253,121.51725889780664,0.8503400386614931,49673.68457865715,1511282172
1069,11070,10.543602188833855,7.187380895637805,7.187380895637805,3.187380895637804,1.679307408370233,-7.803150568726734,-3.8031505687267337,-3.8031505687267337,-0.4838187229110502,0.04654628683790623,0.901160451373882,31.704220601380698,156.41035665243453,1.0167145773672612,49673.68457865715,1511282172
1070,11071,7.054925158754444,5.921682682120868,5.921682682120868,1.921682682120868,1.519322299880406,-6.471196237705545,-2.471196237705545,-2.471196237705545,0.5761879599107097,0.06780112456022283,0.8909151369541157,27.05460720585131,121.68954682467049,0.8509962615679701,49673.68457865715,1511282172
1071,11072,6.316050154508048,5.922048085637086,5.922048085637086,1.9220480856370863,1.5190564814029248,-7.32776374845007,-3.327763748450069,-3.327763748450069,0.5700550828908526,0.06784762560397167,0.8909894004212314,27.051758790900216,121.75674377071243,0.8514805660711615,49673.68457865715,1511282172
1072,11073,13.181963417285402,9.915664095747397,5.915664095747399,1.9156640957473985,1.5174993048703829,-8.244979512241352,-4.244979512241351,-0.24497951224135162,0.45394879310295533,0.06827313124811603,0.8903513342867354,26.92717493574297,119.19738509628834,0.8390819324847376,49673.68457865715,1511282172
1073,11074,10.853298645731428,9.917703944776344,5.917703944776343,1.9177039447763429,1.518248149121731,-8.229900571674575,-4.229900571674576,-0.2299005716745759,0.4565839861385592,0.06812521009941476,0.8903612296663362,26.952198962260507,119.26719106207423,0.8386754061098113,49673.68457865715,1511282172
1074,11075,4.9199505049903856,2.9944644821284627,2.9944644821284627,2.0071534101209014,2.0071534101209014,-6.113949426356379,-2.1139494263563794,-2.0266989202945966,0.6593145975015193,0.032279492408287536,0.8902470889092706,35.85863576235306,159.28865748283084,1.096408404966316,49673.68457865715,1511282172
1075,11076,8.950524468258626,7.355679789539153,7.355679789539153,3.3556797895391526,1.5532858519848813,-7.300838316994431,-3.3008383169944313,-3.3008383169944313,0.3931589825734729,0.05996458015726564,0.9028118812524719,29.320688411653983,142.5369569392821,0.9411932216902582,49673.68457865715,1511282172
1076,11077,7.947747534880936,5.316264719435539,5.316264719435539,3.0013904240196867,1.4046466950520562,-11.406956954025526,-7.406956954025526,-3.89489137563175,-0.13594671825184368,0.08004713140920679,0.8822148515023736,24.16865061564276,118.0173110058669,0.9535339422161608,49673.68457865715,1511282172
1077,11078,8.88481906592054,7.276806582828085,7.276806582828085,3.276806582828085,1.4284107157327786,-11.99732845448865,-7.997328454488652,-3.9973284544886507,-2.5715892842672217,0.07658513604578174,0.8796480542193122,24.373264296472932,121.78074190748518,0.9628152410780968,49673.68457865715,1511282172
1078,11079,9.611941535972372,6.483807773611714,6.483807773611714,2.483807773611714,1.4679658225186187,-11.408239995271048,-7.408239995271047,-3.408239995271047,-1.4189345282865726,0.07116719391993083,0.8861491180696062,25.735392900640576,127.35877918972113,0.9248439750478953,49673.68457865715,1511282172
1079,11080,9.872009414312865,9.17894498108424,9.17894498108424,5.178944981084238,1.570127372656548,-9.863419769900952,-5.863419769900953,-2.6300865647462297,0.3445050507580636,0.05805477417321786,0.8847266058065584,27.64018727996308,137.7657613175949,0.9396772193869791,49673.68457865715,1511282172
1080,11081,9.905555498553278,8.38022782564377,8.38022782564377,4.38022782564377,1.4385524595690213,-11.604294763044393,-7.6042947630443924,-3.6042947630443924,-1.5369850871812323,0.07513864660458658,0.8790151756767391,24.50062074043236,122.42623773213563,0.9595023122984835,49673.68457865715,1511282172
1081,11082,13.61203148728601,9.970124516096151,5.970124516096151,1.9701245160961511,1.5607260227313786,-9.833836820108596,-5.833836820108595,-1.8338368201085948,0.550217752672659,0.06258206113241731,0.8893679819542788,27.670696741271016,125.08527631072823,0.8532837169486259,49673.68457865715,1511282172
1082,11083,10.59551665148844,8.888797393640116,8.888797393640116,5.883468593011559,1.883468593011559,-8.897827517064638,-4.897827517064638,-1.1671010080521829,0.37462640928356095,0.02980512814455057,0.8867807200692609,34.447911734090084,172.0327841524582,1.2058190046229142,49673.68457865715,1511282172
1083,11084,9.30921122083503,6.3415250467198385,6.3415250467198385,3.6524141491259203,2.0571036617930334,-9.297003752100167,-5.304308330760266,-1.8908098300759137,1.037617579733437,0.019589234637415038,0.8800076287359974,37.81380023388961,181.83644351579096,1.3837850384525423,49673.68457865715,1511282172
1084,11085,10.619062028461473,9.896240143693129,5.89624014369313,1.8962401436931295,1.5050218876809909,-6.654179985319084,-2.654179985319084,-2.654179985319084,0.4307596701307168,0.07037116429346002,0.8904538654434515,26.594331148681633,120.62199636115938,0.8605182827005473,49673.68457865715,1511282172
1085,11086,10.89214357607005,9.98839263197148,5.988392631971481,1.988392631971481,1.574386981017055,-10.350188760097675,-6.350188760097675,-2.3501887600976747,0.5585691263525383,0.06083226880699114,0.8881564585513504,27.82243957276989,125.89687691384451,0.8564306527409924,49673.68457865715,1511282172
1086,11087,10.416361181745721,9.101957500908501,9.101957500908501,5.101957500908502,1.5169170698348544,-9.79089954286566,-5.790899542865658,-1.790899542865658,-1.3410415266008517,0.06464378654177476,0.8942805963893439,27.554679331209115,137.72546827404898,0.9315536172641903,49673.68457865715,1511282172
1087,11088,7.603772331875873,5.804353936890763,5.661027215945621,3.4268238043288166,1.376526441069364,-7.749105790640437,-3.749105790640436,-1.905685285775258,0.3435308568480895,0.08378555699864938,0.8823413289898971,23.754115948817436,115.83551410508662,0.975474335108007,49673.68457865715,1511282172
1088,11089,7.641420958243128,7.2133941194156375,7.2133941194156375,3.213394119415638,1.5157305543523185,-10.332099476000069,-6.332099476000068,-2.332099476000068,-0.7615541965673389,0.06479301947947967,0.888545778416654,26.923321844685574,133.34104046072713,0.9189698333685362,49673.68457865715,1511282172
1089,11090,6.377592806260534,5.841444700787945,5.841444700787945,1.841444700787945,1.5195604610148716,-7.857186649827075,-3.8571866498270753,-2.28874852641803,0.1713446698028369,0.07044541164968522,0.8814772796083463,25.75348867489925,118.34882012879913,0.8850786716615598,49673.68457865715,1511282172
1090,11091,4.229132451756875,3.481032702719701,3.2574126693947036,2.2903633181631946,1.1906853380822124,-12.828114083115963,-8.828114083115963,-6.685898184107653,-2.809314661917788,0.11699464680322352,0.8779896118117818,20.0,99.70510148830422,1.4133529914089795,49673.68457865715,1511282172
1091,11092,8.428013996903868,7.179709597437484,7.179709597437484,3.1797095974374843,1.552107298582443,-11.823852901724328,-7.823852901724329,-3.8238529017243277,-0.1613216473220771,0.06031463326543441,0.8905230964052281,27.853635273159718,136.62276990202474,0.9165464670023624,49673.68457865715,1511282172
1092,11093,7.123134648761426,5.656268756913682,5.656268756913682,1.6562687569136816,1.6562687569136816,-11.188309310885625,-7.188309310885624,-3.188309310885624,-0.07224456187182926,0.06709262061117077,0.8851559586616553,27.58069382136408,127.21410802788262,0.9042678046253532,49673.68457865715,1511282172
1093,11094,9.912727453640171,7.856471319145383,7.856471319145383,3.856471319145383,1.5332879500693377,-9.395628665921086,-5.395628665921087,-1.395628665921086,0.6467892400488882,0.06156844193589484,0.885917378716951,27.265855456089525,133.354307208694,0.9162991623692455,49673.68457865715,1511282172
1094,11095,11.945471353941143,9.144824150699755,7.972836246630578,3.972836246630578,1.526847962524872,-10.418968100736258,-6.418968100736258,-2.418968100736258,-0.6357966197333613,0.06339926113315503,0.8823200010227286,26.510687609797458,131.98659226388673,0.9320862897630378,49673.68457865715,1511282172
1095,11096,3.0323751126678147,1.9633680835110536,1.9633680835110536,1.6292556189678973,1.6292556189678973,-8.855976141087131,-4.855976141087132,-1.868370230194335,1.312999371175809,0.07650908896495391,0.9101818705794409,33.121594613312716,130.51702044666766,0.9709988395462194,49673.68457865715,1511282172
1096,11097,6.1640636118996355,5.7892086725473835,5.7892086725473835,1.7892086725473832,1.7892086725473832,-10.10773868199252,-6.107738681992521,-2.1077386819925206,0.9866078265404633,0.05013572298881454,0.8993164836398262,32.60753442831813,140.58127963359212,0.9120564434326944,49673.68457865715,1511282172
1097,11098,7.187809188669717,6.647457952984906,6.647457952984906,5.358503353428334,1.3585033534283342,-10.726071637933606,-6.726071637933606,-2.7260716379336047,-0.3621970509341028,0.08714838993507006,0.8928456869308202,24.34269346836328,121.60900907707925,1.0095207238465105,49673.68457865715,1511282172
1098,11099,8.550129945953076,6.331251961647097,6.331251961647097,2.3312519616470975,1.5556576609875938,-11.99454492259314,-7.994544922593141,-4.655978556611739,-0.8834095862686862,0.06038402881065591,0.8894186133304556,27.750947003461704,135.753833983435,0.9145459373995449,49673.68457865715,1511282172
1099,11100,9.481411060228112,5.926199195302026,5.926199195302026,1.9261991953020254,1.5314511277440508,-7.524342595639451,-3.5243425956394514,-2.0712034301726803,0.6132140030639492,0.0662566724259116,0.8901668491297355,27.235279124852124,122.22328406869232,0.8485325384325334,49673.68457865715,1511282172
1100,11101,12.810860258800474,9.919478652144207,5.919478652144207,1.9194786521442073,1.513413938707494,-10.542584523213346,-6.542584523213346,-2.542584523213346,0.4697112506648278,0.06884765202708087,0.890722643870637,26.83426367797006,121.59292636552493,0.8568265523598623,49673.68457865715,1511282172
1101,11102,10.931626455553232,10.001492537599399,6.001492537599399,2.0014925375993986,1.5836814959239016,-8.11386752619914,-4.11386752619914,-0.11386752619914042,0.547472938403629,0.059393178176792814,0.8859404672626386,27.880630582236062,123.350911347422,0.8442760281805063,49673.68457865715,1511282172
1102,11103,6.510615243238685,5.941384787582404,5.941384787582404,1.941384787582404,1.5450214740471153,-9.789383842671773,-5.789383842671772,-1.789383842671772,0.6227517870347741,0.06449338831145136,0.8898627810986297,27.47444416732243,123.31626438651115,0.8482008487400825,49673.68457865715,1511282172
1103,11104,14.003573744794146,10.014141431525875,6.014141431525876,2.014141431525876,1.596766700638846,-9.664649225108963,-5.6646492251089615,-3.420128733581131,0.5798712664188683,0.05810242978219336,0.8864769821038299,28.105122755553367,127.22226352571533,0.8636281045976036,49673.68457865715,1511282172
1104,11105,13.668162964862656,9.917393388775652,5.917393388775652,1.9173933887756522,1.5112645388959989,-11.472099230346052,-7.472099230346052,-3.4720992303460507,0.46414516321728505,0.06914344663172832,0.8906758547520676,26.7844339849967,121.40042627083251,0.8574441872883639,49673.68457865715,1511282172
1105,11106,7.734544192846028,5.913075880150445,5.913075880150445,1.9130758801504455,1.4872017629798393,-8.364967931428858,-4.364967931428859,-1.8636184067421258,0.5055827900691117,0.07182606883360157,0.8877920032563894,26.092626037751746,117.84892284076471,0.860918667060026,49673.68457865715,1511282172
1106,11107,4.646802704719947,4.37641732982814,4.37641732982814,1.7860521771254334,1.7860521771254334,-11.110194785032032,-7.110194785032033,-3.110194785032032,0.05660314855951398,0.05159071847410328,0.8911563138184545,30.995191293701012,142.95937280865812,0.9398549891305289,49673.68457865715,1511282172
1107,11108,12.92246316815142,10.067435706896623,6.067435706896622,2.0674357068966223,1.723484484310107,-9.855379413645231,-5.855379413645232,-2.4266566855928193,0.7401833294673476,0.04574693601859091,0.8854661724082336,30.531997124153705,137.17711631029638,0.9252476463722397,49673.68457865715,1511282172
1108,11109,9.94451671453546,8.353962507637481,4.3539625076374815,1.674073935001936,1.674073935001936,-10.93601549478035,-6.9360154947803485,-2.9360154947803476,-2.3259260649980638,0.06477840381660385,0.8912796135740029,28.606475709380227,141.3372615811327,0.9622744929008019,49673.68457865715,1511282172
1109,11110,8.019772900321476,5.14866914113776,5.14866914113776,4.656427494095152,1.6077143620418692,-12.33742103790818,-8.33742103790818,-4.3374210379081815,-0.7381206573828842,0.05394885502489943,0.8781775626445154,27.698736313397056,138.28375358403284,0.9728895181752002,49673.68457865715,1511282172
1110,11111,7.726931903376869,7.335739334057103,7.335739334057103,3.335739334057103,1.6565119794841852,-11.24166416213612,-7.241664162136119,-3.241664162136119,0.7583358378638813,0.0479695197036458,0.8927058497113112,30.514419006475634,146.5415549177599,0.9594841868398859,49673.68457865715,1511282172
1111,11112,14.829178099079721,13.621692911037703,9.621692911037703,5.621692911037703,1.6216929110377036,-13.079460970408194,-9.079460970408194,-5.079460970408194,-1.4132459692267456,0.05243455858766341,0.88136135351973,28.295272954949397,141.46368432900124,0.9721709112816154,49673.68457865715,1511282172
1112,11113,9.90750812360105,9.140672768962066,7.646398185684979,6.293358908658539,2.293358908658539,-10.537597002078954,-6.71950158840744,-3.8091966978205702,-1.706641091341461,0.010913675146851019,0.8643533293003136,41.45615308642786,207.2780030342014,1.7760331190607193,49673.68457865715,1511282172
1113,11114,8.047970849199547,7.0874693468220205,7.0874693468220205,3.08746934682202,1.7834311079802043,-13.144629948043892,-9.144629948043892,-5.144629948043892,-1.1446299480438926,0.03726216678048912,0.9056915509828725,34.55526470308776,171.58486861985116,1.1431132242265394,49673.68457865715,1511282172
1114,11115,13.597288687234975,9.942575881916422,5.942575881916422,1.9425758819164227,1.5352708833934081,-9.706644298379098,-5.706644298379099,-1.7066442983790993,0.48703326820111204,0.06595501703595057,0.8909859188686999,27.298273860460423,123.66992456416935,0.8540397380545205,49673.68457865715,1511282172
1115,11116,8.507206858805102,7.207587711301468,7.207587711301468,5.0075328511995965,1.4364751610732298,-9.061484422669995,-5.061484422669994,-4.021738485746588,-2.56352483892677,0.07543358619577174,0.8910538520254169,25.639347710225522,128.19264634941354,0.9436650312958522,49673.68457865715,1511282172
1116,11117,7.574948091006181,5.893823908468681,5.893823908468681,1.893823908468681,1.4779587592796928,-12.642568350090846,-8.642568350090846,-4.642568350090847,-0.6425683500908466,0.07397599216353404,0.8780266909740836,24.791647240205425,118.87936324971689,0.9342362309079357,49673.68457865715,1511282172
1117,11118,6.835080826134905,5.939089271969148,5.939089271969148,1.939089271969148,1.5378761238944316,-7.792449450048089,-3.792449450048088,0.20755054995191236,0.6138720636902787,0.063969246923606,0.8859411162451796,27.42172409291142,118.64851138922687,0.8302475136186507,49673.68457865715,1511282172
1118,11119,10.222619889164648,10.00479490201667,6.00479490201667,2.00479490201667,1.6069485592644261,-11.35933409646278,-7.35933409646278,-3.3593340964627796,-0.5255917494160645,0.05772564037013465,0.8869995682069638,28.193917206212,135.16268546421048,0.9120834100723807,49673.68457865715,1511282172
1119,11120,10.56512549026611,9.955614561557987,5.955614561557986,1.9556145615579856,1.5409427422755073,-8.06468252011058,-4.064682520110582,-0.0646825201105814,0.5809361111597288,0.06436833048243713,0.8896696510571638,27.514694793842875,120.90732390561993,0.8326264767271226,49673.68457865715,1511282172
1120,11121,10.26330835945328,9.949940561093882,5.949940561093882,1.9499405610938827,1.5421994915280062,-7.366931283801625,-3.366931283801625,-3.366931283801625,0.5930501015524843,0.06474093987305585,0.8912238799294374,27.5505384401925,124.04497060078285,0.8500754520089825,49673.68457865715,1511282172
1121,11122,7.342428151004308,6.7758049875498285,6.7758049875498285,2.7758049875498285,1.760073168933492,-11.232848033006448,-7.232848033006447,-3.232848033006447,0.5115365222153436,0.03916151180649328,0.8855128821508566,31.63481111370482,150.02226813586813,1.0236880155071357,49673.68457865715,1511282172
1122,11123,9.50579018061642,7.591617335892689,5.940290619930574,1.9402906199305738,1.5468726757373317,-4.742063047294851,-0.7420630472948504,-0.7420630472948504,0.6381488621665297,0.06390967855025873,0.889577365042018,27.644015455424995,121.20080820829062,0.832826322625769,49673.68457865715,1511282172
1123,11124,5.3250686312700095,4.801225864953449,4.801225864953449,1.9423527690629179,1.5414589906398668,-9.206576215202912,-5.206576215202912,-1.2065762152029114,0.6241935042910387,0.06483430418010455,0.8906708474326087,27.505091080285673,123.22736972741167,0.8467406101789227,49673.68457865715,1511282172
1124,11125,7.459343932320033,5.943032929313129,5.943032929313129,1.943032929313129,1.5391013602308143,-8.034294220785851,-4.034294220785851,-0.03429422078585076,0.612220524139643,0.06462616850941044,0.889196515404852,27.466498850288357,120.2745712204787,0.8312154379050628,49673.68457865715,1511282172
1125,11126,5.736942018022416,2.144832629319797,2.144832629319797,1.8708561732186275,1.8708561732186275,-7.532548922762955,-3.532548922762955,-2.159487395493966,-1.0533162138960745,0.053805537656209886,0.9023592572992627,33.485187500319654,159.48487745504872,1.0377037871113806,49673.68457865715,1511282172
1126,11127,7.132251781155489,5.9385885597416666,5.9385885597416666,1.938588559741667,1.5305092706426164,-10.387089468797273,-6.3870894687972735,-2.3870894687972735,0.6004266057346422,0.06616160873685507,0.8910525871688956,27.319059931192346,122.83386304227975,0.8494542203838551,49673.68457865715,1511282172
1127,11128,7.063684872577354,3.9925731899139807,3.9925731899139807,1.9181719478683528,1.4932405048771098,-7.477158949512995,-3.4771589495129946,0.5228410504870047,0.529794215341422,0.0660571418757887,0.8720327544965955,26.39106314041047,111.18217736206319,0.881578174068892,49673.68457865715,1511282172
1128,11129,11.73073861525048,9.473981817722716,9.473981817722716,5.473981817722716,1.4739818177227162,-13.141732340841498,-9.141732340841498,-5.141732340841498,-1.141732340841499,0.07024324291266694,0.8926526390997434,26.531809939229472,132.63340538141347,0.931912182077442,49673.68457865715,1511282172
1129,11130,5.186630739453702,1.9745893718902714,1.9745893718902714,1.9745893718902714,1.5656536084256836,-11.363595826607408,-7.363595826607409,-3.36359582660741,0.6022849737135499,0.07824066879989028,0.8971473762853246,27.801041974872845,117.1354598622699,0.8840772777045403,49673.68457865715,1511282172
1130,11131,12.053757571089061,8.814486497195862,4.814486497195862,1.9401219304447164,1.5329190102702237,-8.55316171604013,-4.55316171604013,-0.5531617160401299,0.4919876314938063,0.06620195129858811,0.8918912682166352,27.36663102398972,121.85627542226612,0.8411086034084886,49673.68457865715,1511282172
1131,11132,13.666335507490487,10.60108825115985,6.60108825115985,2.60108825115985,1.459631631117788,-12.394847079644151,-8.394847079644151,-4.39484707964415,-0.4659176729642338,0.07223826483782024,0.8837671369398332,25.347273382128378,123.56026134553308,0.918414773504595,49673.68457865715,1511282172
1132,11133,5.028849000497784,3.9906640906408715,3.9906640906408715,1.903621151460584,1.5127888784766512,-9.768753722486004,-5.7687537224860055,-1.7687537224860053,0.45125432976203594,0.06929926709215851,0.8917768794718907,26.90520450202933,121.79269812324922,0.8579341602500953,49673.68457865715,1511282172
1133,11134,4.710155788761371,2.2774722054309247,2.2774722054309247,1.976050466893492,1.5641673439351276,-11.503024474239362,-7.5030244742393615,-3.5030244742393615,0.4969755257606381,0.06819490742038228,0.890309171805747,27.490064294268638,119.85326166409575,0.8430227041732082,49673.68457865715,1511282172
1134,11135,11.95453824042225,9.958599133485329,5.958599133485329,1.9585991334853297,1.544432386647218,-11.490774445198179,-7.490774445198179,-3.490774445198179,0.5092255548018216,0.0646124250821658,0.8911931840542283,27.52536103606644,124.72590127496902,0.8539944929599496,49673.68457865715,1511282172
1135,11136,10.772552176584032,8.725054291125284,8.725054291125284,4.725054291125284,1.3166505190473787,-9.167082421442814,-5.167082421442814,-1.5307567930885273,0.9381011084293318,0.0828307839919448,0.9080051085836192,27.5634336486338,136.205085376253,1.0596217816893057,49673.68457865715,1511282172
1136,11137,8.539474274506075,8.14560592462041,4.145605924620411,1.9580390002498,1.541851517126118,-11.10204892732582,-7.102048927325819,-3.1020489273258187,0.511568319519778,0.0648908422663861,0.8914340025467089,27.511146821054957,124.60764032245189,0.8538486101653304,49673.68457865715,1511282172
1137,11138,7.045058668384437,5.919280364116233,5.919280364116233,1.9192803641162333,1.5213398931112014,-6.370417380047367,-2.3704173800473667,-2.3704173800473667,0.485762025417263,0.06793840543954609,0.8924566705096095,27.16854207578877,122.93586597539527,0.8558864230421189,49673.68457865715,1511282172
1138,11139,9.406007142678407,5.971937701463274,5.971937701463274,1.9719377014632737,1.5697928579986333,-9.086526335518741,-5.086526335518741,-1.0865263355187411,0.4747846210422513,0.061793679059871126,0.8861814152859745,27.45121549167419,124.37773343196442,0.8577416878739696,49673.68457865715,1511282172
1139,11140,7.726013932884342,7.038105734470911,7.038105734470911,3.038105734470911,1.6917159193537998,-14.28868273095212,-10.28868273095212,-6.288682730952121,-2.3082840806462004,0.0453521395420871,0.9035586466684968,32.269886060206304,161.10461109757276,1.0504031041400552,49673.68457865715,1511282172
1140,11141,8.474999618866198,5.566413937410525,2.175356831367286,2.0136272245312647,1.4355631283305559,-10.98456621578303,-6.984566215783029,-5.606162483815723,-2.564436871669444,0.08022164263507836,0.8857371723653069,24.76243825797698,122.62225105729394,0.9676276054342969,49673.68457865715,1511282172
1141,11142,11.65367864237386,9.975215638602675,5.975215638602673,1.9752156386026734,1.5470656836948582,-9.227416085910374,-5.227416085910375,-1.2274160859103749,0.5329700218132221,0.06396446965198935,0.8912218129889732,27.620375277518534,124.82286585585783,0.8516916055999838,49673.68457865715,1511282172
1142,11143,13.153567532308541,9.953673644747779,5.953673644747779,1.9536736447477796,1.5344256951502813,-8.691004204739242,-4.691004204739242,-0.6910042047392417,0.502724489091583,0.0657743168026029,0.8919087649435783,27.417128916347455,122.35390758812932,0.842185298519609,49673.68457865715,1511282172
1143,11144,10.382033118202957,9.99072716831801,5.990727168318009,1.990727168318009,1.5826658813455634,-11.112862797019991,-7.112862797019992,-3.112862797019992,0.518420409683418,0.06005604779180181,0.88680416035477,27.803420170147042,126.18042728165375,0.8609903409460745,49673.68457865715,1511282172
1144,11145,11.551278022999256,8.128195986867906,7.937285549232549,3.9372855492325494,1.3633082779208021,-8.899617830831788,-4.899617830831789,-1.18987344210121,-0.6907836141988339,0.08638757963098988,0.8786351128368373,23.07417919418473,114.75762044312415,1.018922803215386,49673.68457865715,1511282172
1145,11146,8.420923988926868,5.915665341240342,5.915665341240342,1.9156653412403424,1.4417012615656486,-12.039113182812418,-8.039113182812418,-4.039113182812419,-1.2844444589052773,0.07809197702562484,0.8898490507196488,25.335891351624202,123.89881666337976,0.9412908994517808,49673.68457865715,1511282172
1146,11147,9.98921545136145,8.587137866373256,8.587137866373256,4.587137866373257,1.493431712938616,-13.941866123350096,-9.941866123350096,-5.941866123350096,-2.166314467383626,0.067662089315592,0.8836322651247693,25.990586197084546,129.93335333283738,0.9322899279499702,49673.68457865715,1511282172
1147,11148,11.683913069307646,9.905080741026504,5.905080741026505,1.905080741026505,1.4992629942836488,-9.04003449110935,-5.040034491109352,-1.040034491109352,0.43053531724753635,0.07082757917576435,0.89005214498824,26.467988618313573,119.64360184937362,0.8582769658022062,49673.68457865715,1511282172
1148,11149,9.75921013372762,7.831187462437302,4.0450182848318965,1.79208204447807,1.79208204447807,-7.99438467779121,-3.99438467779121,-2.9235926222307906,-1.8734040007539863,0.05094926815549579,0.9005744894830618,32.247909009564026,159.0102383514391,1.031724062878456,49673.68457865715,1511282172
1149,11150,11.541517184061313,11.46759009953171,8.84613416636275,5.4672368355618515,1.4672368355618512,-8.76344225490533,-4.763442254905328,-0.7634422549053286,0.5743880785055868,0.07006343586793788,0.902214788164244,27.71497159145707,137.85427535293874,0.9570985226390367,49673.68457865715,1511282172
1150,11151,7.75900414715559,5.9156242822852,5.9156242822852,1.9156242822851994,1.4923540757032423,-10.448739967652331,-6.448739967652331,-2.4487399676523314,0.4232500820246723,0.07142318464341367,0.8865481719020178,26.000660778092293,118.15023520625346,0.8651072857664455,49673.68457865715,1511282172
1151,11152,11.425753133870616,9.969274820816205,5.969274820816205,1.9692748208162048,1.5657334523926483,-4.8380980620004825,-0.8380980620004832,-0.8380980620004832,0.6357374572489586,0.061563937313018735,0.8897169169312726,27.98140118237013,123.32842757746603,0.8369721251069464,49673.68457865715,1511282172
1152,11153,6.633687029778249,5.960224892765158,5.960224892765158,1.960224892765158,1.566013232381809,-11.231919218647885,-7.231919218647886,-3.231919218647887,0.6604119596709519,0.061827143965446044,0.8903205522891209,27.968154584017885,125.41502133655001,0.8495998529585869,49673.68457865715,1511282172
1153,11154,9.35546281949713,5.9556802979002645,5.9556802979002645,1.9556802979002643,1.561786058064545,-6.413916883350447,-2.4139168833504474,-2.4139168833504474,0.6443179073523918,0.06241111809244463,0.8906399412255319,27.89960357838804,125.18348442086427,0.8493423477782368,49673.68457865715,1511282172
1154,11155,11.880114775540394,11.380534600520386,7.900601211398671,3.900601211398671,1.4646229751886166,-10.985718429587655,-6.985718429587655,-2.9857184295876555,-1.0667708402315637,0.0715117424061726,0.8822325809665035,25.30095884586083,126.17303330296528,0.9385074973923199,49673.68457865715,1511282172
1155,11156,11.370221131686181,9.981689236539326,5.981689236539327,1.981689236539327,1.5311290268130888,-11.327002635978593,-7.327002635978593,-3.327002635978592,0.5511956721191565,0.06550745636779767,0.8929353606464006,27.547325437994104,124.66536361979686,0.8534950017182932,49673.68457865715,1511282172
1156,11157,9.316669669797724,9.174487406121877,9.174487406121877,5.174487406121877,1.652962709767009,-8.885102996220779,-4.885102996220778,-0.8851029962207784,-0.20933521754748297,0.049163529114125824,0.8838379590006407,29.18951949468996,145.69290715616387,0.9855152585465755,49673.68457865715,1511282172
1157,11158,6.850392848825645,6.633296763939929,6.633296763939929,5.634377725423295,1.6343777254232956,-13.508263703614503,-9.508263703614503,-5.508263703614503,-2.3656222745767046,0.05108978102920137,0.8973568200860911,30.297899790216803,151.4874629478058,0.9839924082398337,49673.68457865715,1511282172
1158,11159,5.264154315593203,4.768622198574077,4.768622198574077,1.5088155406282355,1.5088155406282355,-11.753863503010058,-7.753863503010058,-3.7538635030100567,-0.1087531014215477,0.0888232546368592,0.8796466829406625,24.103005843800656,110.42228474963812,1.0125317649852306,49673.68457865715,1511282172
1159,11160,10.094018275974385,9.879279642883427,5.879279642883425,1.8792796428834255,1.5873500998759955,-8.541909904541965,-4.541909904541967,-0.5419099045419669,0.12750198625250397,0.06244754321673805,0.8813923039689173,27.017725161435305,122.80574586273914,0.8739255076970288,49673.68457865715,1511282172
1160,11161,6.291523772797836,5.979227343652478,5.979227343652478,1.9792273436524783,1.5567318780768729,-7.46164845718992,-7.46164845718992,-3.46164845718992,0.5383515428100805,0.06286304847930006,0.8880809427115297,27.46958265121527,124.40147463990156,0.8544239210125519,49673.68457865715,1511282172
1161,11162,11.660132497271311,10.01722051902661,6.01722051902661,2.0172205190266097,1.5580455973509817,-10.258649041469624,-6.258649041469623,-2.2586490414696234,-1.7184104499365065,0.06258443083145865,0.8861561612625648,27.216609946409218,134.14132624126754,0.9241594823404684,49673.68457865715,1511282172
1162,11163,7.954763955410013,7.748093703968544,7.748093703968544,4.529835074260697,1.8397954847223914,-8.889447409310122,-4.8894474093101215,-4.355090375476904,-1.088392650045045,0.03289911732983137,0.8873153258586375,33.54103651097691,167.53651690352643,1.1567283195504412,49673.68457865715,1511282172
1163,11164,14.522614447222294,11.189949888577491,7.189949888577492,3.2687654666713035,1.5371219630883022,-11.33350732991509,-7.333507329915089,-3.333507329915089,0.26627161025990365,0.06202648360633375,0.888094500132018,27.322985360457842,132.9689108951683,0.9067433176834976,49673.68457865715,1511282172
1164,11165,10.39703061811249,7.292351329079842,7.292351329079842,3.2923513290798416,1.5040660399801122,-12.422304416876385,-8.422304416876385,-4.422304416876384,-2.4959339600198875,0.06628063412437592,0.9038531038746849,28.391022594870975,141.84565314059813,0.963331071277714,49673.68457865715,1511282172
1165,11166,13.586410527161153,10.007320712405916,6.007320712405915,2.0073207124059147,1.5768193025205244,-11.415693158000837,-7.4156931580008365,-3.4156931580008365,0.5662049040594452,0.060238215223111555,0.8880500385392838,27.891354511074553,126.31367616087248,0.8575953572601591,49673.68457865715,1511282172
1166,11167,10.38880504760879,9.917035541652332,5.917035541652331,1.9170355416523317,1.5577859602320328,-10.534960782656624,-6.534960782656625,-2.5349607826566256,0.4261115405557905,0.06425764151976984,0.8866777747274059,27.163026803192583,123.42239829334864,0.8593623424271483,49673.68457865715,1511282172
1167,11168,13.787431578360527,11.44502480526929,7.445024805269289,3.4450248052692887,1.5717405692429847,-13.843389605255815,-9.843389605255815,-5.843389605255816,-1.843389605255816,0.058004535752737056,0.8851571623808449,27.686411803324326,138.2031514096226,0.9403914845497373,49673.68457865715,1511282172
1168,11169,13.676754894802196,10.043705859072164,6.043705859072163,2.043705859072163,1.6372808912653565,-12.863118910682761,-8.863118910682761,-4.863118910682762,-1.0571861202340662,0.054128439934676725,0.8918523826735004,29.35610948111657,143.2229537089059,0.9419790203273072,49673.68457865715,1511282172
1169,11170,9.185320422363331,5.334055191522536,5.334055191522536,1.9255298110799428,1.4854077861205275,-10.613847424271361,-6.613847424271361,-2.613847424271361,0.5249838191382922,0.0717199053106788,0.887334244064718,26.05319912059636,117.65791877049898,0.8607221232112554,49673.68457865715,1511282172
1170,11171,15.541681626801694,12.022210020961673,8.022210020961673,4.851477501102217,1.4650380392667952,-9.386037754923391,-5.386037754923392,-1.386037754923392,-0.9215732134873675,0.07145458110692803,0.8749374038801677,24.620432135671855,122.97196096317491,0.9655271732044066,49673.68457865715,1511282172
1171,11172,11.810390316464746,10.982666537725544,6.982666537725543,2.9826665377255432,1.5122189746129402,-13.294529010407286,-9.294529010407286,-5.294529010407286,-1.2945290104072862,0.06523940963692546,0.8925940591674095,27.280461583809384,135.512809134627,0.9233556403023425,49673.68457865715,1511282172
1172,11173,11.694642028474018,10.608326454132186,6.608326454132187,2.608326454132186,1.5834408829347513,-8.4757396799952,-4.4757396799952,-0.47573967999519984,-0.37609876240739126,0.05667029117745326,0.8913363937426255,28.583708865099428,136.64024158394065,0.9048438835516026,49673.68457865715,1511282172
1173,11174,11.84061988161115,9.990067300117454,5.990067300117454,1.9900673001174536,1.5241057649616943,-11.019739492820285,-7.019739492820285,-3.0197394928202854,0.5743484799114673,0.06605448587793239,0.8929136260617276,27.455832312365626,124.12506838624564,0.8526988344120371,49673.68457865715,1511282172
1174,11175,10.700715086484493,9.496826405570543,9.496826405570543,5.496826405570543,1.4968264055705427,-10.739042631289808,-6.7390426312898075,-2.7390426312898066,-2.2199913563842317,0.06721921648810707,0.8843655290422293,26.126522691396847,130.62882057177217,0.9308030054295631,49673.68457865715,1511282172
1175,11176,10.254108637253733,9.93144917012135,5.9314491701213505,1.9314491701213508,1.5526566636773025,-9.552558587835044,-5.552558587835044,-1.5525585878350439,-0.20040130960699276,0.06472504232202156,0.8812473801943752,26.485579918950354,124.56435396835882,0.8957082190940453,49673.68457865715,1511282172
1176,11177,15.912225294547673,12.575048275690646,8.575048275690646,4.575048275690645,1.5271793239049292,-8.50681179979386,-4.506811799793861,-0.506811799793861,0.6643181815397129,0.06214153765840538,0.8922028317256319,27.856912194892452,135.2834215146788,0.9097090617015118,49673.68457865715,1511282172
1177,11178,10.965076977133817,9.98474841317382,5.984748413173819,1.9847484131738198,1.5819066081496145,-11.258220400798828,-7.2582204007988285,-3.2582204007988276,0.644579024862379,0.05986322058950752,0.8892979531518619,28.156631584665718,126.62475848073652,0.8540939941756405,49673.68457865715,1511282172
1178,11179,8.553424878883192,5.957313547376175,5.957313547376175,1.9573135473761742,1.577182926591443,-11.126909819154085,-7.126909819154084,-3.1269098191540827,0.6739803016329972,0.06073033153893308,0.8898525875665485,28.123711611790405,125.96232521558173,0.8507667158893735,49673.68457865715,1511282172
1179,11180,16.84544195968939,13.48375372405567,9.58616359814513,5.586163598145131,1.5861635981451305,-10.814026302486067,-6.8140263024860666,-2.8140263024860666,0.08467901544242085,0.05633210244689918,0.8852741311466003,27.98639830770519,139.76365693843834,0.9462856355537798,49673.68457865715,1511282172
1180,11181,11.904034462564436,9.482201666381727,9.482201666381727,5.482201666381727,1.4822016663817268,-10.034421187450306,-6.034421187450306,-4.221919266713883,-1.7441557071102507,0.06914332137554154,0.904840482146263,28.060414531464005,140.29253906613658,0.9702107970362362,49673.68457865715,1511282172
1181,11182,12.49777069495298,9.623447123320805,9.623447123320805,5.623447123320804,1.623447123320804,-12.597594389211828,-8.597594389211828,-4.597594389211829,-0.7911007311345013,0.05224692656701019,0.8928030162140198,29.55047667093371,147.71199561783402,0.9670027578259107,49673.68457865715,1511282172
1182,11183,11.570997257941022,11.278562652238534,7.278562652238533,3.469275594085779,1.5339662197203456,-9.189703033612627,-5.189703033612628,-1.1897030336126277,-0.49878772690391027,0.06251681606759907,0.889977698047115,27.43469511932527,135.6662679279724,0.9197312549022644,49673.68457865715,1511282172
1183,11184,10.215318209670665,9.98811418732351,5.988114187323509,1.988114187323509,1.5707991210696968,-8.044973537225648,-4.0449735372256495,-0.04497353722564901,0.5179070382336326,0.060854425809937086,0.8861648340104404,27.683059036359474,122.18902147785491,0.8403346061728747,49673.68457865715,1511282172
1184,11185,12.839768781266475,10.137498975242297,8.421532375324665,5.12781236381126,1.1278123638112596,-7.502491305799354,-6.095010162942271,-3.145028956009252,-2.87218763618874,0.1296995831931589,0.8904966447626488,20.0,99.99796421698483,1.64179020171118,49673.68457865715,1511282172
1185,11186,12.383144323654916,9.978251627615537,5.9782516276155375,1.978251627615538,1.5154846819519625,-8.955121480256636,-4.955121480256636,-0.9551214802566366,0.5523287107586552,0.06728030256858798,0.893433144910966,27.321030024060548,123.09288866933687,0.8512083598530384,49673.68457865715,1511282172
1186,11187,12.938604839867946,12.184065408817235,8.47637591515976,4.581671799967307,1.5755623852524316,-10.19948623601006,-6.1994862360100615,-5.804435617932779,-2.4244376147475686,0.057563324213495304,0.9012252920289578,29.536796225346095,147.67001553276995,0.9670171351139648,49673.68457865715,1511282172
1187,11188,11.117344694493529,10.017146252813022,6.017146252813022,2.0171462528130224,1.542202265913531,-13.697732860906573,-9.697732860906573,-5.697732860906572,-2.1432052558591836,0.0643345384310789,0.8890899815534434,27.226365927771216,135.0964340170833,0.9264227776684263,49673.68457865715,1511282172
1188,11189,7.468631278364202,5.970510119369182,5.953414331691554,2.5097023029991243,1.4092729967081692,-10.921742621341894,-6.921742621341894,-2.9217426213418953,-1.8800946646909151,0.07944040397704541,0.8874743325862273,24.75348473252216,123.04813931173085,0.9560320180367923,49673.68457865715,1511282172
1189,11190,12.747985672432518,11.596364955238892,7.596364955238893,4.458126302853105,1.5394403815599957,-11.921712502872387,-7.921712502872386,-3.921712502872386,-1.7396964380227635,0.06184838298021758,0.9014187514810159,28.818675316557925,144.03640519401165,0.9563461397834178,49673.68457865715,1511282172
1190,11191,7.592518890743475,5.9749283049924236,5.9749283049924236,1.974928304992424,1.5534430116260058,-5.612792820162553,-5.612792820162553,-1.612792820162552,0.5194193949085901,0.06333485267800522,0.8877545705163303,27.355828194550174,123.91339589271848,0.8543786910937872,49673.68457865715,1511282172
1191,11192,10.945657250534962,9.321755260869569,5.642102520717805,5.4371442598548905,1.4371442598548902,-10.010865201988695,-6.010865201988694,-6.010865201988694,-2.5628557401451095,0.07533850288714515,0.8967115076741725,26.24853161829499,131.24068394745774,0.952024036013119,49673.68457865715,1511282172
1192,11193,13.84200889274611,9.872916999785287,5.872916999785287,1.872916999785287,1.5213196613198143,-8.836690004303502,-4.836690004303504,-0.8366900043035039,0.4068580572742322,0.0691733288841324,0.8894558363523868,26.718172950290807,120.37996712713209,0.85473727666471,49673.68457865715,1511282172
1193,11194,11.116350343488161,9.799894873270564,9.006628595042883,5.046932094654374,1.4281582155743886,-11.450151283684743,-7.450151283684743,-3.450151283684743,0.23477841068199035,0.07642876164057431,0.8849399966386542,24.905349978098805,124.12252283806794,0.9478417266376058,49673.68457865715,1511282172
1194,11195,11.676401737106996,9.98769703713399,5.987697037133993,1.9876970371339922,1.517447825338732,-8.87800797536147,-4.87800797536147,-0.8780079753614702,0.5596112771654043,0.06688200569676378,0.8933579872969595,27.36863922051988,123.23669959373171,0.8501968551817318,49673.68457865715,1511282172
1195,11196,8.400796998615949,6.558915574078151,6.558915574078151,2.5589155740781515,1.5531019879565904,-11.969538786740445,-7.969538786740446,-3.969538786740446,-2.44689801204341,0.060296143130415855,0.8790458335985896,26.688971755318445,133.11277405954095,0.9475566070602354,49673.68457865715,1511282172
1196,11197,12.51176612710991,11.802745065061286,7.802745065061286,3.802745065061286,1.4243872642961624,-10.485863048960148,-6.485863048960149,-2.485863048960149,-2.2428982705938516,0.07716685823272713,0.8942952240948896,25.749468995673418,128.65442736912073,0.9533942203690841,49673.68457865715,1511282172
1197,11198,12.615910459238615,9.883069324958113,5.883069324958113,1.8830693249581127,1.5303439156253031,-8.272297605812483,-4.272297605812484,-0.2722976058124831,0.42367354544885427,0.067729328712749,0.8893030662568803,26.951530103035942,119.17061299411152,0.8391779266090988,49673.68457865715,1511282172
1198,11199,10.940188215835759,9.126501181124167,9.126501181124167,5.126501181124168,1.7516630125390467,-9.472492530477501,-5.472492530477501,-1.4724925304775012,-0.5754055832444942,0.0399158334819352,0.9001290091748925,33.13929437640239,165.5381768425022,1.0895605175787895,49673.68457865715,1511282172
1199,11200,14.336719568011494,11.492322627887802,7.492322627887802,3.492322627887802,1.5505345277885387,-9.54075352522428,-5.5407535252242806,-1.5407535252242812,0.5631983724737422,0.05991467817055281,0.8838794480755787,27.2848272692446,132.50357741904563,0.9147918666700894,49673.68457865715,1511282172
1200,11201,11.53664382275984,10.010876496366874,6.0108764963668735,2.0108764963668735,1.5798812347831712,-10.136450372277766,-6.136450372277766,-2.136450372277765,0.5416154918452769,0.05993447945823226,0.8872557599763946,27.84909674855746,126.34541398336661,0.859880243952489,49673.68457865715,1511282172
1201,11202,14.244885462691016,11.109490671465716,7.109490671465716,3.109490671465717,1.516530448269432,-11.798688298757575,-7.798688298757575,-3.7986882987575754,-0.3318838084047617,0.06469139111704324,0.907896034733513,29.129560151268606,143.1582240991813,0.9715806976098528,49673.68457865715,1511282172
1202,11203,11.134786412994464,9.60970776130644,5.6097077613064394,2.5752502497947805,1.5881350574931947,-10.7470590095651,-6.747059009565102,-2.7470590095651017,-1.4732220450159825,0.05623373345165171,0.8899352537560339,28.50082621538749,141.25704847360066,0.9379707824728363,49673.68457865715,1511282172
1203,11204,13.96889304578137,10.281149311451633,6.281149311451634,2.281149311451635,1.8068782796656804,-10.352647063543623,-6.352647063543623,-2.352647063543623,1.148612673868147,0.035021246950548354,0.8921928282424129,34.19341202619101,151.43231487604555,1.0263557209908067,49673.68457865715,1511282172
1204,11205,12.577382737189442,9.670726909777333,5.670726909777333,1.670726909777333,1.670726909777333,-9.823442834552441,-5.823442834552441,-1.8234428345524412,-0.4300388482924682,0.06520788562197373,0.8886354021272825,28.247601478838412,132.69290467850425,0.9163685797285759,49673.68457865715,1511282172
1205,11206,9.795544485887781,6.305615028835177,6.102567898798446,2.677925054176508,2.677925054176508,-8.551446134516059,-5.101200969471798,-3.2438743812553588,0.1431468788232233,0.005622746426782605,0.9032387019499488,55.250599577599665,264.91861726783554,2.0237744460599574,49673.68457865715,1511282172
1206,11207,14.828079495359189,10.979869162252015,6.979869162252015,2.9798691622520153,1.518028603200248,-9.171446676813252,-5.171446676813252,-1.1714466768132528,-0.7701302794829139,0.0645025812712933,0.8896286808521405,27.080863390326847,133.2333344789223,0.9133162256347404,49673.68457865715,1511282172
1207,11208,13.762757922285177,11.96361010902972,7.96361010902972,3.9636101090297204,1.541740096217249,-11.993699250409827,-7.9936992504098265,-3.9936992504098274,-2.458259903782751,0.06156816731581086,0.8814602385968963,26.72036093111082,133.56570610198332,0.9400832653022527,49673.68457865715,1511282172
1208,11209,10.41393369380596,9.924844688926573,5.924844688926573,1.9248446889265733,1.566614078790794,-11.19377081589288,-7.193770815892879,-3.1937708158928793,0.4272142090632336,0.0631785850087038,0.8860289702205619,27.267784867246363,123.95757726451767,0.8610002132627324,49673.68457865715,1511282172
1209,11210,9.310957482692052,5.928103667915822,5.928103667915822,1.9281036679158223,1.4843367793943292,-8.973919364231472,-4.973919364231472,-0.9739193642314723,0.498117291815211,0.07189460551107743,0.8858319452809547,25.862504227210437,116.5239133382859,0.8607542424543239,49673.68457865715,1511282172
1210,11211,6.116448063374493,5.984207184934851,1.9842071849348506,1.9842071849348506,1.517848746232526,-8.544701717223615,-4.544701717223614,-0.5447017172236139,0.5422240468646211,0.07340771026382109,0.89708016824564,27.371903744050872,116.83722441909359,0.8437244774221948,49673.68457865715,1511282172
1211,11212,10.402518862454532,9.092452524682237,9.092452524682237,5.092452524682237,1.5401094885305378,-8.173178191834465,-4.173178191834464,-0.17317819183446415,0.6143047712625634,0.060671090745447694,0.9012585179102517,29.131190824995493,143.69151681522305,0.9499558397842707,49673.68457865715,1511282172
1212,11213,12.088445046071783,9.089764538988346,5.089764538988346,1.9439489150306808,1.639874421322492,-11.017051028695173,-7.017051028695173,-3.017051028695173,-0.02791923345098124,0.05593266758187674,0.8835000108046048,28.304795857568585,132.34421850026064,0.9059385645005776,49673.68457865715,1511282172
1213,11214,13.798003777866649,9.93686181285612,5.9368618128561215,1.936861812856121,1.5233400228123368,-6.4178777204865805,-2.4178777204865805,-2.4178777204865805,0.516139717317804,0.06727726731535633,0.8934800851773155,27.36766109835327,123.73652738329427,0.8552729231146137,49673.68457865715,1511282172
1214,11215,10.380900192327024,9.993873419197952,5.9938734191979535,1.9938734191979535,1.5206820308204658,-7.729356525656239,-3.7293565256562387,0.2706434743437611,0.5460801587039128,0.06456583913859137,0.887155509133358,27.448164784540303,119.13211160837734,0.8309726905421648,49673.68457865715,1511282172
1215,11216,10.038137314535097,6.61423859177327,2.61423859177327,2.0877814934516272,1.5637540159893397,-9.415154364304689,-5.415154364304688,-1.4151543643046878,0.5793404215504453,0.060884243101530545,0.888824620424545,27.822169677952555,124.55495836058358,0.8455284493394026,49673.68457865715,1511282172
1216,11217,15.295289353254697,11.68547585857099,7.6854758585709915,3.6854758585709915,1.5655342580437341,-12.25046445291177,-8.25046445291177,-4.2504644529117686,-1.2985519430896113,0.058728498932588705,0.8936720975671353,28.46848541949035,141.97810135389116,0.9389596950176773,49673.68457865715,1511282172
1217,11218,15.80327483341935,12.086373082737344,8.086373082737344,4.086373082737344,1.5567155890827598,-13.695012031322438,-9.695012031322438,-5.695012031322437,-1.802772779871111,0.059768899266119446,0.881096213108422,26.977148639686632,134.79721476371842,0.9442554892148473,49673.68457865715,1511282172
1218,11219,7.626270270666517,5.9307768177087254,5.9307768177087254,1.930776817708726,1.4863800164405279,-7.863021080164641,-3.863021080164641,0.13697891983535904,0.53781028241284,0.07011491462096109,0.8837536930195169,26.16263034987149,113.9064161003327,0.8419927316656859,49673.68457865715,1511282172
1219,11220,9.835786445959034,7.256585150703566,3.2565851507035664,1.9214367780545278,1.493430847655994,-8.824108526215984,-4.824108526215983,-0.8241085262159829,0.41675930682271445,0.07119208185144729,0.8852597924421522,25.901561863837106,116.63257750431015,0.8593427827345476,49673.68457865715,1511282172
1220,11221,8.604503760875824,6.002956258528082,6.002956258528082,2.002956258528082,1.463644034722398,-12.239264251441249,-8.239264251441249,-4.239264251441249,-0.2392642514412482,0.07396776307874547,0.8794740714586651,24.817273703139985,117.57570883156018,0.9162362056227857,49673.68457865715,1511282172
1221,11222,13.975434311622445,9.987137335251534,5.987137335251536,1.9871373352515356,1.510823217830931,-10.998152603975385,-6.998152603975384,-2.9981526039753836,0.5648395695936392,0.06761640795478971,0.8936633331487375,27.287930638931083,123.42188759903578,0.8546928002529196,49673.68457865715,1511282172
1222,11223,12.938067854165649,11.36469242295923,9.255269241908808,6.0624010834262165,4.065021778772227,-4.588098293159307,-0.8938484175990116,1.3099186622543977,3.4568199184508184,1.876222551231058e-05,0.938192769312095,119.56289017103694,574.4689384384801,4.336645541162191,49673.68457865715,1511282172
1223,11224,5.966781588330009,5.930203037636673,5.930203037636673,1.930203037636673,1.5633987922289607,-3.4348414655330286,0.5651585344669712,0.5651585344669712,0.6609249198740503,0.05007719530091778,0.8197852978898538,27.909166458437337,111.14709578511443,1.7128942079096177,49673.68457865715,1511282172
1224,11225,8.205688676946812,7.959554752376125,6.48953073972481,2.927117998384028,2.927117998384028,-5.617565934458839,-1.7955557559672863,1.7720812396223855,2.927117998384028,0.0016591978837358764,0.9843535297526975,117.36956253522244,467.31529552800606,4.488649649581091,49673.68457865715,1511282172
1225,11226,12.786356175266064,9.911222357175594,5.911222357175594,1.9112223571755949,1.5031465741943306,-11.132061403792507,-7.132061403792507,-3.132061403792508,0.32474967722831805,0.07044405708390984,0.8888096757505702,26.37212100377888,120.58093442277661,0.865966187968114,49673.68457865715,1511282172
1226,11227,10.222348678965078,9.916843359855678,5.916843359855679,1.9168433598556784,1.5041989379115257,-11.609895771929343,-7.6098957719293425,-3.6098957719293425,0.331288502044494,0.07020025257517457,0.8888845845628008,26.41005268656543,120.74758650181101,0.8652622231686026,49673.68457865715,1511282172
1227,11228,9.15695265455013,5.950900044511802,1.9509000445118023,1.9228015473178157,1.5061131399989833,-8.77074868305563,-4.770748683055629,-0.7707486830556289,0.3390878507214119,0.07676467236034423,0.8927429420301156,26.44830103556035,114.94779241040419,0.8642342476810286,49673.68457865715,1511282172
1228,11229,12.07182062281219,8.199449873737546,4.199449873737546,1.9240588183508822,1.5059923341140642,-11.516880757990608,-7.516880757990607,-3.516880757990606,0.3390787553447876,0.0698405133850742,0.8888501475592686,26.457563625588765,120.9433087431236,0.864429708362202,49673.68457865715,1511282172
1229,11230,11.420907506355073,9.883618992630279,5.883618992630278,1.8836189926302778,1.5434948224707583,-6.673651722464256,-2.673651722464256,-2.0868526979194204,0.290809443770373,0.06670016375010263,0.8865298729430044,26.785770135554714,122.47697206941638,0.8654960080754759,49673.68457865715,1511282172
1230,11231,10.267054276751836,9.956867265412662,5.956867265412661,1.9568672654126613,1.5014041061670913,-11.519444280219316,-7.519444280219317,-3.519444280219317,0.3654372401225081,0.06972862214641336,0.889564697281094,26.50479064383204,121.22624553021322,0.8632051481608605,49673.68457865715,1511282172
1231,11232,6.66157356520248,5.382496157687356,5.382496157687356,1.9481532274699682,1.5075462844920822,-9.921841003932014,-5.921841003932015,-1.9218410039320146,0.35177930970596516,0.06919118352910424,0.888643233102834,26.501799867724895,121.20358830453219,0.8629292361018022,49673.68457865715,1511282172
1232,11233,6.520267372625081,5.902153520020636,1.9021535200206359,1.9021535200206359,1.5597893389827313,-11.255324580894671,-7.255324580894672,-3.255324580894672,0.3109695736147786,0.07323499109003778,0.8913478712570865,27.07585254031747,119.38635588027459,0.8692447353804942,49673.68457865715,1511282172
1233,11234,6.279427143581297,5.962104311547681,5.962104311547681,1.9621043115476813,1.5035897530742386,-10.034354797832634,-6.034354797832635,-2.034354797832635,0.3673751309404114,0.06938309857572483,0.8895621295285546,26.55188860241325,121.43561873693767,0.8624884837271717,49673.68457865715,1511282172
1234,11235,10.721530398210113,6.855935500046803,2.855935500046803,1.7779113216565305,1.7779113216565305,-8.482667973302709,-4.48266797330271,-0.4826679733027095,0.7630325415346197,0.05214109057436459,0.8982495811714107,31.830572868009117,136.58893665468594,0.8872613515815672,49673.68457865715,1511282172
1235,11236,9.502693286033086,6.777313004024811,2.77731300402481,1.905360358869772,1.5670475033928077,-9.419614880822168,-5.419614880822167,-1.4196148808221671,0.3097727285443428,0.06384542529161137,0.8857451656024959,27.164393471819388,123.12494691050313,0.859611467530304,49673.68457865715,1511282172
1236,11237,6.405680428037215,6.3448858989505785,2.3448858989505785,2.3448858989505785,1.5143441288580994,-11.867962007229874,-7.867962007229873,-3.867962007229872,-0.9235734876368686,0.06712723002294302,0.8882811164205495,26.703152792602623,129.5190097141213,0.906606327782543,49673.68457865715,1511282172
1237,11238,13.989516106638332,9.990042030139078,5.990042030139078,1.990042030139078,1.501034065129937,-11.607204258351603,-7.6072042583516035,-3.6072042583516026,0.3927957416483976,0.06919979561129382,0.890362728911597,26.63719081965423,121.87680550852626,0.8617828509389485,49673.68457865715,1511282172
1238,11239,12.361970985187135,10.211122326692927,6.211122326692926,2.2111223266929256,1.5426980255690215,-11.252605992406027,-7.2526059924060275,-3.2526059924060275,-0.47620078291920476,0.0624217733641973,0.8865924953072029,27.151693535478238,130.8921274492213,0.9006212827871747,49673.68457865715,1511282172
1239,11240,10.148619589608533,6.8642480315089305,6.701203298797642,4.317746242338241,4.317746242338241,-0.909217373297909,-0.5835985271465383,1.1875470607350311,4.317746242338241,7.880449169782656e-06,0.8784382895772348,135.39665637036228,540.4943280447773,3.963222005220883,49673.68457865715,1511282172
1240,11241,10.86114381740929,8.169944263943432,4.169944263943431,1.9892977832207017,1.5003248597479464,-11.529439528318921,-7.529439528318921,-3.529439528318921,0.39294708697672576,0.06929373459715929,0.890290476248711,26.621062274100293,121.7731263702702,0.8618831506695441,49673.68457865715,1511282172
1241,11242,9.170727762658528,5.930201541710831,5.930201541710831,1.9302015417108311,1.5637427582602321,-9.28361673643711,-5.283616736437112,-1.2836167364371118,0.3265008326281049,0.06346450131383782,0.8854698502718901,27.139225418256395,123.91674632841426,0.8643660531139672,49673.68457865715,1511282172
1242,11243,12.539769828068586,10.001635835696668,6.001635835696666,2.001635835696666,1.5050935032847506,-8.220635419740002,-4.2206354197400024,-0.22063541974000245,0.40252499527203733,0.0682379237679319,0.8896532634295623,26.747819125364565,119.44538623098052,0.842644264447474,49673.68457865715,1511282172
1243,11244,13.504068742078468,10.003756886281527,6.003756886281529,2.003756886281529,1.5059312323272305,-7.646071943193136,-3.646071943193136,0.3539280568068641,0.40374082401110445,0.06551751901813407,0.8807848665693244,26.764900644630877,115.93713415935923,0.8461429282802291,49673.68457865715,1511282172
1244,11245,11.660486003902335,10.00363674982881,6.003636749828811,2.003636749828811,1.5063278982521309,-7.767415852060061,-3.7674158520600614,0.23258414793993798,0.40413376320516603,0.06645310075881022,0.8842894844377296,26.77154033592862,117.04140243481518,0.8390493058649794,49673.68457865715,1511282172
1245,11246,4.242138072893018,4.224154931935985,3.8481319925158566,1.740926168330063,1.740926168330063,-8.574446212017246,-4.5744462120172455,-0.5744462120172453,1.0293829580681675,0.05481481526338556,0.9087555192138852,33.08071774129961,140.21775387643982,0.9250138171374059,49673.68457865715,1511282172
1246,11247,14.272820314242047,13.137627586230119,9.137627586230119,5.137627586230119,1.5443013570834105,-14.008302531085116,-10.008302531085116,-6.008302531085115,-2.1492062046255516,0.06125767027524443,0.8902959774543411,27.671915673737942,138.351866998885,0.9315709597122585,49673.68457865715,1511282172
1247,11248,13.489705699270855,10.004872847534546,6.004872847534548,2.004872847534548,1.5081018501617514,-10.327710523021997,-6.327710523021996,-2.327710523021996,0.40559098743124733,0.06813530659127309,0.8904976466926602,26.803414132626518,122.64295959011315,0.8602286807146744,49673.68457865715,1511282172
1248,11249,8.41317950409575,6.9455241394779925,2.9455241394779925,1.9027014834914062,1.5766626461713302,-8.471139553131843,-4.471139553131843,-0.4711395531318432,0.3047337955519034,0.06281060788750298,0.8851285076366951,27.290067280273547,122.08829093401829,0.8514030521973348,49673.68457865715,1511282172
1249,11250,5.657656538996075,4.0958359243034606,4.0958359243034606,1.9393219999407356,1.4905165625964776,-9.902808252550466,-5.902808252550467,-1.9028082525504668,0.34314739524771154,0.07134562711324728,0.8875006899138936,26.072823480422116,119.1889363916557,0.8675238443050735,49673.68457865715,1511282172
1250,11251,9.390066558757393,9.390066558757393,5.390066558757392,2.0383634703597493,1.5233608979028228,-10.13797732910951,-6.1379773291095105,-2.1379773291095097,0.4240464165952609,0.0658914111265523,0.8899171721340207,27.06850737781455,123.96500182027418,0.858787870060253,49673.68457865715,1511282172
1251,11252,9.480359598431603,6.5467715033383636,2.546771503338364,2.1307453062615633,1.686402664849828,-13.545013475669965,-9.545013475669965,-5.545013475669965,-2.313597335150172,0.049155988348068,0.8956281331631132,30.812862176956394,153.0157657834747,0.9957029219605089,49673.68457865715,1511282172
1252,11253,13.438760607169808,9.909981291443463,5.909981291443463,1.9099812914434637,1.5760353436403973,-11.330377050161877,-7.330377050161877,-3.330377050161877,0.32096195322009846,0.06270182308784528,0.8858834971848216,27.355874534431504,125.09954801760509,0.8671362627615634,49673.68457865715,1511282172
1253,11254,12.989928634,10.031435344306647,6.031435344306646,2.031435344306647,1.5178126751273073,-8.514975579587942,-4.514975579587943,-0.5149755795879425,0.4232190429064884,0.0665571878142169,0.8903644450837308,27.024401743320745,121.60181360442427,0.8454279972830654,49673.68457865715,1511282172
1254,11255,9.844153815851767,6.031481821383098,6.031481821383098,2.031481821383098,1.530705721868433,-11.588801904044105,-7.5888019040441055,-3.5888019040441055,0.41119809595589474,0.06516725747869234,0.8884917139312793,27.039552885861443,123.89753623209495,0.8596274839722363,49673.68457865715,1511282172
1255,11256,14.117931264046339,12.05783345848745,8.05783345848745,4.057833458487449,1.5617779023920983,-7.537588862650537,-3.537588862650537,0.4624111373494626,0.7044692099018949,0.055177247318514915,0.8826250277991374,28.6941307576504,134.39617466244272,0.9225253188207225,49673.68457865715,1511282172
1256,11257,6.523659446846229,6.262458400429504,2.2624584004295043,1.9291035528333973,1.5497674524030798,-8.857161484474469,-4.85716148447447,-0.8571614844744697,0.36777820758915514,0.06688286351523397,0.890127728594531,27.253178991771037,120.59677087331157,0.8412986785738554,49673.68457865715,1511282172
1257,11258,10.043607917561092,9.9039161993697,5.903916199369699,1.9039161993696991,1.5777419709164804,-9.109190608647488,-5.109190608647489,-1.109190608647489,0.3131252959195183,0.06268945911351248,0.8857741368476275,27.3597567637398,124.63872622487823,0.8645762079089911,49673.68457865715,1511282172
1258,11259,8.172234639366636,7.859199433228227,3.859199433228227,1.9482806104086856,1.476387289181982,-8.95512744038379,-4.955127440383791,-0.955127440383791,0.37194439827229453,0.07282603599700258,0.8898714489565737,26.085417588248337,118.52094490043922,0.8650012153634343,49673.68457865715,1511282172
1259,11260,13.000898245747637,10.867196005922347,6.867196005922347,3.0466660351752326,1.5166607076910597,-12.627805723253786,-8.627805723253786,-4.627805723253787,-2.1747763527259814,0.06467488655092768,0.8922513895162778,27.333778666825953,136.41972826101485,0.9274363550108828,49673.68457865715,1511282172
1260,11261,13.857088735776236,9.868638317773632,5.86863831777363,1.8686383177736308,1.512644641336679,-7.965193260086688,-3.9651932600866884,0.034806739913311846,0.34556391901294603,0.069420056367744,0.8889745660308643,26.77980005976398,117.22322349012589,0.8373267988858029,49673.68457865715,1511282172
1261,11262,13.401515660257145,10.040187084028512,6.04018708402851,2.04018708402851,1.5211662719561663,-10.78015759127595,-6.780157591275951,-2.78015759127595,0.4309254674780947,0.06610710608690407,0.8908613913623276,27.133225391524473,124.23906594269104,0.8588320164458759,49673.68457865715,1511282172
1262,11263,12.449114605324334,9.785801633985065,5.785801633985065,1.7858016339850649,1.7858016339850649,-11.381104363921077,-7.381104363921077,-3.381104363921076,0.6188956360789242,0.05146362645434541,0.8940655335881573,31.38799738128624,139.37469567638118,0.9099132420478353,49673.68457865715,1511282172
1263,11264,13.615977416080227,12.602431934903,8.987441623991499,8.640143590509805,4.640143590509805,-4.557119184593052,-1.6650838800815455,-1.4117881178498397,2.3708256636653644,1.7408134512483114e-06,0.8210955576413117,111.2768956010248,556.1878709376675,4.9531784999287805,49673.68457865715,1511282172
1264,11265,11.063913704374944,9.955023101403441,5.955023101403441,1.955023101403441,1.4766149762073206,-8.638852854986014,-4.638852854986015,-0.6388528549860155,0.37800879272728505,0.07264261598621541,0.8898420750634606,26.104647687644484,117.20767057835553,0.8552879900193099,49673.68457865715,1511282172
1265,11266,13.30278982411804,12.601670320147482,8.601670320147482,4.601670320147481,1.517220130928752,-10.5733670652385,-6.5733670652385,-2.5733670652384992,-0.5220807502251754,0.0646053889915963,0.8909005628933646,27.198396855003857,135.70606422755796,0.9260012310940519,49673.68457865715,1511282172
1266,11267,15.090249641964832,11.472128329754094,7.472128329754095,3.472128329754094,1.4453907656453715,-10.88927247974807,-6.88927247974807,-2.8892724797480698,0.5899838989807926,0.07284016886537972,0.9003568128917396,27.117908500407413,131.5297099142932,0.9336972455399813,49673.68457865715,1511282172
1267,11268,9.388767855419562,7.472643407802738,3.472643407802738,2.048714941206146,1.522595219451403,-10.320584454845182,-6.320584454845182,-2.320584454845182,0.4358132630914089,0.06582944901980181,0.8905918923498426,27.149062556099793,124.11495290335232,0.8574304508460796,49673.68457865715,1511282172
1268,11269,6.388601949149229,5.840198815563051,5.840198815563051,1.8401988155630515,1.5096329130486927,-11.102851254609002,-7.102851254609002,-3.1028512546090017,0.3005736643115482,0.07146437839877218,0.8907636610691988,26.541656023423673,120.99041172491923,0.8690613690701868,49673.68457865715,1511282172
1269,11270,12.910945865322311,10.06029772268294,6.060297722682939,3.2286489822967948,1.6207881156987736,-9.546052892078551,-5.546052892078552,-1.5460528920785517,0.44291669134795875,0.05235452217956212,0.8894103613479013,29.175268157923846,141.07195877973126,0.9333056641519628,49673.68457865715,1511282172
1270,11271,12.771000864762648,10.40343547567177,6.403435475671771,2.4034354756717713,1.5114490525999222,-12.226519272921985,-8.226519272921985,-4.226519272921984,-1.9118834241825506,0.06558221237091603,0.8974710802561592,27.77009582523013,137.98527567362694,0.9335548527957259,49673.68457865715,1511282172
1271,11272,10.79863816662408,9.983087786410739,5.983087786410737,1.983087786410737,1.4744430315491883,-11.041682052923498,-7.041682052923499,-3.0416820529234982,0.385125330932649,0.07251102991933148,0.887682452391948,25.8718008023745,118.37958083236992,0.8694567167007008,49673.68457865715,1511282172
1272,11273,10.673637293242301,10.057274984318916,6.057274984318915,2.0572749843189158,1.5329914109168918,-10.265638436624272,-6.265638436624274,-2.2656384366242737,0.4413953161101343,0.06453018663521548,0.8902215145498127,27.3065629332006,125.07479731468328,0.8586721633108663,49673.68457865715,1511282172
1273,11274,10.076542463459646,9.886828594217105,5.886828594217105,1.8868285942171052,1.5903156399590463,-10.40620560727193,-6.4062056072719304,-2.4062056072719304,0.2554844996459309,0.06195921161990646,0.8845514414109269,27.40409487281733,125.64280080753628,0.8739081937962183,49673.68457865715,1511282172
1274,11275,11.578866447709439,10.078037485214539,6.078037485214538,2.078037485214538,1.4995771562458862,-12.811297560657847,-8.811297560657847,-4.811297560657847,-1.4552406851958015,0.06861979368647794,0.881050773538655,25.691098871958644,126.46578757001532,0.929205196527679,49673.68457865715,1511282172
1275,11276,9.743277483422588,9.347319499636333,5.857040277462768,1.8570402774627677,1.8570402774627677,-10.55875614898569,-6.760098017020204,-2.760098017020204,1.143573613550993,0.04290043863036077,0.9022922874705499,34.87754939138607,149.22965984909845,0.9766652185509442,49673.68457865715,1511282172
1276,11277,6.872957072628779,6.043939566910753,2.043939566910753,2.043939566910753,1.5257560211459815,-11.462531061932099,-7.4625310619321,-3.462531061932099,0.4401424877445703,0.07093356944615788,0.8941348777156026,27.227202314594905,120.31682918609863,0.8533747458211587,49673.68457865715,1511282172
1277,11278,13.220978393012949,11.531225402225367,7.531225402225367,3.531225402225367,1.49943606434759,-12.868763465567985,-8.868763465567985,-4.8687634655679854,-0.8687634655679852,0.06687982016029015,0.8930930917801434,27.08258018855387,134.6562974318448,0.9248201651386139,49673.68457865715,1511282172
1278,11279,13.41933404942174,12.289651763144938,8.28965176314494,4.289651763144939,1.4169713122159815,-12.40781907012913,-8.40781907012913,-4.407819070129131,-1.094773301552115,0.07824561421249046,0.8940744191672257,25.58008837769461,127.71657775112585,0.9569205540439427,49673.68457865715,1511282172
1279,11280,12.919977620430704,10.048541590291762,6.048541590291762,2.0485415902917623,1.5293579060142604,-11.19084281537806,-7.19084281537806,-3.190842815378061,0.43994517911954256,0.06504998446221039,0.89069414412375,27.27963755140611,124.88709041418232,0.8584342223398379,49673.68457865715,1511282172
1280,11281,8.766620727247412,7.847491119296987,3.847491119296987,1.6736937847192588,1.6736937847192588,-12.052085162802165,-8.052085162802165,-4.052085162802164,-0.9533355273228621,0.06482561784851809,0.8947001316379958,28.991214954112362,139.46638566602357,0.9429607049339912,49673.68457865715,1511282172
1281,11282,11.848469719254783,10.791530219970616,6.791530219970615,2.791530219970615,1.3973829081507418,-12.41033261492079,-8.41033261492079,-4.41033261492079,-0.41033261492079,0.08115208830940801,0.8846570310681687,24.261828653784136,118.6512569854822,0.9555990304313927,49673.68457865715,1511282172
1282,11283,10.911552742565082,9.835451960220583,5.835451960220581,1.8354519602205814,1.522926628784931,-8.862810174445245,-4.862810174445247,-0.862810174445247,0.32642327772725555,0.07013646105905194,0.8916968188640616,26.868205712918268,121.35748551355867,0.860404088471055,49673.68457865715,1511282172
1283,11284,12.847002096834848,9.932433100211343,5.932433100211345,1.9324331002113448,1.561085422372037,-9.432873895435632,-5.432873895435631,-1.432873895435632,-0.7104786688212996,0.06381849232551567,0.8844500253923036,26.957820260437476,129.08661681367,0.9041216531786039,49673.68457865715,1511282172
1284,11285,10.742155653426547,10.06171405226951,6.061714052269509,2.0617140522695094,1.5321783731394867,-9.288440648817158,-5.28844064881716,-1.2884406488171594,0.44440624364035597,0.06456406156005301,0.8901445539422381,27.289803430651368,124.78879684029255,0.8572016652806921,49673.68457865715,1511282172
1285,11286,9.654613649491365,9.646665259568042,5.646665259568041,1.6466652595680416,1.6466652595680416,-10.056637482034407,-6.056637482034407,-2.0566374820344073,0.05195278053133068,0.06836375424679056,0.8886439195011447,27.75348820871513,126.89101885376331,0.8950323995823234,49673.68457865715,1511282172
1286,11287,10.130651793498327,8.118013571049728,4.118013571049729,1.9272203072698968,1.5976261129566198,-11.658117887357687,-7.658117887357687,-3.6581178873576867,0.34188211264231305,0.06016021902827723,0.8850626756399126,27.70250542152938,126.63114696851335,0.8717911970972815,49673.68457865715,1511282172
1287,11288,12.76770021846359,11.701640970623007,7.701640970623007,3.701640970623007,1.4403703723878587,-10.726831357063386,-6.726831357063386,-2.7268313570633858,-1.6611775077382582,0.07488093915119465,0.8957607320418685,26.213557655303077,130.86906487536586,0.9471744070206847,49673.68457865715,1511282172
1288,11289,14.89823792827212,13.086884439990431,9.086884439990433,5.124271444161935,1.52022960379923,-12.713800445481256,-8.713800445481256,-4.713800445481256,-0.7138004454812561,0.06422661875025662,0.8909970281383554,27.267094649837873,136.23833797368613,0.92750160520722,49673.68457865715,1511282172
1289,11290,12.299739896693369,9.802033597374347,5.802033597374347,1.8020335973743475,1.5256971673470254,-10.222845652268843,-6.222845652268844,-2.222845652268844,0.1267162584249093,0.07102789657981895,0.8879271107380222,26.4011851569176,121.35440446154108,0.8778811523710439,49673.68457865715,1511282172
1290,11291,16.219531138331423,13.091756281710886,9.091756281710886,5.091756281710887,1.5545469988536202,-12.512066081656673,-8.512066081656673,-4.512066081656673,-1.261399509308532,0.0600269958657788,0.8880374330819725,27.637713446267814,138.1465870908944,0.9337446888079172,49673.68457865715,1511282172
1291,11292,11.188141366269742,7.469601528185022,5.492325795600652,1.5719907607549166,1.5719907607549166,-6.612973278886308,-2.767264285953603,-0.07964550959985472,1.5719907607549166,0.05794564926058474,0.9040957838012358,37.26438454370793,148.8567783982844,0.9779844410302033,49673.68457865715,1511282172
1292,11293,13.539228064013544,12.53492406950382,8.53492406950382,4.534924069503819,1.4930462177518369,-11.100558834256615,-7.100558834256616,-3.100558834256617,0.621971535883369,0.06654114325772721,0.8895961644727277,26.86952146856064,132.98910613642036,0.9215912628076218,49673.68457865715,1511282172
1293,11294,13.595993280159124,12.937134165362663,8.937134165362663,4.937134165362662,1.4700711343357817,-12.799619247578612,-8.799619247578612,-4.799619247578613,-1.89160284354512,0.07077124065089928,0.8882559398214137,26.0008161121035,129.9870130550501,0.9310218129923737,49673.68457865715,1511282172
1294,11295,11.081153036544796,9.71604280662698,5.716042806626978,2.5205119070422737,1.4262183918855194,-12.83471181422668,-8.83471181422668,-4.834711814226679,-1.390763104514151,0.07696810127811037,0.8974057287664685,26.104789522658855,129.2015123923064,0.951305437744723,49673.68457865715,1511282172
1295,11296,9.765963012818329,9.384145671038848,9.235781873925,5.386506224746056,1.3865062247460564,-10.079164318453412,-6.079164318453413,-2.0791643184534134,0.14757068128075712,0.0826468468958367,0.8973516651881848,25.368317910399853,126.61606630289934,0.9867621721534097,49673.68457865715,1511282172
1296,11297,11.038483691544835,7.6573368685006855,3.6573368685006855,1.9827354034573872,1.465418236979479,-10.230611295331205,-6.2306112953312045,-2.2306112953312045,0.38780412623036975,0.07362608672442987,0.885942959621802,25.54263503277457,116.72944091075368,0.8737543053161438,49673.68457865715,1511282172
1297,11298,12.02309029460816,10.06981006288565,6.06981006288565,2.0698100628856504,1.5304219539061699,-9.528010909628502,-5.528010909628504,-1.528010909628504,0.4491009427475168,0.0646627347400088,0.890367557928791,27.29179842413829,124.93791498385826,0.8579436648968585,49673.68457865715,1511282172
1298,11299,11.851159771578857,11.063553599031817,7.063553599031818,5.601940899356038,1.6019408993560378,-9.280893817147845,-5.280893817147844,-1.2808938171478441,0.430236283373721,0.054395216136235484,0.9010046967006851,30.107303397062495,150.23979770667404,0.9777719550659836,49673.68457865715,1511282172
1299,11300,7.796220321725766,6.032861239956578,6.032861239956578,2.0328612399565773,1.5452999046156373,-10.077271557820323,-6.077271557820322,-2.077271557820322,0.4143734350377597,0.06351403671379344,0.8868004206472275,27.13396740496981,124.2927036305771,0.8613234288049751,49673.68457865715,1511282172
1300,11301,14.650311731688832,13.02310748469303,9.02310748469303,5.02310748469303,1.5814519676087768,-12.660926172561709,-8.660926172561709,-4.660926172561709,-2.4185480323912234,0.05688736347014819,0.8826823925969014,27.6234431131263,138.1115182932338,0.9495011798963097,49673.68457865715,1511282172
1301,11302,17.304891198328892,13.46628133884198,9.46628133884198,5.466281338841981,1.4662813388419809,-10.82471895877547,-6.82471895877547,-2.8247189587754713,-0.5218747854319208,0.07128555334757063,0.8752260581517062,24.6693428947054,123.27777801350688,0.9641799411502858,49673.68457865715,1511282172
1302,11303,10.938038368202948,10.172478837895952,6.172478837895951,2.172478837895951,1.6884395840097721,-11.29580989669893,-7.295809896698931,-3.2958098966989313,-0.6773205078220441,0.04769829034350127,0.894120959718555,30.800994859703074,149.25020265247522,0.9743633312132929,49673.68457865715,1511282172
1303,11304,9.947276477341964,6.33624097905096,2.5896670036752356,1.7718942648309723,1.0074797761183063,-6.675847992789602,-2.8539326372432834,0.7549766909730986,1.0074797761183063,0.09761582468948576,0.8649013113589868,25.03137255604728,96.60713873192987,1.1661083979720424,49673.68457865715,1511282172
1304,11305,9.718524639608379,8.497478111906489,6.5809929146969175,2.6881627531693857,1.0190546828351457,-6.753854159555082,-4.8187819413650175,-1.9293581980959822,1.0190546828351457,0.11059635606823125,0.9064583857941949,25.842046004418023,118.76393246008169,1.3429008227608845,49673.68457865715,1511282172
1305,11306,12.705535679117403,9.885042760425065,5.885042760425065,1.8850427604250646,1.5583907182955234,-8.404159471933491,-4.404159471933491,-0.40415947193349155,-0.2821962360206014,0.06511445193230142,0.8837355534031516,26.774738357677876,122.61038821043013,0.8713927988636796,49673.68457865715,1511282172
1306,11307,12.361001840538533,9.978922126264624,5.978922126264624,1.9789221262646248,1.4853547718198927,-10.57671823581349,-6.576718235813489,-2.5767182358134892,0.42515718309349726,0.07115541826663724,0.8945893965209392,26.80706883994288,122.309090072891,0.8669483116239128,49673.68457865715,1511282172
1307,11308,10.329453993057696,9.308338429202989,5.308338429202988,1.9818579152669014,1.48980394738319,-11.312407887024317,-7.312407887024318,-3.3124078870243174,0.4270127466591156,0.07057611645599199,0.8944876947723811,26.88147735286407,122.66083064037508,0.8656747891093896,49673.68457865715,1511282172
1308,11309,11.984563020140358,9.848866640235743,5.848866640235742,1.848866640235742,1.848866640235742,-9.495692781831478,-5.49569278183148,-1.4956927818314794,0.07059621337561461,0.04518862079555669,0.8943120686734779,32.74012059454272,151.1405936222315,0.9890377527876848,49673.68457865715,1511282172
1309,11310,11.019702695629233,9.706317173375945,5.706317173375945,1.7063171733759452,1.7063171733759452,-9.974447433262615,-5.974447433262615,-1.974447433262614,0.9196917512455319,0.059382432646980225,0.908537950794332,31.9834828554486,137.68765190446405,0.9180167108066786,49673.68457865715,1511282172
1310,11311,11.081471245223378,9.710154144994254,5.710154144994254,1.7101541449942543,1.7101541449942543,-9.543190199844533,-5.543190199844533,-1.5431901998445323,1.401094729680917,0.05226709221122927,0.9101997347085345,36.010460353954386,148.0494614740758,0.9772584553149134,49673.68457865715,1511282172
1311,11312,10.07016016757844,7.957077606776496,3.9570776067764957,3.2396984007350955,1.4560790040520806,-10.364554672511892,-6.364554672511892,-2.3645546725118924,0.23388392846736372,0.07252847975984475,0.8896928538119135,25.914297668494683,125.9374209776824,0.9115957987532793,49673.68457865715,1511282172
1312,11313,7.2503173183767515,5.903362127224213,1.9033621272242125,1.9033621272242125,1.524216673094961,-9.915934875878435,-5.915934875878434,-1.9159348758784336,0.3972417647211943,0.07649643610715312,0.8976101500637002,27.19895283558421,118.92667429250062,0.8806060162296957,49673.68457865715,1511282172
1313,11314,11.086069382030413,9.949443293562355,5.949443293562354,1.9494432935623536,1.6055391250709665,-11.140017406816442,-7.140017406816443,-3.140017406816443,0.3785517988300937,0.058855973327505334,0.8854210831457343,27.932328869336565,127.58765065514628,0.8725423486578646,49673.68457865715,1511282172
1314,11315,13.986506042056284,10.543849620971073,6.543849620971073,2.5438496209710726,1.6149665968815337,-9.093970234979096,-5.093970234979096,-1.0939702349790956,0.617328811739172,0.052795759045075094,0.8906506519803961,29.27611621507903,136.1194906600907,0.8977160884338421,49673.68457865715,1511282172
1315,11316,9.048863746004129,7.074465952809452,3.074465952809452,2.032132793643913,1.3242915240488278,-10.938334463912165,-6.938334463912165,-2.938334463912165,0.40762331135322727,0.0927769425702555,0.8975256770957187,24.300194500824613,110.88050419061301,1.002322488811819,49673.68457865715,1511282172
1316,11317,12.859516984302394,9.517533507150711,5.517533507150711,1.566154367459858,1.566154367459858,-9.111027068496854,-5.111027068496853,-1.2573329017980777,-0.799969079903929,0.0798263652426298,0.8855742818565083,25.79982629891877,121.43273346972173,0.9569724695560177,49673.68457865715,1511282172
1317,11318,11.97183628105537,11.108829166636756,7.108829166636755,3.1088291666367556,1.4300972893238681,-11.382806127067896,-7.382806127067896,-3.382806127067896,-0.8918196319222853,0.07634359805335156,0.8848815387989721,24.900894729626877,123.36846367432467,0.9425291342194162,49673.68457865715,1511282172
1318,11319,11.75764038414157,9.856585067892471,5.856585067892472,1.8565850678924722,1.5561586962551817,-9.96255050801346,-5.962550508013461,-1.9625505080134602,0.010608501366090817,0.06623183644635508,0.883532029211199,26.613808109756118,123.51689329405517,0.8836996232802072,49673.68457865715,1511282172
1319,11320,12.145612499507402,10.091572430828508,6.091572430828507,2.0915724308285073,1.5350396970938995,-8.064504138261519,-4.064504138261519,-0.0645041382615188,0.45883494914562184,0.06337798765651634,0.8882138811517027,27.34758882932031,122.1446101930147,0.8413803190143256,49673.68457865715,1511282172
1320,11321,14.051979277568321,11.807998174310963,7.8079981743109625,3.8079981743109625,1.4657437832917568,-11.119854373427032,-7.119854373427032,-3.1198543734270325,0.565871609451392,0.0703199071272176,0.8866604891027228,25.991071027998125,127.22212246040122,0.9163955299641102,49673.68457865715,1511282172
1321,11322,12.951411857740025,9.057261395882612,5.537679705464339,1.5376797054643394,1.5376797054643394,-10.924801908189009,-6.92480190818901,-2.924801908189009,-2.462320294535661,0.08421068890602322,0.8985458560834068,26.607057820538408,131.1359686413274,1.0314455874986725,49673.68457865715,1511282172
1322,11323,8.297935351024746,6.065789748743435,6.065789748743435,2.065789748743435,1.5409575221947425,-10.56944619908164,-6.56944619908164,-2.56944619908164,0.43186284757747107,0.06355106983708665,0.8875352352283704,27.176066550263517,124.62568383564474,0.8607310200813241,49673.68457865715,1511282172
1323,11324,9.108274004619549,5.747278431782337,4.743808697889858,2.391274484575236,1.8025883689093172,-7.490149337173468,-3.580031738737194,-0.9820426872739942,1.8025883689093172,0.022515603581115436,0.8915397837487857,42.5772435014116,179.98155960719532,1.295056233498226,49673.68457865715,1511282172
1324,11325,12.59262990111315,10.604898520142111,6.604898520142111,2.604898520142111,1.4487354174056508,-13.712241185487821,-9.712241185487821,-5.712241185487821,-2.5512645825943494,0.07374008188750675,0.8788745648580041,24.67443659775731,123.12497300069919,0.9544102503641279,49673.68457865715,1511282172
1325,11326,13.35204246656289,10.851151576049093,6.851151576049093,2.8511515760490926,1.5555099730901258,-12.389672212366074,-8.389672212366074,-4.389672212366076,-0.39990287166420146,0.05992080328385113,0.888794047749146,27.73536407028571,135.78662129725285,0.9154063564776174,49673.68457865715,1511282172
1326,11327,6.106654803643176,6.071635449453661,2.071635449453661,2.071635449453661,1.5277685443426539,-11.544256162125762,-7.544256162125763,-3.5442561621257633,0.4557438378742369,0.06989251070903897,0.8937650545403958,27.28709586314961,120.72877483362754,0.8501852227331494,49673.68457865715,1511282172
1327,11328,12.091336409031436,10.23685856794836,6.236858567948359,2.23685856794836,1.467213876811596,-10.454652548522427,-6.454652548522427,-2.454652548522427,-0.7160506115661851,0.07176469387365055,0.882775799392086,25.343380624903865,123.14559067678375,0.9176251769013796,49673.68457865715,1511282172
1328,11329,13.476841558276563,11.56060310204069,7.560603102040689,3.560603102040689,1.5254047337079302,-9.834311140953762,-5.834311140953761,-1.834311140953761,0.4814360762257106,0.06313780125215723,0.9010433471465902,28.600731448738713,139.45748845353324,0.9314655509166127,49673.68457865715,1511282172
1329,11330,17.29604804031516,13.96925339807606,10.157248396683315,7.691893871269948,3.691893871269948,-6.148121438568157,-3.2012184242876325,-1.2730210910082596,-0.30810612873005194,0.00011129517584803577,0.9825961014994776,121.23073137097826,606.1446236989449,5.367476594356976,49673.68457865715,1511282172
1330,11331,13.371707184213182,9.878511758101597,5.878511758101598,1.8830031271205623,1.5578659602606961,-11.534332407276844,-7.534332407276843,-3.5343324072768434,-0.37330813365736826,0.06533994046536039,0.8842675948675723,26.777622133861243,126.94272938485423,0.8979320236467363,49673.68457865715,1511282172
1331,11332,15.748546642535544,11.866659907642347,7.866659907642347,4.319902648616877,1.5680847384601362,-10.8467023030741,-6.8467023030741,-2.8467023030741005,-2.1347987800069648,0.058430624796242475,0.8865214616635599,27.753612690202957,138.72982055290532,0.9389314383961725,49673.68457865715,1511282172
1332,11333,12.488148776724854,11.959184510964086,7.959184510964084,3.959184510964084,1.6256943216747282,-9.853491288723356,-5.853491288723357,-1.853491288723357,-0.6850876648466266,0.05200722150992568,0.8932768379476587,29.653858006312486,147.64861934970565,0.9654177125608013,49673.68457865715,1511282172
1333,11334,7.663154882106686,6.056501201047374,6.056501201047374,2.0565012010473733,1.5390078983041817,-8.699716895253406,-4.699716895253405,-0.6997168952534054,0.4247598073715353,0.0638733870586242,0.8870617664524048,27.083609382486614,122.36587168490519,0.8492877403799315,49673.68457865715,1511282172
1334,11335,5.339130826783672,2.042391651812284,2.042391651812284,2.042391651812284,1.5379090449965596,-11.574226829012051,-7.574226829012052,-3.574226829012053,0.4257731709879473,0.07746370962428462,0.8943704299518411,27.120826668008817,117.03550578642988,0.8803881932469337,49673.68457865715,1511282172
1335,11336,13.422455623326536,9.85326611675902,5.85326611675902,1.85326611675902,1.5264505318918167,-9.132414598041189,-5.132414598041188,-1.1324145980411877,0.36990353695517797,0.06921086063473397,0.8928673773609171,27.108291112702723,122.65933937590107,0.8604501524383859,49673.68457865715,1511282172
1336,11337,14.241698542287079,11.59676684203033,7.5967668420303305,3.5967668420303305,1.536213391640015,-13.206250782310073,-9.206250782310073,-5.206250782310073,-2.1607460005706454,0.062242403688742044,0.8955953947538472,28.091767221851356,140.34522874789937,0.9365441946188119,49673.68457865715,1511282172
1337,11338,12.01025771131359,10.06199069446711,6.0619906944671085,2.0619906944671085,1.5175632878138956,-11.543079345012757,-7.543079345012758,-3.5430793450127576,0.4569206549872429,0.06621120859172287,0.8925414911665444,27.28366347463081,124.89650256568945,0.859317151218469,49673.68457865715,1511282172
1338,11339,7.841281668147378,6.043141591234761,6.043141591234761,2.043141591234761,1.541479098597952,-10.756162995502065,-6.756162995502065,-2.7561629955020646,0.4214713255682194,0.06378886836239324,0.8870959415636561,27.110067761993633,124.22963789507001,0.8608818639810442,49673.68457865715,1511282172
1339,11340,10.513264535837228,6.732257895124421,2.7322578951244223,2.7322578951244223,1.5595827000511309,-10.94523221846144,-6.94523221846144,-2.94523221846144,-0.9588848968578441,0.05981022679246553,0.8949956840969664,28.46390079411986,139.64409089576407,0.924597633243898,49673.68457865715,1511282172
1340,11341,15.662448370927237,12.952431219888416,8.952431219888416,4.952431219888415,1.438731821795064,-11.400808130215134,-7.400808130215135,-3.4008081302151343,0.5991918697848656,0.07365595932097713,0.895788699385037,26.505746298973968,131.74308678863022,0.9436427380044993,49673.68457865715,1511282172
1341,11342,12.12534279324731,9.846056858584422,5.846056858584422,1.846056858584422,1.527229608110588,-9.223136005665653,-5.223136005665653,-1.2231360056656528,0.36538672268451156,0.06933716266023415,0.8927239596860946,27.087778496470875,122.62876891439267,0.8613208833939489,49673.68457865715,1511282172
1342,11343,16.28709693404424,13.277114171967414,9.277114171967414,5.449215603312751,1.4492156033127508,-11.03161421026558,-7.031614210265581,-3.031614210265581,-1.2007172116998708,0.07363869027046328,0.8919856470774241,25.980216538771494,129.877554884977,0.9385818632435698,49673.68457865715,1511282172
1343,11344,12.726659834195129,9.976687060294681,5.976687060294681,1.976687060294682,1.5243055177561085,-11.063267322177616,-7.063267322177616,-3.063267322177616,-1.0707139751104158,0.06699162549311101,0.885691981089765,26.491897420256308,129.06804010328165,0.9133552734026664,49673.68457865715,1511282172
1344,11345,8.273352013481487,6.224957200932271,2.5599481010819156,1.1566996887722765,1.1566996887722765,-4.478807298224309,-2.0765439298535204,-0.1346254623381522,1.1566996887722765,0.12335198533412035,0.907688618562619,27.81468231952293,106.27713633913646,1.527957769538459,49673.68457865715,1511282172
1345,11346,9.504563936426088,9.116653531174164,8.806090574495675,5.246835547690453,1.2468355476904527,-6.266107789175264,-2.3038360544827174,-1.0759320090476898,0.7454057259433813,0.09842142285966939,0.9121828905531284,25.77882078428358,128.25833559489485,1.2163428208408007,49673.68457865715,1511282172
1346,11347,12.220141823464225,9.532505504092887,5.532505504092887,1.6580347487930431,1.6580347487930431,-9.014023412818254,-5.014023412818253,-1.014023412818253,-0.10196695681449408,0.06685848534813545,0.8899273144098557,28.12566944529788,128.78554148458193,0.8949104067176247,49673.68457865715,1511282172
1347,11348,9.881874229103333,5.971231066752974,5.971231066752974,1.9712310667529747,1.5006187534608897,-11.615182294070111,-7.615182294070111,-3.6151822940701104,0.344961797034957,0.06961529179042933,0.8828945116091884,25.82889730420002,118.32803566767052,0.8720340506686162,49673.68457865715,1511282172
1348,11349,12.790041258994547,11.574794609633114,7.79966492662338,3.7996649266233797,1.3755405084652985,-14.532795259835876,-10.532795259835876,-6.5327952598358765,-2.6244594915347017,0.08448157867960773,0.8983005663911333,25.24043452912703,126.16821375523801,1.002206327241925,49673.68457865715,1511282172
1349,11350,11.670313354100978,9.908335640442422,5.90833564044242,1.9083356404424203,1.6233505390818028,-9.550403050047864,-5.550403050047865,-1.550403050047865,0.24219274552400605,0.05830833694426975,0.8836821362569133,27.94873081543701,128.24999897877808,0.8836722847247866,49673.68457865715,1511282172
1350,11351,15.651069786195656,12.582227282122973,8.582227282122973,4.582227282122973,1.5107085415715409,-9.452721977404071,-5.452721977404071,-1.4527219774040703,0.8024971063353836,0.0629409460091555,0.905634774373464,29.425314746262664,145.3901236819786,0.9738870357684365,49673.68457865715,1511282172
1351,11352,13.817988048724168,12.450555591281079,8.450555591281079,4.450555591281079,1.552508606803028,-11.527231363114682,-7.527231363114683,-3.5272313631146828,-1.3037405773111679,0.06027026249472821,0.8839212475098517,27.175234613978493,135.7656788125905,0.9368527605696051,49673.68457865715,1511282172
1352,11353,12.72152860274047,9.925568974348188,5.925568974348188,1.9255689743481885,1.57768742747456,-10.860359356586242,-6.860359356586242,-2.860359356586242,-1.6459634684072337,0.06227153944022927,0.8990458729556428,28.825067289369905,141.94112630286057,0.9441569815394715,49673.68457865715,1511282172
1353,11354,13.042711542469759,10.079827245108364,6.079827245108364,2.372673601637691,1.5263397275018928,-10.962789328845977,-6.962789328845978,-2.962789328845978,-2.1744998088491503,0.06378651067230424,0.8912453422862319,27.378641589545282,136.22511375833193,0.9248356242148712,49673.68457865715,1511282172
1354,11355,12.522048470399975,9.885982905520718,5.885982905520717,1.885982905520717,1.5334379696127998,-11.605091217713511,-7.605091217713511,-3.605091217713511,0.3949087822864885,0.06758271193258493,0.8926003818927346,27.282919239469084,123.97367469953093,0.8603402657511863,49673.68457865715,1511282172
1355,11356,16.102083321392055,13.144794979085582,9.144794979085582,5.144794979085582,1.5475901333158075,-10.845475225689421,-6.845475225689421,-2.8454752256894214,0.22750201811970894,0.06078598736136511,0.882572006434792,26.95775862824795,134.41016605315232,0.9367020784381154,49673.68457865715,1511282172
1356,11357,13.829895144576254,10.876387582124837,6.876387582124837,2.876387582124836,1.3661413576010781,-11.725942258840728,-7.725942258840728,-3.7259422588407283,-2.242902892249207,0.08594563388819722,0.8909532842014962,24.298001674021126,121.2323606704526,0.9982514447270737,49673.68457865715,1511282172
1357,11358,13.176702035403604,11.225604789998215,7.225604789998215,3.225604789998216,1.5483526498022455,-11.500221183132052,-7.5002211831320516,-3.5002211831320516,0.49977881686794867,0.06034962842691254,0.8848426313466395,27.292222541755912,131.73826857638701,0.9065418491794138,49673.68457865715,1511282172
1358,11359,6.3997940218890825,6.261864233305037,2.261864233305037,1.7769740013525823,1.7769740013525823,-11.213510743449019,-7.21351074344902,-3.213510743449021,0.528042861743204,0.05440513768128352,0.8935822897914635,30.952214952418657,135.55930851279038,0.8887432072122642,49673.68457865715,1511282172
1359,11360,12.942999391877237,12.721584210787125,8.721584210787125,4.846319649506078,1.3837447624776302,-9.675917028302067,-5.675917028302066,-1.675917028302066,-1.5288805527568996,0.08321815194796045,0.8851773376528423,24.0577204485048,120.22403992959995,0.9838833611740054,49673.68457865715,1511282172
1360,11361,12.019302660531084,11.499480721680342,7.499480721680343,3.499480721680343,1.4449658238483065,-12.402956136255147,-8.402956136255147,-4.402956136255147,-0.48613468576029706,0.07423285412094593,0.8937371221418761,26.08478367490889,129.2127147109841,0.9347987607107953,49673.68457865715,1511282172
1361,11362,13.480503693131276,10.964325702037302,6.964325702037301,2.964325702037301,1.5826206441217654,-13.40512501393319,-9.40512501393319,-5.4051250139331914,-1.7229772424594627,0.056755978325249104,0.8890071510820826,28.305064999540633,140.9812819042711,0.9402401764960809,49673.68457865715,1511282172
1362,11363,12.236391042532178,9.98833002957018,5.9883300295701805,1.98833002957018,1.66781066300146,-11.916584093681543,-7.916584093681542,-3.916584093681542,0.08341590631845763,0.052437121487092564,0.8843568911286115,29.008986291178516,135.1544861430263,0.9154137445541697,49673.68457865715,1511282172
1363,11364,9.22998904426155,7.442763191709298,3.9831438679776037,2.80184010206347,2.80184010206347,-9.013972268770551,-5.231172387029054,-3.0729087693656627,0.6922234549453803,0.0039003396080427763,0.96496239747371,74.88853861193466,352.1098748058846,3.2623359475039444,49673.68457865715,1511282172
1364,11365,8.25058716778577,5.8362091979290005,1.8362091979290003,1.8334606243922313,1.500221966936947,-10.80562532818647,-6.805625328186468,-2.8056253281864683,0.11088552091360615,0.08261740553708753,0.8897310108923615,25.662741322271476,114.3234303659489,0.9218951695418409,49673.68457865715,1511282172
1365,11366,11.0749085731102,8.718580131261444,5.002351445291823,1.9746168344933277,1.4163917800703196,-11.979411254074176,-7.979411254074177,-3.9794112540741766,-2.2425111764605132,0.08061002716550161,0.8789988289755511,23.899748122875895,118.61932398099528,0.9819307713032808,49673.68457865715,1511282172
1366,11367,11.923656791105332,10.07975977041941,6.0797597704194075,2.079759770419408,1.5088643157538197,-9.783423037804312,-5.7834230378043125,-1.7834230378043123,0.4706635219975275,0.06700891971426809,0.8933203780689829,27.23285285810051,124.64257482978002,0.8600573393344447,49673.68457865715,1511282172
1367,11368,9.782346312481451,9.73789089278102,5.737890892781022,1.7378908927810215,1.7378908927810215,-8.634517706923937,-4.634517706923936,-0.6345177069239367,0.7586291743228359,0.05647639166451169,0.900420527000551,31.255265580729343,134.53345525762256,0.8792408657003962,49673.68457865715,1511282172
1368,11369,14.082722139161131,11.178752374898995,7.178752374898995,3.1787523748989948,1.485614801512977,-11.776685455204369,-7.776685455204369,-3.77668545520437,-1.5153629046539592,0.06868930409962758,0.9011500397415985,27.701881566625893,137.98169946263496,0.9491642219523051,49673.68457865715,1511282172
1369,11370,17.48358920650709,13.55513733699339,9.55513733699339,5.555137336993389,1.5551373369933892,-10.642890430349103,-6.642890430349104,-2.6428904303491043,-0.5050043457505395,0.059956555717634,0.8937878744344316,28.266061885209798,141.26008429071058,0.9376151162874151,49673.68457865715,1511282172
1370,11371,3.7501847170981772,2.068112007997696,2.068112007997696,2.068112007997696,1.5327083202404148,-11.404074926443753,-7.404074926443753,-3.4040749264437524,0.44813529157590026,0.07670125850861999,0.8953445866921413,27.231223146142906,117.59956234085556,0.8761368243249613,49673.68457865715,1511282172
1371,11372,13.704521008745404,12.154759126861265,8.154759126861265,4.154759126861266,1.444937799544795,-10.91925635291487,-6.919256352914869,-2.9192563529148696,-1.8587932101339877,0.07423758796803065,0.8793508250078521,24.653383856320424,123.1993084220253,0.9555050080724444,49673.68457865715,1511282172
1372,11373,12.185840373583268,10.896980270319487,6.896980270319488,2.896980270319488,1.602310394666633,-10.468516234476608,-6.468516234476608,-2.468516234476609,0.6195778053928752,0.05398029451297609,0.8960529518410827,29.653134302788967,140.7050364807005,0.917628091561145,49673.68457865715,1511282172
1373,11374,10.251634794454684,8.978987801951895,5.0325423648329854,1.835952639300692,1.4116798658174752,-11.961351168136964,-7.961351168136965,-4.037680639137972,-0.7761819214996437,0.0836082712276075,0.8899408772609525,24.698962387419616,118.76086475026206,0.9601395395423635,49673.68457865715,1511282172
1374,11375,13.470077692263194,10.122137761527524,6.122137761527525,2.122137761527525,1.7746463956569787,-10.062217051055564,-6.062217051055563,-2.062217051055563,0.641655893239687,0.04119246188548601,0.8868385370374077,31.673681409468166,143.80589947223584,0.9715605467354156,49673.68457865715,1511282172
1375,11376,7.109976386608679,5.629451575166646,5.629451575166646,1.6294515751666465,1.6294515751666465,-9.130014378023677,-5.130014378023677,-1.130014378023677,0.24035252629679005,0.07066514387632154,0.8901701281520474,27.573989044483405,123.77141485150523,0.8836563480979391,49673.68457865715,1511282172
1376,11377,6.142822526111635,6.057575719570993,2.057575719570993,2.057575719570993,1.50178463629607,-8.22603990632358,-4.22603990632358,-0.22603990632357984,0.4687216734584476,0.0728196626539609,0.8958839381047152,27.132474482768213,115.87732243033238,0.8346044100658723,49673.68457865715,1511282172
1377,11378,6.823149081170949,6.057661751490215,2.0576617514902154,2.0576617514902154,1.5012501529521913,-9.228047544331499,-5.2280475443315,-1.2280475443314993,0.46866978417626615,0.07315303219316385,0.8967344417404187,27.1277004090422,119.15323657866446,0.8572506952628749,49673.68457865715,1511282172
1378,11379,11.846528313771755,10.306626385221008,6.3066263852210085,2.306626385221009,1.54090875013355,-8.728102306690252,-4.728102306690252,-0.7281023066902514,-0.47955399610307814,0.06218246621618972,0.8911409687341801,27.64309144373287,131.7570057892834,0.8897122688420542,49673.68457865715,1511282172
1379,11380,13.437336332027362,12.893375240515905,8.893375240515905,4.893375240515905,1.3891322323812185,-14.054309247456294,-10.054309247456294,-6.054309247456294,-2.306984576693119,0.08239626658130506,0.8869613150413374,24.331220022001535,121.64811312689719,0.9771469112315926,49673.68457865715,1511282172
1380,11381,9.03111816086053,6.767022698848778,5.7710894763946134,1.7710894763946137,1.7710894763946137,-12.949846834773416,-8.949846834773416,-6.181811361454711,-2.2289105236053866,0.05322109343903705,0.9121253843024388,33.2931970442425,164.75693085092422,1.0930774886589227,49673.68457865715,1511282172
1381,11382,12.199208450887296,10.482338304012906,6.482338304012906,2.482338304012906,1.4631021045802746,-14.536897895419726,-10.536897895419726,-6.536897895419726,-2.5368978954197257,0.07182507474947313,0.90431071266474,27.60354002248748,137.6806546485963,0.9694555475213582,49673.68457865715,1511282172
1382,11383,11.841977205208241,10.062995767722533,6.0629957677225335,2.0629957677225335,1.5028927506917944,-10.89048463974254,-6.8904846397425406,-2.8904846397425406,0.46839988737446236,0.06789372280886258,0.893820868738828,27.160593869002447,124.24973714680283,0.8612772909492006,49673.68457865715,1511282172
1383,11384,10.686259861820822,9.142525250258782,7.516452519820325,5.40958234440336,2.444730806106733,-10.381950571657605,-6.567672238856481,-2.635569108402821,-1.5552691938932668,0.007248014329681836,0.8726867419357235,46.243956371998465,231.19554212334256,1.8965572506166997,49673.68457865715,1511282172
1384,11385,11.520252830326143,11.276393918754753,7.276393918754755,3.276393918754754,1.5688556370449411,-12.596171812472694,-8.596171812472694,-4.596171812472694,-0.8287496441584918,0.058340125996758564,0.8961006030501001,28.80504037597491,142.86559908704336,0.9398666201654324,49673.68457865715,1511282172
1385,11386,13.419765050977327,12.211790422750331,8.211790422750331,4.211790422750331,1.419917020977804,-7.449013163449068,-3.4490131634490675,0.5509868365509325,0.6825464014386273,0.06921364735329356,0.8711513896292347,25.867478158195198,123.652661990306,0.9873578553148754,49673.68457865715,1511282172
1386,11387,4.080242632039644,1.9685980682961755,1.9685980682961755,1.9685980682961755,1.5553510454034385,-8.45607668380509,-4.456076683805091,-0.4560766838050905,0.41561440926447224,0.0799319036314792,0.8966726887025825,27.443858087783596,113.51579188135383,0.8762136405777027,49673.68457865715,1511282172
1387,11388,11.225055453456315,11.172021514565508,7.172021514565507,3.1720215145655066,1.3911731865354755,-11.383726100881317,-7.383726100881317,-3.383726100881317,0.14456019640084983,0.0819455450385355,0.886768298275735,24.376071390579007,118.70547203987638,0.9543686209262772,49673.68457865715,1511282172
1388,11389,14.456923278993912,13.511563447197775,9.511563447197775,5.511563447197774,1.511563447197774,-11.488564288189593,-7.488564288189594,-3.488564288189594,-1.4261679889196308,0.0653224780023778,0.8982812947884028,27.89056397786439,139.4378215672043,0.9412099761601568,49673.68457865715,1511282172
1389,11390,8.461135474535267,8.24544550526038,4.245445505260379,3.375592788289625,1.5558364206249433,-11.075698832274403,-7.075698832274404,-3.075698832274405,-2.444163579375057,0.05987218638187399,0.8852452193071887,27.38435645626829,136.81065732177942,0.9361029684259686,49673.68457865715,1511282172
1390,11391,11.522784164616391,10.057589963585832,6.057589963585831,2.0575899635858312,1.4997956607363128,-8.209154147271631,-4.20915414727163,-0.20915414727163006,0.4673471585608995,0.06801653896217552,0.8929770083560288,27.103086503329955,121.2625404851199,0.8442958829826052,49673.68457865715,1511282172
1391,11392,7.387009786720116,6.051644698789538,2.051644698789538,2.051644698789538,1.500147999243705,-7.999398893695719,-3.9993988936957185,0.0006011063042816733,0.4670384066268103,0.07267747279114098,0.8941984916805981,27.07457971607658,113.89331866266936,0.8233132023556956,49673.68457865715,1511282172
1392,11393,4.617903025894912,4.530382731105515,3.072623528943984,1.7061064035800977,1.7061064035800977,-11.272804387985984,-7.272804387985984,-3.4705598054291116,-0.3783922686068102,0.06076949234113654,0.8918959685379971,29.36297829069069,137.90094698292526,0.922596016189033,49673.68457865715,1511282172
1393,11394,10.578217120276461,10.05591684906093,6.05591684906093,2.0559168490609308,1.4988010920901351,-7.769124991687681,-3.769124991687681,0.230875008312319,0.467188536089977,0.06656099558576518,0.8879086899572167,27.094129561197253,118.81582348510219,0.8355988736414505,49673.68457865715,1511282172
1394,11395,10.132517899974404,6.94914650245963,2.9491465024596297,1.5809438608268482,1.5809438608268482,-8.665713684217893,-4.665713684217893,-0.6657136842178935,-0.20632944870736591,0.07760375598426723,0.8984640362194105,27.494187481715965,124.1178948668075,0.9230003622822388,49673.68457865715,1511282172
1395,11396,11.520921973004329,9.84068149037308,5.840681490373081,5.541188626249806,1.541188626249806,-13.721918553183524,-9.721918553183524,-5.721918553183524,-2.105756985338326,0.06163544207597817,0.900501068086356,28.74345700554112,143.71303627779685,0.953205947571179,49673.68457865715,1511282172
1396,11397,9.468487211223787,6.8091405263896565,2.8091405263896565,2.0491979228356723,1.4954283635971228,-7.751192316457756,-3.7511923164577565,0.24880768354224392,0.4678419230276265,0.06701022033637481,0.887681188129299,27.04454319038306,116.23511691120831,0.8220380366953004,49673.68457865715,1511282172
1397,11398,16.164502374488613,12.181903335421916,8.181903335421916,4.181903335421915,1.5204185309034506,-10.076485628491595,-6.076485628491596,-2.0764856284915956,-0.592032439919201,0.0642027829184032,0.8968507475760814,27.910436549773827,139.07072717590347,0.934805960818185,49673.68457865715,1511282172
1398,11399,7.7788803362256695,7.737802552465735,3.737802552465735,2.048698265319886,1.4923241291186031,-8.467690529602331,-4.467690529602332,-0.4676905296023317,0.46847178457512095,0.0692257196496254,0.8941880213569374,27.021873348818513,121.88743431127324,0.8528954604138351,49673.68457865715,1511282172
1399,11400,9.714109173811789,8.622071338199595,4.622071338199594,2.0600236138258037,1.496359347005747,-10.594898115550318,-6.594898115550318,-2.5948981155503184,0.47027529765115905,0.06869923116714374,0.8941795550073126,27.08044901167224,123.83696049012005,0.8624797396702832,49673.68457865715,1511282172
1400,11401,6.714968242100542,6.107532197434937,2.107532197434937,2.107532197434937,1.5215803624123663,-10.119462669149184,-6.1194626691491845,-2.1194626691491845,0.4771788435476845,0.06960029215391858,0.8936330708506817,27.24185874252878,120.63831029038101,0.8480757828630896,49673.68457865715,1511282172
1401,11402,9.506510734133526,9.126531946387395,5.126531946387395,1.6465081674857671,1.6465081674857671,-11.596493321885852,-7.596493321885851,-3.596493321885852,-1.0742344142653597,0.0683939652970814,0.9104968296973667,30.331394831170442,146.3819894284812,1.0187512999334323,49673.68457865715,1511282172
1402,11403,8.678921810445283,5.973124827264442,5.973124827264442,1.9731248272644422,1.5026697500736168,-11.41079215554764,-7.4107921555476395,-3.4107921555476395,0.4304192579730479,0.06918948940843272,0.8942055940785031,27.073294564624792,123.43930681444868,0.8627168142510688,49673.68457865715,1511282172
1403,11404,13.491089709457427,9.905032841491337,5.905032841491337,1.9050328414913373,1.5580475479904334,-11.770746876975489,-7.770746876975489,-3.7707468769754886,-0.459804883745915,0.0647649539994235,0.8836120846093717,26.76330049937981,127.46935686453273,0.9019257056539022,49673.68457865715,1511282172
1404,11405,12.05369271943741,10.132445655494411,6.132445655494411,2.132445655494412,1.5292540176305167,-9.897516975402723,-5.897516975402724,-1.8975169754027241,0.4815926612472399,0.0641233267226797,0.8900197507654486,27.307628122634075,125.33044415831779,0.859148064668001,49673.68457865715,1511282172
1405,11406,15.775407578465412,12.31540766884957,8.315407668849568,4.315407668849568,1.3171455356413226,-11.006400892642077,-7.006400892642078,-3.006400892642077,-0.2231146850726593,0.09387797408591858,0.8700619631653282,21.50398819107335,107.01726864706899,1.1291862616499269,49673.68457865715,1511282172
1406,11407,13.601752315198711,12.761988623187047,8.761988623187047,4.7619886231870465,1.5008464204624528,-11.396556129609037,-7.396556129609038,-3.3965561296090367,-0.5064917100853632,0.06669741782781836,0.8780975546737122,25.595712870327397,127.76072360683723,0.9457372535819113,49673.68457865715,1511282172
1407,11408,11.818172836618562,11.253399742399257,7.2533997423992576,5.474821305348443,1.4748213053484427,-10.57617642648782,-6.576176426487819,-2.5761764264878195,-2.525178694651557,0.0701302954534114,0.8920505221756422,26.48487504913416,132.42052153581926,0.9312480130974632,49673.68457865715,1511282172
1408,11409,9.107100424028282,8.3781167723185,4.3781167723185,1.5976285377514314,1.5976285377514314,-11.186708198405606,-7.186708198405606,-3.186708198405606,-1.676310916296308,0.07518825378724038,0.8883990956137545,26.72410415373406,130.8731929853129,0.9675483619473488,49673.68457865715,1511282172
1409,11410,10.810681896489433,9.28782838923032,5.28782838923032,2.269849924035664,1.505396693076767,-12.851470274493485,-8.851470274493485,-4.851470274493486,-1.7680419033042936,0.06668895086374868,0.8826908791351087,26.069462408549644,129.20921679038352,0.9273263266232622,49673.68457865715,1511282172
1410,11411,11.408166973143295,10.12647342318511,6.126473423185111,2.126473423185111,1.5268310857531888,-9.41522270932236,-5.415222709322361,-1.415222709322361,0.48069207663083025,0.06445517029338864,0.8904372469018851,27.301725916566976,125.15122975732984,0.858189626460774,49673.68457865715,1511282172
1411,11412,11.29099465567472,8.619529700728798,5.593581769987397,1.6113009906925766,1.6113009906925766,-8.743479534365765,-4.743479534365765,-0.7434795343657654,1.6113009906925766,0.05355695921051217,0.8773761490143567,34.61000238947945,138.38616050454092,0.9785911997166954,49673.68457865715,1511282172
1412,11413,12.480662192616242,11.187957238465183,7.187957238465182,3.1879572384651818,1.5484011625560596,-11.529326025760719,-7.529326025760719,-3.529326025760719,-0.05191877156271674,0.060753792293568525,0.8880605474211714,27.52048452351816,134.70169552268467,0.9136399357787804,49673.68457865715,1511282172
1413,11414,6.295197093844699,5.878987688367825,1.8789876883678258,1.8789876883678258,1.534029943893944,-7.815780716273632,-3.8157807162736317,0.1842192837263683,0.40714897805109307,0.07529131658702434,0.8931730711413387,27.32551303111332,110.65777272088724,0.8236473395335772,49673.68457865715,1511282172
1414,11415,12.518238700173507,9.618487400547044,5.618487400547044,1.6184874005470447,1.6184874005470447,-10.644931169689107,-6.644931169689107,-2.644931169689106,0.2884880109481238,0.07216282734752714,0.8930452119718795,27.66817087363926,124.33105058620862,0.8897355566075492,49673.68457865715,1511282172
1415,11416,7.606707630836848,6.962513474072739,2.962513474072739,2.120915634099698,1.3772881592203736,-10.183256798695115,-6.1832567986951155,-2.1832567986951164,-1.5846808179081615,0.08508978886353036,0.8862591267840245,23.975741778912575,118.04296898335828,0.9846787283721405,49673.68457865715,1511282172
1416,11417,14.57749524393862,11.490291614879357,7.490291614879356,3.7500861045638683,1.63272798313679,-12.754394254195633,-8.754394254195633,-4.754394254195633,-1.5280918982274094,0.05126279848631975,0.903392955503027,30.994045114568294,154.70996176638687,1.0056578496859117,49673.68457865715,1511282172
1417,11418,12.121159578648157,12.004455933757196,8.004455933757196,4.004455933757195,1.49211844049652,-11.8585632403579,-7.858563240357902,-3.8585632403579018,-0.9066861997520659,0.06783393836737626,0.8819605357315637,25.801584797774893,128.6424373312661,0.9337223688105353,49673.68457865715,1511282172
1418,11419,9.528642306912706,5.882821297051006,5.882821297051006,1.8828212970510059,1.5157762505562202,-9.842760714798084,-5.842760714798085,-1.8427607147980847,0.39490246789228545,0.06956091489984254,0.8938523233181502,27.101185184028473,123.0586937179321,0.8631166696636825,49673.68457865715,1511282172
1419,11420,7.74841247994554,7.002753216919655,3.0027532169196545,1.8598830009018268,1.5394325666439668,-9.009452631940963,-5.009452631940964,-1.0094526319409642,0.3989330018292647,0.06765190795742859,0.8929236956053443,27.368635055650522,122.87169019306735,0.8528458220105561,49673.68457865715,1511282172
1420,11421,13.76670232876842,9.876103714263142,5.876103714263143,1.8761037142631436,1.5406777382841994,-11.594614149928812,-7.594614149928812,-3.5946141499288125,0.4053858500711871,0.06705774576925823,0.8929171334768687,27.427040103623412,124.45936418689186,0.8599806887254308,49673.68457865715,1511282172
1421,11422,12.143038609122408,10.398809524150359,6.398809524150359,2.3988095241503595,1.559612878975804,-10.999563700178403,-6.999563700178403,-2.9995637001784026,-1.2618936835334653,0.05974562196507829,0.8905601884354875,27.969151175007248,137.9549436159461,0.9233208712453169,49673.68457865715,1511282172
1422,11423,7.226359324262361,6.012393298250254,2.0123932982502533,2.0123932982502533,1.4859170580611811,-10.543087430860158,-6.543087430860158,-2.543087430860158,0.40824304287278834,0.07634920071517169,0.8889809742369089,25.90784138683411,114.45002151117326,0.8682018232589161,49673.68457865715,1511282172
1423,11424,10.338009980126062,10.33166180130409,6.331661801304089,2.3316618013040893,1.4661638654394775,-10.64171994360026,-6.64171994360026,-2.6417199436002603,-0.42982242537665605,0.07162760607980244,0.8846208405694442,25.52909484883747,123.36236909725821,0.9088417231528243,49673.68457865715,1511282172
1424,11425,9.466273145518752,5.908035952044512,1.9080359520445116,1.9080359520445116,1.5521548629339528,-10.334562652521761,-6.334562652521762,-2.334562652521762,0.4185970321890804,0.07354215489326503,0.8964737093942914,27.564392158565308,120.4603699115604,0.8688042478935525,49673.68457865715,1511282172
1425,11426,11.512224867761626,10.020207474810762,6.020207474810762,2.0202074748107623,1.4854239485602851,-8.058337015163938,-4.0583370151639375,-0.05833701516393752,0.40668140323870294,0.06996076649033112,0.8836122884253891,25.914260264385618,115.30813014492453,0.8508450241047607,49673.68457865715,1511282172
1426,11427,13.730532168983146,9.97637623859394,5.97637623859394,1.9763762385939403,1.5860865273667886,-10.811440894177146,-6.811440894177146,-2.811440894177145,-2.1069745668217896,0.060339774814866895,0.8863384812545724,27.686456181908703,137.19623781376652,0.9352722881903273,49673.68457865715,1511282172
1427,11428,8.50342922608453,5.994823333679047,1.9948233336790477,1.9948233336790477,1.4777744672405089,-10.293494706107774,-6.293494706107775,-2.293494706107775,0.45548778134707835,0.0777083228104105,0.8976082129759345,26.680624728655967,117.18688883050064,0.8794471427378794,49673.68457865715,1511282172
1428,11429,10.419085810189998,10.21060835587926,6.210608355879261,2.4182347826425286,1.4789176941474909,-9.689627737582457,-5.689627737582457,-1.6896277375824569,-0.9007704661957165,0.06977165871187666,0.8873970292686061,26.064413982474296,127.52650206549221,0.9120364509088841,49673.68457865715,1511282172
1429,11430,15.110324570967238,13.37706153140781,9.37706153140781,5.37706153140781,1.3770615314078098,-11.191557690432424,-7.191557690432424,-3.1915576904324228,-1.87075392751607,0.08424661190901815,0.8956743656213512,24.983759514316773,124.91126077615561,0.9940019753963039,49673.68457865715,1511282172
1430,11431,16.13317451969541,12.341443890466305,8.341443890466305,4.341443890466306,1.5427555622800748,-12.217711203795075,-8.217711203795075,-4.217711203795075,-2.4572444377199254,0.061444992665762914,0.8811008926239743,26.70299096416903,133.49635062873793,0.9412702318255725,49673.68457865715,1511282172
1431,11432,10.544657379025605,9.714182198946602,5.714182198946602,1.7141821989466026,1.7141821989466026,-7.962384907038871,-3.96238490703887,0.0376150929611303,0.800103844593748,0.05879491699313662,0.902721209463702,31.26066031041251,132.31539777339663,0.8714240021302319,49673.68457865715,1511282172
1432,11433,15.414618350182069,13.09394234906943,9.09394234906943,5.0939423490694296,1.5467951482467124,-13.714993754830612,-9.714993754830612,-5.714993754830611,-1.7416628533318759,0.060956323393523706,0.893407160520932,28.05742800413394,140.26888313931093,0.9351594147881417,49673.68457865715,1511282172
1433,11434,13.575914530072897,10.131364186098027,6.131364186098028,2.131364186098028,1.5425692305185075,-10.490887609319635,-6.4908876093196355,-2.4908876093196355,0.4833546862401139,0.06260640997547558,0.8892573599468208,27.474984060474885,126.10625903360719,0.8603660841171376,49673.68457865715,1511282172
1434,11435,13.01356415841142,11.016218530878932,7.016218530878931,3.0162185308789313,1.50675361144714,-8.586143921299984,-4.586143921299984,-0.5861439212999839,-0.517982555000515,0.0658734585068613,0.887350947879031,26.640033194645348,129.66074601511642,0.9046418183224367,49673.68457865715,1511282172
1435,11436,9.466518287215786,6.934424244397138,2.934424244397138,2.6168733678095073,1.6301693239133004,-12.238348672654205,-8.238348672654205,-4.238348672654205,-0.2984984703548881,0.05177160165024563,0.8932596053669262,29.724650808062314,143.4769323982836,0.9382535798126526,49673.68457865715,1511282172
1436,11437,14.01114184600106,11.152668452152774,7.152668452152775,3.1526684521527746,1.984097311682693,-12.563286707278444,-8.563286707278444,-5.219590458388894,-2.015902688317307,0.023631086666773146,0.881443529528861,36.092704359887804,180.1082366785288,1.3286647723430187,49673.68457865715,1511282172
1437,11438,10.907719663921394,10.125940946739421,6.125940946739422,2.125940946739422,1.5425652045282543,-10.359135173444322,-6.359135173444321,-2.359135173444322,0.4809862931661375,0.0626593703453706,0.8891422756234779,27.456896599235456,125.9966396270624,0.8602444177767701,49673.68457865715,1511282172
1438,11439,9.15120365197049,6.037396014047611,2.0373960140476117,1.9322507279700483,1.5796332950066836,-7.65911771764608,-3.6591177176460796,0.3408822823539208,0.4182838927820338,0.06510968160743366,0.8839068703288839,27.750062003667672,112.34706150640956,0.8039356119826752,49673.68457865715,1511282172
1439,11440,11.6234327688772,9.929774488783488,5.929774488783488,1.9297744887834876,1.5851273851266303,-10.255958634279832,-6.255958634279833,-2.255958634279833,0.414720912532311,0.061240237551386426,0.8882628223761109,27.8345282885281,126.66586747843792,0.8624207334197992,49673.68457865715,1511282172
1440,11441,12.829760845383447,9.929085333138346,5.929085333138345,1.9290853331383446,1.5794552872317664,-11.583409136008921,-7.583409136008921,-3.58340913600892,0.41659086399107936,0.061811832322852076,0.8887699814657677,27.78655848555821,126.44137063732587,0.8611999780351006,49673.68457865715,1511282172
1441,11442,15.974454537434553,12.51057549513217,8.51057549513217,4.510575495132169,1.563815163359518,-9.249553408248062,-5.249553408248061,-1.2495534082480606,-0.9656320547182473,0.0589295995873465,0.898535546743027,28.979752505215025,144.61672769597828,0.9507825290641347,49673.68457865715,1511282172
1442,11443,8.613200960463907,8.347082700433969,4.347082700433968,1.8441956320841486,1.5371295079913916,-11.347822640858533,-7.347822640858533,-3.347822640858533,0.39007031129252323,0.0683277363590066,0.8927893063633408,27.274558170873114,123.61900194506813,0.8617380699937381,49673.68457865715,1511282172
1443,11444,6.49214732501869,6.046595214466846,6.046595214466846,2.046747351586167,1.520778690250198,-10.754521602200237,-6.754521602200237,-2.7545216022002377,0.4081721649908958,0.0661151293216512,0.8843016532964788,26.445976733332664,121.31435377943137,0.8650132196841763,49673.68457865715,1511282172
1444,11445,6.660633026567418,5.94497516581751,1.9449751658175098,1.9449751658175098,1.5804738472906468,-8.544237437465085,-4.5442374374650845,-0.5442374374650847,0.42538892886354707,0.06917123550869543,0.8928761747505617,27.783165527640648,119.11601359439027,0.8372100429352819,49673.68457865715,1511282172
1445,11446,8.999749515166732,6.302791671358476,2.302791671358477,1.9418173969894819,1.585570713327921,-8.537401996428926,-4.537401996428927,-0.5374019964289263,0.4224146735397143,0.06263347689817829,0.8889246847530851,27.830073506808787,121.9440917010183,0.8345893618950361,49673.68457865715,1511282172
1446,11447,13.320611174293873,9.746196516916513,6.113920283761731,5.174567760168869,1.9457934680233417,-12.416288890184545,-8.416288890184545,-4.4162888901845445,-2.054206531976658,0.02583977537047694,0.8807192466308887,35.14535615733686,175.7157888477315,1.287190897903723,49673.68457865715,1511282172
1447,11448,14.737910992776252,12.216849837329255,8.216849837329255,5.5520732333726395,1.5520732333726397,-12.07525915265734,-8.07525915265734,-4.075259152657341,-0.12800804800490018,0.06031779492013816,0.8856751013410704,27.34363360564722,136.59331283214613,0.9341528675221096,49673.68457865715,1511282172
1448,11449,11.088048392646597,9.943463733851322,5.943463733851321,1.943463733851322,1.5849433978925298,-10.924702699063491,-6.924702699063492,-2.9247026990634923,0.4223301932363297,0.06093809152935413,0.8882360885309801,27.85986752015588,126.84591662496338,0.8626526311379301,49673.68457865715,1511282172
1449,11450,12.623372686903506,9.862663621748403,5.8626636217484025,1.8626636217484032,1.537523875576585,-8.856937809074807,-4.856937809074807,-0.8569378090748072,0.39991749237189533,0.06774401795465963,0.8928780770590831,27.33716438799152,123.16414670378579,0.8553454700573673,49673.68457865715,1511282172
1450,11451,10.651186511758539,9.728046387064195,5.728046387064195,1.728046387064195,1.728046387064195,-9.046485092616425,-5.046485092616425,-1.046485092616425,0.18649509671739128,0.058114805266928644,0.8900657213763082,29.615924635952908,134.19961268940898,0.8959460246557593,49673.68457865715,1511282172
1451,11452,12.986355240076538,9.846741021500035,5.846741021500034,1.8467410215000344,1.5730959903247614,-11.818952266832055,-7.818952266832055,-3.8189522668320555,0.07898529783699382,0.06484480083395502,0.8849760422803813,27.029416012473074,124.96133278863846,0.8794156078789861,49673.68457865715,1511282172
1452,11453,7.708921703537238,6.082453413236997,2.082453413236997,2.082453413236997,1.554567616567707,-8.205177660332524,-4.205177660332525,-0.20517766033252394,0.472107464619703,0.06651188479954422,0.8910323109665172,27.58301011526314,118.00276746818307,0.8199340373591117,49673.68457865715,1511282172
1453,11454,12.841700417677265,10.111286091452737,6.111286091452737,2.1112860914527363,1.5570311182083871,-9.731783411531712,-5.731783411531712,-1.7317834115317117,0.4805606927829811,0.061185663629781256,0.8888169628382327,27.678604812260243,126.84883875122546,0.86146119714564,49673.68457865715,1511282172
1454,11455,7.334084969908601,6.8224164711754245,2.8224164711754245,2.087324130708005,1.556799429420834,-11.459505968061384,-7.459505968061385,-3.459505968061385,0.47339450752933776,0.06160626861860852,0.8886234379866053,27.623130938105664,125.43411872030646,0.8544343260022504,49673.68457865715,1511282172
1455,11456,12.549752051352693,9.934671128812562,5.934671128812561,1.9346711288125615,1.5525862509896886,-11.381911309805286,-7.381911309805287,-3.381911309805287,0.42938633567562023,0.06439987512135643,0.8917218779105156,27.63928394462334,125.71122928760005,0.8580435764879492,49673.68457865715,1511282172
1456,11457,13.463206310910529,9.719237334260363,5.719237334260362,1.7192373342603624,1.7192373342603624,-11.035281369862155,-7.0352813698621555,-3.0352813698621564,0.7457700717572696,0.05865357704300381,0.901264488975208,30.95489121551525,135.3817045166045,0.890040650124276,49673.68457865715,1511282172
1457,11458,10.713957520529245,7.328348777524303,7.089525920856755,3.160161600989375,2.194862469341282,-9.987077914927806,-5.987077914927805,-1.9870779149278057,0.2424276092991977,0.014114689012977273,0.8795861641885849,40.82004316059002,198.18024809404915,1.5483830784393262,49673.68457865715,1511282172
1458,11459,8.033662324961941,5.941082659088127,1.941082659088127,1.941082659088127,1.593664103555778,-9.755863904342567,-5.755863904342567,-1.7558639043425666,0.4231382263689252,0.0682066373203615,0.8921672676451522,27.900718103132462,122.0964363764649,0.8526213202537899,49673.68457865715,1511282172
1459,11460,13.12516166230792,10.127181684997064,6.1271816849970655,2.1271816849970655,1.546812629283855,-9.247751242420827,-5.247751242420827,-1.2477512424208272,0.48433004464720963,0.06216257357700894,0.889174985841598,27.542560639187368,126.14891090307229,0.8592220194474713,49673.68457865715,1511282172
1460,11461,13.805404371356564,10.017684875309014,6.017684875309015,2.0176848753090146,1.4966330388376485,-9.710624353154062,-5.710624353154062,-1.7106243531540624,0.39830665949310373,0.0693316388337468,0.8839196563277707,25.936335231392498,118.76035994644039,0.867891481958833,49673.68457865715,1511282172
1461,11462,14.03342889499304,11.803768501855636,7.803768501855636,3.803768501855636,1.5002665114441711,-9.970867754965862,-5.9708677549658615,-1.9708677549658613,0.49646770954953623,0.06620265783968457,0.8965018082321171,27.60657482746589,135.31579221531447,0.9201777977032723,49673.68457865715,1511282172
1462,11463,14.005462780520004,11.546500584640539,7.546500584640538,5.367857023723446,1.3678570237234464,-12.256142078327285,-8.256142078327285,-4.2561420783272865,-0.8509289613547046,0.08567839179942938,0.8942123641550227,24.657636265675347,123.24113862616724,1.0008797121419022,49673.68457865715,1511282172
1463,11464,16.74391514374458,13.63432270944166,9.63432270944166,5.634322709441659,1.6343227094416595,-11.233645942959459,-7.23364594295946,-3.23364594295946,-1.670278634892821,0.05109555372878588,0.8812032382692556,28.53466843215933,142.6656558872492,0.9801521520809856,49673.68457865715,1511282172
1464,11465,10.833787688177864,9.936350238162273,5.936350238162275,1.9363502381622744,1.6001298884334545,-10.97937976949518,-6.979379769495179,-2.9793797694951794,0.41809126352112713,0.059633983053376076,0.887215401903213,28.0064502749456,127.48943376885691,0.8665541337632506,49673.68457865715,1511282172
1465,11466,11.229265416282935,7.471314361413434,3.4713143614134347,2.141289575781193,1.5663556069043223,-11.76860538225724,-7.76860538225724,-3.768605382257239,-2.433644393095678,0.060209871134223866,0.8797349913988358,26.872842704818467,133.71718274895008,0.9468259909206163,49673.68457865715,1511282172
1466,11467,10.471954688488957,9.905383443875975,5.905383443875974,1.9053834438759742,1.5256732555138488,-9.816056842041764,-5.816056842041765,-1.8160568420417647,0.4201753339924241,0.06791575641221648,0.8936512115481826,27.309588967347615,123.9816679586772,0.8599875297196022,49673.68457865715,1511282172
1467,11468,14.273831433554184,11.536150459482075,7.5361504594820765,4.504155493479226,1.4746615129406055,-14.062276212577105,-10.062276212577105,-6.062276212577105,-2.2170885615955287,0.07015175699046372,0.891597839327541,26.43736868210342,132.16572357444178,0.9308693763060796,49673.68457865715,1511282172
1468,11469,14.063752310311349,10.42685658952081,6.426856589520808,2.4268565895208085,1.6000844010713415,-9.37741649099647,-5.37741649099647,-1.3774164909964701,0.5980924529568987,0.05459735052251965,0.8904640405054034,28.92682759857889,134.1000711420924,0.8872120962212614,49673.68457865715,1511282172
1469,11470,13.081592611563789,11.21235223106444,7.21235223106444,3.2123522310644406,1.6349307065446548,-10.149437459592523,-6.149437459592523,-2.149437459592523,0.4338070921299422,0.0508815937558734,0.8912625684525343,29.662544452121402,143.41859768449802,0.9422758681603556,49673.68457865715,1511282172
1470,11471,16.532167188417404,13.122690577042164,9.122690577042164,5.122690577042164,1.5495845836239364,-10.173985295695617,-6.173985295695617,-2.1739852956956174,-0.9505592249628918,0.06062062489732953,0.8893706907544645,27.678832874661126,138.32574383577332,0.932153231859839,49673.68457865715,1511282172
1471,11472,16.802719940343312,13.175217068048951,9.175217068048951,5.175217068048951,1.6206526372260222,-8.571191612880593,-4.571191612880593,-0.571191612880593,0.5140894223378569,0.05224616850854821,0.8952191898661851,29.858383612680033,148.65672088514086,0.9686697270892887,49673.68457865715,1511282172
1472,11473,14.541216715486476,11.536388358711756,7.536388358711757,3.5363883587117564,1.6165395750450722,-8.629011402009322,-4.629011402009322,-0.6290114020093227,0.7507516968904083,0.05193826553525657,0.8949370412900215,29.986308020918585,144.82521135074342,0.944043413718134,49673.68457865715,1511282172
1473,11474,14.69852139241138,11.14790049931229,7.147900499312289,3.147900499312289,1.4733487948228345,-9.32449159671396,-5.324491596713959,-1.3244915967139594,0.4772861661970629,0.06971655560942588,0.8994632224266651,27.40547189569362,131.9894781382444,0.9162134767700583,49673.68457865715,1511282172
1474,11475,9.501530807747539,6.047135167531352,2.0471351675313523,2.0471351675313523,1.5049378238378346,-9.312790296643826,-5.312790296643827,-1.3127902966438272,0.47235859881420716,0.07302790044231253,0.8970328385161122,27.20809847283352,119.45149004597235,0.8580080580732924,49673.68457865715,1511282172
1475,11476,6.610897697783075,6.3367701762563,2.3367701762563,1.6142364091134003,1.6142364091134003,-7.31714433701677,-3.317144337016769,0.6828556629832314,1.2840703048385955,0.06203933207186782,0.8992137397630663,33.30023430948769,123.21571338928595,0.8217658891162494,49673.68457865715,1511282172
1476,11477,9.383955580396686,6.045098893212944,2.045098893212944,2.045098893212944,1.5109912849823461,-10.297154052389947,-6.297154052389947,-2.2971540523899465,0.47385811990514637,0.07241632173143775,0.8970772791206866,27.31583224145521,120.35496862052696,0.8595445463105212,49673.68457865715,1511282172
1477,11478,11.527182075756727,9.616982141743865,5.616982141743865,1.616982141743865,1.616982141743865,-9.339483057812963,-5.339483057812963,-1.339483057812963,1.2802145513291163,0.06391532236583525,0.9094328924004538,33.266771483404966,137.01943139138933,0.9324400876379783,49673.68457865715,1511282172
1478,11479,11.062836866959,9.928817723134694,5.928817723134694,1.9288177231346935,1.534420004484591,-8.579293306686637,-4.579293306686637,-0.5792933066866375,0.42982480249831045,0.06640826927600392,0.8932232544921427,27.479050681867434,122.56304743406284,0.8436743601277988,49673.68457865715,1511282172
1479,11480,12.323089867699291,11.468922248753161,7.468922248753162,3.4689222487531612,1.4888356493576775,-13.8576188830396,-9.8576188830396,-5.857618883039598,-1.857618883039598,0.06826452602010165,0.8838720190962248,25.928097446592872,129.43775890940134,0.9312102561435706,49673.68457865715,1511282172
1480,11481,13.814025439075452,9.936336822945721,5.936336822945719,1.9363368229457192,1.517754429285959,-11.95403056343777,-7.9540305634377715,-3.9540305634377715,-0.19238920963630846,0.06845988343269606,0.8812208323165105,25.869193140516828,121.91477155792151,0.8977787135310806,49673.68457865715,1511282172
1481,11482,14.217533997446314,13.094105232869332,9.094105232869332,5.094105232869332,1.4699236901208865,-9.968654521174535,-5.9686545211745345,-1.9686545211745343,-0.0694128913647829,0.0707757362937224,0.8803224721512152,25.21833145153216,125.84118637285503,0.9425823757681213,49673.68457865715,1511282172
1482,11483,6.590651892925509,5.976223214989862,1.976223214989862,1.6775264063949507,1.6775264063949507,-7.497493116863377,-3.497493116863378,0.502506883136622,1.043612877539542,0.06530787918763979,0.9053853071456828,32.16675795921624,120.51856439603978,0.8224228918486609,49673.68457865715,1511282172
1483,11484,12.917231621241902,9.959704454628456,5.959704454628455,1.9597044546284559,1.5285818358473702,-11.356968832170248,-7.356968832170248,-3.3569688321702476,0.4429054475406413,0.06645932542244697,0.8938570517598359,27.48977301088343,125.12595997229809,0.8592969664681113,49673.68457865715,1511282172
1484,11485,12.155444202603483,11.737523780435994,7.737523780435994,4.333313125172792,4.333313125172792,-5.289294367103096,-1.2892943671030963,2.710700059772067,4.333313125172792,7.274629723330819e-06,0.9478273635344654,160.0,638.0751610256934,4.87720422156326,49673.68457865715,1511282172
1485,11486,6.746823170387765,6.2187658687897445,5.023472908989814,1.6799173620139911,1.6799173620139911,-10.066500424100234,-6.066500424100235,-2.879151669353149,1.0561089786203977,0.06118501651761548,0.910394792509505,32.32644457034906,137.21907667422118,0.9261111085771808,49673.68457865715,1511282172
1486,11487,9.134704549852874,8.225409946612576,4.225409946612575,3.1124225742837837,1.5009748269697838,-9.838373468567186,-5.838373468567187,-1.8383734685671864,0.2543068786910492,0.06655330482691303,0.8882655538015071,26.634615263743505,129.00549733785715,0.9003516025144368,49673.68457865715,1511282172
1487,11488,13.75252267173722,10.725780971395869,6.725780971395868,3.470342902855789,1.4138455224804984,-12.154587046735218,-8.154587046735218,-4.154587046735218,-1.2540082024664725,0.07870300147129472,0.8868717862476221,24.79000108899357,123.49598164878671,0.9547108914908573,49673.68457865715,1511282172
1488,11489,14.721807030349503,11.15945371849933,7.217085559175443,3.304655030470662,3.304655030470662,-2.6580718963853807,0.7177869841638715,0.9864660080892942,3.304655030470662,0.00047242040012547863,0.9917844910047346,146.91106245420434,529.1588199324756,5.109508351799709,49673.68457865715,1511282172
1489,11490,8.888928287783559,5.982235112744388,1.9822351127443882,1.9822351127443882,1.4697550621623143,-10.312480976214253,-6.3124809762142515,-2.3124809762142515,0.45708591454922876,0.07903019530115318,0.8976259894164939,26.519478919309904,116.32769204214198,0.8854216467873065,49673.68457865715,1511282172
1490,11491,8.5411220979731,5.89247771652344,1.89247771652344,1.89247771652344,1.6027030376130285,-10.511445828307465,-6.511445828307466,-2.5114458283074654,0.3343130724845238,0.06992999463161917,0.8916969751833064,27.795546048915405,122.18788350606013,0.8645154812997767,49673.68457865715,1511282172
1491,11492,12.956225306052845,10.334738607229793,6.334738607229792,2.3347386072297924,1.5216414355227432,-8.9276929663174,-4.927692966317401,-0.9276929663174001,-0.7216961606416346,0.06445276679137375,0.9034971862499678,28.65600855990787,137.99370225621198,0.9292797740170807,49673.68457865715,1511282172
1492,11493,13.92579783872318,13.077335250847472,9.077335250847472,5.077335250847472,1.5273933569211529,-14.036956025583722,-10.036956025583722,-6.036956025583721,-2.472606643078847,0.06333161120160938,0.8999237655747975,28.397962388265135,141.98506282204812,0.9484863643124757,49673.68457865715,1511282172
1493,11494,10.012847027150569,9.450341555874445,5.450341555874446,3.800799726855919,1.5105236989888213,-13.133693712675122,-9.133693712675122,-5.133693712675122,-2.4894763010111784,0.06545455110221414,0.8989756803511417,27.956786791040685,139.7366316217014,0.9434814004232337,49673.68457865715,1511282172
1494,11495,9.815410451407898,9.685542559503432,5.685542559503432,1.6855425595034317,1.6855425595034317,-10.466124063987472,-6.466124063987472,-2.466124063987472,1.0275921035507958,0.06086195692243691,0.909199349888093,32.10954369755997,136.71208935163605,0.9181135030366966,49673.68457865715,1511282172
1495,11496,10.980143690265505,9.9150873064915,5.915087306491501,1.9150873064915015,1.517383677773125,-12.88142734948756,-8.88142734948756,-4.881427349487559,-1.0773022000874184,0.06893363416524498,0.8848282363382496,26.18127236756743,127.3783869895771,0.9170737831727062,49673.68457865715,1511282172
1496,11497,11.270568043553716,11.26875833424198,7.268758334241978,3.2687583342419786,1.4057014099378755,-11.51856315407249,-7.518563154072491,-3.518563154072491,-0.3722424378492206,0.07990367660295948,0.8920045795938166,25.149994089535017,124.01848563378344,0.9522342366511045,49673.68457865715,1511282172
1497,11498,15.452422290073397,11.470204487062126,7.470204487062127,3.470204487062128,1.5712294462932628,-8.967835550124018,-4.967835550124018,-0.9678355501240177,-0.4165206017277161,0.058059008851426314,0.8886657314444893,28.04146702022029,138.33113446486422,0.9271989116425083,49673.68457865715,1511282172
1498,11499,10.943699001804902,10.658749646764873,6.658749646764874,2.658749646764873,1.3182901363449566,-10.002923718688844,-6.002923718688844,-2.0029237186888444,0.08238362202316973,0.09355416674348468,0.8758330213444736,22.035382665410705,105.80208682981706,1.0688069105763407,49673.68457865715,1511282172
1499,11500,11.368345069452692,9.743369012530913,5.743369012530914,4.655973154478638,1.643981119782399,-12.939012550568641,-8.939012550568641,-4.939012550568641,-1.6616772200228611,0.05009003867296592,0.8820253933888856,28.818157409726872,144.04413760892032,0.9842506946177689,49673.68457865715,1511282172
1500,11501,10.36047700782477,9.962047605081635,5.962047605081633,1.962047605081633,1.4911513195491868,-8.888425448760332,-4.888425448760333,-0.8884254487603325,0.36537703291854506,0.07084021771096467,0.8842319549744402,25.790314475997867,117.31025316471379,0.8662929375123403,49673.68457865715,1511282172
1501,11502,9.566502675852378,7.437584067322357,3.4375840673223577,3.4375840673223577,1.5341241461263453,-11.500851386097825,-7.500851386097825,-3.5008513860978248,0.4991486139021759,0.06204389088681808,0.8842625584145424,26.969575099879883,129.7773940915014,0.9024322722410537,49673.68457865715,1511282172
1502,11503,6.596408674671036,5.910140847863111,1.9101408478631106,1.9101408478631106,1.5734743682080026,-8.549983425383962,-4.549983425383962,-0.5499834253839622,-0.5499834253839622,0.071644112340595,0.8903070051190888,27.21109391981584,121.99201999542746,0.8780858749147938,49673.68457865715,1511282172
1503,11504,13.851545878073773,9.94105409693733,5.9410540969373296,1.9410540969373302,1.6474402994151316,-12.162754726473032,-8.162754726473032,-4.162754726473033,-0.1627547264730329,0.05534078293099459,0.8878452814353792,28.89043159364212,135.9891215388452,0.9093617735304474,49673.68457865715,1511282172
1504,11505,10.517732630470226,9.968005547396489,5.96800554739649,1.96800554739649,1.5450830775235633,-11.466089526230023,-7.466089526230022,-3.4660895262300233,0.43995375430755357,0.06452095404255304,0.8925253138620052,27.654489535757342,125.96890756403545,0.8583040064831692,49673.68457865715,1511282172
1505,11506,9.183512302899421,7.913241623203159,3.9132416232031586,3.192267348950356,1.6414816475524294,-13.728891392500389,-9.728891392500389,-5.7288913925003895,-1.9867448413422177,0.050347580979308755,0.8933216434773135,30.001747076397557,149.7057814366968,0.9780679786554004,49673.68457865715,1511282172
1506,11507,14.23450853185476,11.943592949459447,7.943592949459448,3.9435929494594477,1.5237408849898013,-13.274877999904398,-9.274877999904398,-5.274877999904397,-1.2748779999043969,0.06378657317659567,0.8893453679286251,27.16634228290679,135.58288656504436,0.9263542068030312,49673.68457865715,1511282172
1507,11508,10.71323012415482,9.913966470738048,5.913966470738048,1.913966470738048,1.6016474678253634,-8.598000734230117,-4.598000734230118,-0.5980007342301186,0.3789345962096713,0.06005354883936356,0.8867441805000067,27.929831155290767,124.58630760431045,0.850885758672701,49673.68457865715,1511282172
1508,11509,10.92497653734559,9.845203067994419,5.845203067994418,1.8452030679944176,1.5771824098114242,-11.147409163997608,-7.147409163997608,-3.147409163997608,0.17418841652554606,0.06447940633044422,0.8856766158589089,27.172936167228755,124.89978025178164,0.87419530425868,49673.68457865715,1511282172
1509,11510,11.883916195742522,8.958018043086247,4.958018043086247,3.512054648676422,1.4653735833451835,-12.819837313085833,-8.819837313085833,-4.8198373130858325,-0.8198373130858323,0.07140902953452598,0.9006736657366956,27.24659431521348,135.40115267888729,0.9491007009616251,49673.68457865715,1511282172
1510,11511,14.80154833350411,10.969001107700795,6.9690011077007945,4.606576570261164,1.3948609089110826,-11.247345855371345,-7.247345855371345,-3.2473458553713446,-2.605139091088917,0.08152887359251146,0.896723577278323,25.436636954633308,127.17427624219016,0.9798973265264597,49673.68457865715,1511282172
1511,11512,15.010099332446776,12.54413506255334,8.54413506255334,4.54413506255334,1.4772154520520988,-11.412982368582783,-7.4129823685827825,-3.4129823685827816,-1.5689085459300454,0.06980892764216952,0.898592787678491,27.244000285564596,136.15771997828685,0.9440774205356467,49673.68457865715,1511282172
1512,11513,11.984919723237388,9.971956115454187,5.971956115454187,1.9719561154541871,1.5432960754997522,-10.212854538676721,-6.212854538676721,-2.212854538676721,0.4423424101957827,0.06463786971204794,0.8926578145441647,27.644024623691806,125.91837500067683,0.8581990716473346,49673.68457865715,1511282172
1513,11514,10.668770760631798,9.974781717668817,5.974781717668817,1.9747817176688174,1.5443266053221703,-8.968837877232088,-4.96883787723209,-0.96883787723209,0.4426919991934706,0.06447314614107555,0.8924462906791969,27.64532353959551,125.39737027204545,0.8545657115761155,49673.68457865715,1511282172
1514,11515,9.090625323517212,5.99443989784025,1.9944398978402502,1.9944398978402502,1.5175226036531966,-8.43156630942263,-4.43156630942263,-0.4315663094226301,0.40094073003799835,0.0733904132307607,0.8878469432387551,26.32119805613399,113.20152041370454,0.841467252155318,49673.68457865715,1511282172
1515,11516,14.741644350059953,12.65291213598359,8.718573476243222,4.718573476243222,1.5343315320669453,-11.335564871795972,-7.335564871795972,-3.335564871795971,0.4845699335495359,0.06205063806721333,0.8856682009514275,27.097395898061187,134.5544780853986,0.9269319582873652,49673.68457865715,1511282172
1516,11517,7.214638505170237,6.002585622412067,2.002585622412067,2.002585622412067,1.5573590682701284,-8.058671600206692,-4.058671600206694,-0.058671600206693375,0.4426827831250697,0.06857929306929691,0.8912641144227521,27.545816078614784,115.78757824446097,0.8161142169695093,49673.68457865715,1511282172
1517,11518,11.579285716340467,11.254456054703507,7.254456054703507,3.2544560547035073,1.5125167379953786,-11.731289633663232,-7.731289633663232,-3.7312896336632333,0.2687103663367667,0.06507214613329335,0.8975608421174064,27.860454087969718,135.52385431900842,0.9151080911534926,49673.68457865715,1511282172
1518,11519,9.604038290637193,6.004802961634298,2.004802961634299,2.004802961634299,1.5600974379421555,-8.906259214818592,-4.9062592148185935,-0.9062592148185933,0.4428020892208093,0.06869962185438233,0.8925678988233342,27.569900307691377,120.08287093495015,0.8414207940846967,49673.68457865715,1511282172
1519,11520,11.067370327280004,10.012271287577917,6.012271287577916,2.0122712875779167,1.566923555285013,-9.878564860203257,-5.878564860203258,-1.8785648602032576,0.44486202521557194,0.0614428591300383,0.8888089411278369,27.724211420308507,126.5636762638265,0.8605360936351206,49673.68457865715,1511282172
1520,11521,9.392476559071387,6.341954834147184,2.3419548341471836,1.9739076115236442,1.5394898829260424,-7.820887738985895,-3.8208877389858955,0.17911226101410493,0.44288257777492346,0.06510544623533887,0.8886222485156182,27.53437016784156,116.10977013787424,0.8083575861593836,49673.68457865715,1511282172
1521,11522,9.374922235187105,6.36799267293807,2.3679926729380694,2.090351195782525,1.640554952497087,-9.942939855213114,-5.942939855213114,-1.9429398552131139,-1.4397935024358384,0.05478912359539791,0.8888644480186251,29.033063242253228,141.77139530871239,0.9423522364044209,49673.68457865715,1511282172
1522,11523,11.72626962448089,9.462735113602797,5.462735113602798,1.9343032968100211,1.537822692189702,-10.864544033143357,-6.864544033143356,-2.864544033143356,0.4284862854962339,0.065971054039721,0.8930992609320147,27.52349988107029,125.18660451092046,0.8587731250694277,49673.68457865715,1511282172
1523,11524,8.666109453851561,6.017851993804646,2.017851993804646,2.017851993804646,1.553114212418251,-11.55050951622439,-7.550509516224389,-3.5505095162243894,0.4494904837756113,0.06892161878901934,0.893170093414924,27.546903632715594,121.34563075855056,0.8495761062254505,49673.68457865715,1511282172
1524,11525,8.456985457930696,6.228871262120545,2.2288712621205446,2.0600974703201267,1.5416230795891022,-8.089012287009362,-4.089012287009363,-0.08901228700936348,0.4495289120594752,0.06569283045495862,0.8869482339958663,27.101256916045344,116.40315192689519,0.8193534333804977,49673.68457865715,1511282172
1525,11526,13.623972312796456,10.05774034866936,6.057740348669361,2.0577403486693613,1.5581174661514228,-9.6609523554749,-5.660952355474899,-1.660952355474899,0.4569686436483835,0.06171382837322824,0.8884307894064164,27.588797679896523,126.17720635769689,0.8603229638394972,49673.68457865715,1511282172
1526,11527,8.688328455336368,6.405312818019627,2.4053128180196266,1.9929060792302173,1.5142035241198013,-10.11714026078464,-6.11714026078464,-2.11714026078464,0.3938238135899179,0.06866118235640514,0.8845786676314829,26.217463625035244,117.90956994286273,0.8552455163235863,49673.68457865715,1511282172
1527,11528,9.788547472751004,6.007807075459317,2.0078070754593162,2.0078070754593162,1.527752363745061,-11.381871840485392,-7.381871840485391,-3.381871840485391,0.4572448019488975,0.07183707438135392,0.8965508141169294,27.457586994393665,120.76108686380165,0.8587448214173745,49673.68457865715,1511282172
1528,11529,8.333275396961279,7.657105728268702,3.657105728268702,2.4372516902111094,1.50558929618457,-13.179203218577504,-9.179203218577504,-5.179203218577505,-1.6444566353928474,0.06627434916518207,0.9070859054561933,28.7990264856879,142.77948864881657,0.9748088066975187,49673.68457865715,1511282172
1529,11530,15.198772277369809,11.212192545445344,7.212192545445346,5.6303633828360065,1.6303633828360062,-11.034894994693211,-7.03489499469321,-3.03489499469321,-1.0357010828688569,0.051512359228637915,0.8923467948596767,29.642339498555685,148.18561809904048,0.9706939325508183,49673.68457865715,1511282172
1530,11531,12.770007384969045,9.932790004766236,5.932790004766236,1.932790004766236,1.607514035675994,-8.760558843767116,-4.760558843767116,-0.760558843767116,0.4075274353706162,0.059023134942971595,0.8867677523056143,28.082544957872145,126.92796384584251,0.8629502563898237,49673.68457865715,1511282172
1531,11532,12.89220438636811,10.841793841145757,6.8417938411457575,3.533513109862862,1.411598159224927,-10.147924981112006,-6.147924981112005,-2.1479249811120047,0.4432998321905036,0.07827439717240686,0.8914278803844929,25.355701366251925,123.67146542990831,0.9368443059893574,49673.68457865715,1511282172
1532,11533,9.917179616355194,7.115441120999806,3.1154411209998063,3.1154411209998063,1.407750044745539,-14.592249955254461,-10.592249955254461,-6.592249955254461,-2.592249955254461,0.07962251089854161,0.8790182735225996,23.94674096476207,119.56805581811375,0.9787906730667391,49673.68457865715,1511282172
1533,11534,12.321507537616078,9.824457940388497,5.824457940388497,2.0867123118931405,1.5474537553366725,-11.528890193427191,-7.528890193427191,-3.528890193427192,0.4711098065728083,0.06251609779990835,0.8895519791591378,27.549409015894568,126.19667496727257,0.859640506862312,49673.68457865715,1511282172
1534,11535,8.328632693449402,6.25721259580994,2.328721106126009,1.864552026485283,1.5304685921222176,-10.019279564011782,-6.019279564011781,-2.0192795640117813,0.3843088441321041,0.06975089963517107,0.8922456595089066,27.058408417132043,120.67727562420839,0.8522622316416356,49673.68457865715,1511282172
1535,11536,9.215624194272433,6.988059987397475,2.9880599873974747,1.9719777623806074,1.5032152220156683,-10.694576335572037,-6.694576335572038,-2.6945763355720382,0.37767386636354483,0.06927925898557492,0.883729475310095,25.97471496834421,118.23471072567742,0.8651181301977693,49673.68457865715,1511282172
1536,11537,13.060931151651603,9.843706772398127,5.843706772398127,1.8437067723981275,1.487517457166572,-11.823023065688535,-7.823023065688535,-3.8230230656885347,-1.57273116971167,0.07402336751655311,0.8890282966069504,25.941910741166957,127.43189658196667,0.9341978298064076,49673.68457865715,1511282172
1537,11538,7.255623398934519,6.832485800574387,2.832485800574388,2.832485800574388,1.4815606013128682,-11.674492118582023,-7.674492118582023,-3.674492118582024,-0.6008547578012611,0.06940594923657319,0.8885632639822318,26.249949701820313,128.06127733723605,0.9089753438006927,49673.68457865715,1511282172
1538,11539,7.66511964455072,5.980668942241598,1.9806689422415984,1.9806689422415984,1.526639630204037,-7.954528851222862,-3.954528851222861,0.045471148777139314,0.44935085042878997,0.0720957567683468,0.8943858761321717,27.426797131843813,113.9756162006725,0.8195024777220932,49673.68457865715,1511282172
1539,11540,15.535384778364037,12.479758909621307,8.479758909621307,4.479758909621307,1.4612095261746167,-10.299893445358421,-6.299893445358421,-2.299893445358421,-0.9544052071738915,0.07197895215467251,0.87559184170708,24.609032054627647,122.87958255664093,0.9634480235334035,49673.68457865715,1511282172
1540,11541,8.872204079963643,6.028816741527726,2.0288167415277263,2.0288167415277263,1.5065213869360037,-8.435280365435728,-4.435280365435729,-0.4352803654357291,0.4716357530031492,0.07330442617313582,0.8972949464464662,27.25751486893408,117.12839998694517,0.8446834573934643,49673.68457865715,1511282172
1541,11542,6.761840453578604,5.960997804210653,1.9609978042106526,1.9609978042106526,1.529404792941879,-8.473520016408955,-4.473520016408956,-0.47352001640895547,0.4409429442653465,0.07334799662255406,0.8969791576055295,27.43129250708548,117.36938264737977,0.8468388275314461,49673.68457865715,1511282172
1542,11543,7.040724699237299,5.968899333538822,1.9688993335388225,1.9688993335388225,1.5700508937532993,-12.698319586688847,-8.698319586688847,-4.6983195866888465,-0.6983195866888463,0.069370425819883,0.8914247831726463,27.44180486139648,129.8881948586263,0.9117873291963449,49673.68457865715,1511282172
1543,11544,10.831914190006296,9.11093475002091,5.110934750020911,3.168830058331702,1.6394755981862292,-8.376075402674088,-4.376075402674087,-0.37607540267408734,-0.09314319821988626,0.05046938584432345,0.888266727894822,29.41589716669,142.57427741706468,0.9461662398108822,49673.68457865715,1511282172
1544,11545,13.5954732028858,9.979748411625035,5.979748411625035,1.9797484116250357,1.5345456059480675,-7.284194538390058,-7.284194538390058,-3.2841945383900573,0.4393025658792278,0.06546159613645802,0.8890984052035957,27.11728054611918,123.62161608981228,0.8571314298249225,49673.68457865715,1511282172
1545,11546,9.809597465583593,6.026710673264642,2.026710673264642,2.026710673264642,1.4919788819850381,-11.525196568679902,-7.525196568679902,-3.5251965686799007,0.4748034313200993,0.07505276333153443,0.8978627186798215,27.03410431253452,118.93029317929128,0.8689814222866407,49673.68457865715,1511282172
1546,11547,12.737808447037779,9.836801526848157,5.836801526848158,1.8368015268481583,1.5316917094381017,-10.147690569076872,-6.147690569076872,-2.1476905690768717,0.3555150552597328,0.0691533253783439,0.8914547597683224,27.003184806121567,122.59597128011788,0.8631127335981044,49673.68457865715,1511282172
1547,11548,9.030076304533324,6.025970270292409,2.025970270292409,2.025970270292409,1.5604654771510778,-11.433282045821985,-7.4332820458219855,-3.4332820458219864,0.4525871647893618,0.06791025798613846,0.8922603380509848,27.597936001670142,121.62987107468832,0.8477211357919242,49673.68457865715,1511282172
1548,11549,14.986010295904524,12.344803241482943,8.344803241482943,5.6919816747064695,1.6919816747064698,-12.909951724692917,-8.909951724692917,-5.89201921115952,-2.3080183252935305,0.04532473374641085,0.8901419839582616,30.6802438802015,153.3991732855667,1.0134837832737622,49673.68457865715,1511282172
1549,11550,13.716774737861419,10.06084147727348,6.0608414772734776,2.0608414772734776,1.5232951241273274,-10.669290432754726,-6.669290432754727,-2.6692904327547273,0.47685029672384305,0.06551408843594836,0.8936349503432132,27.518842103703545,125.80238683914365,0.8594545606976963,49673.68457865715,1511282172
1550,11551,8.638247078464369,7.552599728868609,3.5525997288686098,2.9478509203466388,1.5149192016206465,-10.828618264331045,-6.828618264331045,-2.828618264331044,-0.5128378941708249,0.0648999041185931,0.9066311337376012,28.94910236779875,142.1152942484527,0.962933551270088,49673.68457865715,1511282172
1551,11552,8.57256311112559,6.871164579845224,2.8711645798452237,1.7015796463202897,1.7015796463202897,-7.84349520669694,-3.8434952066969394,0.15650479330306077,1.4121664216509435,0.0526545483376941,0.9101426285114728,36.14953462454014,142.34050299079527,0.9403380687582263,49673.68457865715,1511282172
1552,11553,6.931817158351509,6.600713774260939,2.6007137742609387,1.8459195183213173,1.5729292103307368,-9.262972175216278,-5.262972175216278,-1.2629721752162786,0.12109901382641386,0.06518832105525083,0.8852094630741579,27.03023007332721,123.08007624990859,0.8677290652459528,49673.68457865715,1511282172
1553,11554,8.905473900757073,5.980575955461957,1.9805759554619562,1.9805759554619562,1.5695285884737833,-8.948947017011164,-4.948947017011165,-0.9489470170111656,0.43556827591586034,0.06871383556037769,0.8922980768109208,27.63377812066348,120.22268039124597,0.843039210150703,49673.68457865715,1511282172
1554,11555,12.62472164492795,9.762511701824403,5.762511701824403,1.7625117018244028,1.7625117018244028,-8.346561158574884,-4.346561158574885,-0.34656115857488534,0.3656856642095665,0.05409107546243529,0.8910366023390826,30.496732306157355,133.2659960073973,0.8794904536063268,49673.68457865715,1511282172
1555,11556,7.488829466990247,6.583587467809344,2.583587467809344,2.019935969335207,1.520094235415905,-8.97133339105854,-4.971333391058541,-0.9713333910585404,0.40933227262830596,0.06696620373304031,0.8842211074834314,26.36800720254955,118.49461069442656,0.8514517740924706,49673.68457865715,1511282172
1556,11557,10.936434615879456,7.7025013738932415,3.7025013738932415,1.7056522011457986,1.7056522011457986,-11.278763530083273,-7.278763530083274,-3.278763530083274,-0.011299902245370808,0.06081484472385382,0.8902372566241459,29.16500262117136,134.3858237127192,0.9045118790388571,49673.68457865715,1511282172
1557,11558,8.685650333023816,5.919328644009368,1.9193286440093678,1.9193286440093678,1.6273223304387503,-11.599202274128164,-7.599202274128163,-3.599202274128163,0.3871230614036636,0.06645444388894134,0.8916765057909289,28.31892104992493,124.26377442338624,0.858541611163981,49673.68457865715,1511282172
1558,11559,11.370990620868497,9.657179046294473,5.657179046294473,1.6571790462944735,1.6571790462944735,-11.652631216481145,-7.652631216481145,-3.6526312164811454,0.34736878351885503,0.06690389083982012,0.8915215880774217,28.30517420649963,127.0175922772971,0.8791185976775177,49673.68457865715,1511282172
1559,11560,13.24850126025706,9.981023698786478,5.981023698786478,1.9810236987864773,1.5399858309750536,-5.986033919635502,-5.986033919635502,-1.9860339196355021,0.434523000326797,0.06485374744788416,0.8875777408747393,27.056061074308605,123.35802322753176,0.8580482425475836,49673.68457865715,1511282172
1560,11561,7.729893937422141,6.367254175568297,2.3672541755682963,1.9287724483177389,1.6212982557614202,-10.523818300534506,-6.523818300534506,-2.523818300534506,0.40686465653407633,0.05918486561535197,0.8873752497840262,28.282042276446035,126.52876346367842,0.8583931076268592,49673.68457865715,1511282172
1561,11562,13.817186648230809,10.054980444166073,6.054980444166074,2.0549804441660737,1.5664790798956536,-10.510247392778963,-6.510247392778963,-2.510247392778963,0.45764848262755864,0.06085052526530596,0.8876461695684263,27.657441033824107,126.54107758651216,0.8625741252656711,49673.68457865715,1511282172
1562,11563,12.160232394498191,10.406150166390374,6.406150166390372,4.353109677570762,1.6283969432627547,-14.371603056737245,-10.371603056737245,-6.3716030567372455,-2.3716030567372455,0.05172032148416913,0.8993534279152915,30.414033643712827,152.04605756813174,0.9868767631047878,49673.68457865715,1511282172
1563,11564,9.042841567256001,7.377758254330271,3.37775825433027,1.7235695487220946,1.7235695487220946,-8.941475105389872,-4.941475105389872,-0.9414751053898722,0.6585276407963088,0.05834677532755852,0.8983514369387477,30.606876974550374,133.82553527501838,0.8793139035015364,49673.68457865715,1511282172
1564,11565,12.220519363167343,8.717629410863841,4.717629410863842,3.5676777223743428,1.625185842023498,-11.097818551123547,-7.097818551123547,-3.1145462274147135,-0.9787401716766204,0.05206105227683934,0.8946350926567355,29.799926708703644,148.30482088624154,0.9671774674259906,49673.68457865715,1511282172
1565,11566,12.512240555565848,11.00071730900085,7.000717309000849,3.0007173090008488,1.5116226992773838,-11.075675399072074,-7.0756753990720735,-3.0756753990720735,0.3815685768913055,0.06504912698237134,0.8870667228178148,26.75069666269637,128.65814190351227,0.8953292106032511,49673.68457865715,1511282172
1566,11567,8.56595822566001,6.226130836104258,2.226130836104258,1.9094310464431312,1.634686806040029,-9.254258811749775,-5.254258811749777,-1.2542588117497766,0.28068819863464367,0.05978684965476001,0.8868267665050947,28.30135852790408,126.49706300411465,0.8621291228440969,49673.68457865715,1511282172
1567,11568,13.19690950237526,9.848856830834059,5.848856830834058,1.848856830834058,1.5545958908061726,-7.8834746432714535,-3.8834746432714535,0.1165253567285458,0.37340275365501263,0.06541620787693539,0.8866777588412147,27.302539850727847,118.65463080361141,0.8337323707405608,49673.68457865715,1511282172
1568,11569,8.809225184501814,6.202504648938931,2.2025046489389313,1.8944596470948256,1.5149729502808629,-9.488072889761481,-5.48807288976148,-1.4880728897614806,-0.4519017390129938,0.07204597173994218,0.8802096352243125,25.497064056670688,119.26545547720562,0.9089954020712453,49673.68457865715,1511282172
1569,11570,8.030507855070509,5.870453164961535,1.870453164961535,1.870453164961535,1.5569712087287473,-11.166920560202998,-7.166920560202998,-3.166920560202998,0.3886337580506163,0.07505169928354352,0.8946199780744211,27.291932839370318,119.18867620490326,0.8744070359882049,49673.68457865715,1511282172
1570,11571,9.658136350150066,6.957510357193692,2.9575103571936907,2.9575103571936907,1.4842437682226393,-10.919763051071525,-6.9197630510715245,-2.9197630510715245,-1.8338703016543938,0.06896026481475252,0.8844807524028244,25.89933422650948,128.83298327680305,0.9283095715418538,49673.68457865715,1511282172
1571,11572,13.041818716829846,9.910026606561484,5.910026606561484,1.9100266065614844,1.6351035678214372,-8.437699886094268,-4.4376998860942685,-0.4376998860942687,0.24555288125528807,0.05715589844194339,0.8849829726809301,28.31789109165188,126.41318626716793,0.8627259294597576,49673.68457865715,1511282172
1572,11573,11.684893966443788,10.019836491567045,6.0198364915670455,2.019836491567045,1.5167944650438965,-10.615522968106578,-6.6155229681065775,-2.6155229681065775,0.40130524042502724,0.06692933828672801,0.88372312640514,26.2830529447152,120.41460377814084,0.8661752792262736,49673.68457865715,1511282172
1573,11574,10.668645476744373,9.982318512317322,5.982318512317321,1.982318512317322,1.4564349257273677,-10.012238684958389,-6.0122386849583895,-2.0122386849583886,0.4537861968540742,0.07456945808831861,0.8934208560985144,26.18823943080148,119.26518079319105,0.8734252212437538,49673.68457865715,1511282172
1574,11575,8.769390592890645,5.93854160698214,1.93854160698214,1.93854160698214,1.5741065098046845,-10.274167447434786,-6.274167447434787,-2.2741674474347873,0.43045050735879853,0.07006922499304316,0.8935442064810861,27.715090758094256,121.3406158074246,0.8556749799192809,49673.68457865715,1511282172
1575,11576,3.053756702964694,2.002714581807042,2.002714581807042,2.002714581807042,1.5494430334918479,-11.514372258287688,-7.514372258287688,-3.514372258287688,0.4041648996722229,0.07874899108998927,0.8929437079276945,27.04529223223353,116.30358616205379,0.8895671994068314,49673.68457865715,1511282172
1576,11577,11.149219760174082,9.62785735875611,5.62785735875611,1.62785735875611,1.62785735875611,-9.234083616160293,-5.234083616160293,-1.2340836161602924,0.15885154845111082,0.07090364467682789,0.8902346375060679,27.54199495273547,124.39829522675961,0.8890564670667382,49673.68457865715,1511282172
1577,11578,8.590989991398354,5.843704207346771,1.8437042073467713,1.8437042073467713,1.551737178091915,-10.201479591621604,-6.201479591621605,-2.201479591621605,0.38180438185247345,0.0770289199677183,0.8963482198830848,27.293459524388233,118.89319075373386,0.8859575205326705,49673.68457865715,1511282172
1578,11579,14.626551348793136,10.689901179832166,6.689901179832166,2.689901179832167,1.6074691726546961,-14.392530827345304,-10.392530827345304,-6.392530827345304,-2.392530827345304,0.054022179106722905,0.8828836314946431,28.158573053819076,140.47929956839118,0.9589749515184336,49673.68457865715,1511282172
1579,11580,10.698211116858053,9.126694054559643,5.126694054559642,5.126694054559642,1.5146700591807145,-10.886547276032493,-6.886547276032493,-2.886547276032493,-0.5855686230643482,0.06492790225321084,0.8908184305838812,27.138886533539807,135.54840496854433,0.9266781628807143,49673.68457865715,1511282172
1580,11581,12.357704618304718,10.806156455025022,6.806156455025023,2.8061564550250218,1.4644797238009513,-13.14520133483823,-9.14520133483823,-5.145201334838229,-1.1452013348382295,0.07153735402291157,0.8906710514373855,26.13994289165756,129.43608887172078,0.9245990935967865,49673.68457865715,1511282172
1581,11582,10.882573838128422,9.94825309325873,5.948253093258729,1.948253093258729,1.631754755678908,-8.218707970278553,-4.218707970278554,-0.21870797027855304,0.45889403450770194,0.05622385907752708,0.8868409295563724,28.634362520629125,126.80156074467399,0.855253378224847,49673.68457865715,1511282172
1582,11583,8.673399591780846,7.789339923642997,3.7893399236429968,3.7893399236429968,1.5079192430189294,-13.526678210457513,-9.526678210457513,-5.526678210457512,-2.1572308895064243,0.06578693994159593,0.8895257861385567,26.888864293639614,134.32700421046246,0.9267385430947288,49673.68457865715,1511282172
1583,11584,8.18621306189013,5.838907294562318,1.8389072945623182,1.8389072945623182,1.5745826134986871,-10.394342160305111,-6.394342160305113,-2.394342160305113,0.007665588055607131,0.07547354889748162,0.8917834288004187,27.095441635729987,121.67715783467187,0.8997810446865635,49673.68457865715,1511282172
1584,11585,13.156802807371552,9.955220838683402,5.9552208386834025,1.9552208386834027,1.615392514883666,-7.578282920932029,-3.578282920932028,0.4217170790679716,0.46331008421012765,0.05542139736206753,0.8785802447232078,28.423683115049833,121.76162189050453,0.8651496141149777,49673.68457865715,1511282172
1585,11586,13.308095010278809,10.956035097622586,6.956035097622585,2.9560350976225855,1.4952209832818533,-13.517089788084697,-9.517089788084697,-5.517089788084698,-2.2160392789948187,0.06742784435852363,0.8951173062910749,27.217781087744637,135.82237594703702,0.931604275494059,49673.68457865715,1511282172
1586,11587,12.780982816638593,12.033940782397254,8.033940782397254,5.087291654116647,1.4763951203788823,-8.38994897015323,-4.389948970153229,-0.38994897015322927,0.5892140858101943,0.06870372554092456,0.9001182311069155,27.697851156906037,136.8982926053124,0.942017329162803,49673.68457865715,1511282172
1587,11588,11.31281255431972,10.15000479552031,6.15000479552031,2.1500047955203097,1.539994609309767,-9.615789008549255,-5.615789008549255,-1.6157890085492552,0.5033001135277042,0.06269732081831414,0.8908071097441553,27.61899776910472,126.68277822169387,0.8596982387915807,49673.68457865715,1511282172
1588,11589,13.570489733897942,13.249240319163746,9.249240319163746,5.2492403191637464,1.6350983090518751,-8.80595258518886,-4.805952585188861,-0.8059525851888611,0.030635778302112504,0.05099789784360165,0.8842471201071824,28.870047564019213,144.04999460838008,0.9728900367374974,49673.68457865715,1511282172
1589,11590,10.439542849927808,9.49196216801622,5.491962168016221,1.7934704499106682,1.7934704499106682,-10.842771480134537,-6.842771480134537,-3.1413054851202613,0.45154585606657194,0.05075199405411845,0.8932973192582773,31.415916614920228,141.29932601060847,0.9236521795083379,49673.68457865715,1511282172
1590,11591,10.481493505744572,10.248412327219617,6.248412327219618,2.2484123272196177,1.4654610291382137,-9.045302074223887,-5.045302074223886,-1.0453020742238863,-0.8325661726392284,0.07194998842225477,0.8834576216421288,25.38187992327139,122.39839859121716,0.9104776530278305,49673.68457865715,1511282172
1591,11592,13.223893634095592,12.072709468108494,8.072709468108494,5.481670888141748,1.4816708881417482,-12.53749360580848,-8.53749360580848,-4.537493605808479,-1.2234725152465356,0.06921394310555518,0.8766162250951509,25.089139630058007,125.4247874900562,0.9548551968362863,49673.68457865715,1511282172
1592,11593,9.541060337559607,8.301977791549252,4.301977791549251,3.878205603792095,1.429381853342614,-7.953556485141105,-3.953556485141105,0.04644351485889575,0.6695489887884927,0.0732901537566048,0.9023658991961934,27.538110321885814,133.49474220181807,0.9504878846806171,49673.68457865715,1511282172
1593,11594,13.386153262196398,12.49221814178149,8.49221814178149,5.4770255882371846,1.4770255882371848,-10.973473969005346,-6.9734739690053456,-2.9734739690053456,0.10412814191818565,0.06977978808607131,0.8845151531924043,25.76970003880102,128.66055368934795,0.93192056100219,49673.68457865715,1511282172
1594,11595,9.475687618631781,6.098601745335976,2.0986017453359764,2.0986017453359764,1.5133260856327546,-11.015468893047832,-7.015468893047832,-3.0154688930478333,0.49746135031168026,0.07066748787708074,0.8960870765170036,27.363171214662557,120.93027026351926,0.852705445022978,49673.68457865715,1511282172
1595,11596,8.26609482772293,6.117247729628333,2.1172477296283327,2.1172477296283327,1.5432060795785534,-7.7986626178657765,-3.7986626178657756,0.20133738213422436,0.49066806053072787,0.0656036756968569,0.88737976407219,27.500196374214188,114.63528530479037,0.8057470801598748,49673.68457865715,1511282172
1596,11597,8.527426256325791,5.629393165054018,1.6293931650540177,1.6293931650540177,1.6293931650540177,-11.258869289541815,-7.258869289541814,-3.258869289541815,-0.3644424245273816,0.08884980136086287,0.8963491348186832,27.182555713925172,123.39151818309365,1.0351810172759857,49673.68457865715,1511282172
1597,11598,9.10030778603673,6.2279249499080835,2.227924949908084,1.8836255600720215,1.4189078564509316,-8.913636013006384,-4.913636013006385,-0.9136360130063841,-0.1472404995196468,0.08347037594692774,0.8839660314758404,24.210423567494576,110.37593958744175,0.9283510442476038,49673.68457865715,1511282172
1598,11599,9.93714123290468,7.860534508288779,3.8605345082887794,2.408737581601886,1.6081402255609734,-9.353027877110163,-5.353027877110163,-1.353027877110163,0.6028224225471388,0.05377740472685558,0.890247201775217,29.063285430196256,134.39116891173384,0.8886867291181445,49673.68457865715,1511282172
1599,11600,9.803386208763794,9.491307859265023,5.512988696831563,5.512988696831563,1.512988696831563,-12.740876128931514,-8.740876128931514,-4.7408761289315136,-2.487011303168437,0.06514126422437334,0.8858402914061502,26.589939564813363,132.9473276422661,0.9287049130757813,49673.68457865715,1511282172
1600,11601,11.99604204457584,9.89848329269626,5.898483292696261,1.8984832926962607,1.5036495477779501,-13.127546370699937,-9.127546370699937,-5.127546370699937,-1.1275463706999378,0.07085357648355176,0.898715032653238,27.37678681494911,133.31310637135337,0.9321210147432695,49673.68457865715,1511282172
1601,11602,10.582311629368055,10.088032831385783,6.088032831385784,2.0880328313857834,1.5224330393481693,-10.13422505973045,-6.134225059730451,-2.1342250597304506,0.4431254117023946,0.06540344740044024,0.8854787398399563,26.65226144734957,122.29375414586866,0.8624257943887211,49673.68457865715,1511282172
1602,11603,9.351200520402008,6.652330824639206,2.6523308246392068,2.08599132361668,1.504740556311239,-10.420708689907569,-6.42070868990757,-2.4207086899075696,0.4964549811556047,0.06768015775897133,0.8944933729697955,27.289802908107475,123.25563369731918,0.8524457838844969,49673.68457865715,1511282172
1603,11604,14.896915497331738,10.989012957801574,6.989012957801575,2.989012957801574,1.4866641758909889,-11.245869930473518,-7.245869930473517,-3.245869930473517,-0.18529369066143309,0.06854749274547846,0.8858386734944018,26.078706201157424,127.45280112563967,0.9107566521288263,49673.68457865715,1511282172
1604,11605,13.025451891909864,10.059300287287822,6.059300287287821,2.059300287287822,1.55510397789348,-8.92368337884453,-4.923683378844531,-0.9236833788445311,0.4710725387180392,0.06199021274446312,0.8904938694177955,27.762471051909387,126.39158849650327,0.8560211780429148,49673.68457865715,1511282172
1605,11606,13.2962306158738,11.182085306925098,7.1820853069250985,3.182085306925099,1.651593879504935,-9.390034753398274,-5.390034753398273,-1.3900347533982724,0.4899577869965026,0.04911965707073248,0.8909584102869428,29.988016412829438,144.54592718987362,0.9504223449386456,49673.68457865715,1511282172
1606,11607,11.46713982563569,11.190863355890432,7.190863355890433,4.114772065278655,1.8568228851922128,-10.437387297908469,-6.437387297908468,-2.437387297908468,-0.44249298092020495,0.03166810974180483,0.9004852681119072,35.525519217662044,176.8156546802452,1.1988813424059144,49673.68457865715,1511282172
1607,11608,9.113940859260097,6.053522626878842,2.0535226268788422,2.0535226268788422,1.5167084987763022,-8.634669915178696,-4.634669915178695,-0.6346699151786954,0.4319863403956763,0.07162205175587272,0.8880939946960786,26.45402040657412,115.1383812434857,0.8408458368525843,49673.68457865715,1511282172
1608,11609,10.32092112918482,9.683415618805984,5.683415618805984,5.176856610957716,1.560688059583432,-11.517550738415316,-7.517550738415316,-3.5175507384153164,-2.127813705180291,0.059298683385657434,0.8878396182178934,27.73994592823301,138.69192546481767,0.9358483285259362,49673.68457865715,1511282172
1609,11610,6.303547530576993,6.015133681892938,2.0151336818929386,2.0151336818929386,1.540531875383141,-10.967344231523395,-6.967344231523396,-2.9673442315233958,0.46284077450994743,0.07026054973904486,0.8957054470734371,27.607402810382048,121.44364820510893,0.8539512853905943,49673.68457865715,1511282172
1610,11611,15.873992538180689,13.516002593620255,9.516002593620255,5.5160025936202555,1.5160025936202552,-12.88943771565812,-8.88943771565812,-4.8894377156581195,-2.4839974063797445,0.06475934799729567,0.9094716738036973,29.314098304338764,146.5684947446787,0.9982307136462828,49673.68457865715,1511282172
1611,11612,12.207785779721615,9.119647277254717,5.119647277254717,5.119647277254717,1.5308406898909646,-11.732113399928908,-7.732113399928909,-3.7321133999289087,-1.4597364465078424,0.06290438100450003,0.8861500208161711,26.97313252602043,134.8303269571225,0.9299125047497682,49673.68457865715,1511282172
1612,11613,11.860686237093937,8.544183279443436,4.553383410829218,2.0241836627582277,1.4291623888388083,-13.670885677528497,-9.670885677528497,-5.6708856775284975,-2.570837611161192,0.0782982073278183,0.8860385796198915,24.844291595601824,123.55865316409668,0.9550399964646131,49673.68457865715,1511282172
1613,11614,12.526053459588514,8.841139354881573,8.285059132219828,6.7525035699900124,2.7525035699900124,-7.065296655293049,-4.185826688825446,-0.43168940441632087,2.2745847144751474,0.0024096041766843235,0.958910254430413,77.9251281092427,387.6543826906381,3.398885615901235,49673.68457865715,1511282172
1614,11615,6.976429385608216,6.048571680021646,2.048571680021646,2.048571680021646,1.5147924046436685,-9.52341666751715,-5.523416667517148,-1.5234166675171485,0.4283104573951324,0.0720100492036277,0.8881213583414687,26.402327824330918,116.52623244064597,0.8523584210692411,49673.68457865715,1511282172
1615,11616,11.185781825703687,9.70916278613927,5.709162786139269,1.7091627861392695,1.7091627861392695,-7.789105389518103,-3.789105389518104,0.21089461048189606,0.7695830296339339,0.05913241802018291,0.9010756712538354,31.100216517576314,130.80918913398182,0.8616224645341213,49673.68457865715,1511282172
1616,11617,6.993160698265714,5.980894431879915,1.9808944318799153,1.9808944318799153,1.5408932571131022,-10.352002828935722,-6.352002828935724,-2.352002828935724,0.45186909779719997,0.07146881995097576,0.8963152950801321,27.589585272575196,121.06456463804555,0.8585142361016216,49673.68457865715,1511282172
1617,11618,13.239891762491247,11.519597288668185,7.519597288668186,3.7845897506845123,1.4807948112120235,-11.08828985053915,-7.08828985053915,-3.08828985053915,-1.8071822750235957,0.0693303188413389,0.8998907024061408,27.464283335725693,137.17626059570028,0.9474939212199318,49673.68457865715,1511282172
1618,11619,10.586921805963268,10.284292282991952,6.2842922829919505,2.2912172370868653,1.4396716521503798,-11.666716663774963,-7.666716663774964,-3.666716663774965,-0.46399725242795387,0.07535684366054438,0.8889253982614036,25.447724681576375,122.95150341207064,0.9156325460836061,49673.68457865715,1511282172
1619,11620,9.595225461380728,5.992216007214453,1.992216007214453,1.992216007214453,1.5339820815817042,-4.841659169667512,-4.841659169667512,-0.8416591696675118,0.4494766053631758,0.0717520379433397,0.8922406347652456,27.05576159813123,117.45332282574222,0.8441623353128955,49673.68457865715,1511282172
1620,11621,9.781868425386449,6.941857231723599,2.941857231723599,1.981198492865239,1.4566546489450867,-10.792211131169436,-6.792211131169436,-2.792211131169436,0.445459948108788,0.07462427212239346,0.8922080986111243,26.060635234551974,118.06789180862884,0.8687604141249681,49673.68457865715,1511282172
1621,11622,10.06294365880968,9.823209099392532,5.823209099392532,1.8232090993925318,1.524706374477734,-9.034671547681386,-5.034671547681386,-1.0346715476813866,0.2857254560513649,0.07036249885438325,0.8896227519455349,26.63811176545392,120.7829445811784,0.8640604728596069,49673.68457865715,1511282172
1622,11623,9.702851507222155,7.136144681503469,3.1361446815034686,1.94512455804129,1.642449796259153,-11.269228493138664,-7.269228493138665,-3.269228493138665,0.47564399205328534,0.05550586599840954,0.8874990262628576,28.839078670083584,130.36159690360492,0.8744468036147071,49673.68457865715,1511282172
1623,11624,6.7820206186893435,6.11315416735883,2.1131541673588297,2.1131541673588297,1.5233520164803005,-8.733519476720064,-4.733519476720065,-0.7335194767200648,0.4954788534234842,0.06921224300546977,0.8944673048748493,27.391575920497402,119.73572006678717,0.838368563249011,49673.68457865715,1511282172
1624,11625,13.142176356540395,11.332494597108521,7.332494597108521,3.332494597108522,1.456914793403936,-12.623842355843719,-8.623842355843719,-4.623842355843719,-0.6238423558437185,0.07256920658241278,0.8793973106330765,24.88295219279683,123.21887642323344,0.9432985910963121,49673.68457865715,1511282172
1625,11626,9.615093367496147,5.99988960104878,1.99988960104878,1.99988960104878,1.5341207106102852,-3.6715768520890926,-3.6715768520890926,0.3284231479109081,0.452996578231198,0.06914083585198093,0.8840312296354322,27.078669432767406,109.69571625510181,0.8074043821845713,49673.68457865715,1511282172
1626,11627,12.975890531119154,11.269991839477036,7.269991839477036,4.480324764240782,1.6476579816192916,-8.650739459042425,-4.650739459042424,-0.650739459042424,-0.6133987582695954,0.04969164570195638,0.8799371035884002,28.685377795369213,142.7646685281334,0.9882084937026971,49673.68457865715,1511282172
1627,11628,7.453997353593989,5.724446760206594,1.7244467602065943,1.7244467602065943,1.7244467602065943,-8.838400030997958,-4.838400030997959,-0.8384000309979582,1.1866533186969381,0.07053180766476516,0.9088389851719509,32.65484115998184,128.2428239462649,0.9089650463762216,49673.68457865715,1511282172
1628,11629,13.635687790413236,9.870984079042602,5.870984079042602,2.0838939036756603,1.5224423121760358,-11.065163899043174,-7.065163899043174,-3.065163899043174,0.4395430951144592,0.06545144901429975,0.8850747628529028,26.605933199979766,122.09308621839287,0.8631860400410049,49673.68457865715,1511282172
1629,11630,13.581498523846273,12.133128642135107,8.133128642135107,4.133128642135107,1.5762960329629803,-10.574033575044862,-6.574033575044862,-2.5740335750448624,0.7452270046078874,0.05618082632749002,0.8935235739107017,29.04996219431609,142.62266457585244,0.9375790531893019,49673.68457865715,1511282172
1630,11631,13.664066910299793,11.030849662985853,7.030849662985852,3.0308496629858523,1.4898556586908918,-14.510144341309108,-10.510144341309108,-6.5101443413091085,-2.5101443413091085,0.06812926788496976,0.9010306402426684,27.773745688825628,138.71140685320742,0.9506793411033219,49673.68457865715,1511282172
1631,11632,10.997009822315853,7.381515886221945,3.381515886221945,3.381515886221945,1.5357518307544689,-9.21200330354018,-5.21200330354018,-1.21200330354018,0.5843251814594774,0.061575305444243895,0.8855132120884002,27.196008042528874,130.0575021138359,0.8967164818857865,49673.68457865715,1511282172
1632,11633,12.851279021099007,9.99814688537054,5.998146885370539,1.9981468853705386,1.53593664743483,-6.855602789503435,-6.855602789503435,-2.8556027895034353,0.45086250501878444,0.06498796039248739,0.8889054021571249,27.154470415948506,123.8450382585533,0.8570120929421072,49673.68457865715,1511282172
1633,11634,10.721981658768696,9.99797100211963,5.99797100211963,1.9979710021196302,1.536189271890873,-6.178568923744944,-6.178568923744944,-2.178568923744943,0.4507229377555013,0.06496313417056618,0.888909959970061,27.159182666668837,123.8509813034313,0.856920439069747,49673.68457865715,1511282172
1634,11635,10.991928922936111,10.127732159042383,6.127732159042383,2.1277321590423828,1.541462388625238,-11.294379194124135,-7.294379194124135,-3.2943791941241347,0.48902697733760836,0.06274948085944748,0.8894447501938809,27.474829534115013,126.03679837420779,0.8598594709840361,49673.68457865715,1511282172
1635,11636,9.180707884712218,6.295077646257518,2.2950776462575178,2.0133036391902697,1.5087265020198244,-9.180116760021681,-5.180116760021681,-1.1801167600216809,0.4044127344148263,0.06972723967831748,0.8852714331068643,26.17010097291373,116.72189397569753,0.8506295596990809,49673.68457865715,1511282172
1636,11637,6.9491624337213125,6.7025672379589,2.7025672379589,2.4872134674913613,1.5881559508037644,-12.593634851619738,-8.593634851619738,-4.593634851619739,-0.8823185768893735,0.05673469151122661,0.8953486015748018,29.060387956538754,141.90276640934576,0.9308810621819137,49673.68457865715,1511282172
1637,11638,6.952320611307555,6.0781045170663655,2.0781045170663655,2.0781045170663655,1.5043357349874242,-11.16538632949792,-7.165386329497921,-3.165386329497921,0.49380186168167195,0.07218895389576982,0.896726424456567,27.23635752337676,120.19046716716832,0.8572491580553234,49673.68457865715,1511282172
1638,11639,6.617976604199596,5.9540066320456635,1.9540066320456633,1.9540066320456633,1.5413315796754599,-10.042423430218674,-6.042423430218674,-2.0424234302186743,0.4436956734309154,0.07249922906984607,0.8966564246645246,27.55693983373191,120.64348358939584,0.8623967538023816,49673.68457865715,1511282172
1639,11640,7.716821210633307,6.085972379279894,2.085972379279893,2.085972379279893,1.5039941944772799,-10.8906519606223,-6.890651960622299,-2.8906519606222982,0.4952936535517338,0.07202421052491864,0.8963644444468704,27.205306965372053,120.11969558584087,0.8560527732427131,49673.68457865715,1511282172
1640,11641,12.133028004904245,9.71004578530689,5.71004578530689,1.71004578530689,1.71004578530689,-7.341099376671221,-3.341099376671221,0.6589006233287789,0.7848655226930116,0.05629756088636673,0.8889089300366741,31.200846132158503,127.36459338328514,0.8513176738368124,49673.68457865715,1511282172
1641,11642,10.039734407648453,8.661002670313014,4.661002670313013,4.642255995172755,1.4859263809651921,-11.479578816317318,-7.479578816317319,-3.479578816317318,-1.890338047096501,0.06864926414691544,0.8805685780126826,25.548685703842967,127.7056832600089,0.9402708161205717,49673.68457865715,1511282172
1642,11643,12.726336720313995,9.693814672387838,5.6938146723878384,1.6938146723878382,1.6938146723878382,-8.044560267793997,-4.0445602677939965,-0.04456026779399713,0.5928886017856139,0.06176852557581182,0.8974217233861121,29.948105019683545,128.1292518953435,0.8535766537297548,49673.68457865715,1511282172
1643,11644,3.296203055383555,1.990666947817654,1.990666947817654,1.990666947817654,1.5390059558325924,-4.334701151116226,-4.334701151116226,-0.3347011511162259,0.4310291558848136,0.08011068956659202,0.894744764135367,27.06463181807957,111.35026157287496,0.8663707587278163,49673.68457865715,1511282172
1644,11645,13.646971311894724,9.791071848418458,5.791071848418458,1.791071848418458,1.791071848418458,-11.189513867175883,-7.189513867175883,-3.189513867175884,0.8104861328241163,0.050600019438472636,0.9042209946585925,32.91657351476644,144.04453837937388,0.9372504481562555,49673.68457865715,1511282172
1645,11646,9.768529945798456,6.375559221883911,2.375559221883912,2.375559221883912,1.5095695410260481,-13.809669388840598,-9.809669388840598,-5.809669388840599,-1.923733303297533,0.06742598226937555,0.8850823986618357,26.31099717831397,130.2525834156636,0.9260903574866741,49673.68457865715,1511282172
1646,11647,7.7476067569146005,6.448235722448232,2.4482357224482327,1.9680475772146018,1.6738587077983766,-7.846419938392766,-3.846419938392766,0.15358006160723447,0.23895128127355703,0.05268057414712489,0.8835448409124346,29.227553951718804,125.05354288086632,0.8540967306560057,49673.68457865715,1511282172
1647,11648,10.535434713893881,9.930955288018332,5.930955288018332,1.9309552880183316,1.6356377508594628,-10.128055088928452,-6.128055088928452,-2.128055088928452,0.47269686695377855,0.05645438071636059,0.8881325288003008,28.74154158275853,130.2928036186804,0.8733695933452521,49673.68457865715,1511282172
1648,11649,8.99468298087464,5.903757983870344,1.9037579838703436,1.9037579838703436,1.5626567093923593,-10.40757875253484,-6.40757875253484,-2.4075787525348398,0.4299810923432772,0.07275926982450595,0.896064876836802,27.68445443111539,120.82444528653582,0.8660486030890014,49673.68457865715,1511282172
1649,11650,10.01337984370772,9.620853008995502,5.6208530089955016,5.517437001320171,1.5174370013201706,-12.48037345610978,-8.48037345610978,-4.4803734561097786,-0.786454599050485,0.06457818443140534,0.892230969289854,27.343005681197702,136.66329077332057,0.9286291816443579,49673.68457865715,1511282172
1650,11651,10.779426684492332,8.077115278589197,4.077115278589198,1.9889282525614078,1.4713809015556663,-11.301626475331974,-7.301626475331973,-3.3016264753319726,0.38631605568787686,0.07280495005390508,0.8857430582716606,25.634315070922998,117.29820861435573,0.8724393820144309,49673.68457865715,1511282172
1651,11652,12.947588711201742,9.87868437335355,5.878684373353552,1.878684373353552,1.521354920713361,-12.915218878726444,-8.915218878726444,-4.915218878726443,-2.097565292302101,0.06932170605276886,0.8891308096114157,26.61958705619027,131.81314995612004,0.9308601732391562,49673.68457865715,1511282172
1652,11653,9.317614859100793,7.108993143840648,3.1089931438406477,3.1089931438406477,1.501721665840973,-12.90395302753801,-8.90395302753801,-4.9039530275380105,-1.402685431428387,0.06662036589458917,0.8895001862908813,26.759868006935193,132.85943914275208,0.9214643253512969,49673.68457865715,1511282172
1653,11654,12.179546070437791,9.993174347528159,5.993174347528158,1.9931743475281583,1.5390341608554927,-5.642718945278312,-5.642718945278312,-1.6427189452783117,0.45194904676322434,0.06472401613402123,0.8889152375467255,27.204995604518764,123.93491674519504,0.8563526423197725,49673.68457865715,1511282172
1654,11655,6.264463756316137,5.969405707349786,1.9694057073497864,1.9694057073497864,1.6725746798530736,-8.663487399046776,-4.663487399046776,-0.6634873990467758,0.14994242261330348,0.06050966994061398,0.8915015911266275,29.24654754854832,128.7624459355787,0.8634696071210873,49673.68457865715,1511282172
1655,11656,13.776444907308854,9.997089506160604,5.997089506160603,1.9970895061606033,1.5403927202043388,-3.6754648270320667,-3.6754648270320667,0.32453517296793377,0.4523082535384708,0.06226788483440258,0.8806465523261456,27.20703704039699,117.94173712549241,0.8460510437543901,49673.68457865715,1511282172
1656,11657,9.115199055435706,8.379691757472822,4.379691757472822,1.9413882582379371,1.6493065014352444,-7.904421929287691,-3.9044219292876914,0.09557807071230884,0.4814977485619203,0.05439984710514466,0.8852610105144132,28.962885104604297,126.52564956790499,0.8572708002539839,49673.68457865715,1511282172
1657,11658,9.56360022458679,5.667894106059993,1.667894106059993,1.667894106059993,1.667894106059993,-10.650673014978835,-6.650673014978835,-2.6506730149788345,0.43098507012302667,0.082506825552575,0.9038713068152009,28.93453440006976,123.35420681227042,0.9654245697404917,49673.68457865715,1511282172
1658,11659,7.124018737724666,6.013021215341323,2.0130212153413227,2.0130212153413227,1.4695112853116055,-8.79017913337435,-4.790179133374351,-0.7901791333743506,0.47776658579856157,0.07799991138178587,0.897013062849512,26.532460864008016,115.04428575429807,0.8685450440411798,49673.68457865715,1511282172
1659,11660,11.199298695421911,10.095487782857482,6.095487782857483,2.0954877828574836,1.570936622803153,-9.178193500916555,-5.178193500916555,-1.1781935009165545,0.48190180550003703,0.05984150720596923,0.8883668528915204,27.874916763554676,127.38089191248079,0.8621389786662494,49673.68457865715,1511282172
1660,11661,7.830964517897918,6.006449885314201,2.006449885314201,2.006449885314201,1.6697162553602298,-10.198486358496094,-6.198486358496094,-2.198486358496094,-0.0665533393039821,0.05911273474343041,0.8928793189229594,29.477199065102482,134.82022953318182,0.8952252420301839,49673.68457865715,1511282172
1661,11662,8.291763400764676,5.996967972922499,1.996967972922498,1.996967972922498,1.5385283457838745,-7.545213442873389,-7.545213442873389,-3.545213442873389,0.45478655712661054,0.07110957891528173,0.8923062987857251,27.151665125997745,119.3200787954864,0.8518711915780308,49673.68457865715,1511282172
1662,11663,13.20700273377539,9.90467333840383,5.904673338403829,1.9046733384038292,1.5294103409225344,-8.755949959379368,-4.75594995937937,-0.9556668631629954,0.15751864892551115,0.0677682861454818,0.8820345568440126,26.11279547182105,119.79801788696926,0.8755755507091961,49673.68457865715,1511282172
1663,11664,7.205417989542277,5.997445097637968,1.9974450976379678,1.9974450976379678,1.5382156402104512,-4.659758245316528,-4.659758245316528,-0.6597582453165274,0.45613898244112594,0.07110464029747453,0.8923327850920918,27.160303725352637,117.34485681080425,0.8389626402080955,49673.68457865715,1511282172
1664,11665,5.326698850496956,2.0362526829498053,2.0362526829498053,2.0362526829498053,1.550889712601877,-9.031360282203009,-5.03136028220301,-1.031360282203009,0.41963666067649386,0.076531610417159,0.8929160314289883,27.157511300267306,115.78446363493262,0.8673645362788214,49673.68457865715,1511282172
1665,11666,8.765607940948755,5.854796897865927,1.8547968978659266,1.8547968978659266,1.569703514397107,-8.28308715479744,-4.283087154797441,-0.28308715479744007,0.11385054308656462,0.0747636795253309,0.8923883727004205,27.218833442121923,116.17529304724803,0.8571159852284131,49673.68457865715,1511282172
1666,11667,11.032418424687195,8.510384536681412,4.510384536681412,1.5966646041394281,1.5966646041394281,-8.021911936286921,-4.021911936286922,-1.5708260664926976,1.2817326477220765,0.06595268019984356,0.9083791486719839,32.917739641256226,135.69343523095228,0.9303250429983889,49673.68457865715,1511282172
1667,11668,10.878814061169761,9.788152044504523,5.788152044504525,1.8599724134989997,1.5688825819476964,-11.737016032821334,-7.737016032821333,-3.737016032821333,0.14871601993615458,0.06484053989540906,0.8874171379036458,27.24719939597802,125.54776381036717,0.8728121617158373,49673.68457865715,1511282172
1668,11669,11.392459645746873,10.776989868334494,6.776989868334495,3.7021273422459435,1.3125817245255191,-9.665621147312866,-5.665621147312865,-1.665621147312865,-1.0186798934231145,0.09466139173535475,0.893135209826181,23.522471494855264,117.11418224284762,1.0744819673835035,49673.68457865715,1511282172
1669,11670,6.716371667197973,6.318744735252283,2.3187447352522828,2.3187447352522828,1.5007002562296086,-12.83460924323672,-8.83460924323672,-4.83460924323672,-1.2553034826321168,0.06905792913549345,0.8861897834599843,26.21314179789278,128.1656397227326,0.9168260011105599,49673.68457865715,1511282172
1670,11671,10.393610727107879,8.905391843171154,4.905391843171153,2.5175666608742198,1.9051435358140225,-12.91134274730967,-8.91134274730967,-4.9113427473096705,-1.0601950859365317,0.02900441693211124,0.8981929218587297,36.20250384293489,178.34065222487683,1.225389521771489,49673.68457865715,1511282172
1671,11672,8.004076690768546,5.989510558117922,1.989510558117922,1.989510558117922,1.5375379366906399,-5.7729200359572515,-5.7729200359572515,-1.7729200359572517,0.45560460461778485,0.0714813099012552,0.8930124995665671,27.193841159006027,119.24350551862094,0.8522167889886353,49673.68457865715,1511282172
1672,11673,13.008557225903935,10.085878134923629,6.08587813492363,2.08587813492363,1.571373662644348,-9.51322464005668,-5.513224640056681,-1.5132246400566804,0.4810573031786085,0.05990568603121016,0.8888748103001819,27.92577891042242,127.71427695613733,0.8627150755289085,49673.68457865715,1511282172
1673,11674,13.029251540446783,10.227248954480654,6.227248954480652,2.2272489544806526,1.5468562165863304,-10.63816789034417,-6.63816789034417,-2.63816789034417,-0.3670349902551049,0.06184481705682915,0.8869224160382122,27.27486524205297,131.0555323813437,0.8981761663011758,49673.68457865715,1511282172
1674,11675,10.728405626207374,10.095883997499579,6.0958839974995795,2.0958839974995795,1.5203932804176545,-10.50263423404349,-6.50263423404349,-2.50263423404349,0.44545159503133935,0.0655596888121551,0.885261429946967,26.601008120649645,122.1127796353585,0.8629776550133441,49673.68457865715,1511282172
1675,11676,14.863536160608225,10.959628396481742,6.959628396481742,2.9596283964817425,1.486584610738061,-8.594065719807055,-4.594065719807056,-0.594065719807056,0.3666950761671748,0.06822279806432943,0.8883318697912038,26.40741206104818,126.3377721414163,0.8917559194923187,49673.68457865715,1511282172
1676,11677,9.886029981085553,8.040764921029002,4.040764921029002,3.1567341801828768,1.5199323069598611,-8.820763199177916,-4.820763199177916,-0.8207631991779156,0.545150359621797,0.06360087001662072,0.9002901785717268,28.463148704099446,136.41643282194008,0.9134913853032127,49673.68457865715,1511282172
1677,11678,9.042451575969311,7.016485097650349,3.0164850976503486,1.660575078302027,1.660575078302027,-11.057571390907555,-7.0575713909075555,-3.0575713909075546,0.9424286090924459,0.06457261937963085,0.9077686132136384,31.10400022414433,132.36472670349403,0.9007174470507604,49673.68457865715,1511282172
1678,11679,10.738829214307046,8.797641472928134,4.7976414729281345,2.1741870511946786,1.5402740215015884,-9.969984182399653,-5.969984182399653,-1.9699841823996522,0.5127806605565539,0.06246370850242139,0.8895936503610081,27.519966314062273,126.39329944484979,0.8605803619526026,49673.68457865715,1511282172
1679,11680,14.967116498634114,11.964136761914984,7.964136761914983,3.9641367619149843,1.4474813054518993,-11.77729426632545,-7.777294266325451,-3.777294266325451,-1.52254680358513,0.073880927784854,0.88234862752973,24.986493624174283,124.7788529340441,0.9454073282241793,49673.68457865715,1511282172
1680,11681,9.08209370819552,5.969323680548699,1.9693236805486987,1.9693236805486987,1.5370478880026324,-5.3386022724870195,-5.3386022724870195,-1.3386022724870192,0.4496854604163292,0.07230320488602313,0.8935566386216378,27.188513433540628,118.69165831707105,0.8530575300146339,49673.68457865715,1511282172
1681,11682,8.23131829051595,5.654801627405555,1.6548016274055553,1.6548016274055553,1.6548016274055553,-12.029988618575452,-8.029988618575452,-4.0299886185754525,-1.9548436712158808,0.0846997001360483,0.9015537464011865,28.323777498558034,137.53405702463775,1.0781920862685639,49673.68457865715,1511282172
1682,11683,8.180425858002913,6.0206744288574106,6.0206744288574106,2.020674428857411,1.5520498804098708,-11.032115494547089,-7.03211549454709,-3.0321154945470905,0.40100336688097005,0.06296840559650474,0.8860122189574977,27.155023245629035,124.42123980724914,0.863233152608227,49673.68457865715,1511282172
1683,11684,12.879383107890028,8.90976117868719,4.909761178687191,1.9468220387792148,1.9468220387792148,-11.911491420189192,-7.911491420189193,-3.9114914201891926,-0.12574566547711563,0.036496766085688775,0.9012659361727681,35.86149290161049,168.54250298899257,1.1217263743657566,49673.68457865715,1511282172
1684,11685,16.199137381228436,12.663297847869107,8.663297847869107,4.6632978478691065,1.5462568233793077,-11.096041314453105,-7.096041314453105,-3.096041314453105,-2.4537431766206925,0.061021262346575116,0.8782226844739893,26.488744065559366,132.43258891344325,0.950948988335802,49673.68457865715,1511282172
1685,11686,9.115908595959924,5.946583129843278,1.9465831298432776,1.9465831298432776,1.538671735233814,-8.667564736485309,-4.667564736485309,-0.6675647364853086,0.4428076314396232,0.07305093130991971,0.8971678549640335,27.555182818054917,118.5075598502828,0.8519274654364957,49673.68457865715,1511282172
1686,11687,7.196218924686401,5.949988771335135,1.9499887713351354,1.9499887713351354,1.5389755178930973,-11.203238415515573,-7.203238415515574,-3.2032384155155738,0.4438973076258588,0.07289459784767377,0.8971343512628276,27.55764502627403,120.68385634911095,0.8649677777829204,49673.68457865715,1511282172
1687,11688,9.436631010642875,5.999390454946754,1.999390454946754,1.999390454946754,1.4958742721787803,-11.48319683831438,-7.483196838314378,-3.4831968383143774,0.4021550468095776,0.07566066697090562,0.8883475476082924,25.982170278219588,114.71280023913428,0.8666000510813813,49673.68457865715,1511282172
1688,11689,7.764494429784374,5.975740472042581,1.975740472042581,1.975740472042581,1.5866907175716627,-10.280405108923551,-6.280405108923552,-2.280405108923552,-1.248199525881936,0.06752323111523836,0.8909925594484865,27.708708341532567,133.8329594847584,0.9280441256317128,49673.68457865715,1511282172
1689,11690,9.856309206835833,9.032015766455968,5.032015766455968,2.0285280481095724,1.694944324619265,-9.726906561495479,-5.726906561495477,-1.7269065614954775,0.29685762328119947,0.049266636277799904,0.8856485167311828,29.75121105596874,137.15944442234064,0.9216156576369816,49673.68457865715,1511282172
1690,11691,7.952167782590451,7.5921450701885895,3.5921450701885895,3.5921450701885895,1.5392191593284792,-11.326132659111567,-7.326132659111566,-3.3261326591115656,0.4710478297403331,0.0614991932210922,0.8875919651874895,27.391243799058362,132.5886433722567,0.9042476958424022,49673.68457865715,1511282172
1691,11692,9.919655054218538,5.9507744296470415,1.9507744296470415,1.9507744296470415,1.5370021724879377,-10.822357179240608,-6.822357179240608,-2.8223571792406084,0.44464026189662165,0.07305712298019315,0.897233611368465,27.538187447131012,120.5957167884039,0.8654610563767394,49673.68457865715,1511282172
1692,11693,8.304512082974014,6.087546353408697,2.0875463534086967,2.0875463534086967,1.5608687510020254,-8.85564300425374,-4.855643004253741,-0.8556430042537408,0.4884501326017554,0.06592922731849041,0.8922540431518949,27.764531341960705,121.43063373133342,0.8361099535973666,49673.68457865715,1511282172
1693,11694,12.363131575980669,11.730068079585996,7.730068079585995,3.730068079585995,1.5288184589630813,-12.450298443117738,-8.450298443117738,-4.450298443117739,-2.471181541036919,0.06315426535392618,0.8820802808301478,26.5293178915206,132.59440327100873,0.936341980078556,49673.68457865715,1511282172
1694,11695,13.003671855965152,9.971962584812557,5.971962584812557,1.9719625848125568,1.7000817387407994,-7.980359098460259,-3.9803590984602586,0.01964090153974185,0.7398748926170228,0.04932182443961049,0.8892849297666182,30.44104865910829,132.4638764117895,0.8770914047386902,49673.68457865715,1511282172
1695,11696,9.172098255941869,6.105244706526337,2.1052447065263373,2.1052447065263373,1.5022802630380554,-10.402049265805424,-6.402049265805424,-2.4020492658054238,0.5089590619318521,0.07170964924725769,0.8962697974181096,27.208249052943344,120.17728886402777,0.8544132301772163,49673.68457865715,1511282172
1696,11697,5.271635886047856,4.746136577123434,3.634819971450807,1.5727482421921837,1.5727482421921837,-9.92549868116189,-5.925498681161891,-1.9254986811618908,1.5727482421921837,0.057888075778894425,0.9037378155100686,37.23229063983716,148.7238349959225,0.9765492228824272,49673.68457865715,1511282172
1697,11698,7.552775372924304,4.693333472194794,3.1333783734553076,3.130574940112683,3.130574940112683,-3.8743099092315196,-3.3063244916964205,-2.361214078774518,-0.869425059887317,0.001885567450205292,0.9997672167829412,160.0,789.6255130437512,7.013653354725952,49673.68457865715,1511282172
1698,11699,13.98278162582019,9.985254690964519,5.985254690964518,1.985254690964518,1.5503644913812018,-9.979526312164403,-5.979526312164403,-1.9795263121644024,0.45502919843388034,0.06362368876498578,0.8924163380835594,27.773200300808142,126.49407142489349,0.8580710542302206,49673.68457865715,1511282172
1699,11700,3.28782259463378,2.0264577406079005,2.0264577406079005,2.0264577406079005,1.5468788086514451,-11.204252460951194,-7.204252460951195,-3.204252460951195,0.4144578952339264,0.0775143589789356,0.8926912106480929,27.052395435629776,116.5985443763471,0.8813318728527497,49673.68457865715,1511282172
1700,11701,9.786081348787848,5.990044543470733,1.9900445434707321,1.9900445434707321,1.4607182908483247,-9.930792865699921,-5.930792865699921,-1.9307928656999216,0.4650075842508584,0.07978925995359712,0.8962753854985845,26.240567450883074,115.0377416497226,0.8852055767221745,49673.68457865715,1511282172
1701,11702,13.15474929720743,12.498759278619438,8.49875927861944,4.573705875751431,1.5192183129266932,-8.097075956341126,-4.097075956341126,-0.09707595634112498,0.526951001901327,0.06331096904402204,0.8868724902080143,27.109437064784082,131.90442395900726,0.9095701517182747,49673.68457865715,1511282172
1702,11703,12.784321396999164,11.544104689787948,7.5441046897879485,5.491159050791486,1.4911590507914865,-11.781914015524778,-7.781914015524778,-3.7819140155247792,-1.8940781432634413,0.06795987062802254,0.8795853686458377,25.550714912064116,127.74769680043946,0.9426920401297544,49673.68457865715,1511282172
1703,11704,12.160450376330697,10.099371155236094,6.099371155236094,2.099371155236094,1.5761944038364464,-10.985412155272103,-6.985412155272103,-2.985412155272103,0.49736532825531343,0.05921020989472918,0.8892407726164815,28.078230456301995,128.5083756119751,0.8645826457339972,49673.68457865715,1511282172
1704,11705,11.026423699268944,7.734767429275172,4.228196004664743,4.185948104815975,1.203818199434142,-7.408810182774529,-3.4690707876316065,-1.4045549494960163,1.203818199434142,0.07904024285517777,0.8832183944042471,27.08376326464284,130.89345738260138,1.0225459922687867,49673.68457865715,1511282172
1705,11706,10.737599026728763,8.222354143234258,4.2223541432342575,4.2223541432342575,1.3701908268070373,-10.817214462282253,-6.817214462282254,-2.817214462282255,0.9223177255770338,0.07704730520273394,0.9037099764074493,27.606929260742795,134.5997285259166,0.9880685725373869,49673.68457865715,1511282172
1706,11707,13.372120757161616,11.190410665713461,8.332061278303792,4.344526737136641,1.402168558853077,-6.402028465994647,-2.402028465994647,0.3369939010579026,0.7060485890748704,0.07423570202218743,0.8792832056648798,25.413777780751435,122.72366027107648,0.9528364591940565,49673.68457865715,1511282172
1707,11708,13.17443446692618,9.822406205631914,5.822406205631914,1.8224062056319141,1.5481069774536877,-11.927256197085836,-7.927256197085836,-3.9272561970858373,-0.12035030596860996,0.06810168194050481,0.8914595683455847,27.203490977310903,126.99991837357686,0.8856300284000963,49673.68457865715,1511282172
1708,11709,9.935764765118405,7.827755952606099,3.8277559526060987,3.8277559526060987,1.495136453034166,-10.369250550504175,-6.369250550504174,-2.369250550504174,0.7262328017477152,0.06551650704524865,0.8882806568342091,26.97670253402685,130.6856472333968,0.9060710512922057,49673.68457865715,1511282172
1709,11710,7.174236730346789,5.917305498109682,1.9173054981096822,1.9173054981096822,1.5480708947517254,-11.176204616439954,-7.176204616439954,-3.1762046164399544,0.43891087884673907,0.0734553934539291,0.8971204189533658,27.607514428015705,120.57810799882945,0.8683008855220471,49673.68457865715,1511282172
1710,11711,13.900340674714547,11.395870584479244,7.713972206300455,4.6680831518979335,1.1850822527914027,-5.603484149354634,-2.4527249556805115,-2.3249364299179316,1.1850822527914027,0.08188778816279263,0.9120366396766838,30.210105941480926,148.58052476633276,1.1429514377272951,49673.68457865715,1511282172
1711,11712,6.4543053249596145,6.163732120690836,2.1637321206908364,2.1637321206908364,1.5297054045076328,-10.917016360929106,-6.9170163609291055,-2.9170163609291064,0.5164078757953166,0.06737230534874777,0.8923896482710345,27.36910189130875,121.41727744831616,0.8431102149150048,49673.68457865715,1511282172
1712,11713,7.916470435490391,6.1605836607142965,2.1605836607142965,2.1605836607142965,1.5311450130482192,-10.404373894016441,-6.404373894016441,-2.404373894016441,0.5146966698981683,0.06728347113651989,0.8922563620994061,27.374777225151764,121.48620990067796,0.8433982906060108,49673.68457865715,1511282172
1713,11714,10.413779244273227,10.098365023108185,6.098365023108184,2.4550904575315697,1.6097493779599377,-9.67395383007589,-5.67395383007589,-1.67395383007589,0.6204447021373365,0.0534592743513664,0.890406410868354,29.135165423575305,135.17608290645992,0.8929489564390978,49673.68457865715,1511282172
1714,11715,11.49707915358164,10.008117415637578,6.008117415637577,2.0081174156375776,1.5303331270294678,-7.100362434329836,-7.100362434329836,-3.100362434329835,0.46303507978525515,0.06543279616623177,0.8895121730218752,27.1371121665532,123.74910526074436,0.856457064470061,49673.68457865715,1511282172
1715,11716,14.731238831446733,13.063720126253946,9.063720126253946,5.063720126253946,1.6203601675415327,-10.011481145938566,-6.011481145938565,-2.011481145938565,-1.0856872767439627,0.05257746210193793,0.8822281085025385,28.35767187214676,141.7241737122068,0.9691063715749711,49673.68457865715,1511282172
1716,11717,10.72597664986717,10.655689406969481,6.655689406969481,2.655689406969481,1.427077341838771,-11.741334396480156,-7.7413343964801555,-3.7413343964801555,-0.7708633319463589,0.0768002705736742,0.8884508389529924,25.192271733327008,123.7739457610071,0.9342280289568307,49673.68457865715,1511282172
1717,11718,15.060419887987559,13.381749075929763,9.381749075929763,5.381749075929763,1.3817490759297633,-12.662318724420317,-8.662318724420317,-4.662318724420317,-2.3010962129653176,0.08352437946436621,0.8924415331871133,24.73824004191405,123.68781993117479,0.9844425016244931,49673.68457865715,1511282172
1718,11719,8.407825162456072,7.979487704501062,3.9794877045010617,3.9794877045010617,1.4834692224907802,-11.371793644896174,-7.371793644896175,-3.371793644896174,-0.5740434645405912,0.06897450854841718,0.8814160042288549,25.587640705451626,127.16037158570808,0.9336536135156317,49673.68457865715,1511282172
1719,11720,9.119087467547635,5.988503330317635,1.9885033303176356,1.9885033303176356,1.5422298764465554,-10.78633110420811,-6.786331104208109,-2.7863311042081094,0.4643013306405408,0.07102500461289882,0.8966292349569136,27.674420644983943,121.418320505734,0.8575605242888323,49673.68457865715,1511282172
1720,11721,16.139442841925952,12.835576363440191,8.83557636344019,4.8355763634401905,1.508805701903581,-11.152527048358468,-7.152527048358468,-3.1525270483584684,-0.26943471502436167,0.06567224678335468,0.8812868096846611,26.056297425597243,130.0004521748144,0.9351839962546699,49673.68457865715,1511282172
1721,11722,13.55266153007796,10.09528884739645,6.095288847396449,2.0952888473964495,1.5087705506887341,-8.026233914503585,-4.026233914503584,-0.026233914503584144,0.4405218854219586,0.06626613449344153,0.8831071930712174,26.384635831266603,117.8275649656258,0.8491482566779137,49673.68457865715,1511282172
1722,11723,8.66195182690933,6.3503597762032555,2.3503597762032555,2.0867977231909776,1.5137619040430972,-8.684220859454783,-4.684220859454783,-0.6842208594547825,0.4497410254615668,0.06788619817443022,0.8861834486202157,26.47329478239302,117.42199661632067,0.8404837084607867,49673.68457865715,1511282172
1723,11724,13.078410622612324,11.731728137763087,7.731728137763087,3.7317281377630867,1.5744260991143262,-10.58799546325628,-6.587995463256281,-2.5879954632562807,-0.4107489676936815,0.05769401984303498,0.8971290911382577,29.03576944039358,144.060148816584,0.9449456080674384,49673.68457865715,1511282172
1724,11725,10.232017669365915,7.206893689692451,3.2068936896924507,3.2068936896924507,1.4921933170567787,-8.551003039455615,-4.551003039455616,-0.551003039455616,0.014744323075740917,0.06774359791967417,0.8898006127717654,26.618599804638375,128.09106425820724,0.8955222026744755,49673.68457865715,1511282172
1725,11726,13.256611648790315,10.923796048429729,6.92379604842973,2.969519599591326,1.3860857802595656,-10.418137859982687,-6.4181378599826875,-2.4181378599826875,-1.7022239966917543,0.08285882963292786,0.8839518534495954,23.986410499861968,119.4196430790291,0.9808368334203705,49673.68457865715,1511282172
1726,11727,13.414228946191225,9.977289880653904,5.9772898806539025,1.977289880653903,1.473770475994422,-11.540414531121291,-7.540414531121292,-3.540414531121293,0.3611868887254617,0.07272420284455022,0.8861667724178846,25.6894198975151,117.68025039099021,0.872516348315683,49673.68457865715,1511282172
1727,11728,12.178694308150712,10.115610961065475,6.115610961065475,2.115610961065475,1.5045338917829862,-10.476426548543783,-6.476426548543783,-2.476426548543783,0.5084225142308181,0.06708590640470263,0.8937460287136856,27.256778690662475,124.78589550083433,0.8605430890073901,49673.68457865715,1511282172
1728,11729,16.807031147643436,13.518341246957243,9.518341246957243,5.518341246957243,1.5183412469572428,-9.966704777697448,-5.966704777697449,-1.966704777697449,0.48829882420480275,0.06398080782666583,0.9046062414831618,28.887332723117797,144.09009396312595,0.9681451631859176,49673.68457865715,1511282172
1729,11730,9.711439562041498,9.068338703818648,5.0683387038186485,5.0683387038186485,1.4510503118537141,-8.719677513507971,-4.719677513507972,-0.7196775135079723,0.14381693500757198,0.0732577574936412,0.8836893378768688,25.207051542203953,125.55500109256806,0.938895254589728,49673.68457865715,1511282172
1730,11731,7.832555216348165,6.040178796090524,2.040178796090524,2.040178796090524,1.5693460384021505,-10.885710003897069,-6.885710003897069,-2.885710003897069,0.4786761893530658,0.06652060289315397,0.8926313453556585,27.8424020118418,122.59689152988389,0.8457547748240081,49673.68457865715,1511282172
1731,11732,12.529023693458035,10.118568372300526,6.118568372300526,2.1185683723005257,1.5257654404886665,-10.161103199566245,-6.161103199566243,-2.1611031995662433,0.46679249495663044,0.06467996696752473,0.88614622032792,26.82057859253144,123.12114185254904,0.861518664364322,49673.68457865715,1511282172
1732,11733,11.941548298536409,10.969621680496997,6.9696216804969975,2.9696216804969984,1.491824002732587,-11.648809784361129,-7.648809784361129,-3.64880978436113,0.35119021563887065,0.06761917346401472,0.8865223159727391,26.303354281503115,126.50251820319122,0.8965038373129738,49673.68457865715,1511282172
1733,11734,10.296225401708408,10.099501962289217,6.099501962289216,2.0995019622892173,1.5042250256788503,-9.581465242842249,-5.58146524284225,-1.5814652428422498,0.5035605742533418,0.06727627102015588,0.8940244721699975,27.26497073667497,124.64751614798217,0.8601288221540727,49673.68457865715,1511282172
1734,11735,14.052207076252857,11.682306739606567,7.682306739606566,4.592710310140793,1.4426442649681175,-11.804207442720811,-7.804207442720812,-3.804207442720811,-0.7308214080494644,0.07456030228782873,0.893424408510677,26.005357132930182,129.82270784569744,0.9418376708546226,49673.68457865715,1511282172
1735,11736,9.990314327094078,6.020867930285247,2.0208679302852475,2.0208679302852475,1.5376570120835622,-9.097773922243716,-5.097773922243716,-1.097773922243716,0.4360277644312358,0.07042045365353614,0.8886158697703683,26.79535471256941,117.36784227575345,0.8456478840381986,49673.68457865715,1511282172
1736,11737,10.043661821122846,6.6067395367208475,2.606739536720847,1.7730782869575747,1.7730782869575747,-6.8435205008208095,-2.8435205008208095,1.15647949917919,1.4814462528019083,0.039586492770253584,0.8808477711204921,38.24804357745534,137.76283070602463,0.9669569686067088,49673.68457865715,1511282172
1737,11738,8.03125814406131,6.032362549957887,2.0323625499578872,2.0323625499578872,1.5406988627632983,-7.5846632329247985,-3.5846632329247985,0.4153367670752015,0.44423129578438125,0.06669672625511623,0.8777648767290661,26.913328264484623,108.45329505914465,0.8227456363468229,49673.68457865715,1511282172
1738,11739,10.875859339892473,7.99010784854336,3.99010784854336,3.913292581174585,1.5107698896715103,-12.969169104199901,-8.969169104199901,-4.969169104199901,-0.9691691041999013,0.06542313640407543,0.8941769696722133,27.43467883199932,136.6554714447182,0.928408817659726,49673.68457865715,1511282172
1739,11740,15.768597715500823,12.77138240317981,8.77138240317981,5.517267509970014,1.5172675099700144,-11.533749512286825,-7.533749512286826,-3.5337495122868265,-0.07456619605812254,0.06458978779518287,0.8985248695073895,28.034550587798186,140.02597084966482,0.9415271106064954,49673.68457865715,1511282172
1740,11741,8.987868048731421,6.4635736784611275,2.463573678461128,1.9952018454512017,1.5707019409909437,-11.173456698430584,-7.178095651037134,-3.1780956510371343,0.4616391269652118,0.062150406951392054,0.8902651957880161,27.870773134375312,124.98256389208228,0.8481548909600963,49673.68457865715,1511282172
1741,11742,8.356193489375107,6.030236992077284,2.0302369920772834,2.0302369920772834,1.534341729418445,-8.726279888631138,-4.7262798886311375,-0.7262798886311377,0.4377621238934968,0.07044434621210424,0.8882794908252185,26.729730782827932,116.29376703313301,0.8400286630717508,49673.68457865715,1511282172
1742,11743,11.918176573929172,8.890455317963387,4.8904553179633865,1.7149591524026395,1.7149591524026395,-9.141118146784288,-5.141118146784289,-1.1411181467842886,1.0269950432505013,0.05761295824697048,0.9119521870467386,33.01786382116465,140.65121223965144,0.9433902598861149,49673.68457865715,1511282172
1743,11744,4.780509874843671,2.0262074950786864,2.0262074950786864,2.0262074950786864,1.5483167280296868,-8.325167385418917,-4.325167385418916,-0.32516738541891654,0.414440544042882,0.07717803359721712,0.8921794510315745,27.048830510429845,112.0821598386595,0.8503911204999578,49673.68457865715,1511282172
1744,11745,9.64918175662975,6.029698971048775,2.029698971048775,2.029698971048775,1.652325900529276,-10.875635534461997,-6.875635534461996,-2.8756355344619964,-0.3857377216961295,0.05959973095089423,0.8957723039963156,29.572095127883756,138.20913196597397,0.9135537162667015,49673.68457865715,1511282172
1745,11746,10.343424124794542,6.570413479340556,2.5704134793405564,2.5704134793405564,1.6186101006471862,-12.973617360294357,-8.973617360294357,-4.973617360294357,-1.9639643273483103,0.05374683032228217,0.8914271827359868,29.21540870078052,145.01351120835486,0.9542274263423554,49673.68457865715,1511282172
1746,11747,9.71504631738712,6.031176661653975,2.031176661653974,2.031176661653974,1.5764339909203764,-8.940688143253192,-4.940688143253192,-0.9406881432531924,0.4787573489160366,0.06613302468618441,0.8920919755668263,27.887854365952677,121.54216591888992,0.8382318068996578,49673.68457865715,1511282172
1747,11748,7.001581136542909,6.988025347910443,2.9880253479104426,1.9735097322216353,1.4500758436655372,-11.223477806569448,-7.2234778065694485,-3.2234778065694485,-0.9813056177973813,0.07613704652712117,0.8814248524600428,24.732096134145312,120.07122064148417,0.9374217160355612,49673.68457865715,1511282172
1748,11749,12.386342706296077,9.988429832696914,5.988429832696914,1.9884298326969143,1.5507656881231735,-4.262186451000853,-0.262186451000854,-0.262186451000854,0.42976614566408133,0.061722366338766224,0.8789571607625314,27.217264216263736,110.46266964712247,0.8060352607210562,49673.68457865715,1511282172
1749,11750,9.10723662124452,8.650424068725838,4.650424068725838,2.0835983161236964,1.5969535251790197,-11.500490981330794,-7.500490981330794,-3.5004909813307936,0.49950901866920616,0.05724198987184772,0.8876006110218707,28.275928832868836,129.26059478498786,0.8703260505255032,49673.68457865715,1511282172
1750,11751,11.141823722141828,10.000239937924944,6.000239937924942,2.0002399379249423,1.5304410922944183,-9.50288736833929,-5.502887368339289,-1.502887368339289,0.4047383482029432,0.0656512731866018,0.8837283892934529,26.506167246288243,121.12166735471558,0.8643169532394004,49673.68457865715,1511282172
1751,11752,11.710538566622363,9.985188024785534,5.985188024785535,1.9851880247855356,1.53912464436573,-3.5453196902380846,-3.5453196902380846,0.4546803097619152,0.4546803097619152,0.06139541249190976,0.875890477547812,27.16403510633854,116.37271625089492,0.8645546371042951,49673.68457865715,1511282172
1752,11753,8.659598201075095,5.9733015228202095,1.9733015228202095,1.9733015228202095,1.686509639383367,-9.483367788170208,-5.483367788170208,-1.483367788170207,0.6737725055599098,0.058867431477329216,0.8945355593577586,30.000000579398197,128.64351217625642,0.851262547395615,49673.68457865715,1511282172
1753,11754,6.414865259838185,5.96137383412176,1.9613738341217601,1.9613738341217601,1.5821926058116114,-7.655071487158613,-3.6550714871586134,0.3449285128413868,0.4644746167082008,0.06626249061183108,0.8855940283425744,27.917730553793007,112.1600684529055,0.8003655000616431,49673.68457865715,1511282172
1754,11755,6.712495965456262,5.962905422394947,1.9629054223949465,1.9629054223949465,1.589278277483791,-11.179289300666719,-7.179289300666719,-3.179289300666718,0.46994094929591035,0.06756038371239836,0.8931911377809365,28.0289548777686,122.62217685936031,0.8501579553845293,49673.68457865715,1511282172
1755,11756,9.723204385343102,8.604827652577425,4.604827652577424,2.0520664234125934,1.6065997578279065,-8.39473100390291,-4.39473100390291,-0.3947310039029095,0.5001081038861706,0.05663707518277486,0.8874576858537104,28.421007109258525,127.28577572261382,0.8567702938398294,49673.68457865715,1511282172
1756,11757,7.023846004211092,5.932990365471365,1.9329903654713652,1.9329903654713652,1.5804385609884786,-9.2479228957634,-5.2479228957634,-1.2479228957634005,0.45047309276033887,0.06972045550388177,0.8938736761322824,27.849469188846914,120.98742599460651,0.8506055509427461,49673.68457865715,1511282172
1757,11758,10.202086982409027,7.324256790418798,3.324256790418798,3.324256790418798,1.7117788362819832,-9.108420371580342,-5.108420371580342,-1.1084203715803425,0.8628704018883638,0.04249125253118407,0.8926637128674407,31.780758129051417,149.71321621733534,0.9882100783343426,49673.68457865715,1511282172
1758,11759,6.457004617700233,5.926520107434978,1.926520107434978,1.926520107434978,1.5771971857028364,-11.26854636290914,-7.26854636290914,-3.26854636290914,0.449863884312502,0.07031145155947605,0.8940821551640841,27.793656423985638,121.38386445208275,0.8564372428442775,49673.68457865715,1511282172
1759,11760,7.146808098280343,5.919024251227335,1.9190242512273352,1.9190242512273352,1.5498409163839855,-11.600486517819315,-7.600486517819315,-3.6004865178193146,0.39951348218068516,0.07326866505585805,0.8900454301736376,26.853795220686788,117.70677424015375,0.862325985763436,49673.68457865715,1511282172
1760,11761,9.211271776990076,9.03735801485,5.037358014850001,3.838443382851726,1.4053403310357637,-12.616276688475127,-8.616276688475127,-4.616276688475126,-2.2145051193729772,0.07995974430823978,0.8823398004373498,24.194991812429347,120.91394421669239,0.9708339997767212,49673.68457865715,1511282172
1761,11762,11.00783124000849,8.523432499148152,4.523432499148153,4.523432499148153,1.4957877026352706,-11.003732896548872,-7.003732896548872,-3.003732896548872,0.832206788843433,0.06427643977941412,0.9017181502770625,28.8019049356674,141.68643744027395,0.9510242389924793,49673.68457865715,1511282172
1762,11763,7.048023150408044,6.036689609181472,2.0366896091814723,2.0366896091814723,1.5776556132122346,-10.535108196764751,-6.535108196764751,-2.535108196764752,0.48608854759026454,0.06581716060773393,0.8924667328117049,27.96597359904115,123.01453794981316,0.8453357248173656,49673.68457865715,1511282172
1763,11764,12.855027084287096,10.457492669171899,6.457492669171898,5.642512883295197,1.6425128832951972,-10.548608742106834,-6.548608742106834,-2.5486087421068344,-0.45937733935858316,0.050241801327243846,0.8878888097011759,29.403517667422605,146.94898195398778,0.9759100359249332,49673.68457865715,1511282172
1764,11765,8.550987623834125,7.4867580559107765,3.4867580559107765,2.213464034095538,1.5256098122156205,-10.763943958078556,-6.763943958078556,-2.7639439580785554,-2.4743901877843797,0.06444180462771319,0.9027472244120096,28.60437977589892,142.32243890689412,0.9565905198218574,49673.68457865715,1511282172
1765,11766,7.718421352784966,5.980423650824284,1.980423650824285,1.980423650824285,1.544362058394974,-3.5362352202729124,-3.5362352202729124,0.4637647797270883,0.4637647797270883,0.06766499058044968,0.879559241125024,27.234021021688136,108.1036744187864,0.8138021589676865,49673.68457865715,1511282172
1766,11767,8.84334008385039,5.978806598734861,1.9788065987348618,1.9788065987348618,1.5451036129509383,-7.17035936971475,-7.17035936971475,-3.1703593697147507,0.46318843193342074,0.07110345195868645,0.8924493840310602,27.237727385695806,119.40920307944364,0.8520732555555403,49673.68457865715,1511282172
1767,11768,8.618383017992986,6.042706925983435,2.0427069259834347,2.0427069259834347,1.5763015084329395,-11.513495745923853,-7.513495745923853,-3.513495745923853,0.48650425407614706,0.06574610335749906,0.8922018123206148,27.9275770126387,122.92149561234895,0.8450125081778949,49673.68457865715,1511282172
1768,11769,9.435807348219951,5.978687804314892,1.9786878043148914,1.9786878043148914,1.5446406344893215,-3.5370737952499534,-3.5370737952499534,0.46292620475004687,0.46292620475004687,0.06771662237982351,0.8795751958360185,27.23121779107843,108.07738243341274,0.8138126944243221,49673.68457865715,1511282172
1769,11770,8.393239927278591,6.603460094894269,2.6034600948942686,1.9729237727541655,1.686659791780367,-7.833816709337282,-3.833816709337282,0.16618329066271786,0.6778580853785459,0.050657087793697195,0.8869883848824752,30.001691748561797,126.82611241061755,0.8489131529198648,49673.68457865715,1511282172
1770,11771,6.100835439863522,5.951482893160199,1.9514828931601993,1.9514828931601993,1.592918614234111,-7.646744099900448,-3.646744099900448,0.35325590009955277,0.4786892060297805,0.06574765632553475,0.8858146403271574,28.09967217852123,112.5415334175348,0.7993274690711999,49673.68457865715,1511282172
1771,11772,6.114299153877432,5.953571517654179,1.9535715176541788,1.9535715176541788,1.6015011716946315,-8.362019316835335,-4.362019316835334,-0.3620193168353347,0.48706979212605983,0.0667796660476667,0.8930713960960361,28.236244257319896,119.69542251863272,0.8272923021411411,49673.68457865715,1511282172
1772,11773,9.558581844443884,8.474703231694239,4.47470323169424,1.975794996398136,1.6232774704100381,-11.220749523003255,-7.220749523003255,-3.2207495230032546,0.5077984597835083,0.05646524261003397,0.8878833275987057,28.61659851577204,129.8233598213564,0.8712671716876577,49673.68457865715,1511282172
1773,11774,9.175831378784466,5.929972735782236,1.9299727357822363,1.9299727357822363,1.5870328797488293,-11.531472132459653,-7.531472132459653,-3.531472132459653,0.4685278675403468,0.06924228502119209,0.8941373689595754,27.985055867981057,122.06138023385442,0.8542132710226151,49673.68457865715,1511282172
1774,11775,10.036787956319127,8.388554601254974,4.388554601254973,4.388554601254973,1.638188145106856,-13.075771433709198,-9.075771433709198,-5.075771433709198,-1.994822132097361,0.05069110905558084,0.8927872619401517,29.866144135847847,149.27090089796934,0.9764460888266103,49673.68457865715,1511282172
1775,11776,11.450144224020965,9.633023313561658,5.633023313561658,2.1596436653251545,1.6158841378522644,-11.077560281048557,-7.077560281048557,-3.077560281048556,0.5384293571527852,0.054438751534098065,0.8874594444962532,28.719630712765152,131.60308191737485,0.88101754116807,49673.68457865715,1511282172
1776,11777,9.033167301118583,6.901868516530867,2.9018685165308677,2.9018685165308677,1.4934801524521266,-11.151517785645492,-7.151517785645493,-3.151517785645493,-0.29245973433209094,0.06778026857841667,0.8861235136986467,26.236676222828542,127.17093472879797,0.9034006648999109,49673.68457865715,1511282172
1777,11778,8.139360125363932,5.951968114028241,1.9519681140282417,1.9519681140282417,1.5546672620227577,-6.551983404770137,-6.551983404770137,-2.5519834047701364,0.45949136056133755,0.07125652740417275,0.8926815206029449,27.34780110646259,119.61229271662175,0.8538582174181595,49673.68457865715,1511282172
1778,11779,7.529919486592969,5.893780568400573,1.893780568400573,1.893780568400573,1.5745538927573863,-11.544074994086266,-7.544074994086266,-3.544074994086266,0.4458587931344924,0.07216612057683723,0.8950535196754474,27.73882711170541,120.80643172951363,0.8632087004676133,49673.68457865715,1511282172
1779,11780,10.779472197099306,7.6899996705209945,3.6899996705209945,3.3461425296594185,1.4076780784866958,-11.700414215283315,-7.700414215283314,-3.700414215283315,-0.01536623251262803,0.07957313933356562,0.8890912188633182,24.9068450261802,121.89071081287646,0.9438901605988685,49673.68457865715,1511282172
1780,11781,7.469918664025317,5.964533920916037,1.9645339209160373,1.9645339209160373,1.6922870373990808,-11.28388499453993,-7.283884994539931,-3.28388499453993,0.7161150054600699,0.05876796387935837,0.8955102467620403,30.21532423061283,129.32642267154966,0.8539267454464773,49673.68457865715,1511282172
1781,11782,11.035153628662458,9.450526529759946,5.450526529759945,5.450526529759945,1.4505265297599454,-8.445743051524328,-4.445743051524329,-0.445743051524329,-0.2754565570844112,0.07328102037539014,0.8745414340536459,24.352957753780185,121.51351071253582,0.9717446714570579,49673.68457865715,1511282172
1782,11783,7.455373843443328,5.914521172640785,1.9145211726407847,1.9145211726407847,1.5847377448559568,-10.988695611790167,-6.988695611790167,-2.9886956117901677,0.4664509213812633,0.07019306558629339,0.8945726768099005,27.940267567516475,121.70531379671243,0.8569255354959998,49673.68457865715,1511282172
1783,11784,6.691866942747836,5.9578668459548325,1.957866845954833,1.957866845954833,1.5464362059273322,-9.421878844895264,-5.421878844895265,-1.421878844895265,0.4219019770863415,0.07187816186920046,0.8882781158269051,26.740634927484454,116.96700481220977,0.8537552618354464,49673.68457865715,1511282172
1784,11785,6.929863621371181,5.9593613673496115,1.9593613673496113,1.9593613673496113,1.6772615034726603,-7.68829949222452,-3.6882994922245196,0.3117005077754802,0.6526707041990492,0.05914937079285662,0.8898048249460057,29.798545523804727,119.06379932147912,0.8013194782211274,49673.68457865715,1511282172
1785,11786,9.486951071016485,6.017854667238645,2.017854667238645,1.9621989082429767,1.6827838935889823,-10.768657772620845,-6.768657772620846,-2.768657772620845,0.673366023956159,0.0580893813945398,0.8940075735207993,29.93945730426146,129.0727278908077,0.852945692906852,49673.68457865715,1511282172
1786,11787,6.0693021307799295,5.9445420710981915,1.9445420710981915,1.9445420710981915,1.633374625096388,-7.46182789119766,-3.46182789119766,0.5381721088023406,0.5381721088023406,0.06152518290085485,0.880692034745908,28.83631394004336,112.3673329666353,0.8068936076781106,49673.68457865715,1511282172
1787,11788,8.618884794387872,5.946707849749289,1.946707849749289,1.946707849749289,1.6371125063807253,-7.70311228607789,-3.7031122860778902,0.29688771392211044,0.5437319433459062,0.06281563890028313,0.888443706111577,28.902705013075114,116.09059503752964,0.7990090242226372,49673.68457865715,1511282172
1788,11789,9.430470536186789,5.94922193174864,1.9492219317486397,1.9492219317486397,1.6429557868323943,-11.027671460095965,-7.027671460095964,-3.027671460095963,0.5507049786324458,0.06352946788179235,0.8938576970857933,29.00592181453662,125.83333953295775,0.850340671552794,49673.68457865715,1511282172
1789,11790,10.452753102891164,9.311830746344873,5.311830746344873,1.9541706079017427,1.6530333310181213,-9.366243954632395,-5.366243954632395,-1.366243954632395,0.5629725444398033,0.05423338751000731,0.8885236610782362,29.19466014398173,131.56476986247745,0.8765545430000529,49673.68457865715,1511282172
1790,11791,6.017765943399348,6.015467191229974,2.0154671912299746,1.9374640068437732,1.6211282179659101,-8.571467693225157,-4.571467693225158,-0.5714676932251577,0.5203159288249262,0.0637241970198,0.8927884355409064,28.609622689167878,122.48064015067142,0.8316101211173862,49673.68457865715,1511282172
1791,11792,8.645975832632125,5.938515655647144,1.9385156556471446,1.9385156556471446,1.6192437068834968,-8.93205031684022,-4.932050316840221,-0.9320503168402208,0.5178998562046182,0.06600877630321941,0.8940851690208622,28.578711641585542,122.8760398921943,0.842022272124506,49673.68457865715,1511282172
1792,11793,8.80614150957145,5.938656183162664,1.9386561831626636,1.9386561831626636,1.618307415086601,-8.123667416895362,-4.123667416895362,-0.12366741689536265,0.5177439818350398,0.06582962132776277,0.8931610698575445,28.563875444418002,118.98806571753083,0.8177376256772632,49673.68457865715,1511282172
1793,11794,12.808873866781177,9.704388118362676,5.704388118362676,1.7043881183626761,1.7043881183626761,-10.18335625664984,-6.183356256649841,-2.183356256649841,0.6858310870127986,0.06055860442243188,0.8975838145165596,30.136270986171205,132.26096707236107,0.8760910050699301,49673.68457865715,1511282172
1794,11795,7.1377628455227455,5.938273246873039,1.938273246873039,1.938273246873039,1.6207342615975684,-8.452024967236957,-4.452024967236958,-0.4520249672369576,0.5202877997099533,0.06585021691355554,0.8939332471445249,28.60476075592628,121.19487662209659,0.8306180983030171,49673.68457865715,1511282172
1795,11796,9.937408252932151,5.940126343092149,1.9401263430921483,1.9401263430921483,1.6208230503210508,-10.29204037049487,-6.29204037049487,-2.2920403704948704,0.5206828369407142,0.0657972414404622,0.8940632026078495,28.608034390927443,124.290822869857,0.8502032816433186,49673.68457865715,1511282172
1796,11797,9.353584253482191,5.934469982406791,1.9344699824067906,1.9332430351238223,1.6191571566288074,-10.651899240077563,-6.651899240077563,-2.6518992400775643,0.5163366484584258,0.0662348901618394,0.8941958320015638,28.56915411074273,124.12503179016869,0.8510487086275436,49673.68457865715,1511282172
1797,11798,9.300786671507918,5.949751233726227,1.9497512337262268,1.9497512337262268,1.6018968672723413,-6.772779397721017,-2.772779397721018,-2.772779397721018,0.48462518113013275,0.0670043162161498,0.8929856307584465,28.184440210445622,122.963027561093,0.8498442355499967,49673.68457865715,1511282172
1798,11799,11.048688007669078,8.365027290518803,4.365027290518804,1.9700473135185983,1.6942269292142333,-8.827214708224911,-4.827214708224911,-0.8272147082249115,0.736522767554854,0.050095740250049474,0.8902991209694233,30.31105460275399,134.60927499648784,0.8877478275985294,49673.68457865715,1511282172
1799,11800,8.191497001180073,7.33219659781702,3.3321965978170196,1.9210068814351602,1.6160922074112103,-8.798690600647397,-4.798690600647398,-0.7986906006473979,0.4928883563392734,0.05842597190939805,0.8889246370367903,28.47054498184537,127.59652412965579,0.8575992771533008,49673.68457865715,1511282172
1800,11801,7.3287278711865,6.084089957957057,2.0840899579570573,2.0840899579570573,1.6109575531693,-8.395243492706467,-4.395243492706466,-0.3952434927064654,0.530523091979231,0.06104445070098229,0.891021826704198,28.562634818389487,122.81222205378884,0.8279385231065867,49673.68457865715,1511282172
1801,11802,9.705206844329261,6.10640220987105,2.106402209871051,2.106402209871051,1.6151271758181036,-8.892247664290641,-4.892247664290642,-0.8922476642906421,0.5374257089423913,0.0600623700167121,0.8909137835011627,28.656764408434313,125.18411499634144,0.8404310727928952,49673.68457865715,1511282172
1802,11803,8.933897405760888,5.943973557523431,1.9439735575234305,1.9439735575234305,1.5913578781574185,-5.457519148736805,-5.457519148736805,-1.457519148736804,0.49671548727597425,0.0681683365949775,0.8934468798083625,28.04609060544994,121.76641863749904,0.8474280364319758,49673.68457865715,1511282172
1803,11804,10.918330527187912,10.156080193816289,6.1560801938162895,2.1560801938162895,1.6312499845726356,-10.68475089890502,-6.684750898905021,-2.684750898905021,0.5466477504428082,0.05294506658570575,0.8871265657597021,28.976240943271847,132.6793809773756,0.8876036702295438,49673.68457865715,1511282172
1804,11805,5.935060281597718,5.9072997751453125,1.907299775145313,1.907299775145313,1.600304300821768,-8.23622483905011,-4.23622483905011,-0.23622483905011005,0.49194579110460745,0.06901735393635205,0.894581406526897,28.252437606523088,118.21804950127523,0.8271819890377944,49673.68457865715,1511282172
1805,11806,9.751049636702112,8.622666399313609,4.622666399313609,1.9301609501379418,1.6414844130333732,-11.182709328825734,-7.182709328825734,-3.1827093288257338,0.4282499869291745,0.05600988509048785,0.8868759341107038,28.696603431810413,130.48631605833543,0.8786118550813756,49673.68457865715,1511282172
1806,11807,7.749512152183774,6.417044813699197,2.417044813699196,2.417044813699196,1.4217468524289776,-10.817635289228386,-6.817635289228386,-2.8176352892283862,-2.239193756736096,0.07877927319844422,0.8840436011562041,24.581485569192076,122.03404248741158,0.9585826077287329,49673.68457865715,1511282172
1807,11808,9.716930134058353,5.909163746509177,1.9091637465091762,1.9091637465091762,1.593659334151999,-10.637997176087522,-6.637997176087522,-2.637997176087522,0.5000874087457641,0.06963187780736106,0.8957332102520406,28.217011788404207,122.47325998158976,0.8567280154415498,49673.68457865715,1511282172
1808,11809,9.150423269270178,5.912157846965339,1.9121578469653393,1.9121578469653393,1.592568332791785,-10.391846206260695,-6.391846206260694,-2.391846206260694,0.4986728291900384,0.06957744367866577,0.895643046594816,28.199374910686537,122.42971919248023,0.8562364106306676,49673.68457865715,1511282172
1809,11810,8.87917860551922,5.946509088178059,1.9465090881780598,1.9465090881780598,1.5801638442341057,-3.7735471340690747,-3.7735471340690747,0.2264528659309255,0.4912725684232011,0.06774494326580507,0.8884347324946018,27.852291732510288,112.99562663467319,0.802184684104779,49673.68457865715,1511282172
1810,11811,8.558502915875067,5.913300910700352,1.913300910700352,1.913300910700352,1.5926433040976031,-11.502846024634763,-7.5028460246347635,-3.5028460246347626,0.49715397536523787,0.06951446339970922,0.8953230325044146,28.166485929925067,122.34633664604287,0.8557616140584818,49673.68457865715,1511282172
1811,11812,8.051511620804307,5.91647100056664,1.9164710005666399,1.9164710005666399,1.5918047156619435,-9.557963580527439,-5.557963580527438,-1.5579635805274379,0.49853884829906514,0.06943004877290122,0.8953215633703089,28.16714765185482,122.02247619154281,0.8531560153776212,49673.68457865715,1511282172
1812,11813,6.126100065825891,5.9196899807270125,1.9196899807270125,1.9196899807270125,1.5908412217962813,-7.9889645573763035,-3.9889645573763035,0.011035442623696268,0.4961417710332887,0.06882884646174638,0.8932376508079252,28.143070455629356,115.95561983949764,0.8139285135586424,49673.68457865715,1511282172
1813,11814,12.43870868257926,9.276658261968945,5.276658261968946,1.9042704013146705,1.601159927747563,-8.590046262886002,-4.590046262886003,-0.590046262886003,0.5035796490264195,0.06019599414858472,0.890672195669346,28.364383261478054,125.75362319191723,0.8452286292173097,49673.68457865715,1511282172
1814,11815,9.668931953147654,5.9173723400733005,1.9173723400733005,1.9173723400733005,1.591113644429943,-9.163637650804123,-5.163637650804123,-1.1636376508041233,0.4980418080250759,0.06944615236294617,0.8952354778128914,28.149499432345394,121.45106415320912,0.8496709530700355,49673.68457865715,1511282172
1815,11816,9.990134645487048,6.041574458630685,2.0415744586306857,2.0415744586306857,1.5927613631053374,-9.392842677166529,-5.392842677166529,-1.3928426771665288,0.5163609715894479,0.06416913768661231,0.8918439781140646,28.19309836694631,123.32725257652933,0.8412527363054146,49673.68457865715,1511282172
1816,11817,12.657987581304893,9.140139133345064,5.140139133345064,1.946486442591196,1.6498426931273575,-7.582958626878323,-3.582958626878323,0.41704137312167666,0.41704137312167666,0.05289772044794523,0.8777338321359527,28.830616980843295,123.55257482415348,0.8792314624294795,49673.68457865715,1511282172
1817,11818,9.93236437700766,8.477151432536097,4.477151432536098,1.9590194508798975,1.6898654545874037,-7.479062470678864,-3.4790624706788638,0.5209375293211369,0.7812315578386869,0.04852608502756245,0.8816663849846765,30.406561399134226,128.23181045733713,0.8840156181127534,49673.68457865715,1511282172
1818,11819,10.396813035906074,7.409077860131989,3.4090778601319887,3.4090778601319887,1.5791087382204287,-10.820242469036792,-6.820242469036792,-2.820242469036792,0.5215519505294619,0.05677824658131027,0.8832654808043172,27.747406277853287,133.28463095509574,0.914897549807389,49673.68457865715,1511282172
1819,11820,7.8611797830521315,6.4461358190351765,2.4461358190351765,2.156104969696184,1.7840260822905203,-8.301765272214322,-4.301765272214322,-0.3017652722143216,0.5716201198262456,0.04153804604703425,0.8878627338479591,31.88441943222429,139.79459694563332,0.9406242328294375,49673.68457865715,1511282172
1820,11821,8.198747799522781,7.6590048345574075,3.659004834557408,3.659004834557408,1.6823888047660829,-11.552240670114161,-7.552240670114161,-3.55224067011416,-2.3176111952339173,0.04624799425180161,0.892394249744729,30.752501180530913,153.63147978674027,1.0077282786151862,49673.68457865715,1511282172
1821,11822,6.160637653774501,5.920417497995494,1.9204174979954947,1.9204174979954947,1.5842666347757783,-7.985869019350018,-3.985869019350017,0.014130980649983638,0.4972852956466931,0.06934188024746916,0.8939194691927479,28.11956295500748,115.83388102976257,0.8148076426180251,49673.68457865715,1511282172
1822,11823,7.486661670414569,5.9470305911355075,1.9470305911355077,1.9470305911355077,1.5774292462138348,-3.5078819970568897,-3.5078819970568897,0.4921180029431107,0.4921180029431107,0.06599262173266264,0.880265535701822,27.809564517992417,109.26282867415189,0.8082710339446518,49673.68457865715,1511282172
1823,11824,8.316961794789913,5.910379762490677,1.9103797624906766,1.9103797624906766,1.5860419393978085,-7.885134356097072,-3.8851343560970717,0.11486564390292853,0.49721581676401394,0.06940021913043257,0.8928767629019523,28.1158957842499,114.65416900573236,0.8096252689220899,49673.68457865715,1511282172
1824,11825,10.303467791425247,6.665606201914612,2.665606201914612,2.665606201914612,1.6121089098176606,-9.5962453620646,-5.5962453620646,-1.5962453620646004,-1.3252731413190035,0.0540841729579161,0.8956962694745703,29.59037811513779,145.20694524025674,0.9474157423517868,49673.68457865715,1511282172
1825,11826,5.9645578985297565,5.905553547594234,1.905553547594235,1.905553547594235,1.5869339817335535,-8.152961123333677,-4.152961123333678,-0.15296112333367762,0.4982996802729629,0.07013878165844298,0.8951742151390583,28.13152317252883,117.03355625328192,0.8253305933142678,49673.68457865715,1511282172
1826,11827,9.114565962583756,9.029651806890497,5.029651806890497,1.8925283653571872,1.5937301371517985,-10.924257564107583,-6.924257564107583,-2.9242575641075828,0.5054170206177968,0.0612239929014424,0.8916511199751151,28.30510355779378,127.71067524323996,0.8586513587461079,49673.68457865715,1511282172
1827,11828,8.870077320853563,6.991476075270999,2.991476075270999,1.9366188812142062,1.581648560431576,-5.798639960911357,-5.798639960911357,-1.7986399609113575,0.4938156271960503,0.061335231087454985,0.8887317962723642,27.87427045931007,125.50482278007847,0.8535562541241831,49673.68457865715,1511282172
1828,11829,8.849692733186593,5.95080807782584,1.9508080778258408,1.9508080778258408,1.497187401459222,-11.644016586913564,-7.644016586913564,-3.6440165869135637,-0.5672828395875469,0.07758978655241655,0.9014403036645616,27.226841421370736,127.90604397759488,0.947412175811399,49673.68457865715,1511282172
1829,11830,13.102717906727088,9.906899248009404,5.906899248009406,1.9068992480094056,1.5921023118654165,-11.370676358398773,-7.370676358398772,-3.3706763583987733,0.5003826814866037,0.061002836272266825,0.8913859070637935,28.279190508800227,127.76711516529551,0.8589532457652723,49673.68457865715,1511282172
1830,11831,6.0419900713408135,5.751308151128281,1.7513081511282815,1.7513081511282815,1.7513081511282815,-9.840348040999906,-5.840348040999907,-1.840348040999907,-0.5568852093016583,0.07026293664527433,0.9015218491585113,30.42759377857892,140.59736353047933,0.9757345570860538,49673.68457865715,1511282172
1831,11832,9.551963202662229,8.262869015884052,4.262869015884052,1.8854213934125315,1.5860675503051154,-9.334459000311634,-5.334459000311633,-1.334459000311633,0.44900872945730796,0.06223423850363668,0.8854010458706578,27.46435734852541,124.07275117062656,0.8608134241032206,49673.68457865715,1511282172
1832,11833,10.776754854233522,9.951375503636747,5.951375503636747,1.9513755036367477,1.5814163085241602,-6.892352822839982,-6.892352822839982,-2.8923528228399817,0.49433403906076245,0.06100173130471282,0.8889260177580062,27.91876973019958,126.5731741458738,0.8586696636826084,49673.68457865715,1511282172
1833,11834,7.479675410187048,6.063858236048962,2.0638582360489623,2.0638582360489623,1.5905408587125927,-8.832100377456893,-4.832100377456894,-0.8321003774568936,0.522712296794279,0.06364022492164308,0.8918518793300834,28.215810890546926,122.69982791390137,0.8348952977942969,49673.68457865715,1511282172
1834,11835,8.804849995107219,5.971486908317492,1.971486908317492,1.971486908317492,1.5794359908552902,-6.773551891949169,-2.773551891949169,-2.773551891949169,0.4737515923947051,0.0680905944235837,0.8915880538947495,27.715174091868015,121.2822315233339,0.8481405247247193,49673.68457865715,1511282172
1835,11836,12.626337836650633,9.112843319285677,5.112843319285678,5.112843319285678,1.651737936228651,-10.090141469915592,-6.090141469915592,-2.090141469915591,-1.6082502812088546,0.049293988713126985,0.8976534830947758,30.698746467215877,153.4540049323634,0.9964153814036136,49673.68457865715,1511282172
1836,11837,11.466795027300243,7.640969458650793,3.640969458650793,2.126985296539093,1.6053273567542743,-11.255013453787518,-7.255013453787519,-3.2550134537875195,0.5434873803912521,0.0558104316246427,0.8877628818080081,28.531293076396572,130.24895074087237,0.8732411514226809,49673.68457865715,1511282172
1837,11838,13.574087163595511,9.942713100214634,5.942713100214635,1.9427131002146347,1.5799215001902993,-6.412269516946108,-6.412269516946108,-2.4122695169461084,0.48961392845466145,0.06134511719546657,0.8890151633687224,27.881846253036567,126.3656966048294,0.858203463607038,49673.68457865715,1511282172
1838,11839,7.881679440216149,6.258796362784019,2.258796362784019,1.5118390339798002,1.5118390339798002,-9.309751328351876,-5.309751328351877,-1.309751328351877,-1.309751328351877,0.08918636116345421,0.9026263777789038,26.504535237265046,125.24411498753166,1.050256442452091,49673.68457865715,1511282172
1839,11840,9.567416612589774,9.542744221836328,5.542744221836326,5.504426341629039,1.5044263416290395,-13.367956460681476,-9.367956460681476,-5.367956460681477,-1.4824206625062761,0.06623581227155848,0.9002304220417705,27.969515530022917,139.8309429450672,0.9477561615815878,49673.68457865715,1511282172
1840,11841,7.647616523559918,5.948969152602657,1.9489691526026571,1.9489691526026571,1.5737001769535992,-7.51062495035648,-7.51062495035648,-3.5106249503564797,0.48937504964352097,0.06954183014931109,0.8933429870296745,27.74753508911555,121.02537009264746,0.8508163620390863,49673.68457865715,1511282172
1841,11842,11.836268790975511,8.9990455693165,4.999045569316501,4.999045569316501,1.4561263889497862,-9.630996453789423,-5.630996453789423,-1.6309964537894228,-0.7728056885515768,0.0726786933400814,0.87501619207971,24.460154880735026,122.16937854371815,0.9680405960957749,49673.68457865715,1511282172
1842,11843,6.344674775975404,5.915120775279708,1.9151207752797084,1.9151207752797084,1.5810367261551568,-11.320087675514293,-7.3200876755142925,-3.3200876755142925,0.49553818642394964,0.07043671721659339,0.8968560945042207,28.15258154221266,122.3250481385877,0.8594549283716746,49673.68457865715,1511282172
1843,11844,7.873076339310542,5.898713157645542,1.8987131576455423,1.8987131576455423,1.5753879366889543,-8.220949490835224,-4.220949490835225,-0.22094949083522475,0.4427739133960087,0.07164139852772701,0.8897031803065247,27.266362618347085,114.25610295035665,0.8297438118845736,49673.68457865715,1511282172
1844,11845,8.509662274480291,5.894837242775363,1.8948372427753628,1.8948372427753628,1.575964101391661,-10.124212645573499,-6.124212645573497,-2.124212645573497,0.4394376415115675,0.07199952131665031,0.8904323511133497,27.260801446595487,118.72786051117042,0.8589294639503471,49673.68457865715,1511282172
1845,11846,7.542837249532175,5.957634176541297,1.9576341765412961,1.9576341765412961,1.572214788905727,-5.199165867916839,-5.199165867916839,-1.1991658679168389,0.48980109725129495,0.06930848889469361,0.8929936859165275,27.713849905799005,120.23119867704699,0.8450026711298453,49673.68457865715,1511282172
1846,11847,8.446308732618153,5.901040992538983,1.9010409925389822,1.9010409925389822,1.5754334927285993,-10.17879024819175,-6.178790248191749,-2.178790248191749,0.44302632440882483,0.07172430571725838,0.890424835880246,27.275476915934505,118.83949723507112,0.857820900353397,49673.68457865715,1511282172
1847,11848,9.713276331318223,5.915033546437957,1.9150335464379575,1.9150335464379575,1.5739548539198294,-8.707895225209874,-4.707895225209874,-0.7078952252098738,0.45053609834251174,0.07113996328527937,0.8902018575556281,27.286352595219803,116.99194385686943,0.8426402749387194,49673.68457865715,1511282172
1848,11849,8.348877359180829,7.742479729642744,3.742479729642743,3.742479729642743,1.5625644502970173,-12.12223851324633,-8.12223851324633,-4.122238513246329,-1.6319640347882796,0.059077415258167544,0.8844981811804868,27.446190390801426,136.94837798544668,0.9381590227990286,49673.68457865715,1511282172
1849,11850,8.973995635071109,5.96419179420197,1.9641917942019709,1.9641917942019709,1.5721133015356872,-7.5011610955696,-7.5011610955696,-3.501161095569599,0.49428036579910684,0.06902930997290602,0.8932891404685571,27.764884811223148,121.22572996310808,0.8491798016623402,49673.68457865715,1511282172
1850,11851,9.979138785725022,6.0662920194942975,2.0662920194942975,2.0662920194942975,1.5878520417877457,-7.479467754899853,-3.4794677548998525,0.520532245100148,0.520532245100148,0.0604242259257423,0.8781413556670191,28.186585785743944,112.37985118897532,0.8194358493899597,49673.68457865715,1511282172
1851,11852,9.409046462079587,5.987001117804244,1.9870011178042435,1.9870011178042435,1.5777630089799775,-4.874519148112513,-0.874519148112513,-0.874519148112513,0.47811494226583084,0.06741789365690026,0.8911873062248141,27.78265437207535,117.80357332187194,0.8229556579882545,49673.68457865715,1511282172
1852,11853,9.210979710084686,7.944831297979022,3.9448312979790217,2.6252860698045546,1.3805022094536585,-9.062453311796082,-5.062453311796081,-1.0624533117960813,-0.34092092444921285,0.08372466208263309,0.8862463641588553,24.102563564345747,116.63116343051655,0.9610932773693146,49673.68457865715,1511282172
1853,11854,8.522503614976392,6.087382852276518,2.0873828522765177,2.0873828522765177,1.5913947614784207,-9.203502503050112,-5.203502503050113,-1.2035025030501132,0.5266587778592153,0.06285112322801925,0.8913069209307116,28.22604038419449,123.72611402608652,0.8397453919896803,49673.68457865715,1511282172
1854,11855,9.965913958642446,5.987338313793856,1.9873383137938558,1.9873383137938558,1.5778513077879157,-3.7955122282133074,0.20448777178669286,0.20448777178669286,0.47666814811744285,0.06178549273862597,0.8616543709126213,27.75818007718052,102.99983054176735,0.9162525818006744,49673.68457865715,1511282172
1855,11856,6.303299909075219,5.941657033000849,1.9416570330008494,1.9416570330008494,1.5794914816768364,-9.37765645279968,-5.377656452799681,-1.377656452799681,0.5065742598754925,0.06930986850191602,0.8972540320820819,28.27168717604664,122.52311997591164,0.8534744718106202,49673.68457865715,1511282172
1856,11857,11.00724296685351,7.199815644981958,3.1998156449819577,3.1998156449819577,1.57722872131779,-12.335585819372787,-8.335585819372787,-4.3355858193727865,-0.5808433960128798,0.05739903972738912,0.8911833242697678,28.441258103091677,139.88861149616622,0.9279097211946873,49673.68457865715,1511282172
1857,11858,6.802589447726872,5.9769258344628575,1.9769258344628577,1.9769258344628577,1.5699073083853003,-6.744524268450867,-6.744524268450867,-2.744524268450868,0.4976361240560734,0.06871158922990808,0.893100570909881,27.747272697995157,121.25519768079727,0.8479181731836837,49673.68457865715,1511282172
1858,11859,7.995423209818343,7.984768323288743,3.984768323288743,3.328552006732852,1.5363484185896963,-10.240807012464437,-6.240807012464437,-2.240807012464437,-0.048199850285272294,0.06221587270774328,0.897504592395473,28.311095779279164,138.8099964119034,0.9244540946911232,49673.68457865715,1511282172
1859,11860,8.877509819587944,6.104995201034501,2.104995201034501,2.104995201034501,1.592284686345674,-11.07167620808447,-7.0716762080844715,-3.0716762080844715,0.5373836984268887,0.06224666129307252,0.8915401053768408,28.31137951552777,124.77784209514255,0.8436130701919786,49673.68457865715,1511282172
1860,11861,7.230097881127274,7.101963658830935,3.101963658830935,3.101963658830935,1.470630157993844,-10.339041334271839,-6.339041334271839,-2.3390413342718386,-1.7924406674597655,0.07073103124957186,0.9053434481435884,27.898909048221377,138.80500165610104,0.9711094145834611,49673.68457865715,1511282172
1861,11862,8.206773837140895,5.895639332914167,1.8956393329141674,1.8956393329141674,1.6076001996960125,-7.956226973454335,-3.956226973454335,0.04377302654566484,0.34080248428065474,0.06873911513791128,0.8887757766699675,27.82343642613474,114.91359940165731,0.819020124605721,49673.68457865715,1511282172
1862,11863,8.580954348645095,5.897029466770511,1.8970294667705108,1.8970294667705108,1.609438933529028,-8.165334860455442,-4.165334860455442,-0.1653348604554421,0.3345387403978848,0.06888210682280353,0.8900728219801053,27.84634500991251,117.05322526741314,0.8295006152041787,49673.68457865715,1511282172
1863,11864,10.543577298023763,7.2335712264217005,3.2335712264217005,1.9079909305035434,1.617113184635955,-11.071899233999819,-7.071899233999818,-3.071899233999818,0.32616407829259786,0.05884936391527632,0.8849162791469737,27.98442165371275,127.60224720881217,0.8749272037366814,49673.68457865715,1511282172
1864,11865,7.970999016218716,5.888017041894587,1.8880170418945865,1.8880170418945865,1.5767831642547223,-9.692441687696073,-5.692441687696073,-1.6924416876960728,0.42269937870232455,0.07230683805488464,0.8903293647280535,27.23130543815168,118.50883414035816,0.8599129143474116,49673.68457865715,1511282172
1865,11866,4.639744260172709,4.084270300405006,1.8725699171751997,1.7105965035779302,1.3278539289583053,-11.970593621785866,-7.970593621785866,-3.9705936217858673,-0.25081121150834784,0.10467343197510245,0.8576041615359667,20.0,91.35071119515524,1.330461561359431,49673.68457865715,1511282172
1866,11867,9.447640687032319,7.218359858708746,3.2183598587087463,3.2183598587087463,1.4258036529772655,-11.523041520221028,-7.523041520221028,-3.523041520221028,0.47695847977897177,0.07614324063390052,0.8942671871718805,25.953241585939608,123.88015273241206,0.9140600912236417,49673.68457865715,1511282172
1867,11868,9.03383442541915,7.432202333528409,3.4322023335284086,2.2062601213987527,1.6261685795414718,-9.519351823229659,-5.51935182322966,-1.5193518232296597,0.5702018345471096,0.05296071303464961,0.8874969734968521,28.9858784531584,132.4862464250071,0.8849160610438335,49673.68457865715,1511282172
1868,11869,11.86121960225084,8.545315588942357,4.545315588942357,4.545315588942357,1.4709508652855685,-12.312990345716768,-8.312990345716768,-4.312990345716767,-1.303174104454573,0.07065214759143253,0.8948870696961898,26.717165925268542,133.46232977421877,0.9355755585183668,49673.68457865715,1511282172
1869,11870,9.388546822894373,5.899259106964407,1.8992591069644074,1.8992591069644074,1.586213524265536,-8.279656655397817,-4.279656655397819,-0.2796566553978188,0.49645543420475224,0.0706447278216332,0.8971793526187702,28.27476666137434,118.43299077176087,0.8352263485309411,49673.68457865715,1511282172
1870,11871,9.52407737615174,5.897419611502408,1.8974196115024082,1.8974196115024082,1.5865367765421248,-7.973499482868083,-3.973499482868082,0.026500517131918144,0.49505776749410835,0.07027549692597937,0.8955959956495864,28.27266317624264,115.97633149570227,0.8187237628899648,49673.68457865715,1511282172
1871,11872,7.050307008857409,5.895291398429122,1.8952913984291218,1.8952913984291218,1.5871188400927607,-7.8450873981005556,-3.8450873981005564,0.15491260189944356,0.4963743472162767,0.06993970316228036,0.8941941532497146,28.286016536163288,114.65747918892332,0.81029272214652,49673.68457865715,1511282172
1872,11873,8.234144510957579,5.925827718625798,1.9258277186257973,1.9258277186257973,1.580591506160255,-4.927858693494391,-0.9278586934943915,-0.9278586934943915,0.47572469840072973,0.06983895071976062,0.8949888574521424,28.037680132761654,118.33737354280346,0.8322220905953901,49673.68457865715,1511282172
1873,11874,6.340184665461011,5.888693151333836,1.8886931513338359,1.8886931513338359,1.5898141036771436,-8.835800508248832,-4.835800508248832,-0.835800508248832,0.49956942645012226,0.07102128519244885,0.8979477508490987,28.331114803597437,121.03351399838203,0.8539378749474812,49673.68457865715,1511282172
1874,11875,8.790153199776178,5.931064536541331,1.931064536541331,1.931064536541331,1.5775355890162184,-4.928366903483371,-4.928366903483371,-0.928366903483371,0.4887185061358348,0.07000285361633975,0.8944667228339706,27.880723986575,120.06077297342709,0.845257469190368,49673.68457865715,1511282172
1875,11876,5.949867440714891,5.894318649500195,1.8943186495001956,1.8943186495001956,1.5875468635834518,-8.707472141050424,-4.707472141050425,-0.7074721410504246,0.4972741002249379,0.0709136806707108,0.8978128749161174,28.30136962768163,120.57780223784388,0.8503741319209389,49673.68457865715,1511282172
1876,11877,11.638870595298936,8.421824215757413,4.421824215757413,1.8738544991183748,1.611676823599357,-11.314525613409579,-7.314525613409579,-3.314525613409578,0.5288127036439034,0.06009079862456214,0.892728963371456,28.701252569968844,129.1079617195446,0.8613973426411726,49673.68457865715,1511282172
1877,11878,10.470963213551132,7.244305276978122,3.244305276978122,1.93324832471682,1.5787121098296868,-6.235801511300781,-6.235801511300781,-2.2358015113007808,0.4856617324367165,0.06168677690719371,0.8892052430587467,27.865144607701023,125.86590630548832,0.8555360695731662,49673.68457865715,1511282172
1878,11879,8.260169393588944,5.867462441754661,1.867462441754661,1.867462441754661,1.5777572650259912,-11.476269934667338,-7.476269934667337,-3.4762699346673367,0.4248342590116836,0.0733314349735174,0.8914962145338394,27.29152456013285,118.77638692651522,0.8655877201828244,49673.68457865715,1511282172
1879,11880,6.785605182023729,6.0456210526379985,2.0456210526379985,2.0456210526379985,1.504405499366878,-10.115767367759751,-6.1157673677597515,-2.1157673677597515,-1.673626049476473,0.07360523394725854,0.8835548809144944,25.668177909250286,125.32478034501948,0.9405908063087526,49673.68457865715,1511282172
1880,11881,8.01025892857768,5.9060303751785455,1.906030375178545,1.906030375178545,1.641406587926279,-10.151915525934859,-6.151915525934858,-2.151915525934859,0.6439201057638754,0.06564886529297323,0.8977522265897631,29.329006107585062,125.56063058245591,0.8530673246874004,49673.68457865715,1511282172
1881,11882,10.658960737257786,8.164790496779359,4.164790496779359,4.164790496779359,1.623518450235596,-10.62900621562352,-6.6290062156235185,-2.6290062156235185,-1.0913317782073955,0.052239185479463913,0.8971966036170727,30.06301456427451,149.9646449078037,0.9748378948991561,49673.68457865715,1511282172
1882,11883,6.074961462963516,5.947742509214731,1.947742509214731,1.947742509214731,1.575850802391997,-9.955376143526133,-5.9553761435261325,-1.9553761435261328,0.4953653759284249,0.0693904271170026,0.8974068400397456,28.239754753548404,122.98182721854337,0.8568050240930084,49673.68457865715,1511282172
1883,11884,15.387722509433145,12.973823913645196,8.973823913645196,5.368225568434142,1.3682255684341424,-8.650024757540807,-4.650024757540808,-0.6500247575408082,0.023267706172729774,0.0854579685042769,0.8988045628353711,25.18054183843394,125.66525470930355,1.0092452017244449,49673.68457865715,1511282172
1884,11885,8.42626579716519,7.424057456286705,3.4240574562867048,1.6887467945766315,1.6887467945766315,-10.927092054423179,-6.92709205442318,-2.9270920544231807,0.599915671999415,0.06263037811158416,0.8967008695320347,29.648687162109148,130.65019028798707,0.8738251160272796,49673.68457865715,1511282172
1885,11886,6.4780452883016,5.939212531276398,1.9392125312763988,1.9392125312763988,1.5767819795900888,-7.535226979098522,-3.535226979098522,0.46477302090147776,0.4938815902647189,0.06666070708925972,0.8856138392654492,28.221696678534556,111.15380336896118,0.7957706942761448,49673.68457865715,1511282172
1886,11887,10.304866428482041,8.655622046552537,4.655622046552538,4.655622046552538,1.570494860284447,-8.434229915345982,-4.434229915345981,-0.43422991534598165,-0.43422991534598165,0.058054697156534586,0.8978407549330185,29.06759975855347,144.4359659617859,0.9477073954689874,49673.68457865715,1511282172
1887,11888,7.861496450647534,5.932363722566697,1.9323637225666968,1.9323637225666968,1.5779156808351706,-8.485320507796185,-4.485320507796185,-0.4853205077961855,0.49565754084573577,0.06984969548130782,0.897481368430219,28.251852856780243,120.00696512504881,0.840225753413914,49673.68457865715,1511282172
1888,11889,9.767510113445985,5.931305791318388,1.9313057913183882,1.9313057913183882,1.578362714386117,-9.94966003102105,-5.94966003102105,-1.9496600310210497,0.4956863745396751,0.0699055851667354,0.8976611158615269,28.25732208611675,122.85381487863748,0.8589018060627288,49673.68457865715,1511282172
1889,11890,9.62638138862906,8.937000021483698,4.937000021483697,4.937000021483697,1.4247596675642378,-9.899194252734167,-5.899194252734168,-1.8991942527341685,-1.8286904127034267,0.07711331504432598,0.8784233767103127,24.186455990943937,120.88626358570504,0.9693000121043354,49673.68457865715,1511282172
1890,11891,10.575177458093439,9.9406169738095,5.9406169738095,1.9406169738095003,1.5822393938229655,-7.014998748862147,-7.014998748862147,-3.014998748862147,0.49029031791844435,0.06116180334683235,0.8898165907841851,28.004680330266964,126.90548032488326,0.8584540521411822,49673.68457865715,1511282172
1891,11892,6.658847021799042,5.910945018413062,1.910945018413062,1.910945018413062,1.641771269891419,-8.42015499239857,-4.420154992398572,-0.4201549923985721,0.6508301363113226,0.06529796844153418,0.8975056446920568,29.353416678061077,122.43886423968273,0.8313220628778566,49673.68457865715,1511282172
1892,11893,10.051042488418403,9.889947868598572,5.889947868598571,1.8899478685985711,1.6017330270055832,-11.136414802148078,-7.136414802148078,-3.136414802148078,0.5031847184832341,0.06056041717147613,0.8927268491926768,28.55386182019014,128.8312581652784,0.8611020152960425,49673.68457865715,1511282172
1893,11894,13.299674485085589,9.883505969958492,5.883505969958492,1.912266433012034,1.6450090251663758,-10.479146238293325,-6.479146238293325,-2.4791462382933247,0.6506601204680837,0.05581934636076407,0.8919280554912805,29.385877362303216,131.40277277072548,0.8677026250818879,49673.68457865715,1511282172
1894,11895,9.120312880623517,5.728177863482368,1.7281778634823681,1.7281778634823681,1.7281778634823681,-7.551884817527767,-3.5518848175277666,0.44811518247223403,1.4949311398253617,0.06450591289547687,0.8997588199129004,34.99942497885142,123.93060913105485,0.8364103204541693,49673.68457865715,1511282172
1895,11896,7.639458320277024,7.571129262009343,3.571129262009343,1.724761221863868,1.724761221863868,-7.981990326145744,-3.981990326145744,0.018009673854255892,1.4882364567540358,0.048943145108059305,0.8920709809782401,34.939845650575485,140.1451107182449,0.919015500775104,49673.68457865715,1511282172
1896,11897,11.247024165706076,8.509043554956502,4.509043554956502,4.509043554956502,1.4783897596006057,-11.25774506489814,-7.257745064898141,-3.257745064898141,-2.2069031278955586,0.0696516828062397,0.8927282181891483,26.632581513824654,133.13278841213454,0.9313435092050941,49673.68457865715,1511282172
1897,11898,9.00082570120663,5.896823422072037,1.8968234220720372,1.8968234220720372,1.6294391683245062,-8.227037703829074,-4.227037703829074,-0.2270377038290745,0.37924273587569646,0.06732828306376432,0.8927252048012806,28.44560517428726,119.72702097833978,0.831139726341033,49673.68457865715,1511282172
1898,11899,9.239581328255479,5.950242088497558,1.950242088497558,1.633815582953037,1.633815582953037,-9.529967590706198,-5.529967590706198,-1.529967590706198,1.388248500516813,0.06507761251431035,0.9050947830364193,33.89279194078165,134.33103461044377,0.9104795273867468,49673.68457865715,1511282172
1899,11900,9.23738583353636,5.896507993731823,1.8965079937318226,1.8965079937318226,1.630269045476498,-9.899106289962528,-5.8991062899625275,-1.8991062899625273,0.37957932503564584,0.06744058310323611,0.8933431860577807,28.459404623414176,124.53559435663573,0.8616087350438224,49673.68457865715,1511282172
1900,11901,9.033857672984688,6.036404809760916,2.036404809760916,2.036404809760916,1.7099549822952549,-9.266906874235065,-5.266906874235065,-1.266906874235065,1.0872439841572026,0.05209447528062187,0.9006679445431949,32.44711401817227,134.53546046708024,0.8735060313241461,49673.68457865715,1511282172
1901,11902,6.245450390388929,6.078715233229908,2.078715233229908,2.078715233229908,1.5966816507786545,-10.428085004290024,-6.428085004290024,-2.4280850042900237,0.566833181447048,0.0625108030912222,0.8919968360885604,28.40334450352841,124.55875947117255,0.8420408126437859,49673.68457865715,1511282172
1902,11903,7.063027648306864,5.95644184169273,1.9564418416927292,1.9564418416927292,1.6867476237344403,-10.563502359158594,-6.563502359158594,-2.563502359158595,0.8264353645371161,0.0591290799486614,0.8972976558691943,30.47662072537038,128.9946094671729,0.850788830592601,49673.68457865715,1511282172
1903,11904,6.723872795952496,5.741923217674427,1.741923217674427,1.741923217674427,1.741923217674427,-10.074391441730024,-6.074391441730024,-2.0743914417300244,1.2029580296360711,0.06813823300581125,0.9066349572924743,32.75229991424022,131.37471547857976,0.9097570554651637,49673.68457865715,1511282172
1904,11905,6.53931635558935,6.068796500272315,2.0687965002723145,2.0687965002723145,1.602776794442631,-8.18638141236998,-4.186381412369981,-0.1863814123699814,0.5853095529526839,0.06201694914743992,0.8915435630606442,28.526912590046223,120.77447287926778,0.8167741465112566,49673.68457865715,1511282172
1905,11906,9.474735347377361,5.952056197759149,1.9520561977591497,1.9520561977591497,1.6782087932727532,-11.18733435445502,-7.187334354455021,-3.187334354455021,0.7926113581503353,0.06008212238458738,0.8970147650280398,30.225155663351142,128.28995872563667,0.8492879600257229,49673.68457865715,1511282172
1906,11907,10.179232654644833,9.82064983872696,5.820649838726959,1.943905511262483,1.6355766222338322,-4.074664566429693,-4.074664566429693,-0.07466456642969255,0.6346785121404994,0.055562858824547895,0.8891136032072059,29.091249749064488,127.34371929472545,0.849145627931888,49673.68457865715,1511282172
1907,11908,6.855271407430808,5.949194449294396,1.9491944492943953,1.9491944492943953,1.6753909205924253,-7.52831774743675,-3.52831774743675,0.4716822525632496,0.780272815431802,0.05866717620335359,0.8884649220725033,30.145836725749604,117.32285012666733,0.793189531938745,49673.68457865715,1511282172
1908,11909,9.28386144731398,8.15496070055413,4.154960700554129,1.9541083918326736,1.6811302960554,-10.99676490972545,-6.996764909725449,-2.9967649097254485,0.8037475474777577,0.05125012085220723,0.8917247342856296,30.307616575102685,134.36141773536772,0.88242902730074,49673.68457865715,1511282172
1909,11910,12.069871454889599,9.51462917988918,5.514629179889181,1.9425005478391668,1.6575799012618686,-9.676772628919942,-5.676772628919942,-1.6767726289199418,0.7128903941284017,0.05377045237980309,0.8908771157171173,29.636838743278602,132.14891144046084,0.8722997810345764,49673.68457865715,1511282172
1910,11911,8.989051698107664,7.929450785181576,3.929450785181576,3.503642516156127,1.5415520596569163,-8.089537180031611,-4.089537180031612,-0.0895371800316116,0.4398728937114471,0.060836108535363434,0.899366442213958,28.85986936157626,138.98738676808344,0.9198039261049513,49673.68457865715,1511282172
1911,11912,9.011303223919418,5.957653144055484,1.9576531440554836,1.9576531440554836,1.6302496036651857,-11.20255950491932,-7.2025595049193205,-3.2025595049193205,0.646289817714031,0.0639186014418098,0.8952583673324372,29.061553878454845,125.09952142079985,0.8448767200616877,49673.68457865715,1511282172
1912,11913,8.83549871087701,6.0646821617659015,2.0646821617659015,2.0646821617659015,1.606077006152771,-7.5926411038950095,-3.5926411038950095,0.40735889610499076,0.5951102112977453,0.05987356310021043,0.8836450022463869,28.597471379009242,115.28574946932017,0.8041442813382297,49673.68457865715,1511282172
1913,11914,8.123842284899396,5.749414343421947,1.749414343421947,1.749414343421947,1.749414343421947,-10.678293474246917,-6.678293474246917,-2.6782934742469173,0.09661952121736062,0.07052179883430135,0.9014178463108026,30.373340158749116,134.419004153346,0.9372345061356449,49673.68457865715,1511282172
1914,11915,8.957678016549789,6.081732296289373,2.081732296289373,2.081732296289373,1.6097023179935264,-9.515167231128908,-5.515167231128909,-1.515167231128909,0.6023717382391298,0.061127594393677195,0.8920973174231757,28.680904766213928,125.17381341262963,0.8407442418422513,49673.68457865715,1511282172
1915,11916,9.459122056422364,6.06902773824096,2.0690277382409605,2.0690277382409605,1.6073775984092225,-7.448405272560311,-3.4484052725603114,0.5515947274396893,0.5979608688644946,0.058369965058019335,0.8779117441422979,28.625627240258318,113.43470300459278,0.8218829598454547,49673.68457865715,1511282172
1916,11917,13.160505551745207,9.468192321894323,5.468192321894322,1.9596726407398966,1.6411646377519207,-8.260768770212218,-4.260768770212218,-0.26076877021221745,0.664615928572372,0.0547799683192712,0.889733160468981,29.253415998903158,128.6735273390578,0.8545039665930102,49673.68457865715,1511282172
1917,11918,6.282897229725182,6.088843989717817,2.0888439897178173,2.0888439897178173,1.607149436508741,-10.804879674741635,-6.804879674741636,-2.8048796747416347,0.5968401997102997,0.061161557596899334,0.8919728017827891,28.63320744305933,125.37100215229475,0.842445899131735,49673.68457865715,1511282172
1918,11919,9.908978536090832,6.075652512643871,2.075652512643871,2.075652512643871,1.6049768369668096,-7.411814832133942,-3.411814832133942,0.5881851678660588,0.5917827846969279,0.05796342253472689,0.8758067101862275,28.57913721157331,112.83736806003674,0.8320022041259617,49673.68457865715,1511282172
1919,11920,6.223634899744408,6.082499176987663,2.082499176987663,2.082499176987663,1.6058471673053332,-9.516832943926813,-5.516832943926813,-1.5168329439268124,0.5936989853903916,0.061480171535145074,0.8920282804070009,28.599681591910226,124.9224391897113,0.8405111784338664,49673.68457865715,1511282172
1920,11921,8.904823444605455,6.07754479027402,2.07754479027402,2.07754479027402,1.605223265532359,-10.272005720717239,-6.272005720717239,-2.272005720717239,0.5917681528695085,0.06169073027980486,0.8921161578553289,28.5846146287982,125.05701099274606,0.8419214608575466,49673.68457865715,1511282172
1921,11922,7.146611318853996,6.067161018111736,2.0671610181117357,2.0671610181117357,1.6034738589230442,-11.33976084495989,-7.339760844959891,-3.3397608449598906,0.5881869284274874,0.06217893015135323,0.8922806350675979,28.54323067065876,124.82593976625546,0.8418231735149843,49673.68457865715,1511282172
1922,11923,9.431724680333659,6.0646484932533555,2.0646484932533555,2.0646484932533555,1.6029019416962813,-9.539066889810128,-5.539066889810128,-1.5390668898101276,0.5880494716693199,0.06231438636974115,0.8923119435639709,28.53167825876045,124.45058264783589,0.8398252226524104,49673.68457865715,1511282172
1923,11924,9.430422150757778,9.005857674995605,5.005857674995605,1.9685364350242047,1.69033132934257,-10.02226374288626,-6.02226374288626,-2.0222637428862598,0.8493958741106905,0.04996650278489163,0.8924203613825188,30.664628266927927,135.64548204457108,0.8888181745300276,49673.68457865715,1511282172
1924,11925,10.002365711501076,6.004838460487986,2.004838460487986,2.004838460487986,1.587656130827286,-4.6798544081574756,-4.6798544081574756,-0.6798544081574753,0.5530536926455871,0.06585000051277022,0.8927214436254757,28.132919465252357,120.78272675201717,0.8304362194336741,49673.68457865715,1511282172
1925,11926,7.924516168596864,6.063793405878311,2.063793405878311,2.063793405878311,1.5987543898303003,-10.390340174455671,-6.390340174455672,-2.3903401744556714,0.5757336443514618,0.06275342321938905,0.8921640347024671,28.429911864429656,124.40599200012667,0.8415864208822488,49673.68457865715,1511282172
1926,11927,6.149084154907394,6.056680739979988,2.056680739979988,2.056680739979988,1.59813824588509,-11.352398800501385,-7.352398800501386,-3.352398800501386,0.5731953049861167,0.06304122932015811,0.8922109705039348,28.404040563402134,124.25750995751181,0.8416545188388501,49673.68457865715,1511282172
1927,11928,13.512751418926282,10.226411384673096,6.226411384673097,2.2264113846730966,1.6409318179722774,-11.33649581464864,-7.3364958146486385,-3.3364958146486385,0.6206481874946528,0.0512521354052245,0.8878393660741719,29.35420979428017,134.38043438881982,0.8947927735433037,49673.68457865715,1511282172
1928,11929,8.808776495587656,5.94283392920363,1.9428339292036303,1.9428339292036303,1.6034749192775035,-11.176582131652879,-7.1765821316528795,-3.1765821316528795,0.5843183186080669,0.06697899024189358,0.8953512625789695,28.51699678894882,123.26420542818866,0.8474122993990835,49673.68457865715,1511282172
1929,11930,6.319864406662457,5.946829315824085,1.9468293158240855,1.9468293158240855,1.60098566658374,-8.023355870991258,-4.023355870991258,-0.0233558709912578,0.5784235441331329,0.06661673565514281,0.8937227633978538,28.472432168328933,117.44147061101975,0.8105056821251758,49673.68457865715,1511282172
1930,11931,7.42612039593694,5.981691675108752,1.9816916751087517,1.9816916751087517,1.586364271030089,-6.058993199975155,-6.058993199975155,-2.0589931999751547,0.5478734644103478,0.06689046756330735,0.8932303341176158,28.09037567549597,122.20556196053104,0.8438156019597589,49673.68457865715,1511282172
1931,11932,7.667237335211524,5.97863060833062,1.9786306083306209,1.9786306083306209,1.5884535573574328,0.5116327870697215,0.5116327870697215,0.5116327870697215,0.5345786020732342,0.042710361657556886,0.6997071428328872,28.03457417873401,79.67359336854845,6.709092179137165,49673.68457865715,1511282172
1932,11933,9.391406694012055,7.578338896946782,3.6319522428747852,1.910238186575608,1.4612764958787825,-10.502961833787094,-6.5029618337870945,-2.5029618337870936,0.25035168778216277,0.07553183957476775,0.8931033872749485,26.06051724692618,119.60719643497585,0.8837359695239183,49673.68457865715,1511282172
1933,11934,6.525695763099396,5.94576521879932,5.94576521879932,1.9457652187993202,1.4680791577056358,-11.079803586699223,-7.0798035866992235,-3.0798035866992226,0.2843978572339918,0.07402980778579829,0.8932257733861937,26.24764454296165,120.57549633038319,0.8782842739619646,49673.68457865715,1511282172
1934,11935,6.4110574281231765,5.953789212035123,5.953789212035123,1.9537892120351235,1.4684645833754681,-9.466145180588974,-5.466145180588973,-1.466145180588973,0.2957372051091238,0.07383842924104178,0.8933984229123006,26.286650556676182,120.54324286954629,0.8763069036478004,49673.68457865715,1511282172
1935,11936,11.449156455165127,9.96269081395739,5.962690813957392,1.9626908139573924,1.4600980661378606,-8.643054874919136,-4.643054874919135,-0.6430548749191349,0.31518144142253735,0.07467270002737761,0.8937524135300445,26.202813554477395,119.03712048836667,0.8720738510260064,49673.68457865715,1511282172
1936,11937,9.511385330488931,8.586671174503914,4.586671174503914,1.8435598622172586,1.4937747866060762,-9.212176697799768,-5.212176697799767,-1.212176697799767,0.16782552585007293,0.07323642253046861,0.892307213931475,26.41300124198753,120.97832346108804,0.8771653143466654,49673.68457865715,1511282172
1937,11938,5.547575288946553,3.104428875754155,3.104428875754155,1.9999821221655103,1.4656992502704298,-9.179434650887508,-5.179434650887506,-1.1794346508875064,0.34343015437962565,0.07361434780601533,0.8941119039858987,26.391253297856565,119.89020746701621,0.8690577602595813,49673.68457865715,1511282172
1938,11939,9.325497559643239,7.357482076353464,3.357482076353464,2.023825321998879,1.45496685585348,-8.77432608788344,-4.774326087883439,-0.7743260878834388,0.37887063322412184,0.0744454744942853,0.8951812233100538,26.3500410245125,119.75000819150199,0.872540698922756,49673.68457865715,1511282172
1939,11940,6.536946961908992,5.861299282529986,5.861299282529986,1.8612992825299859,1.5131156245280206,-11.826773705596441,-7.826773705596442,-3.826773705596442,0.17322629440355808,0.07060743845184017,0.8918121661168825,26.736960904707608,123.02450465626933,0.8738832257322683,49673.68457865715,1511282172
1940,11941,6.57817136630436,6.010219582953423,6.010219582953423,2.0102195829534226,1.4709099598519393,-10.946541567024287,-6.946541567024287,-2.946541567024287,0.3522392718575873,0.07265682262477619,0.8940635261767513,26.48669748523656,121.64799831685565,0.8737194079004775,49673.68457865715,1511282172
1941,11942,6.519537464096474,5.848848361142945,5.848848361142945,1.8488483611429447,1.5280477292880466,-10.018775604109251,-6.01877560410925,-2.0187756041092504,0.1569165538152837,0.06933455098657276,0.8920932717742601,26.99960844247473,124.2095196412443,0.873036061040538,49673.68457865715,1511282172
1942,11943,11.725809096168252,9.81343755501023,5.813437555010229,1.8134375550102295,1.5401046606664412,-9.651280552921145,-5.651280552921146,-1.6512805529211458,0.13018372267284106,0.06917054812556335,0.8932982478949079,27.246449492195875,125.1635647391145,0.8755382472723412,49673.68457865715,1511282172
1943,11944,5.07853213116241,4.393821429169635,4.393821429169635,2.028329942491469,1.4681825038262748,-9.490636514091351,-5.490636514091351,-1.490636514091351,0.36818441382802614,0.07275569939297456,0.8944076053089471,26.50327469204302,121.57213888097964,0.8733079728772338,49673.68457865715,1511282172
1944,11945,8.603877479415837,6.024960577979464,6.024960577979464,2.024960577979464,1.4719118694481368,-11.634155939431803,-7.634155939431803,-3.6341559394318033,0.3658440605681963,0.07233047759997864,0.894139374248222,26.533620952131514,121.87300031847806,0.8727779904375897,49673.68457865715,1511282172
1945,11946,10.419513401092075,10.069986275939293,6.069986275939292,2.069986275939292,1.4593260157534755,-10.38756263565843,-6.387562635658431,-2.3875626356584307,0.4228956950916416,0.07333197205058181,0.8958869208640674,26.561154337156744,121.90149163644682,0.8773254249385524,49673.68457865715,1511282172
1946,11947,2.0722504074030583,1.9964440504195886,1.9964440504195886,1.9964440504195886,1.485931904248756,-10.601863657764548,-6.601863657764549,-2.6018636577645493,0.327805339871007,0.09466820743777742,0.9016153852644264,26.632316887874925,113.1647302623081,1.0420927704506446,49673.68457865715,1511282172
1947,11948,13.166336224984112,9.821540421966327,5.8215404219663265,1.8215404219663265,1.5763997232839897,-11.885110708096098,-7.885110708096098,-3.885110708096099,0.11488929190390107,0.06534884958456394,0.8943198941882505,28.008789557381615,129.02137018871053,0.8782789172160373,49673.68457865715,1511282172
1948,11949,7.805880496257889,5.866327328023093,5.866327328023093,1.8663273280230934,1.5638469959511305,-11.850110797378242,-7.850110797378243,-3.8501107973782434,0.14988920262175642,0.06515509588072885,0.8923122454446195,27.695103718443985,127.65130453406226,0.872616992621436,49673.68457865715,1511282172
1949,11950,11.967334508396267,9.8220148016793,5.822014801679301,1.8220148016793007,1.580397176225626,-11.878370846322408,-7.878370846322408,-3.878370846322408,0.12162915367759175,0.06495558860914445,0.8942875666701294,28.07627555795788,129.28332092729187,0.8781979392384021,49673.68457865715,1511282172
1950,11951,8.150645042816794,5.918419639225566,5.918419639225566,1.9184196392255664,1.5139445878150506,-11.463650602554887,-7.463650602554887,-3.463650602554887,0.2231620363531206,0.0691619428840181,0.8906049535000234,26.741242476090314,123.09766771729338,0.8687683694642755,49673.68457865715,1511282172
1951,11952,11.740229870555035,7.863834878461805,5.259243379050335,1.7267375891807768,1.7267375891807768,-10.744714451817641,-6.744714451817641,-2.744714451817641,0.7592402868074997,0.057749377316162864,0.9070898710150704,31.870259894914238,139.31568937418422,0.9207770345048241,49673.68457865715,1511282172
1952,11953,6.118737800399376,6.109612639907637,6.109612639907637,2.109612639907637,1.4822323437926304,-11.04855293363848,-7.0485529336384785,-3.0485529336384785,0.4139720588344018,0.07012329875179593,0.894644820320939,26.87153398762778,123.69541191940097,0.8692822450348591,49673.68457865715,1511282172
1953,11954,9.669273331952693,6.09212132407377,6.09212132407377,2.09212132407377,1.4840098983637533,-11.594935738753838,-7.594935738753838,-3.594935738753839,0.405064261246161,0.0700666958350794,0.8943401786971091,26.854192559044655,123.55635161448768,0.8685467282084995,49673.68457865715,1511282172
1954,11955,13.378968903602022,10.270498568125296,6.270498568125295,2.270498568125295,1.8367667979547033,-11.125819482802916,-7.125819482802917,-3.1258194828029175,0.8741805171970823,0.03460094326398882,0.893597499707845,34.13440369950659,154.11274062715765,1.0426355867748218,49673.68457865715,1511282172
1955,11956,10.455328222247049,9.827184529564402,5.827184529564403,1.8271845295644034,1.5931917649128453,-10.374149921242868,-6.374149921242868,-2.374149921242868,0.12062278654528358,0.06359396331805697,0.8943461892625499,28.320463351790522,130.4377220039541,0.8795917136553162,49673.68457865715,1511282172
1956,11957,6.209551837272697,5.918908069274902,5.918908069274902,1.9189080692749019,1.5155422237567666,-9.96997967763229,-5.969979677632289,-1.969979677632289,0.2189144122382929,0.06897427195531924,0.8902028245492167,26.72784948140726,123.0206317894511,0.8683550503328803,49673.68457865715,1511282172
1957,11958,7.434949257443126,6.109745585994944,6.109745585994944,2.1097455859949443,1.4837621311111724,-10.051263922567797,-6.051263922567797,-2.051263922567796,0.41778090884336794,0.0699223474416505,0.8946204467582464,26.899532002284616,123.7789290297109,0.8686238972933016,49673.68457865715,1511282172
1958,11959,9.93887614200112,9.860892681778086,5.860892681778085,1.8608926817780858,1.4994202978216535,-9.36614054550974,-5.366140545509742,-1.3661405455097417,0.1898810129030053,0.07213771850249218,0.8909526481577246,26.406760501365625,121.07387608596501,0.8735958503428142,49673.68457865715,1511282172
1959,11960,13.567487369351593,9.831742979685679,5.83174297968568,1.83174297968568,1.6048238154050523,-8.85547355883984,-4.855473558839839,-0.8554735588398394,0.1264728567154001,0.062377113179182146,0.8944221060282243,28.54783349217869,130.33527727062796,0.8739241283949608,49673.68457865715,1511282172
1960,11961,11.318367095022516,10.147085478015203,6.147085478015201,2.1470854780152018,1.4681444409650937,-11.52977681939031,-7.529776819390311,-3.529776819390311,0.47022318060968893,0.07147822793020417,0.8961948695222746,26.84051243710828,123.41678475335696,0.8739749246167308,49673.68457865715,1511282172
1961,11962,7.387386631296187,6.033306221684584,6.033306221684584,2.033306221684584,1.492410857385804,-8.527025884769413,-4.527025884769414,-0.527025884769414,0.3694866984048646,0.06963203537345677,0.8931035676771351,26.82840583219552,121.01669713180408,0.8518050216089339,49673.68457865715,1511282172
1962,11963,11.062042665314541,7.40372506212372,4.628672770394186,1.5894479643851132,1.5894479643851132,-9.206522440997297,-5.206522440997298,-1.2065224409972972,1.5894479643851132,0.05597963342776909,0.879456967478822,34.32467133788752,137.17629208489706,0.9604579278799406,49673.68457865715,1511282172
1963,11964,9.919435753216996,6.030254927286785,6.030254927286785,2.0302549272867854,1.4927719519907476,-11.630045227588734,-7.630045227588734,-3.6300452275887336,0.3699547724112662,0.06969339729264946,0.893270481012668,26.82989973654167,123.24259217882735,0.8662662761360458,49673.68457865715,1511282172
1964,11965,7.449533445314627,5.914240338000786,5.914240338000786,1.914240338000786,1.5345422672093953,-8.787954127784857,-4.787954127784857,-0.7879541277848572,0.19037817945972213,0.06697278001152505,0.8896277599398623,27.000167052942583,123.39645625296706,0.861490350053244,49673.68457865715,1511282172
1965,11966,6.648871121654009,5.995672149768771,5.995672149768771,1.9956721497687706,1.5045555044089414,-10.009110835314246,-6.009110835314246,-2.009110835314245,-0.09745163900207698,0.0689955020851161,0.8854635373347088,26.136126555518814,122.89941870394574,0.8854700984687159,49673.68457865715,1511282172
1966,11967,9.521854004908167,6.242071019548747,5.765682151380407,1.7656821513804066,1.7656821513804066,-9.599156173727042,-5.599156173727042,-1.5991561737270426,-1.1751222163998143,0.05381827878528075,0.8926804743011466,30.714088013368766,148.1826394264834,0.9717992714004515,49673.68457865715,1511282172
1967,11968,12.845163420243912,10.71055621207988,6.7105562120798785,2.710556212079879,1.5727317881540845,-11.41869494437581,-7.418694944375811,-3.41869494437581,0.5813050556241903,0.05736243406982418,0.8982074246817525,29.277057103464905,137.97839104442235,0.9039471363634232,49673.68457865715,1511282172
1968,11969,7.81700450779595,4.491283591991607,4.491283591991607,2.119911033898081,1.481996811560759,-8.660983854496134,-4.660983854496135,-0.6609838544961348,0.42562656769557305,0.07001371626619142,0.8945825220192034,26.886220339137168,122.77472095873591,0.8627349764795581,49673.68457865715,1511282172
1969,11970,9.881095675981138,7.3163015835889516,3.3163015835889516,2.0422631335658954,1.440309226417978,-8.972188895563916,-4.972188895563916,-0.9721888955639162,0.47832648718994,0.07584887284249803,0.8961544259421121,26.2742236860992,119.09950115458159,0.8779012218873251,49673.68457865715,1511282172
1970,11971,11.830496965731783,9.7017037496996,5.7017037496996,1.7017037496996001,1.7017037496996001,-10.511932903706466,-6.511932903706466,-2.511932903706466,0.8404373748258203,0.060349785006445875,0.9086240313198473,31.699559807631466,137.35717240459496,0.9190429464889702,49673.68457865715,1511282172
1971,11972,11.257956858608024,8.735607205285177,6.0386530288247835,5.399073454040442,1.3990734540404424,-11.722535323845074,-7.722535323845074,-3.722535323845073,-2.600926545959558,0.08089547803830595,0.8984774557601973,25.703268854704543,128.51458890514584,0.9811998299007334,49673.68457865715,1511282172
1972,11973,9.505901318252663,7.525193387795505,5.876382962838805,1.8763829628388051,1.6195530503472917,-11.112457463346809,-7.11245746334681,-3.11245746334681,0.14966232264445578,0.05960056413699348,0.8933233256227073,28.819062806974433,132.91249913393506,0.8833122527581243,49673.68457865715,1511282172
1973,11974,9.527197993847967,7.754057919531212,3.7540579195312116,1.6470129484820084,1.6470129484820084,-9.206457189732088,-5.206457189732086,-1.2064571897320866,0.22434523443499055,0.06829270819323449,0.9008452979996662,29.151340670836525,131.2080831762464,0.9028676615111503,49673.68457865715,1511282172
1974,11975,10.506172343546872,10.154926569029287,6.154926569029287,2.1549265690292874,1.4726434746737562,-10.616233785544525,-6.616233785544525,-2.616233785544525,0.46725063610171835,0.07086779042408244,0.8957161351760381,26.873158427613948,123.64580634310332,0.8720728815852503,49673.68457865715,1511282172
1975,11976,11.164357657691738,10.06566597564487,6.065665975644872,2.0656659756448716,1.4567818626792202,-9.96161823203182,-5.96161823203182,-1.9616182320318198,-0.256079478392095,0.07419309069926061,0.8886504158399631,25.64350243330057,121.83674073766774,0.9004625156519762,49673.68457865715,1511282172
1976,11977,11.401745798372469,9.995157147262804,5.995157147262803,1.995157147262803,1.5576566111420906,-14.442343388857909,-10.442343388857909,-6.44234338885791,-2.4423433888579096,0.06297620576969405,0.8834392380898712,26.89959803180976,133.6791294289969,0.9354385652248324,49673.68457865715,1511282172
1977,11978,6.021975751774888,5.9808910627855765,5.9808910627855765,1.9808910627855763,1.4986834747727904,-9.621629156340392,-5.621629156340391,-1.621629156340391,0.3294122807934794,0.06971476188398876,0.8921374851918192,26.745513250215357,122.67309619238301,0.8652501204945916,49673.68457865715,1511282172
1978,11979,9.210329700996368,5.987468272155907,5.987468272155907,1.9874682721559072,1.4984206231899855,-10.438297144763492,-6.438297144763493,-2.438297144763493,0.3375306871974415,0.06963638697567344,0.8922929811056414,26.76825963210036,122.87330891424986,0.8657003308673641,49673.68457865715,1511282172
1979,11980,12.955629800038022,9.718152754327244,5.718152754327245,1.7181527543272448,1.7181527543272448,-9.69557647236096,-5.695576472360959,-1.6955764723609594,0.5207818338331989,0.05916452756144866,0.9020631027823692,30.863764595593445,137.24484326431605,0.9039402862591622,49673.68457865715,1511282172
1980,11981,7.026347569134736,5.99231327047688,5.99231327047688,1.9923132704768807,1.4984745043838965,-10.560123063298995,-6.560123063298995,-2.5601230632989953,0.3423981334914308,0.06955241041492209,0.892351929524051,26.783175728855383,122.94453657589945,0.8655155748558278,49673.68457865715,1511282172
1981,11982,10.442096800118996,10.356132348893155,6.366986539298069,2.366986539298069,1.6117042131350396,-11.962490753146206,-7.962490753146206,-3.9624907531462057,-0.1937327200016048,0.054009131673300466,0.8943075936583588,29.41780939899252,141.1894430197869,0.9233995111938527,49673.68457865715,1511282172
1982,11983,3.2343463458378245,1.8797746962457655,1.8797746962457655,1.8797746962457655,1.5356462844001995,-8.46773100704237,-4.467731007042371,-0.46773100704237014,0.18845186787885493,0.08819646052189638,0.8989973361276284,26.981359297227915,112.03459442567917,0.9518470238703938,49673.68457865715,1511282172
1983,11984,4.236102327691291,2.1154620555451356,2.1154620555451356,2.1154620555451356,1.4843093674037606,-11.563258896995233,-7.563258896995233,-3.563258896995233,0.43674110300476765,0.07989772520667182,0.8989974395516334,26.898146286047492,116.89118758321888,0.8962437087141433,49673.68457865715,1511282172
1984,11985,12.6230326732355,10.072542493305807,6.072542493305807,2.072542493305807,1.721629806855858,-9.007500380823208,-5.007500380823209,-1.0075003808232086,1.180626448655528,0.042612111368937486,0.9003351587600098,33.7417323149983,145.98313038692697,0.9554554969724286,49673.68457865715,1511282172
1985,11986,10.225185140510254,9.58986117901333,5.5898611790133295,1.7072062746917662,1.7072062746917662,-9.277998217243633,-5.277998217243632,-1.277998217243632,1.7072062746917662,0.043891859297250396,0.8814342383929741,37.56922076891285,150.25405993901342,1.0336155674789873,49673.68457865715,1511282172
1986,11987,11.16444887190944,9.987154977208231,5.992077079347742,1.9920770793477423,1.4357049303523957,-7.943852821325608,-3.943852821325607,0.056147178674393006,0.45945721166663933,0.07579202962291864,0.8910280998561325,25.959380270094908,114.43063373090821,0.8572893759520227,49673.68457865715,1511282172
1987,11988,12.894409637994004,9.989395130379917,5.989395130379916,1.9893951303799158,1.4399040867944752,-9.532161119217763,-5.532161119217764,-1.5321611192177638,0.45388897376438986,0.07657808661636803,0.894233052271935,25.98844474546136,118.31489761563756,0.8815515441652013,49673.68457865715,1511282172
1988,11989,14.255847699707946,11.673295034552604,7.88713456158856,4.145112572822745,1.4705389958792459,-11.741064235723425,-7.741064235723424,-3.7410642357234236,-2.529461004120754,0.07070779988637807,0.8990215531015007,27.163304786399102,135.79246246132473,0.9471642548757622,49673.68457865715,1511282172
1989,11990,12.492698264995688,9.984413399031382,6.286961566624211,2.2869615666242122,1.4952301659384297,-10.857572155124622,-6.857572155124623,-2.8575721551246227,0.5016158072083713,0.0673225866337698,0.8956244749215619,27.36615163551394,126.64715159141977,0.8707949391778567,49673.68457865715,1511282172
1990,11991,7.371001890171505,6.025718129335975,6.025718129335975,2.025718129335975,1.4962444451589303,-11.62438292701598,-7.62438292701598,-3.62438292701598,0.3756170729840205,0.06931979775716872,0.892833432232836,26.84459452111642,123.23253989745163,0.8648904810895973,49673.68457865715,1511282172
1991,11992,6.705501465796817,6.0240573546697,6.0240573546697,2.0240573546697,1.4963754239657796,-11.623902684966335,-7.623902684966336,-3.6239026849663363,0.3760973150336644,0.06932376220593986,0.892822820870022,26.84431039295056,123.21514708116774,0.8648247283552672,49673.68457865715,1511282172
1992,11993,11.276422029657553,9.907547281647258,5.907547281647258,1.907547281647258,1.466104774896719,-10.041065965996502,-6.041065965996502,-2.041065965996502,0.3490812338456879,0.07484794762940014,0.8925330321875864,26.108240495571717,119.12733492094416,0.8765747366260059,49673.68457865715,1511282172
1993,11994,16.779573048831512,13.490210398501466,9.490210398501466,5.490210398501465,1.4902103985014652,-12.971536961314332,-8.971536961314332,-4.9715369613143325,-0.9715369613143328,0.06808445990681768,0.895188208897007,27.122833222762896,135.57994009619873,0.933520025937886,49673.68457865715,1511282172
1994,11995,11.585303229043097,10.878520019645935,6.878520019645934,2.8785200196459337,1.4772434192712802,-11.688160518761672,-7.688160518761672,-3.6881605187616717,0.3118394812383276,0.06958787774499807,0.8935362104693656,26.738516966186584,128.3582589271871,0.8982733640105737,49673.68457865715,1511282172
1995,11996,10.721511611366145,10.169930787117316,6.169930787117316,2.169930787117317,1.4785088585726245,-10.859330248506902,-6.859330248506902,-2.859330248506902,0.49284763653994734,0.06995119429688938,0.8957760343278008,27.017190623857502,124.23001129522362,0.8700167701314626,49673.68457865715,1511282172
1996,11997,12.429058970218586,10.39816469990444,9.001094004720677,5.078850247380365,1.6108451255614271,-13.641365727170792,-9.641365727170792,-5.641365727170791,-2.3891548744385727,0.0536067390062701,0.8962665900189172,29.68424777830345,148.4153543249503,0.9669567934949586,49673.68457865715,1511282172
1997,11998,11.174167698304277,10.68583733502338,6.685837335023381,2.6858373350233813,1.6161803742671899,-9.504274159783366,-5.504274159783367,-1.5042741597833664,0.6162070821265797,0.052571527821260004,0.8978698758718584,30.129828198348203,141.5339537533453,0.9198805846456418,49673.68457865715,1511282172
1998,11999,11.175048301192218,11.028036306594677,7.028036306594678,4.137180131855672,1.4860167041470091,-9.934037461207337,-5.934037461207336,-1.9340374612073366,0.5171029792556571,0.06793447093767274,0.8957002491593511,27.264358231113857,134.39998254398552,0.9243134204379969,49673.68457865715,1511282172
1999,12000,13.041682897031462,9.858608142812173,5.858608142812173,1.8586081428121735,1.5685896974256635,-12.112982759831647,-8.112982759831647,-4.112982759831646,-0.11298275983164596,0.06494042979133058,0.8925235111940685,27.773457938713097,129.85990772749724,0.8854549606139523,49673.68457865715,1511282172
2000,12001,11.144156140658517,8.904551205764474,4.904551205764473,1.7120349555112864,1.7120349555112864,-10.95255703244503,-6.952557032445031,-2.9525570324450303,-2.287965044488714,0.060043218117281694,0.8861331986210024,28.839300747492477,142.5655614449507,0.9700435906049997,49673.68457865715,1511282172
2001,12002,7.592589719112824,6.112948682764242,5.705759895661157,1.7057598956611575,1.7057598956611575,-10.22301030416773,-6.2230103041677305,-2.2230103041677305,1.1410323677503138,0.05735483921191008,0.9110610621942259,33.38251725868679,140.94257012032085,0.9415235675202028,49673.68457865715,1511282172
2002,12003,11.710010959988695,9.988659635162188,5.988659635162189,1.9886596351621888,1.442584104468297,-11.539181229433067,-7.539181229433067,-3.5391812294330673,0.46081877056693243,0.07621686550342853,0.8941588143380691,26.033258021960513,118.58242493377197,0.8804801661413953,49673.68457865715,1511282172
2003,12004,14.877409946751428,13.524069977537037,9.524069977537037,5.524069977537037,1.5240699775370372,-13.99074138718288,-9.99074138718288,-5.990741387182879,-1.9907413871828792,0.06374561548406321,0.9008166979636129,28.432528781122436,142.15755956964108,0.9514353361910348,49673.68457865715,1511282172
2004,12005,7.897312624474542,6.030040704559201,6.030040704559201,2.0300407045592013,1.5005013421326183,-9.179378117386394,-5.179378117386395,-1.1793781173863944,0.3670944494912278,0.06877021319560256,0.8921321971875223,26.849280578621467,123.01212619212572,0.8618588357812471,49673.68457865715,1511282172
2005,12006,11.25074467953117,9.848314060859119,5.848314060859119,1.8483140608591186,1.4865970348844153,-9.154626061057744,-5.154626061057744,-1.154626061057744,0.2708867601195817,0.07385286167595051,0.891550480312556,26.23493538475948,119.41595601294983,0.873387487709175,49673.68457865715,1511282172
2006,12007,13.047686791603985,9.961100607381306,5.961100607381305,1.9611006073813055,1.6678185084410597,-10.349943826860082,-6.349943826860083,-2.349943826860083,0.19857347286645366,0.05306192152871552,0.8922674645061164,29.80693865202379,137.74501486728016,0.9042442283155043,49673.68457865715,1511282172
2007,12008,7.642621132566283,6.92086440277334,6.92086440277334,2.9208644027733404,1.4810933435808231,-11.73882519689742,-7.73882519689742,-3.7388251968974195,-0.2739218174548905,0.06929051421647434,0.90148256300725,27.646877532007725,135.18398488152164,0.9346695975828274,49673.68457865715,1511282172
2008,12009,15.328970107471209,12.466428884536313,8.466428884536313,5.221330945485724,1.6422374371191026,-8.088534375690307,-4.088534375690307,-0.08853437569030675,0.476263172886668,0.049806547428998676,0.8952183094297504,30.3882086658898,150.1051157649924,0.9772951238832253,49673.68457865715,1511282172
2009,12010,9.501245842711867,8.96514468941824,5.053804809685387,2.220078781523524,2.220078781523524,-7.524212214407333,-3.524212214407333,0.4757877855926671,1.3099350808826924,0.018779339947821494,0.8926918514615956,41.9976753012039,177.9003512252546,1.312565390585209,49673.68457865715,1511282172
2010,12011,12.032905933150639,10.236910710424107,6.236910710424107,2.2369107104241075,1.5026036849013853,-12.322069418841549,-8.322069418841549,-4.32206941884155,-0.43058534429593087,0.06717544875184626,0.8958888158146572,27.37526729699252,131.88254105268314,0.9036297859116681,49673.68457865715,1511282172
2011,12012,12.346849169577748,8.63718256280267,4.637182562802669,2.4370687729238685,1.4534000612399358,-11.253315089018653,-7.253315089018653,-3.2533150890186526,-1.1908760758598926,0.07320159920024015,0.902269029498467,27.17330398361404,133.96607713227016,0.9528416859640728,49673.68457865715,1511282172
2012,12013,13.431280581222707,11.02044592046181,7.020445920461812,3.020445920461812,1.5517685654352327,-8.409655927465367,-4.409655927465367,-0.4096559274653673,0.4086959426253447,0.06002968286491015,0.8980110207790079,28.76489167862796,137.46524202271144,0.9078835601851896,49673.68457865715,1511282172
2013,12014,11.955668444296316,10.168446079153153,6.168446079153153,2.168446079153153,1.464109129724376,-10.751212758599364,-6.7512127585993635,-2.7512127585993635,0.3668181410397313,0.0721532877985744,0.8888310191876572,25.934202787387996,120.13198911545196,0.8742036226934984,49673.68457865715,1511282172
2014,12015,12.667145164604097,10.159825945362025,6.159825945362024,2.159825945362024,1.480885176251774,-8.060260618638853,-4.060260618638855,-0.06026061863885501,0.505472904773268,0.06903872893419351,0.8944301699628678,27.11847156921922,121.60569449813292,0.8495399506005609,49673.68457865715,1511282172
2015,12016,8.966037702147524,8.547276369524006,7.762867491280761,3.762867491280761,1.4121335341095989,-12.285492668960861,-8.285492668960861,-4.2854926689608615,-0.42558964543677846,0.07895393530770944,0.8921385994267296,25.28664458974238,125.51331950896963,0.9529870979677791,49673.68457865715,1511282172
2016,12017,9.40805413138424,7.589632692262457,3.589632692262456,1.5889547224196592,1.5889547224196592,-11.808770418362768,-7.8087704183627675,-3.8087704183627684,0.19122958163723114,0.07640255752815041,0.8984296795693043,27.666372918626223,124.85602644123087,0.91780521809363,49673.68457865715,1511282172
2017,12018,14.136099312986035,10.143844359828913,6.143844359828915,2.1438443598289143,1.4808043072664094,-10.770981732026128,-6.770981732026127,-2.7709817320261267,0.49847615643177434,0.0698039865862244,0.8961060391118452,27.086664415288,124.30641593644022,0.8691973420273695,49673.68457865715,1511282172
2018,12019,12.87996323632163,9.109268780649915,8.298513166508478,4.829494459152602,1.5173843039216675,-10.793497618070672,-6.793497618070673,-2.793497618070674,-0.00689364251516178,0.06456805511818575,0.8854513521470211,26.640413800572944,132.78373470462924,0.9267397424190914,49673.68457865715,1511282172
2019,12020,11.6457981153664,9.912786822855063,5.912786822855065,1.9127868228550642,1.4771707016426123,-11.646978555676208,-7.646978555676207,-3.646978555676208,0.353021444323792,0.07340615104769098,0.892893993943909,26.351816690197246,120.28255337145177,0.8725334593999688,49673.68457865715,1511282172
2020,12021,8.848997108536711,5.932148404900542,5.932148404900542,1.932148404900542,1.5598578930527884,-10.408939422744082,-6.408939422744083,-2.4089394227440826,0.18473861455959795,0.06390477899174334,0.8885794947590485,27.374654657822873,126.3944420916464,0.8698574899465289,49673.68457865715,1511282172
2021,12022,13.80261567733741,10.15624159404297,6.156241594042969,2.156241594042969,1.4650087349129788,-8.641190461558953,-4.641190461558954,-0.6411904615589534,0.3598521451075156,0.07207664966788606,0.8882884705652166,25.89772066357141,118.32775317097108,0.8638902051701729,49673.68457865715,1511282172
2022,12023,10.906654185504921,9.523978945377516,9.523978945377516,5.523978945377517,1.523978945377517,-11.548720464985317,-7.548720464985316,-3.5487204649853163,-0.3238396755424273,0.06375595010902253,0.8984341508845035,28.15731977600118,140.68780990352104,0.9422196990175776,49673.68457865715,1511282172
2023,12024,10.780178951969345,10.1447337520446,6.1447337520446,2.144733752044601,1.4837635845772594,-11.5042237837181,-7.5042237837181,-3.5042237837181,0.4957762162819007,0.0694400554233206,0.895961161650652,27.123496042204305,124.50431275338028,0.8684567236750792,49673.68457865715,1511282172
2024,12025,8.840835382638247,7.092154326757621,3.092154326757621,2.9280549438480783,1.731285436873497,-9.631327969803408,-5.631327969803408,-1.6313279698034087,0.20658320470409275,0.0417882939472311,0.8921887053266335,31.74362474941129,151.76691442950002,1.0043454828872198,49673.68457865715,1511282172
2025,12026,7.700724432107092,5.9320226473490205,5.9320226473490205,1.9320226473490203,1.5566000236089608,-7.921800305966756,-3.921800305966757,0.07819969403324345,0.1925539772718623,0.06332252124044133,0.8855227453120263,27.32319507641102,120.32503081020876,0.8402430243759583,49673.68457865715,1511282172
2026,12027,6.453864265250012,5.651322246410441,4.644598051543526,1.5944037297234506,1.5944037297234506,-7.677281290592178,-3.6772812905921777,0.3227187094078223,1.2933079796243505,0.06522303257389286,0.9044748894127579,32.808878553147366,132.18254028117133,0.8963065638085147,49673.68457865715,1511282172
2027,12028,6.278033624621585,3.0661858765985777,3.0661858765985777,2.0270629737728276,1.5005637809765264,-10.597448255608422,-6.597448255608421,-2.5974482556084206,0.38051316895338916,0.06898405050021071,0.8928554861972234,26.94370212078604,122.64279860455815,0.8590336251353183,49673.68457865715,1511282172
2028,12029,10.575951265636398,9.738992933917357,9.22614918747944,5.383952567054352,1.3839525670543515,-12.775769797158976,-8.775769797158976,-4.775769797158975,-1.4207294173567224,0.08318648912848707,0.891047997331139,24.63829007624037,123.17450503169061,0.9811844989216547,49673.68457865715,1511282172
2029,12030,12.088070924036636,9.388743062915212,6.136296767996076,2.1362967679960763,1.449205473176051,-11.721877610238153,-7.721877610238152,-3.7218776102381517,-0.2508146857204041,0.07467493123496964,0.8859769309543991,25.278935487357053,120.51052253755915,0.9059452058674019,49673.68457865715,1511282172
2030,12031,12.472696672653104,9.862661837209055,5.862661837209053,2.1692968885968225,1.678114438030492,-10.88748116773729,-6.887481167737291,-2.887481167737292,-2.3218855619695082,0.048659249621666206,0.8915255977151284,30.294304610641436,150.63256802658836,0.9885339031365583,49673.68457865715,1511282172
2031,12032,16.633692954331813,12.755796550521529,8.758355458836379,4.758355458836378,1.5479130157830616,-11.55018414544943,-7.55018414544943,-3.550184145449429,0.4498158545505708,0.06050786797854302,0.8869183416030538,27.468852774605843,136.48299291054857,0.9287950645255165,49673.68457865715,1511282172
2032,12033,12.066889572919035,9.926709081486905,5.926709081486904,1.9267090814869041,1.5440030930828776,-11.951557627427125,-7.951557627427126,-3.9515576274271265,-0.04643207234508484,0.06574467088574125,0.8861734208989619,26.818494896672643,125.40502609263241,0.8812120522789689,49673.68457865715,1511282172
2033,12034,11.528539511632486,8.664953262128853,4.664953262128852,1.6249789293183643,1.6249789293183643,-9.387571436438966,-5.387571436438966,-1.387571436438966,1.0426558660941028,0.06770467697455154,0.9074503004698838,30.9336925102995,130.65222523889713,0.9044449365427143,49673.68457865715,1511282172
2034,12035,6.3767408863553685,6.026662051899532,6.026662051899532,2.0266620518995317,1.5053310643239401,-10.264910968526499,-6.2649109685264985,-2.2649109685264985,0.37249458807852354,0.0682299319347347,0.8924743684785986,26.97272916598938,123.83897892010481,0.8633293588047897,49673.68457865715,1511282172
2035,12036,8.540530654858314,7.17548740052203,7.17548740052203,3.4506787366406986,1.4635888756159374,-9.862158671864599,-5.862158671864598,-1.862158671864598,0.2920768589202454,0.07143702023568822,0.8941043124943492,26.531279437062512,129.6136785909676,0.9170290945576779,49673.68457865715,1511282172
2036,12037,11.476998083461321,11.202826260962448,7.202826260962448,4.081344059294313,1.4048996975106365,-11.538973535831776,-7.538973535831776,-3.5389735358317767,-1.6923914912866433,0.0800254419182132,0.8962957113239928,25.584808763960815,127.82301554953924,0.9703008658088945,49673.68457865715,1511282172
2037,12038,10.914171546167672,10.127209291593621,6.127209291593621,2.127209291593621,1.6417623658794354,-11.757425502841917,-7.757425502841917,-3.757425502841917,-1.5811856949510605,0.052532838855214536,0.8964980525938214,30.092817967296426,148.54110013642125,0.9664980268881064,49673.68457865715,1511282172
2038,12039,13.207291609182066,13.063687216351232,9.063687216351232,5.063687216351231,1.491678030898418,-11.712174524206228,-7.712174524206228,-3.712174524206228,-1.1241329751153775,0.06789178356385729,0.8927879599430768,26.89395945271467,134.41574586214097,0.929347891775373,49673.68457865715,1511282172
2039,12040,10.541765958960324,9.719914501937923,5.719914501937923,1.7199145019379232,1.7199145019379232,-9.136969766103233,-5.136969766103234,-1.136969766103234,0.5694442123442112,0.05890603266042866,0.9020031836753112,30.914932437166435,136.62717587251348,0.8991757303350276,49673.68457865715,1511282172
2040,12041,10.361201498600671,9.616581724823874,5.616581724823874,2.128100204939319,1.4605801702348529,-7.7294171152156155,-3.7294171152156155,0.27058288478438475,0.33390344428147145,0.0702370619350578,0.8792367086178958,25.70369563887379,113.42181094642865,0.8653781804617303,49673.68457865715,1511282172
2041,12042,8.560102604907204,6.362988127381821,5.679895169164474,1.6798951691644735,1.6798951691644735,-9.048561649917222,-5.048561649917221,-1.0485616499172206,-0.07298761540032928,0.06402885119704371,0.9026906629939222,30.059998058695328,137.72725904172296,0.9249208268177922,49673.68457865715,1511282172
2042,12043,6.948753816111674,6.025061228902784,6.025061228902784,2.0250612289027847,1.5056148392841104,-10.733950152576348,-6.733950152576348,-2.733950152576349,0.37460194446220973,0.06821314573109077,0.8925739717341803,26.987688148016556,123.89016343525842,0.863337540265641,49673.68457865715,1511282172
2043,12044,6.088505225330664,6.024791700680611,6.024791700680611,2.024791700680611,1.5055001934005123,-9.932085467798013,-5.9320854677980135,-1.9320854677980128,0.3759608005397561,0.06822787217535599,0.892617300458832,26.990464159235653,123.85243066418431,0.8630765743477908,49673.68457865715,1511282172
2044,12045,9.341194141237345,6.023120996569099,6.023120996569099,2.0231209965690993,1.505563191695802,-10.496966521999106,-6.496966521999107,-2.4969665219991075,0.37530008261009096,0.0682428281322871,0.8925393226917907,26.981176225689925,123.83664560190797,0.8632366751217042,49673.68457865715,1511282172
2045,12046,14.888795810496735,13.190469787329237,9.542924866686727,5.542924866686726,1.5429248666867263,-11.32374190285538,-7.323741902855381,-3.32374190285538,-2.457075133313274,0.06142450304631863,0.882181660496539,26.809140681232588,134.04382701406203,0.9386324883304253,49673.68457865715,1511282172
2046,12047,12.199811811173076,9.855024359360398,5.855024359360396,1.855024359360396,1.5405062783909405,-12.2130748846642,-8.2130748846642,-4.2130748846642,-0.21307488466420033,0.06789555853484534,0.8922022069528588,27.233250248330407,127.96347958907039,0.8888667392971603,49673.68457865715,1511282172
2047,12048,13.224473152653271,12.383056663867988,8.383056663867986,4.383056663867987,1.4657410534029844,-12.448563135766902,-8.448563135766902,-4.448563135766902,-0.5160299508349784,0.07135910813224698,0.8831062431922152,25.40543644285814,126.66126334816754,0.9359980953644775,49673.68457865715,1511282172
2048,12049,13.663640695153273,9.981765833653592,5.981765833653593,1.9817658336535926,1.4438955268402907,-11.5178547829641,-7.5178547829641,-3.5178547829640996,0.4821452170359003,0.07605208429102,0.8944952676927193,26.104800204471154,118.68767798878986,0.8792468423206904,49673.68457865715,1511282172
2049,12050,16.65044329659067,13.221871434812758,9.221871434812758,5.5254733269609915,1.5254733269609917,-8.894999089975952,-4.894999089975952,-0.8949990899759521,0.14955228227147388,0.06351067442966264,0.9005099942502557,28.439746949876294,141.97844142509658,0.9492235204962532,49673.68457865715,1511282172
2050,12051,12.299352638688212,8.804803403328512,6.22056887924547,2.330394423889255,1.454842877156777,-13.527248996823944,-9.527248996823944,-5.527248996823944,-2.5451571228432233,0.07316175029229197,0.8790630448880841,24.780325603735008,123.51861089508455,0.9515605132680398,49673.68457865715,1511282172
2051,12052,12.27061085938809,10.578182082774049,6.578182082774049,2.5781820827740485,1.6326985817715085,-12.554245508828306,-8.554245508828306,-4.554245508828306,-0.5725409987465688,0.05139820888812158,0.9033626510605315,30.96503701925659,151.25408759039874,0.9832628222529269,49673.68457865715,1511282172
2052,12053,11.307254749975261,10.220627799814965,6.220627799814964,2.2206277998149644,1.4916645666832864,-11.491801433325847,-7.491801433325848,-3.491801433325848,0.5081985666741522,0.0679965093642223,0.8954039590088553,27.257515175039345,125.60423136941668,0.8680033649108665,49673.68457865715,1511282172
2053,12054,6.136484881904616,5.925772769630078,5.925772769630078,1.9257727696300782,1.5781206265951335,-8.135029149028401,-4.135029149028402,-0.13502914902840213,0.19157938891628667,0.061834193251453465,0.8880851980675237,27.76087292429155,123.35401931821261,0.843696299639062,49673.68457865715,1511282172
2054,12055,8.342168064248705,5.924851057162733,5.924851057162733,1.9248510571627322,1.5519550041981034,-11.341365311301214,-7.341365311301213,-3.341365311301213,0.21410798238701179,0.06488091442255839,0.8889730772495503,27.26265519419895,125.61497792395633,0.8677704385243806,49673.68457865715,1511282172
2055,12056,7.034498456278821,4.891602394889287,4.891602394889287,1.9363460985118384,1.626460307254827,-9.843942177288632,-5.843942177288634,-1.8439421772886335,0.18957162378504155,0.057307256892843675,0.890131424123445,28.756077074854957,132.69732358487272,0.8840799977110761,49673.68457865715,1511282172
2056,12057,9.234779389070164,6.0182090567102815,6.0182090567102815,2.0182090567102815,1.5062243257414891,-10.055202647099117,-6.055202647099116,-2.055202647099117,0.3700177266080009,0.06823704625418427,0.8922693393589477,26.956856266260306,123.70608871814497,0.8629894394764804,49673.68457865715,1511282172
2057,12058,13.439865600771897,12.230181272969741,8.230181272969741,4.23018127296974,1.5428977308765444,-10.32968394490687,-6.32968394490687,-2.3296839449068703,-1.6604927053987086,0.061427730835032376,0.8996977946777509,28.68950102573028,143.3427348689247,0.9500406482028498,49673.68457865715,1511282172
2058,12059,7.3567683998468505,6.995249897508848,6.995249897508848,2.995249897508848,1.4826297140899773,-10.2854185410609,-6.2854185410609,-2.2854185410609,0.11613976995518782,0.06903079918496785,0.8897206983096884,26.40661492901881,128.06366195435575,0.9028935266532029,49673.68457865715,1511282172
2059,12060,7.42291753853923,5.89183600026047,5.868107016748081,1.87099602136986,1.3678069687838794,-13.92999853031593,-9.92999853031593,-5.929998530315928,-1.9791398042214665,0.08900332897144517,0.876618037859459,22.73052430613032,112.40869667784037,1.0479967902942742,49673.68457865715,1511282172
2060,12061,11.661100935327626,10.65076627374437,6.65076627374437,3.2729360210793614,1.4968738333007165,-12.06339989392291,-8.06339989392291,-4.0633998939229095,-1.2111570452665161,0.06721211608560866,0.896644053941006,27.418451665292014,136.4045317383928,0.9322899790995722,49673.68457865715,1511282172
2061,12062,14.485672552957402,11.421398315294052,7.421398315294052,3.421398315294053,1.5060770281249545,-14.179665473504738,-10.179665473504738,-6.179665473504738,-2.1796654735047376,0.06602268230926195,0.8959942891610451,27.53248182173925,137.52026292535322,0.9341717099049875,49673.68457865715,1511282172
2062,12063,12.070683590640337,9.848433367496115,5.848433367496115,1.8484333674961149,1.496374388952775,-11.748124216941548,-7.748124216941548,-3.748124216941548,0.24602222077089597,0.07276278266365013,0.8906020736308868,26.30029394729679,120.37471208822005,0.874383323557416,49673.68457865715,1511282172
2063,12064,10.629235674641853,9.62964544190758,5.826171696109204,1.8261716961092038,1.4998170589930873,-11.729165295599538,-7.729165295599539,-3.7291652955995387,0.27083470440046153,0.07296884041523054,0.8913503089141813,26.39452706272972,120.44303125310712,0.8741975175903557,49673.68457865715,1511282172
2064,12065,9.708755775518227,5.939662188641855,5.939662188641855,1.9396621886418552,1.5496064605190065,-9.344256419583141,-5.344256419583142,-1.3442564195831423,0.21242018258043993,0.06481434641437986,0.8880813953556861,27.15487859516501,124.94487997675479,0.8662725618638549,49673.68457865715,1511282172
2065,12066,6.259715154906599,6.0560540168135555,6.0560540168135555,2.0560540168135555,1.5050761567317592,-11.598544466846446,-7.598544466846446,-3.5985444668464455,0.3958646834241777,0.06787372297504449,0.8925850699219291,27.020043702203722,124.1154150788901,0.8628852788632505,49673.68457865715,1511282172
2066,12067,15.723940314468717,13.100468969497534,9.100468969497534,5.100468969497534,1.4930269426673386,-12.149903646661292,-8.149903646661292,-4.149903646661292,-0.31157761036676734,0.06771349656710249,0.8907846875920696,26.7086291528354,133.35931695216496,0.9265888873995862,49673.68457865715,1511282172
2067,12068,8.165674826450738,5.913286927548708,5.913286927548708,1.9132869275487088,1.607915328602645,-11.317368476686614,-7.317368476686615,-3.3173684766866147,0.2016818121207704,0.05960347361103232,0.8903149800193124,28.38397216089335,130.78824038395078,0.8771278110030749,49673.68457865715,1511282172
2068,12069,8.302638465136166,7.936150905720691,7.936150905720691,3.936150905720692,1.5559538378750395,-10.36845712707823,-6.36845712707823,-2.368457127078229,0.5736796648004324,0.05925421398992911,0.8925138471384325,28.308629393841436,138.91374872664582,0.9230042700984001,49673.68457865715,1511282172
2069,12070,10.999115193729324,8.259065614491046,7.2570882052962435,5.053106428802957,1.475950033136683,-12.568376817333517,-8.568376817333517,-4.568376817333518,-2.524049966863317,0.06997865043875376,0.8886519463289267,26.15509776651773,130.77131216400068,0.9297213886866502,49673.68457865715,1511282172
2070,12071,12.106633370563262,8.279760912789712,8.272578573931396,4.661936169909086,1.4222950985115388,-8.67242466571794,-4.672424665717941,-0.6724246657179405,1.4222950985115388,0.05111836959463191,0.9447863372610633,42.070921455830316,205.89880300481218,1.645098522198477,49673.68457865715,1511282172
2071,12072,12.390784346319991,10.761368575148833,7.165415500270862,4.700218092487212,1.5006766332400832,-10.536102324087214,-6.536102324087214,-2.5361023240872127,0.8396221648994867,0.06362624140598207,0.9107153774011933,30.028203903757635,148.52779003456064,1.0098532312060684,49673.68457865715,1511282172
2072,12073,6.742226964539464,6.0587189050133325,6.0587189050133325,2.0587189050133325,1.5047440550188835,-11.61158546392352,-7.611585463923521,-3.6115854639235208,0.38841453607647947,0.0678978492578659,0.8916975207523142,26.918567515571056,123.72607716500113,0.862642972655949,49673.68457865715,1511282172
2073,12074,11.614673369614561,9.288951286344934,7.405047539545215,3.9290003892180474,1.5781049053471417,-9.033626183209003,-5.0336261832090035,-1.0336261832090037,0.8226530718166563,0.055418179996012645,0.9001875482769588,30.037148913534253,146.53469102414618,0.9551334028038864,49673.68457865715,1511282172
2074,12075,10.20825204127583,6.71317990660261,6.3169570405244055,3.311030781549346,1.371777477176625,-11.526649731220608,-7.526649731220608,-3.5266497312206084,-2.628222522823375,0.08506474057535202,0.8958767569005284,24.91184262639446,124.48181706218226,0.9996936143724191,49673.68457865715,1511282172
2075,12076,11.498424742891906,10.411975960464925,6.411975960464925,2.4119759604649254,1.44257904034557,-13.68448936543806,-9.68448936543806,-5.68448936543806,-1.6844893654380602,0.07473286623417968,0.8971735500062636,26.387530538465384,130.86414385806506,0.9444712256462424,49673.68457865715,1511282172
2076,12077,12.049077494981267,9.279926336457326,6.087314807265579,2.087314807265579,1.6834046248287333,-10.320811251156739,-6.32081125115674,-2.3208112511567407,-0.938177953586768,0.049245464324238854,0.8944257407088362,30.609693321743407,148.9792260989271,0.9713384492939197,49673.68457865715,1511282172
2077,12078,11.386110384169735,10.052027637267987,6.0520276372679875,2.052027637267987,1.321374175451442,-9.447748346059953,-5.447748346059954,-1.447748346059954,0.41513723455974216,0.0930429963619796,0.8976638645661712,24.27466466085232,111.2022022479633,1.007826591433709,49673.68457865715,1511282172
2078,12079,7.8847255426954845,6.0912859848615035,6.0912859848615035,2.0912859848615035,1.504091509622852,-9.465250492475247,-5.4652504924752465,-1.4652504924752463,0.3803380916876764,0.06766397133488494,0.8897902382158742,26.730983774362713,123.01988241818515,0.8622223671389416,49673.68457865715,1511282172
2079,12080,9.644321774482707,7.470017709603623,7.470017709603623,3.4700177096036233,1.50983559375826,-9.23403496743648,-5.234034967436481,-1.2340349674364808,-0.33589340056560824,0.06553989645405668,0.8873458279053539,26.68424981013534,131.75589177630735,0.9166382359981446,49673.68457865715,1511282172
2080,12081,10.486933431815048,9.680893130423437,5.680893130423437,1.680893130423437,1.680893130423437,-10.089169623612209,-6.089169623612208,-2.089169623612208,0.9091097003690967,0.06240364512777667,0.9085725387892603,31.46632288548963,135.29708324967226,0.9127459568280257,49673.68457865715,1511282172
2081,12082,7.620409751285381,5.730048673639456,5.730048673639456,1.730048673639456,1.730048673639456,-11.525826332621225,-7.525826332621224,-3.5258263326212242,0.474173667378776,0.05779716915011886,0.8984991480285303,30.66893017366416,137.08770818522643,0.8990368864136695,49673.68457865715,1511282172
2082,12083,5.075843911155508,3.28108232105608,2.333660938694965,1.6483252616792774,1.6483252616792774,-9.475961351526886,-5.475961351526887,-1.4759613515268863,1.3740657494598243,0.059397763881956854,0.9094562800680184,34.825837500939244,139.78531183954954,0.9342163331659658,49673.68457865715,1511282172
2083,12084,14.084425504011978,10.703135694033017,6.703135694033017,2.703135694033017,1.466139634770453,-9.243251411853523,-5.243251411853523,-1.243251411853523,0.3668273372134023,0.07098728942047246,0.8907785583740115,26.254223012549907,124.76393841825212,0.8903766583917208,49673.68457865715,1511282172
2084,12085,15.339558336715056,12.600070603398882,8.600070603398882,4.600070603398882,1.5427666831456308,-12.151630500043987,-8.151630500043987,-4.1516305000439875,-1.4667787918578308,0.061443683361011914,0.8801366173286973,26.606158335195673,132.96535001981627,0.9435826411459205,49673.68457865715,1511282172
2085,12086,10.158744725729758,9.362185884847046,5.362185884847046,1.6687899595681543,1.6687899595681543,-12.447038201357827,-8.447038201357827,-4.447038201357828,-0.9580090409799908,0.06545875670929895,0.8880546989921049,28.144540764203644,135.39831871516955,0.937191706163448,49673.68457865715,1511282172
2086,12087,8.55395759115124,6.061048613771467,6.061048613771467,2.061048613771467,1.507076331448885,-11.158884245519467,-7.1588842455194674,-3.1588842455194674,0.38589055370805125,0.06759910456387272,0.8913833205966213,26.929408751688968,123.81234868525841,0.8623874128540807,49673.68457865715,1511282172
2087,12088,7.108853700918155,3.5015038314349,3.3728759007293574,2.547871711044463,1.527398052370321,-10.776687647351823,-6.776687647351823,-2.7766876473518227,-0.3210555580602714,0.06346066423520907,0.8875395644084159,27.055283946236067,130.82148526722452,0.9005314746035277,49673.68457865715,1511282172
2088,12089,13.720993719766481,11.849939065825366,7.849939065825365,3.8499390658253647,1.4870626489618084,-10.692446506638348,-6.692446506638348,-2.6924465066383476,-0.7465749075907155,0.0684989460550496,0.8990537866374566,27.492112655703803,136.86412212244392,0.94075715379885,49673.68457865715,1511282172
2089,12090,7.433533364076024,6.210119851680783,6.210119851680783,2.2101198516807834,1.5354943189341685,-11.87640010842214,-7.876400108422138,-3.8764001084221382,-0.8276433246551822,0.06327865495034111,0.8887983073045171,27.24073965075413,132.6910810653258,0.907318474300148,49673.68457865715,1511282172
2090,12091,9.387175504085038,6.083194137002427,6.083194137002427,2.083194137002427,1.504663123384484,-10.194011471076243,-6.194011471076243,-2.1940114710762426,0.3795186417424936,0.06767298324649298,0.8898658696374258,26.74236933500049,123.1503984896297,0.8628809630656851,49673.68457865715,1511282172
2091,12092,7.366469772532128,6.046988588015033,6.046988588015033,2.0469885880150334,1.5079001927321383,-11.210466624222517,-7.210466624222518,-3.2104666242225184,0.38804524151413844,0.06765445192092191,0.8919590258333456,26.992904986945824,123.98072617710035,0.862302213558096,49673.68457865715,1511282172
2092,12093,12.557129013923184,9.577737898169968,9.577737898169968,5.577737898169969,1.5777378981699683,-10.581022902790453,-6.581022902790452,-2.581022902790452,-2.0893416414640447,0.05731291776644732,0.8873821386458373,28.032579215959373,140.15824058457954,0.9420231189508513,49673.68457865715,1511282172
2093,12094,4.548849386214009,4.010911488553301,4.010911488553301,2.148932125193025,1.4928737043785525,-10.12645986763501,-6.12645986763501,-2.1264598676350097,0.3864753019134315,0.06857179045821102,0.8877899198145645,26.369995232170297,121.7688105736404,0.8660903133376154,49673.68457865715,1511282172
2094,12095,7.9125731583568655,5.953333740589856,5.953333740589856,1.9533337405898563,1.5274401569603004,-10.947518634489589,-6.947518634489589,-2.9475186344895894,0.24736968773736745,0.06694782447108469,0.8876103419027295,26.73438923273102,123.14447125949046,0.86680375407065,49673.68457865715,1511282172
2095,12096,13.425751052582871,10.080772060745407,6.080772060745406,2.0807720607454057,1.4212264830556622,-12.466851486067966,-8.466851486067966,-4.466851486067967,-0.49294064808455085,0.07890979462070144,0.8928891976620583,25.4271121754859,122.09401712389939,0.9286792680239199,49673.68457865715,1511282172
2096,12097,12.678386430512202,10.39531243278107,6.395312432781069,2.3953124327810698,1.507351868151239,-11.478050757397611,-7.478050757397612,-3.478050757397612,-2.1824952302959932,0.06611358713033978,0.8971970988246021,27.656763264851985,137.6644743875217,0.9342951641363821,49673.68457865715,1511282172
2097,12098,8.202764792972921,7.730575985668747,6.533102022425996,2.5331020224259957,1.6825918828363757,-10.196806547579703,-6.196806547579703,-2.196806547579703,0.6251963134123257,0.04611649282085015,0.8953651825183866,31.16599905519908,145.221992448031,0.9477230917306542,49673.68457865715,1511282172
2098,12099,10.251290480863414,9.56387425997969,5.935619355739122,1.9356193557391217,1.5413870610351676,-9.957174925054671,-5.957174925054672,-1.957174925054672,-0.1278713566313492,0.06584487152330114,0.8853660163990562,26.70429167122794,125.3674064864839,0.8849981574864322,49673.68457865715,1511282172
2099,12100,11.893113064815111,9.888190252900657,5.888190252900656,1.8881902529006558,1.4885201553129772,-11.54588291982191,-7.545882919821911,-3.545882919821911,0.3517843109780896,0.07257891824868876,0.8928906750800948,26.510733787439396,120.80766999022993,0.870083385937164,49673.68457865715,1511282172
2100,12101,8.419612502005176,5.930381834846357,5.930381834846357,1.9303818348463577,1.6409262618072173,-10.236115253238925,-6.236115253238926,-2.2361152532389257,0.22462327523772285,0.056157109330430506,0.8907614355402692,29.07191766746855,133.88852611761124,0.8875648281759217,49673.68457865715,1511282172
2101,12102,16.59194308474532,13.089797482908802,9.089797482908802,5.089797482908801,1.5072919871667116,-13.538367515678969,-9.538367515678969,-5.538367515678969,-1.9195759703339343,0.06586791327521621,0.8914691441742605,27.061772774647096,135.29611084783207,0.9277271702675626,49673.68457865715,1511282172
2102,12103,10.073295916033395,7.12630463970183,7.12630463970183,3.1263046397018313,1.5622697989694034,-11.803074814182342,-7.803074814182342,-3.8030748141823416,0.1969251858176584,0.05905936906507079,0.8910757083708063,28.128821247690063,136.61638942539219,0.911188743326431,49673.68457865715,1511282172
2103,12104,8.658000819985643,6.151693929758716,6.151693929758716,2.151693929758716,1.5542478608160593,-8.325113388644422,-4.32511338864442,-0.32511338864441974,-0.22969336639393534,0.06131437460796686,0.8854930628506699,27.27649690454467,126.38929159046693,0.8720893746865679,49673.68457865715,1511282172
2104,12105,4.651990323693903,2.040726943773772,2.040726943773772,2.040726943773772,1.5003271406826901,-11.173432338554363,-7.173432338554364,-3.173432338554364,0.41841627403377246,0.08142677152760222,0.8993239096224447,27.018085879249995,116.647854360605,0.9090349409355467,49673.68457865715,1511282172
2105,12106,10.009731983240227,6.129253745807944,6.129253745807944,2.1292537458079432,1.4973472877912897,-8.984468062502044,-4.984468062502043,-0.9844680625020439,0.3863867971904398,0.06815343842070325,0.8878509977832165,26.43713690133601,121.57072821130575,0.8622076052874857,49673.68457865715,1511282172
2106,12107,14.174729963425973,10.370747738673822,6.370747738673821,3.373896618505369,1.5316164011170639,-13.043240872363162,-9.043240872363162,-5.043240872363162,-2.4683835988829363,0.0628073004984431,0.9032687741336457,28.881397438455714,144.30486518936996,0.963069000185405,49673.68457865715,1511282172
2107,12108,10.890160360327124,9.110841051865764,9.110841051865764,5.110841051865763,1.552111258012656,-11.979363494793114,-7.979363494793115,-3.979363494793115,-0.7160060677419582,0.060317787738337736,0.8941766870128114,28.248538526026724,141.14030809238065,0.9372457051528922,49673.68457865715,1511282172
2108,12109,10.200519505322527,8.82271544261079,5.879451148582306,1.879451148582306,1.4717398003310127,-11.759408344235235,-7.7594083442352355,-3.7594083442352355,-2.5282601996689875,0.07502940582087737,0.8887568543599424,25.702743328206964,127.5869893683085,0.9437405848521282,49673.68457865715,1511282172
2109,12110,8.386720384619291,5.937843146387439,5.937843146387439,1.9378431463874388,1.537651825635795,-11.781352451947559,-7.7813524519475585,-3.7813524519475594,0.21864754805244058,0.0661372807826985,0.886946300032319,26.81969613153873,123.63683622775869,0.8684684466811687,49673.68457865715,1511282172
2110,12111,6.910499492076483,6.261779812949892,5.82058424003391,1.8205842400339105,1.8205842400339105,-11.903669945618812,-7.903669945618813,-3.9036699456188133,-1.4962064021115522,0.04798967315570844,0.8902028226762377,31.6254760688184,155.04633962451086,1.0212385502466967,49673.68457865715,1511282172
2111,12112,15.724264199190571,13.183631419016198,9.183631419016198,5.183631419016197,1.5276972947558793,-10.913887800429334,-6.913887800429335,-2.913887800429336,0.27830973070981946,0.06317092440737909,0.8893275712106055,27.26784002838111,135.94889949579044,0.9262288055734911,49673.68457865715,1511282172
2112,12113,15.185323906765328,12.113231186223684,8.193645945487193,4.1936459454871935,1.4542294191199108,-7.645451988375538,-3.645451988375539,0.3545480116244608,0.5457042853781089,0.06863890549097275,0.8920397892811491,27.395446897639403,130.30570721089234,0.9086421615944217,49673.68457865715,1511282172
2113,12114,2.5037599141922806,2.021234877158505,2.021234877158505,2.021234877158505,1.4993954002913068,-11.36814519458708,-7.368145194587082,-3.3681451945870817,0.418656125727521,0.08476344438527215,0.9001069472046521,27.008995802919067,115.63516612396367,0.9364413601140432,49673.68457865715,1511282172
2114,12115,9.175139753750583,5.921827615408383,5.921827615408383,1.921827615408383,1.5497275671431712,-11.797969637083993,-7.797969637083992,-3.797969637083992,0.20203036291600807,0.06518820907662476,0.8870944541141905,27.019735687727156,124.56348780120953,0.8693041072451626,49673.68457865715,1511282172
2115,12116,11.943523732240696,9.948356008114322,5.948356008114321,1.9483560081143216,1.632147644941415,-9.80579715621495,-5.805797156214952,-1.805797156214952,-0.13844586340219145,0.0565226798964502,0.891989297736878,29.082244092780584,136.6396199932595,0.902861475914189,49673.68457865715,1511282172
2116,12117,13.706992645927237,9.769368528173649,5.76936852817365,1.7693685281736493,1.535131329986833,-9.879237872856631,-5.8792378728566295,-1.8792378728566297,0.2143168581296655,0.07120124813879536,0.8921618106582057,26.91851029642325,122.74931035792065,0.8750611897527875,49673.68457865715,1511282172
2117,12118,11.33469650843118,7.974719443923515,7.742527868116254,3.7425278681162553,1.3933729665772863,-10.264288969919466,-6.264288969919467,-2.264288969919467,0.383012230404453,0.08114323683308829,0.8858989938861925,24.423509864720174,119.84153375314696,0.9575986385258084,49673.68457865715,1511282172
2118,12119,12.626605736353577,8.781207013941865,8.541247475348834,4.541247475348834,1.4826382389255566,-14.289527906542947,-10.289527906542947,-6.289527906542948,-2.5173617610744436,0.06908525042848893,0.89934441605685,27.43717807883986,137.17403870400182,0.946092688428134,49673.68457865715,1511282172
2119,12120,9.153835658845685,6.987038811871231,5.619243411500858,1.6192434115008585,1.6192434115008585,-8.283972691291554,-4.283972691291555,-0.28397269129155434,1.066135010851705,0.06800224354707984,0.9060723874217369,30.828810919395103,128.31669800631988,0.8880594471477941,49673.68457865715,1511282172
2120,12121,11.631650320930511,10.332879656487698,6.332879656487698,2.332879656487698,1.506683548078865,-10.032034902209515,-6.032034902209515,-2.0320349022095145,0.5255666115792305,0.0656966422183263,0.8934840178967276,27.381899683680132,126.86590706443877,0.8675318277491421,49673.68457865715,1511282172
2121,12122,9.484982575070939,6.875364843078757,5.746697332265347,1.7466973322653467,1.7466973322653467,-10.789587035140121,-6.789587035140121,-2.789587035140122,1.210412964859878,0.05235278418004215,0.902460258198959,33.36645045816179,140.5186591262971,0.9133617062595967,49673.68457865715,1511282172
2122,12123,13.191084257038725,10.862901594107408,6.8629015941074085,2.8629015941074085,1.5471774485255183,-11.45394308881454,-7.45394308881454,-3.4539430888145404,0.5460569111854598,0.06036884294489717,0.8943733554574488,28.315447085139738,134.58893185796308,0.8945611770325682,49673.68457865715,1511282172
2123,12124,12.44012825805414,11.69202126060416,7.692021260604159,3.692021260604159,1.5000178214378612,-12.625339781230345,-8.625339781230345,-4.625339781230345,-1.399596712775088,0.06680453823858672,0.8930977630942584,27.09575008199782,135.18075470441954,0.9278215955248211,49673.68457865715,1511282172
2124,12125,13.93166033197559,12.668183703357526,9.503064382992251,5.503064382992251,1.5030643829922516,-12.80350658298313,-8.80350658298313,-4.803506582983131,-1.5662093290272436,0.06641122089782205,0.8807321662328863,25.890235475047998,129.44028092255252,0.9384520411282314,49673.68457865715,1511282172
2125,12126,15.085563399839701,11.178654203515828,7.178654203515827,3.178654203515827,1.614802463388828,-13.56373807103452,-9.56373807103452,-5.56373807103452,-1.5637380710345201,0.053175991782401726,0.895351581754941,29.663415710478088,147.78788033344378,0.9636181018901778,49673.68457865715,1511282172
2126,12127,11.999237337897103,8.765870451793404,5.971815310678969,1.9718153106789698,1.5070440895665664,-8.10109162720152,-4.10109162720152,-0.10109162720151987,0.011397818184737174,0.06846992690343631,0.8803056726481755,25.81895210814308,115.60848753655614,0.8623531420905944,49673.68457865715,1511282172
2127,12128,12.15933806236663,10.15838728043535,6.158387280435351,2.158387280435351,1.4778589254732994,-11.629365283750838,-7.629365283750838,-3.629365283750838,0.3706347162491619,0.07043009355470968,0.8863624682578267,25.934835338080795,120.04054348711327,0.8717385145439168,49673.68457865715,1511282172
2128,12129,8.759033533897272,5.9344553631562125,5.9344553631562125,1.934455363156213,1.5510684307268223,-11.788257841623103,-7.788257841623103,-3.7882578416231043,0.2117421583768957,0.06476830294587997,0.8871948061175168,27.079377244424677,124.86018920598433,0.8688921185089954,49673.68457865715,1511282172
2129,12130,11.448257721954635,11.09451825471951,7.094518254719509,3.0945182547195094,1.4344552110992763,-10.94429065416771,-6.944290654167711,-2.9442906541677107,-0.44347500028287024,0.07571977676939855,0.9017284096639839,26.75291439120153,131.70192220302647,0.9568105497012391,49673.68457865715,1511282172
2130,12131,16.18918773660185,13.543924710932261,9.543924710932261,5.54392471093226,1.5439247109322605,-13.084442135289644,-9.084442135289644,-5.0844421352896445,-1.1730287436655515,0.061303286230556746,0.8962539839653554,28.313624560993116,141.54540597804782,0.9400939737323178,49673.68457865715,1511282172
2131,12132,9.968436210257693,7.3618503447690875,7.210641033952881,3.979286329002135,1.5091483142636044,-12.225010497246396,-8.225010497246396,-4.225010497246397,-2.490851685736396,0.06563023688438488,0.8806195814178843,26.002774173434517,129.9815898894092,0.9387769560136096,49673.68457865715,1511282172
2132,12133,13.08742225174236,10.938396154103673,6.938396154103674,2.938396154103674,1.5648903363429738,-11.837341535816876,-7.837341535816875,-3.8373415358168748,-1.0000514441367823,0.058807533736199125,0.8972851596656448,28.856525605602684,142.86638712987545,0.9398994808314947,49673.68457865715,1511282172
2133,12134,13.353807437668605,11.516478569336956,7.516478569336954,3.516478569336954,1.5608308879010242,-11.496848669713488,-7.496848669713489,-3.496848669713489,0.5031513302865116,0.05888943468836038,0.9003613142830369,29.237050646924065,142.3242902678381,0.9354901920240741,49673.68457865715,1511282172
2134,12135,6.8292508392754465,6.061875892175326,6.061875892175326,2.0618758921753257,1.5302013536678511,-11.858869912239433,-7.858869912239432,-3.858869912239432,-0.187300364403578,0.06512548103332647,0.8829139705701822,26.42802113346917,125.24585463918808,0.8927647762523295,49673.68457865715,1511282172
2135,12136,10.613010887176278,8.781841148052454,8.717858340756365,4.717858340756364,1.3800861573355088,-12.267263483098615,-8.267263483098615,-4.267263483098615,-1.299015462340584,0.0837800508460477,0.8821821448213909,23.706125363407757,118.46741053487509,0.9933612040054136,49673.68457865715,1511282172
2136,12137,12.475262519217983,10.790257835265166,6.790257835265166,2.790257835265166,1.7945901723613702,-7.728937914558627,-3.728937914558627,0.271062085441373,1.122060119137527,0.034137659454084604,0.8946231875831874,34.6084008052058,156.60006030572862,1.0591414874339455,49673.68457865715,1511282172
2137,12138,12.012410888887835,9.985434951818938,5.985434951818937,1.985434951818937,1.4841514046751059,-11.107072692125874,-7.1070726921258744,-3.1070726921258744,0.24546229151333487,0.07148933003022055,0.885141235121984,25.747397760601704,118.83982617077407,0.8761583127362458,49673.68457865715,1511282172
2138,12139,11.567106328182824,10.221380743171892,6.221380743171892,2.221380743171892,1.4978154606751348,-11.471979410569897,-7.471979410569897,-3.4719794105698965,0.5280205894301041,0.06716339847588945,0.8945691826618204,27.29958645741433,125.65362382221815,0.8650986865833968,49673.68457865715,1511282172
2139,12140,6.819567246079533,6.382497231672444,6.382497231672444,2.3824972316724438,1.5139213516701175,-12.229285238601854,-8.229285238601854,-4.229285238601852,-0.5824133707690142,0.06531293961310448,0.88875552841052,26.87634730813789,130.6629397388545,0.9032753454646953,49673.68457865715,1511282172
2140,12141,8.579158451062174,7.389031660336079,6.4980584252080495,2.4980584252080495,2.4980584252080495,-11.056808142879003,-7.056808142879004,-3.056808142879003,-1.5019415747919505,0.009324839260073258,0.8746601062597859,46.13901343508585,228.57679815352108,1.83684373234991,49673.68457865715,1511282172
2141,12142,11.471358804719598,7.921305226298368,3.921305226298368,1.697250184047624,1.697250184047624,-9.993606251437468,-5.993606251437469,-1.9936062514374686,0.8344123520567794,0.06090129050834883,0.9074770865610461,31.45252445553004,136.20329797674026,0.9105174638740708,49673.68457865715,1511282172
2142,12143,9.296547356891766,6.394876618911681,6.394876618911681,2.3948766189116806,1.5095363688558183,-12.970455301121067,-8.970455301121067,-4.970455301121066,-1.3615195090182979,0.06584023832617975,0.8860525823973149,26.51608761301813,130.97596049042843,0.918334573876338,49673.68457865715,1511282172
2143,12144,8.081945946664614,5.633921102570193,5.114072325732746,1.8251724909341818,1.8251724909341818,-8.078502440817182,-4.078502440817182,-0.07850244081718194,0.4726157605452894,0.047364306996933905,0.8958391226251076,32.49223033416642,141.08629072216894,0.9189973305164694,49673.68457865715,1511282172
2144,12145,8.968395076987486,6.88066463742182,6.88066463742182,2.8806646374218197,1.4556320567530971,-11.7531820639462,-7.753182063946201,-3.753182063946201,0.24681793605379876,0.07257965698715456,0.8888747777269487,25.81932156012837,124.24259493970064,0.9036596919454218,49673.68457865715,1511282172
2145,12146,7.49813839204769,6.11341732489502,6.11341732489502,2.1134173248950203,1.504147212097337,-11.393352280544237,-7.393352280544237,-3.393352280544237,0.4000835433163301,0.06742766293972909,0.889073996175407,26.683350359983034,122.96503589994951,0.862921852432377,49673.68457865715,1511282172
2146,12147,6.392678516851288,6.128552045083214,6.128552045083214,2.1285520450832136,1.5022063918049826,-9.61855448635654,-5.618554486356541,-1.618554486356541,0.4017554053698871,0.06753932874776832,0.8885642716228042,26.606090757797027,122.62002295596837,0.8630426147770927,49673.68457865715,1511282172
2147,12148,12.00704794422367,10.803639949375217,6.803639949375217,5.822658043209811,1.8226580432098112,-10.276674849611782,-6.276674849611782,-2.2766748496117817,-2.1773419567901886,0.03417759925488734,0.8896366645431236,33.42942665580718,167.14236527351892,1.1394356187744938,49673.68457865715,1511282172
2148,12149,7.46193532822479,5.6498585835743915,5.6498585835743915,1.6498585835743917,1.6498585835743917,-8.461576170102605,-4.461576170102606,-0.46157617010260554,0.29049356538345616,0.06784723438041493,0.8968180749392956,28.760774577572548,125.22894709456952,0.8630485472528447,49673.68457865715,1511282172
2149,12150,11.970467623163445,10.070367790023862,6.070367790023864,2.0703677900238637,1.479836141063285,-11.466823316674436,-7.466823316674435,-3.466823316674435,0.533176683325565,0.07037107761114698,0.8958912186763723,27.02917222665636,123.1940039867165,0.8657578577005042,49673.68457865715,1511282172
2150,12151,15.073765611432007,11.124317115223674,7.124317115223675,3.1243171152236746,1.421765755219904,-11.529592953192656,-7.5295929531926555,-3.5295929531926564,0.39439536337049264,0.07700859925879053,0.8976230121194546,26.16092877445411,126.29434954360671,0.9326164893632994,49673.68457865715,1511282172
2151,12152,8.907911332505602,5.860784783097363,5.860784783097363,1.860784783097363,1.5839397380609654,-11.779156540275263,-7.779156540275264,-3.779156540275264,0.2208434597247364,0.0633371228588836,0.8908559749905416,27.88293385156367,127.91883927787339,0.8701463614926664,49673.68457865715,1511282172
2152,12153,12.914075637696412,10.000284113966275,6.000284113966276,2.000284113966276,1.6984924822461716,-11.679121695833592,-7.679121695833592,-3.679121695833593,0.32087830416640695,0.049573720768030176,0.8917121260042882,30.420468650517883,139.89958176206977,0.9181756093942172,49673.68457865715,1511282172
2153,12154,10.630296034336906,9.936484762168456,5.936484762168456,1.9364847621684564,1.573513583016574,-11.152196544110394,-7.152196544110394,-3.152196544110394,-0.7736764241389043,0.06244747373288623,0.8915194935503421,27.931137972496085,134.74930645666294,0.9091183797503123,49673.68457865715,1511282172
2154,12155,7.581313976054098,5.757638639509521,5.757638639509521,2.0211325180760173,1.5076317083127397,-8.670231313774632,-4.670231313774631,-0.6702313137746316,0.4064442490007576,0.06794200713104326,0.8933394056371099,27.124622224734907,122.22949754571515,0.8493912069279483,49673.68457865715,1511282172
2155,12156,11.994613546918862,9.36530496305962,5.36530496305962,1.7774562134805103,1.7774562134805103,-9.348373215042532,-5.348373215042532,-1.3483732150425316,-0.9040721500895181,0.05252297629186533,0.9066849117702324,32.702125105866955,156.18939893621825,1.021104730370282,49673.68457865715,1511282172
2156,12157,9.947905830717772,7.536505755826959,7.536505755826959,3.5365057558269593,1.4349746610629481,-13.892475114568693,-9.892475114568693,-5.892475114568693,-1.892475114568693,0.07564648294354212,0.8824670283669894,24.76245789302345,123.64616363249382,0.9508964917579878,49673.68457865715,1511282172
2157,12158,11.709679496604258,11.401277198371085,9.193047217302015,5.491432012662117,1.4914320126621174,-12.701598140538943,-8.701598140538943,-4.701598140538945,-0.7015981405389444,0.06792402233667964,0.8937595298011702,26.992371519959683,134.90789931330417,0.9307038497660551,49673.68457865715,1511282172
2158,12159,7.3139370075485965,5.836352117717229,5.836352117717229,1.8363521177172286,1.5535293860174442,-11.761039721206815,-7.761039721206816,-3.7610397212068163,0.2389602787931835,0.06704249815978042,0.8912010314210752,27.326658079750207,125.0325638451408,0.8678203258503583,49673.68457865715,1511282172
2159,12160,4.99114982788331,1.993561090811318,1.993561090811318,1.993561090811318,1.4984045478121184,-9.503370288352627,-5.503370288352627,-1.5033702883526276,0.4115445885247875,0.08410104137161065,0.9000582607784744,26.924541730119415,115.14538528075903,0.9262311256017147,49673.68457865715,1511282172
2160,12161,13.29244726375541,12.607156813507403,8.607156813507403,4.6071568135074035,1.4247070505385222,-10.226506476636839,-6.226506476636839,-2.226506476636839,0.3517682136715625,0.07670906227540825,0.8899093161727962,25.379548862135593,126.0474024544404,0.9433589777559472,49673.68457865715,1511282172
2161,12162,10.09525378658163,6.522254820814246,6.522254820814246,2.881934067652592,1.5320347826345733,-13.626891089125687,-9.626891089125687,-5.626891089125686,-2.4679652173654265,0.06275960421902549,0.8857915933848128,26.96112436556115,134.6021343959552,0.9294096832938042,49673.68457865715,1511282172
2162,12163,10.654647004771011,9.807766995267661,5.807766995267661,1.8077669952676612,1.5238281309391797,-10.50636669214123,-6.5063666921412295,-2.5063666921412295,-0.30310055306776706,0.07107588990635635,0.8927533724653602,26.880843696595807,126.55155837597424,0.8975346816099976,49673.68457865715,1511282172
2163,12164,10.139823097751407,9.765088435720385,5.7650884357203855,1.765088435720386,1.5304744047739602,-9.048590111974304,-5.0485901119743035,-1.0485901119743033,0.21879252390095383,0.07182319825940064,0.8914740596706187,26.75531264408351,121.32498897164197,0.871681058132384,49673.68457865715,1511282172
2164,12165,4.27216017721572,2.1794253374281105,2.1794253374281105,2.1794253374281105,1.4970649765296418,-11.031327030465487,-7.031327030465486,-3.0313270304654862,0.4364361078818606,0.07619941672386722,0.8931107737655433,26.600955255224182,116.39588993492355,0.8682113067343351,49673.68457865715,1511282172
2165,12166,11.636650091710344,9.402785593433848,9.402785593433848,5.638149874557194,1.6381498745571943,-10.876708862624287,-6.876708862624288,-2.8767088626242883,0.23438414521979611,0.05065750334827695,0.8911394440952046,29.67986416973954,148.19261601006176,0.9735268077257072,49673.68457865715,1511282172
2166,12167,9.580436252961876,6.003803386701476,6.003803386701476,2.0038033867014757,1.5124129301703613,-11.622093680077844,-7.622093680077844,-3.6220936800778434,0.3779063199221564,0.06769761629171767,0.8918593992564452,27.01253817418805,123.81704219846986,0.8617240900246785,49673.68457865715,1511282172
2167,12168,12.985791762259344,9.89655202491143,6.205474746546188,2.449417250141108,1.4195624812760597,-12.830674767078115,-8.830674767078115,-4.830674767078116,-2.58043751872394,0.07797351997241724,0.9014943257906167,26.422130007053738,131.788805543779,0.9759116324220074,49673.68457865715,1511282172
2168,12169,13.918460578793997,12.374072560725855,8.374072560725853,4.374072560725853,1.439874624732025,-13.060883459197411,-9.060883459197411,-5.060883459197411,-2.20147250918673,0.07495139182938632,0.8830461176173195,24.90885193139998,124.51815659439828,0.9480533420302932,49673.68457865715,1511282172
2169,12170,10.545590583589092,10.184583795407544,6.184583795407543,2.236196658947944,1.486910894680965,-9.429480947998808,-5.429480947998809,-1.4294809479988089,0.43289767391334566,0.06875148730214352,0.8880756660582115,26.343403968496208,121.91449104424402,0.8670061720029747,49673.68457865715,1511282172
2170,12171,8.000359290434297,5.991561783571275,5.991561783571275,1.9915617835712756,1.5162518275970582,-11.670937639883263,-7.670937639883263,-3.670937639883263,0.32906236011673706,0.067501661752362,0.8888609544561081,26.734855376245186,122.82284053101174,0.8631224549828591,49673.68457865715,1511282172
2171,12172,10.91153352149688,9.122057559157344,8.905835107463767,4.905835107463767,1.3977983294249399,-10.547697057486866,-6.547697057486867,-2.5476970574868663,-0.44271927395827126,0.08108562895130961,0.886830485255778,24.480349971280056,122.21653273052533,0.9685374335545083,49673.68457865715,1511282172
2172,12173,9.379449583303826,6.810809536475294,6.810809536475294,2.8108095364752947,1.5519385055327526,-12.225052527098734,-8.225052527098734,-4.225052527098735,-0.22505252709873513,0.060349396351989645,0.8901681094421288,27.809220848520095,135.4536278016772,0.9101293142950718,49673.68457865715,1511282172
2173,12174,13.757992857976737,10.397111783607262,7.898015946112768,4.683956897617759,1.6299696744181038,-13.653926490297058,-9.653926490297058,-5.653926490297059,-2.3700303255818964,0.05155393963208727,0.883155504943547,28.650155151715083,143.23836079045628,0.9733287313627782,49673.68457865715,1511282172
2174,12175,7.703359443093312,7.007456351211149,3.2538616994782763,1.5917451044526751,1.5917451044526751,-10.307255856891802,-6.307255856891801,-2.3072558568918007,1.292309198976425,0.06615976511474772,0.904398183737258,32.457183068647105,133.12944190554782,0.9068759759056653,49673.68457865715,1511282172
2175,12176,6.317497623283108,5.908000935960032,5.908000935960032,1.9080009359600318,1.586078208725816,-8.428388696774931,-4.42838869677493,-0.42838869677492997,0.1486118504666183,0.06175469800514438,0.8862599112262376,27.575803486362755,125.0066810982978,0.8613468469979959,49673.68457865715,1511282172
2176,12177,11.233260910821159,8.256984534980615,4.490409615146694,1.5569377969369607,1.5569377969369607,-8.812620445003457,-4.812620445003458,-0.8126204450034578,1.5569377969369607,0.059742513697612964,0.8822801537137401,33.87082984669935,135.2097232289916,0.940168219602398,49673.68457865715,1511282172
2177,12178,12.25662189996955,9.45140603617916,6.147491937881145,2.308463438639772,1.4160207223330754,-11.997690532267809,-7.997690532267808,-3.997690532267809,-0.1975407316614044,0.07867706789942557,0.8849766877987718,24.61662933889912,117.9055769504617,0.9264391747309852,49673.68457865715,1511282172
2178,12179,10.986106366042225,10.343052325446298,6.343052325446298,2.343052325446298,1.5161906069295024,-8.880707827400556,-4.880707827400557,-0.8807078274005569,0.5552492694833104,0.06440423811442243,0.8940817542654965,27.658582134133304,127.21744141500446,0.8626698192861133,49673.68457865715,1511282172
2179,12180,7.851460937492757,6.1165894439059025,6.1165894439059025,2.1165894439059025,1.5057592211339987,-11.591166441723612,-7.591166441723613,-3.5911664417236127,0.40883355827638757,0.06718976481258179,0.8891534351515172,26.727967517577454,123.12939547863164,0.8624519899413974,49673.68457865715,1511282172
2180,12181,8.40421264404452,6.549506888271267,5.521933228375239,1.8771922279226694,1.8771922279226694,-9.472816301568551,-5.472816301568552,-1.4728163015685516,0.9569864567744998,0.041966080766025135,0.9006583072405385,34.51422104044108,150.1762218992009,0.9842422714572311,49673.68457865715,1511282172
2181,12182,7.772576940996365,7.582622172979143,3.5826221729791428,1.6161989987186243,1.6161989987186243,-11.472808606574093,-7.472808606574094,-3.472808606574093,0.1617518410133747,0.07252047921170032,0.8949328527902537,27.827711607278573,126.07098659498294,0.8999882489474469,49673.68457865715,1511282172
2182,12183,7.427527291945874,5.955989583943523,5.955989583943523,1.9559895839435226,1.5273371272808836,-10.246234202235978,-6.2462342022359785,-2.2462342022359794,0.2564967536191063,0.06690426752265402,0.8865409162354649,26.62857041620432,122.59221475743817,0.8672550481897634,49673.68457865715,1511282172
2183,12184,12.429083609134961,10.03980486542075,6.039804865420749,2.0398048654207486,1.4746971293778632,-9.691284338233844,-5.691284338233846,-1.6912843382338456,0.5362488774667472,0.07129417819299325,0.8954029765229281,26.860834342436732,122.08985634617221,0.8651789961444499,49673.68457865715,1511282172
2184,12185,13.585942098558299,13.480227075584196,9.480227075584196,5.480227075584197,1.4802270755841966,-14.046744134946309,-10.046744134946309,-6.046744134946307,-2.2129735383712372,0.06940632819473011,0.8882882565792385,26.199919645992555,130.99628943842046,0.9289989927582585,49673.68457865715,1511282172
2185,12186,14.439131086123647,12.814471953788779,8.814471953788779,4.814471953788779,1.3842241135392455,-13.346554679197233,-9.346554679197233,-5.346554679197233,-2.6157758864607548,0.08314491266033786,0.8892880634296316,24.46886258200053,122.3391515147256,0.98067493990234,49673.68457865715,1511282172
2186,12187,13.45421552924155,10.08270079125336,6.082700791253361,2.0827007912533606,1.386672261338943,-13.033398648820244,-9.033398648820244,-5.033398648820243,-1.2641382554887055,0.08387310764297026,0.889817635971998,24.476876206059057,120.07370039575942,0.9717956133933391,49673.68457865715,1511282172
2187,12188,9.367041091935357,5.888368185892413,5.888368185892413,1.888368185892413,1.5893786997908819,-9.806422423280504,-5.806422423280503,-1.8064224232805028,0.21128938542654097,0.06202328452536024,0.8895830821877768,27.91345644927745,128.26036596028717,0.8710639074155183,49673.68457865715,1511282172
2188,12189,11.278452486025973,10.785709042894727,6.785709042894727,2.785709042894727,1.5631322163290975,-11.423681685552502,-7.423681685552503,-3.423681685552502,0.5763183144474978,0.05844417150463719,0.8928723060276547,28.485338840996754,134.75296029381573,0.8929948658486756,49673.68457865715,1511282172
2189,12190,10.216865272142686,9.914723220119486,5.914723220119487,1.9147232201194864,1.517572414825781,-11.946165711014261,-7.9461657110142605,-3.9461657110142596,0.053834288985740164,0.0688951108638543,0.883399557021108,26.04864400787558,121.06830204590725,0.8829114269108896,49673.68457865715,1511282172
2190,12191,14.153258380465717,11.128832834579867,7.1288328345798675,4.219539244281482,1.4930893528446718,-12.646941922853877,-8.646941922853877,-4.646941922853877,-0.9432993182160494,0.06770684582699009,0.8838636533641754,26.00690240291648,129.7764483403005,0.9303567014928916,49673.68457865715,1511282172
2191,12192,13.88118541986159,10.079659651351772,6.079659651351771,2.079659651351771,1.5608588785701454,-12.48160805927275,-8.48160805927275,-4.481608059272751,-1.1888868282572866,0.061446223996093924,0.8888190442351229,27.625203549376813,135.2983155999161,0.9171766447523464,49673.68457865715,1511282172
2192,12193,12.755985470523218,9.627145970677466,5.627145970677466,1.6271459706774662,1.6271459706774662,-9.645256446131897,-5.645256446131897,-1.6452564461318964,1.0038558341058343,0.06795745168011363,0.9063350721203604,30.599686936882105,129.8057214233698,0.8979731909758204,49673.68457865715,1511282172
2193,12194,11.985492804591233,9.66676036310947,5.6667603631094705,1.6667603631094703,1.6667603631094703,-9.220455965166629,-5.220455965166628,-1.220455965166628,1.3799776420000902,0.05658909495287441,0.907858088949718,34.91279753581963,143.21071257273985,0.945250513523427,49673.68457865715,1511282172
2194,12195,12.271612583902703,8.58336476407775,4.837470646100385,1.7015198400629543,1.7015198400629543,-9.190730328774139,-5.190730328774138,-1.1907303287741382,0.7008769969952924,0.06086566574351106,0.9048432617682687,30.984907355363568,135.43884798907956,0.9004366876993959,49673.68457865715,1511282172
2195,12196,13.339199451160232,10.036610677271259,6.036610677271258,2.036610677271259,1.4753698265443742,-9.487760994587475,-5.487760994587476,-1.4877609945874763,0.5336939936193575,0.07125845632290947,0.8952401990849418,26.84942731051573,121.97707313891138,0.8644478123137223,49673.68457865715,1511282172
2196,12197,15.859065914804543,13.162941420371855,9.162941420371855,5.1629414203718555,1.6693037941399564,-10.950570379144043,-6.950570379144043,-2.950570379144043,-0.19542478107454908,0.04752779882536965,0.8856787915366835,29.719484936348287,148.37590664848403,0.9951047178980964,49673.68457865715,1511282172
2197,12198,9.236531855922452,6.893898500915401,6.893898500915401,3.971159088453378,1.5848183618402623,-8.58451557602997,-4.584515576029971,-0.5845155760299712,-0.3889897952817398,0.05646248300562444,0.891185307064653,28.59814147811403,141.5829555310448,0.9368947321423349,49673.68457865715,1511282172
2198,12199,14.296044352497333,10.648528755575336,7.3647887422650005,3.3647887422650005,1.6434746651561662,-8.972291691122766,-4.972291691122766,-0.9722916911227661,-0.324278722223573,0.05013866848311234,0.8981783432747672,30.588219067880672,150.56678008616768,0.9772742152718648,49673.68457865715,1511282172
2199,12200,2.6991292704474272,2.030454524522406,2.030454524522406,2.030454524522406,1.5003465054630694,-11.568050831300418,-7.568050831300418,-3.5680508313004182,0.43194916869958155,0.08299254491829725,0.899540887920411,27.027506776837694,116.00681334675043,0.9203868245813307,49673.68457865715,1511282172
2200,12201,9.619394961292354,6.154262059110512,6.154262059110512,2.154262059110512,1.49993744305844,-11.581558858093505,-7.581558858093506,-3.581558858093506,0.41844114190649484,0.06759849892837759,0.8877579724061296,26.505741972242422,122.3103185268568,0.8642969060040088,49673.68457865715,1511282172
2201,12202,12.757108713887538,12.228166855118992,9.095018203150552,5.095018203150552,1.5011626562072247,-13.134784366094703,-9.134784366094703,-5.134784366094703,-1.5122298800102378,0.06665674635999061,0.8933127027468297,27.1373077159316,135.6600537046391,0.929718338858363,49673.68457865715,1511282172
2202,12203,8.842676191038509,8.497602809854316,4.497602809854316,1.7021280987734129,1.7021280987734129,-8.616411881866673,-4.616411881866673,-0.6164118818666726,-0.2977000190303791,0.061233363363071266,0.9000646056244608,30.22531530396625,138.21981045237942,0.9161147168100199,49673.68457865715,1511282172
2203,12204,11.191153330276112,7.90683968669163,7.5509653504003555,3.5509653504003555,1.5049482218105605,-9.388775045932569,-5.388775045932568,-1.3887750459325676,-0.7462545823443778,0.06616777501307153,0.8870663670797652,26.560330872161966,131.813567709585,0.9211835719478542,49673.68457865715,1511282172
2204,12205,12.590826987564204,9.980864823219338,5.980864823219338,1.9808648232193387,1.9808648232193387,-11.379655751799781,-7.379655751799781,-3.379655751799781,-2.0191351767806616,0.033817383775114146,0.9253372636669877,40.30375253515679,199.66200106006409,1.4345795986856644,49673.68457865715,1511282172
2205,12206,7.299125824218898,5.9063659807675934,5.9063659807675934,1.9063659807675941,1.6086547569446268,-8.057751736393218,-4.057751736393218,-0.05775173639321807,0.019868745698375934,0.05932030687415783,0.8847906641964796,27.946411589531863,123.86292157801283,0.852574992984657,49673.68457865715,1511282172
2206,12207,7.626354403454827,5.90199341668192,5.90199341668192,1.90199341668192,1.605996120789231,-11.82805393927815,-7.828053939278148,-3.8280539392781483,0.058602044690724275,0.06010898921144722,0.8863314094023448,27.890274108954095,129.50122768253848,0.8846553897691147,49673.68457865715,1511282172
2207,12208,8.571340675096343,6.003010099375507,6.003010099375507,2.0030100993755067,1.511773408401125,-10.205425101156072,-6.205425101156072,-2.205425101156072,0.39210305083467367,0.06775936888624261,0.8926325366092325,27.088375294762788,124.03184657934423,0.8616068637909106,49673.68457865715,1511282172
2208,12209,13.425582036973225,11.897403552048633,7.897403552048633,3.897403552048633,1.5394958963855514,-12.420121120896846,-8.420121120896846,-4.420121120896846,-2.114988663492902,0.06184139936750442,0.8930743603136757,27.880088407453215,139.3254689115176,0.9328431699594709,49673.68457865715,1511282172
2209,12210,8.220618808949546,6.195472628718104,6.195472628718104,2.1954726287181043,1.5458920336770847,-12.320996022483719,-8.320996022483719,-4.32099602248372,-0.3209960224837194,0.06214138068688577,0.8883696403829866,27.388876768151977,131.2356989344522,0.8949294174261674,49673.68457865715,1511282172
2210,12211,12.442034997263399,9.705791542268305,5.7057915422683045,1.7057915422683048,1.7057915422683048,-8.741122154869583,-4.741122154869583,-0.7411221548695826,0.15577719765095055,0.06078227505798263,0.8977372234568408,30.02442111717931,135.31808454465158,0.8965483538979437,49673.68457865715,1511282172
2211,12212,11.988682453154235,10.833178226937033,7.933366639012401,3.9333666390124016,1.423180370017785,-10.745688104768377,-6.745688104768377,-2.7456881047683765,0.7098201389470055,0.07465015188553831,0.9031222228855922,27.310487499128577,133.62537263443087,0.9620254900149134,49673.68457865715,1511282172
2212,12213,14.859229823049663,12.92621827604544,9.222219842084924,5.2222198420849235,1.6445823122473449,-14.035586382067255,-10.035586382067255,-6.035586382067254,-2.0355863820672537,0.050027987345812826,0.8916902572209743,29.864530558900732,149.31388091768883,0.9792762934613711,49673.68457865715,1511282172
2213,12214,9.355567319422557,5.679368489325348,5.679368489325348,1.6793684893253487,1.6793684893253487,-11.553727964491834,-7.553727964491834,-3.5537279644918334,0.44627203550816685,0.06398302621115877,0.8986737500632117,29.606678708542436,132.11784017521438,0.8874885737170676,49673.68457865715,1511282172
2214,12215,8.13775378043543,7.065258907250499,7.065258907250499,3.0652589072504988,1.4690840428969223,-12.030930656582802,-8.030930656582802,-4.030930656582803,-0.030930656582802474,0.0708839777107702,0.8859142632337755,25.75004383645994,125.61494044468925,0.9127068398514411,49673.68457865715,1511282172
2215,12216,9.257381688018437,5.850246198009505,5.850246198009505,1.8502461980095055,1.5669562849620864,-11.705687322109492,-7.705687322109493,-3.705687322109493,0.24743430143898038,0.0652838398571164,0.891259284022655,27.6044576046141,126.3469676579596,0.8674261158457721,49673.68457865715,1511282172
2216,12217,14.250847311130745,11.226908023767132,7.226908023767132,3.2269080237671313,1.5482162030341404,-9.474275368446591,-5.474275368446591,-1.4742753684465917,0.6320535647082413,0.0599142272660834,0.8907776820757067,28.036086941028074,134.7005272959315,0.9020940504074698,49673.68457865715,1511282172
2217,12218,13.112314618442984,11.17128191525148,7.171281915251481,3.3108648559773393,1.6495695710042464,-11.408364127090406,-7.408364127090406,-3.4083641270904064,-1.8789852944389425,0.04951452143774842,0.9139407477241852,32.73114394459485,163.34232580108497,1.0896318660485014,49673.68457865715,1511282172
2218,12219,12.292350955647338,11.695460928401598,7.695460928401598,3.695460928401598,1.5238872851689982,-10.974949139679403,-6.974949139679403,-2.9749491396794028,0.5028560293996736,0.0632641689132598,0.886228987201056,26.968432532525515,131.86007787673145,0.9117589630575513,49673.68457865715,1511282172
2219,12220,12.827437011937713,9.892456058923392,5.892456058923391,1.892456058923391,1.4779354502953297,-10.094396559886999,-6.0943965598870005,-2.0943965598870005,0.38197915588771014,0.07366933378980822,0.8905177876496915,26.096299973986714,118.70658916617762,0.8702957648394523,49673.68457865715,1511282172
2220,12221,7.254543959314606,5.858807861118942,5.858807861118942,1.858807861118942,1.565913456593621,-11.751592550728034,-7.751592550728035,-3.751592550728035,0.24840744927196523,0.06512983876647897,0.8910384008318725,27.58511632085332,126.31866888067972,0.8671232862545162,49673.68457865715,1511282172
2221,12222,13.39335819078391,10.254900962759928,6.254900962759927,2.2549009627599266,1.5048763813040809,-11.318986755207169,-7.318986755207169,-3.3189867552071686,0.5328578607607908,0.06614100384525848,0.8934498958848047,27.327473356327374,125.99901276423637,0.8641576358995586,49673.68457865715,1511282172
2222,12223,8.723588245047853,6.99363641268823,6.99363641268823,2.9936364126882298,1.5757925858501742,-11.574446334713885,-7.574446334713884,-3.574446334713884,0.41137418856598384,0.05733742706123378,0.8894390496762181,28.26543235387107,135.7649053884672,0.9062286046310418,49673.68457865715,1511282172
2223,12224,7.214835782902179,6.137075881917908,6.137075881917908,2.137075881917908,1.4958826345162548,-7.921483992916707,-3.9214839929167065,0.07851600708329376,0.4078389367227262,0.0671158263152763,0.8834156523666847,26.330052175275725,117.51529116736165,0.8499030183916889,49673.68457865715,1511282172
2224,12225,14.001148264551619,11.901180339135061,8.506356403889091,4.50635640388909,1.5789950215367778,-8.946283497599014,-4.9462834975990155,-0.9462834975990153,0.6610640629433773,0.05633284601972476,0.8947076156838568,29.096270264548387,143.86841161480038,0.9438056959838991,49673.68457865715,1511282172
2225,12226,11.634760025526848,10.485526386195128,6.485526386195128,2.4855263861951276,1.5053173723003679,-11.412485695609476,-7.412485695609476,-3.412485695609477,-0.7636323871261419,0.06625599485164885,0.8902589730521595,26.879784090571682,131.59199033811115,0.9090280247609775,49673.68457865715,1511282172
2226,12227,8.763894328862762,4.959389577230144,4.959389577230144,2.1560237094175,1.4900331611514848,-11.591110060229504,-7.5911100602295045,-3.5911100602295045,0.40888993977049615,0.06883148744857753,0.8864761076396772,26.190063760018827,120.9319160686395,0.8673702523768911,49673.68457865715,1511282172
2227,12228,10.490131325918412,10.360706837566232,7.039129897441435,3.039129897441435,1.3116072801682266,-13.966745627158668,-9.966745627158668,-5.9667456271586685,-2.1076950039660485,0.09482396658778829,0.8964682049967871,23.843697422722002,118.97626881668708,1.0834627610771976,49673.68457865715,1511282172
2228,12229,12.462540669845728,9.95988086100703,5.959880861007029,1.959880861007029,1.463344243549434,-8.759460297786072,-4.759460297786071,-0.7594602977860714,0.46744759083206155,0.07396791069564726,0.8904402929662619,25.988150849868305,116.4778242894868,0.8582572719008473,49673.68457865715,1511282172
2229,12230,10.040522839086817,6.668786047057444,6.668786047057444,2.6687860470574445,1.5183063907963084,-13.516350874965505,-9.516350874965505,-5.5163508749655055,-1.839629749211617,0.06450126475805272,0.887419799059499,26.852031533518502,133.60744993023522,0.9235522432510221,49673.68457865715,1511282172
2230,12231,10.082670835957252,10.078211052501421,6.07821105250142,2.07821105250142,1.4821066118130528,-11.456031423162907,-7.456031423162908,-3.4560314231629077,0.5439685768370921,0.06997396465659839,0.8952132620174929,27.01413633018504,123.10182636733212,0.8636198127195822,49673.68457865715,1511282172
2231,12232,7.421188245977001,6.089184741756892,6.089184741756892,2.089184741756892,1.515772986955829,-9.301037890428939,-5.301037890428939,-1.3010378904289384,0.40992253702470016,0.0662376308602336,0.8905676487891491,27.040422268952064,124.12969458240491,0.859614182877821,49673.68457865715,1511282172
2232,12233,12.346367116757136,8.562356449909185,8.562356449909185,4.562356449909185,1.4940609000017802,-13.49824896824622,-9.49824896824622,-5.49824896824622,-1.8741926557881168,0.06757983187228826,0.8947920096737434,27.15891521898087,135.7587662612362,0.9325178016000041,49673.68457865715,1511282172
2233,12234,7.254732981641046,6.015041391982235,6.015041391982235,2.0150413919822343,1.5098636189185866,-7.712359125409897,-3.712359125409897,0.28764087459010246,0.41014796711704915,0.0655071763496441,0.8857628508043072,27.141855138662123,118.28701491045118,0.8356679625403132,49673.68457865715,1511282172
2234,12235,9.20974326717585,6.015438210673739,6.015438210673739,2.01543821067374,1.5098368404139022,-8.264352279420233,-4.264352279420233,-0.2643522794202331,0.4103426620887265,0.06754174737417992,0.8925841560547971,27.14528143543003,121.43081335339026,0.8436594241923552,49673.68457865715,1511282172
2235,12236,12.369882321403301,9.718447989578324,5.718447989578325,1.7184479895783251,1.7184479895783251,-9.14908123394783,-5.149081233947831,-1.149081233947831,1.0102862633093017,0.05737538271438486,0.9013175278386364,31.59474664067048,134.04642203115588,0.8782412609482192,49673.68457865715,1511282172
2236,12237,13.74060208349811,9.935082885944936,5.935082885944937,1.9350828859449374,1.4883692428412731,-9.014545815721988,-5.014545815721988,-1.0145458157219875,0.2689870626959312,0.07176484564434703,0.8861883583869282,25.86721642585733,118.27448111708154,0.8697000389817624,49673.68457865715,1511282172
2237,12238,9.952768020838603,8.520812285489562,8.520812285489562,4.520812285489562,1.524967383746007,-10.913704668163552,-6.913704668163553,-2.913704668163553,-0.43088156559792234,0.06363323870252877,0.8801764433477216,26.262201364626712,130.95936239213023,0.9387896360128305,49673.68457865715,1511282172
2238,12239,6.1531011077944875,6.025986173765035,6.025986173765035,2.0259861737650353,1.5101250012412069,-9.497035968033883,-5.497035968033883,-1.4970359680338825,0.41594384236931536,0.06759597237284433,0.8933557862625405,27.17418119698269,124.29238222762504,0.8608443653952063,49673.68457865715,1511282172
2239,12240,7.012256718739758,5.966376260239948,5.966376260239948,1.9663762602399484,1.6442263317749364,-12.096352767848165,-8.096352767848165,-4.096352767848166,-0.09635276784816571,0.05500927701033348,0.8896440177990235,29.089054936139426,136.64699989382277,0.9068590432065624,49673.68457865715,1511282172
2240,12241,12.487685094190025,10.03195086952197,6.03195086952197,2.071299093666344,1.4964100092645658,-13.861562398398913,-9.861562398398913,-5.861562398398911,-1.8615623983989116,0.06907555327873628,0.8963952345326247,27.208072478591177,134.69629572460224,0.9318987983651452,49673.68457865715,1511282172
2241,12242,15.802316070820922,13.279791109173015,9.279791109173015,5.5490945432183905,1.5490945432183907,-10.554676149205385,-6.5546761492053855,-2.5546761492053864,-2.4509054567816095,0.060679496970228126,0.9068168887139617,29.66411373953482,148.31661213699226,0.9869066730880797,49673.68457865715,1511282172
2242,12243,7.610505850405297,5.965899009710586,5.965899009710586,1.9658990097105866,1.4813345588229343,-12.215799795969657,-8.215799795969657,-4.215799795969658,-0.5878638164059493,0.07226189581194015,0.8792430390642163,25.070127182500322,120.29221659832332,0.9231725479236834,49673.68457865715,1511282172
2243,12244,11.59464290322702,8.927094583119384,8.375973478874245,5.6589252585023075,1.6589252585023078,-12.591354581595375,-8.591354581595375,-4.591354581595375,-1.122239201182867,0.04856542696072394,0.9004498087086837,31.1820166678054,155.88778843661046,1.0116266928701587,49673.68457865715,1511282172
2244,12245,10.917950473916544,8.019135275154031,8.019135275154031,4.0486818568474705,1.5579583746161145,-12.415621599438866,-8.415621599438866,-4.415621599438867,-1.6848867819910291,0.05962143352920679,0.8842818930181523,27.321790395641134,136.49421369096575,0.9378217379622207,49673.68457865715,1511282172
2245,12246,10.668693016721523,10.170027277436452,6.170027277436453,2.170027277436453,1.4747375170590458,-10.097822279225566,-6.097822279225566,-2.097822279225566,0.3946388103477969,0.07071102746248419,0.8863492004249387,25.89328898449605,119.74479054136856,0.8716573583309928,49673.68457865715,1511282172
2246,12247,11.263777384400374,11.028778367150958,7.028778367150957,3.0287783671509567,1.4386906301254705,-12.75589482850313,-8.75589482850313,-4.7558948285031315,-1.1812754796316176,0.07511819306609811,0.8912574042417727,25.70435801790024,127.61110766544232,0.9368797282151802,49673.68457865715,1511282172
2247,12248,15.134547222914287,12.544882399284242,8.544882399284242,4.5448823992842415,1.5027358930569659,-12.838516124403135,-8.838516124403135,-4.838516124403136,-0.8385161244031363,0.0664535610618454,0.8977272323556362,27.653917405127643,138.07104262129056,0.9382246170032243,49673.68457865715,1511282172
2248,12249,12.097092119284097,9.884937892702725,5.884937892702724,1.8849378927027247,1.483725357907763,-9.506332111829536,-5.506332111829537,-1.506332111829537,0.3801397400259421,0.07315629074724023,0.8917591193470049,26.31337448330957,119.51199936375568,0.8684261033425711,49673.68457865715,1511282172
2249,12250,7.007815611226119,5.726489706255745,5.708556550486909,1.708556550486909,1.708556550486909,-7.886806519068029,-3.8868065190680294,0.11319348093197079,0.7777652224789037,0.05939710423379131,0.9030282676213892,31.22135069330249,131.84302161715837,0.8703204387236098,49673.68457865715,1511282172
2250,12251,7.977511493777853,6.023153394280443,6.023153394280443,2.0231533942804427,1.5687141884831182,-12.987588110113427,-8.987588110113427,-4.987588110113427,-2.431285811516882,0.06134161918464762,0.8821784627034204,27.017606163812765,134.2995974925456,0.9400184247097652,49673.68457865715,1511282172
2251,12252,14.972597070168186,12.262399540384871,8.262399540384871,5.464405055136644,1.4644050551366437,-11.050849631759998,-7.050849631759998,-3.0508496317599976,0.32684834711272703,0.07127327579672635,0.8920656514410165,26.341096810016523,131.4343917481883,0.932108606455325,49673.68457865715,1511282172
2252,12253,10.64466871131329,8.923910183171103,8.834441771164073,5.4948279469982015,1.4948279469982013,-12.7565331318137,-8.7565331318137,-4.7565331318137005,-0.9733855221774654,0.0674796738059965,0.8792897639801209,25.592751245519796,127.93188820398886,0.9431375714922418,49673.68457865715,1511282172
2253,12254,13.059642518341029,9.961812360790512,5.961812360790511,1.9618123607905118,1.4667934755906107,-11.517092625318066,-7.5170926253180665,-3.5170926253180665,0.482907374681934,0.07347950962957665,0.8920359130504558,26.22576428799422,119.07340678565282,0.8672130107172549,49673.68457865715,1511282172
2254,12255,8.366420017497346,5.9629575918648,5.9629575918648,1.9629575918648006,1.6897109329916467,-11.020816581048228,-7.020816581048228,-3.0208165810482273,0.9791834189517733,0.04927558949076821,0.8997476132528577,31.88353205507699,139.55978508074418,0.9054456392008671,49673.68457865715,1511282172
2255,12256,3.8257693895967897,2.0370479426383636,2.0370479426383636,2.0370479426383636,1.5016784583985248,-11.560266064834511,-7.5602660648345115,-3.5602660648345115,0.43973393516548853,0.08141600511619178,0.8994799523266546,27.0695901837421,116.59069187607673,0.9085310475941244,49673.68457865715,1511282172
2256,12257,7.662434178765995,5.9297802953171495,5.9297802953171495,1.9297802953171495,1.665136222097783,-10.249239412513205,-6.249239412513204,-2.2492394125132043,0.32710430027550874,0.05407079478880989,0.8917538310227862,29.62741594545488,135.58612244134096,0.8926134122105118,49673.68457865715,1511282172
2257,12258,13.233955383798838,10.129445548024622,6.129445548024623,2.129445548024623,1.5156719084628512,-11.254348202961323,-7.254348202961323,-3.2543482029613227,-0.529773245561387,0.06620259455263776,0.8989266406285393,27.908789623063882,134.4134687807518,0.9126151293213969,49673.68457865715,1511282172
2258,12259,8.344184421083087,6.22118799005826,6.22118799005826,2.22118799005826,1.512867835546513,-10.307204817247506,-6.307204817247507,-2.3072048172475066,0.4806474923493229,0.06549080378308668,0.8913754455255705,27.19764296732603,125.53136564301694,0.8628059943275614,49673.68457865715,1511282172
2259,12260,13.38280123391455,12.961276871684985,8.961276871684985,5.371479239641059,1.3714792396410591,-8.835432632407718,-4.83543263240772,-0.8354326324077197,-0.6391043094875808,0.08507556077546559,0.8898421678326889,24.290963585329852,121.32844102646352,0.9926386088163729,49673.68457865715,1511282172
2260,12261,11.961353963318066,11.438099492829355,7.439280242243857,3.439280242243857,1.4328153475925538,-9.496625543887308,-5.496625543887308,-1.4966255438873082,-0.37995071604748176,0.07595299786623214,0.8787632659704859,24.369839823717143,120.41444527349186,0.9545045259043986,49673.68457865715,1511282172
2261,12262,8.446505605252815,5.9579019473871115,5.9579019473871115,1.9579019473871115,1.5279701782768875,-8.376104011421187,-4.376104011421187,-0.3761040114211871,0.27617555195434496,0.06664455968624107,0.8865920875547983,26.694365013402304,119.69039347054678,0.8468752838083266,49673.68457865715,1511282172
2262,12263,10.2932160239727,9.58734856042585,5.587348560425849,1.5873485604258495,1.5873485604258495,-11.124645234220216,-7.124645234220217,-3.1246452342202176,0.2426502508744086,0.0766191272516665,0.8958876298470282,27.341573998609988,122.99764843708871,0.9097463827339358,49673.68457865715,1511282172
2263,12264,9.510056073773594,9.297536358058972,5.613730831194065,1.6137308311940652,1.6137308311940652,-12.162864992527176,-8.162864992527176,-4.162864992527176,-0.6128705749613748,0.07289461487389934,0.9024415389017209,28.62618016427554,135.52540717288448,0.9609013286207821,49673.68457865715,1511282172
2264,12265,12.163953790734096,10.364820567947087,6.364820567947087,2.3648205679470866,1.5257219889151161,-7.648256435623406,-3.6482564356234066,0.3517435643765934,0.5712281479130744,0.060706150310167094,0.8855306041968483,27.848275340486595,114.73294418124377,0.7942398225596994,49673.68457865715,1511282172
2265,12266,8.787992457312074,7.362986952331752,3.362986952331753,2.44354179015039,1.5403541221871768,-7.918248446032079,-3.918248446032078,0.08175155396792233,0.6054424597819171,0.0603561229345647,0.8917997257756303,28.2346369614611,127.18625945269275,0.8519832388126387,49673.68457865715,1511282172
2266,12267,12.210570059089253,10.320964219942272,6.320964219942272,2.320964219942273,1.5175665645519445,-9.816756779138382,-5.816756779138383,-1.8167567791383827,0.5568149725544678,0.0642975525997622,0.8938289027121897,27.65118508207622,127.7785705027907,0.866309176485202,49673.68457865715,1511282172
2267,12268,7.5764426080221625,6.270853184390965,6.270853184390965,2.270853184390966,1.5175821279932598,-10.260365563172245,-6.260365563172245,-2.260365563172245,0.5169560360528678,0.06460187151624949,0.8926758483436124,27.473569664318127,126.90447690354993,0.8643931059104463,49673.68457865715,1511282172
2268,12269,14.018468102900638,10.360170692531003,6.360170692531003,2.612372289283236,1.5918466474949862,-11.238673939468455,-7.238673939468455,-3.2386739394684554,0.6636893535301945,0.05501764073522265,0.8953004907412495,29.40246074373508,137.31041993719072,0.8980482204146301,49673.68457865715,1511282172
2269,12270,6.473581451620894,6.218268933633082,6.218268933633082,2.218268933633081,1.513480186844635,-11.506140292989826,-7.506140292989826,-3.5061402929898264,0.49385970701017334,0.0653941526578712,0.8923274705121866,27.319093705565663,125.97821840980126,0.8628530192671225,49673.68457865715,1511282172
2270,12271,13.350054978333818,9.368870295034549,5.916847601427628,1.9168476014276286,1.5218364737738377,-8.439007044936607,-4.439007044936608,-0.4390070449366077,-0.011651768888453429,0.06826451756078279,0.8826177874057916,26.08228831359359,119.05505463851713,0.8703341524818905,49673.68457865715,1511282172
2271,12272,12.016727775807766,9.483330694205218,6.564570300909791,2.564570300909791,1.4707397635152024,-9.404499374790236,-5.4044993747902375,-1.4044993747902372,0.4150079168877483,0.07030876313263387,0.8900236810471046,26.28369784833745,123.89939964626892,0.8826827971802564,49673.68457865715,1511282172
2272,12273,9.549785146844846,6.8340077038424605,2.834007703842461,2.1705988678003867,1.4917593923901802,-10.759957933293991,-6.759957933293992,-2.7599579332939914,0.568060333043377,0.0681216497564726,0.8952129426626328,27.274518374517662,123.60786721178795,0.856025528510438,49673.68457865715,1511282172
2273,12274,4.21063006884754,2.181210099393006,2.181210099393006,2.181210099393006,1.5039389578034348,-11.48570023116392,-7.48570023116392,-3.4857002311639196,0.5142997688360802,0.07514230690475229,0.8975571305861538,27.273073096506693,118.54916366531498,0.8674175512587519,49673.68457865715,1511282172
2274,12275,7.774563093413154,6.194818945153551,6.194818945153551,2.1948189451535507,1.5142244622394372,-10.738567989783784,-6.738567989783783,-2.7385679897837827,0.4767654877867662,0.06547737626147705,0.8919771321069843,27.27165251376175,125.7102948818222,0.8623586075698071,49673.68457865715,1511282172
2275,12276,8.013955667160253,6.405374107367661,6.405374107367661,2.40537410736766,1.5510817115475344,-13.241977239680805,-9.241977239680805,-5.241977239680804,-1.2419772396808042,0.06073541116061079,0.905676907612426,29.529700669043727,145.62984501799934,0.9674661032753091,49673.68457865715,1511282172
2276,12277,7.294445111763091,6.581348365168152,2.5813483651681524,2.140438314273456,1.4874641400943738,-11.162495014475374,-7.1624950144753745,-3.1624950144753745,0.564810513156283,0.06920826475538101,0.8954196307971403,27.171823609777682,122.20961047210594,0.8529090704315725,49673.68457865715,1511282172
2277,12278,9.017761015774488,6.170027189790009,6.170027189790009,2.1700271897900087,1.5136353043764001,-11.524869125726427,-7.524869125726427,-3.5248691257264273,0.4751308742735727,0.06570190613592694,0.8926663534945584,27.31963181399645,125.75753434330431,0.8621126883890037,49673.68457865715,1511282172
2278,12279,8.965934129203443,6.152295135286373,6.152295135286373,2.152295135286373,1.5130102472066327,-11.115013226373204,-7.115013226373205,-3.1150132263732058,0.47387808289085087,0.06589900495673565,0.8931689103572045,27.35034490008875,125.77268452021369,0.8620737652725485,49673.68457865715,1511282172
2279,12280,4.339446032638204,2.1916481633698504,2.1916481633698504,2.1916481633698504,1.4996707566654066,-10.761266793491341,-6.76126679349134,-2.7612667934913393,0.47513238680832415,0.07541602955426932,0.8935249218847086,26.73789033682942,116.7516051556385,0.8634327175864832,49673.68457865715,1511282172
2280,12281,12.28083837555723,8.845146760527493,4.845146760527493,1.7951462983341773,1.5392741333043578,-12.076647934649447,-8.076647934649447,-4.076647934649448,-0.11552891148925304,0.06991028149113726,0.889163874578194,26.73406981869757,124.59400465282954,0.8874768219868033,49673.68457865715,1511282172
2281,12282,15.46143813246279,12.006568976550874,8.566179705407453,5.500610054138677,1.5006100541386769,-13.288111071115376,-9.288111071115376,-5.288111071115376,-1.808802065760773,0.06672822440144797,0.9017458748578648,28.06713976436936,140.32817389870044,0.9539456163975137,49673.68457865715,1511282172
2282,12283,13.917208619276407,12.970100216168811,8.970100216168811,4.970100216168811,1.4455044788383822,-10.30987149434083,-6.309871494340831,-2.3098714943408307,0.5870495081195106,0.07284237570014432,0.8985906913385489,26.916383611031037,133.8135630557638,0.9488151801213732,49673.68457865715,1511282172
2283,12284,11.283746046835583,10.205961834302533,6.205961834302534,2.205961834302534,1.4883336619315777,-10.715229005222914,-6.7152290052229135,-2.7152290052229135,0.447909160003819,0.06866893087855244,0.8876996593795559,26.328500670001134,121.6506055586706,0.8662221663004459,49673.68457865715,1511282172
2284,12285,6.371469583707535,6.101971985559387,6.101971985559387,2.101971985559387,1.5120266249871708,-11.53889342533014,-7.53889342533014,-3.53889342533014,0.4611065746698604,0.06645001640418594,0.8939672161350547,27.373774693512736,125.59017517732946,0.8620544427906013,49673.68457865715,1511282172
2285,12286,9.95777937408447,9.624774033891544,5.624774033891544,1.624774033891544,1.624774033891544,-10.601098317534362,-6.601098317534362,-2.601098317534361,0.9943671835727237,0.06836287074079458,0.9061965509157864,30.49203551941894,129.50844132796206,0.8980469230030881,49673.68457865715,1511282172
2286,12287,12.44729796823096,10.19457372128731,6.194573721287311,2.1945737212873113,1.4871062141260591,-8.444272933859605,-4.444272933859605,-0.4442729338596052,0.44420002931068203,0.06878763025873047,0.8871827882105021,26.274912921108452,119.66779237186242,0.8560458294744532,49673.68457865715,1511282172
2287,12288,15.556219855455044,12.10452981668758,8.10452981668758,4.104529816687579,1.5125810853786776,-11.834786847701151,-7.834786847701151,-3.8347868477011513,-1.2813839269000844,0.06519296219677945,0.8880509633316467,26.81127065629461,133.86456401340706,0.9259997996393282,49673.68457865715,1511282172
2288,12289,14.454315162869955,11.592929681701944,7.5929296817019445,3.5929296817019445,1.5132115704385762,-14.335585620615168,-10.335585620615168,-6.335585620615168,-2.4867884295614235,0.06511225866415879,0.8837937879638148,26.39502222996442,131.91162817366492,0.9314302795541943,49673.68457865715,1511282172
2289,12290,2.4658323681561214,2.1043300362456496,2.1043300362456496,2.1043300362456496,1.4895457381359913,-11.456195531586488,-7.456195531586488,-3.456195531586488,0.5438044684135122,0.0821812684471577,0.8999686076379921,27.121130782154143,115.65703497070142,0.9099349106034471,49673.68457865715,1511282172
2290,12291,13.637555275650772,10.817564001087673,6.817564001087672,2.817564001087672,1.5347885934192662,-7.6915557566295885,-3.6915557566295893,0.30844424337041065,0.49240838665424813,0.059856527256626935,0.8830956692328615,27.61262501876615,117.22458130554857,0.8194864719051583,49673.68457865715,1511282172
2291,12292,10.212312637748338,6.8138228021002245,6.8138228021002245,2.8138228021002254,1.552405943423356,-7.854157169142287,-3.8541571691422867,0.14584283085771332,0.49119024204848594,0.0588137933388785,0.8860927761433679,27.88432890498651,118.26989098993027,0.8090316268059276,49673.68457865715,1511282172
2292,12293,10.921401507796558,10.825432324253663,6.825432324253663,2.825432324253664,1.541205952804136,-10.656758740998166,-6.656758740998166,-2.656758740998167,0.49287650653588777,0.06122185492364609,0.8904162771784958,27.729127086976078,131.88984680285319,0.889168636227098,49673.68457865715,1511282172
2293,12294,12.286947431611203,10.859749958449465,6.8597499584494654,2.8597499584494654,1.5516203536705133,-11.502324709386594,-7.502324709386594,-3.5023247093865946,0.49767529061340543,0.05998076236703897,0.8907339017615654,27.969060571446377,133.19706023217398,0.8926695524237753,49673.68457865715,1511282172
2294,12295,9.268846471752475,8.857516655092608,6.549519856996745,2.549519856996745,1.5665382469610718,-10.249242811343015,-6.249242811343016,-2.2492428113430156,0.5810950499394587,0.05814248474698182,0.8926076207727613,28.515110426347043,133.30083833441054,0.8833957073593918,49673.68457865715,1511282172
2295,12296,11.240734968960837,10.67353921645083,6.67353921645083,2.6735392164508296,1.4605120569751444,-9.793040236362293,-5.793040236362293,-1.7930402363622926,0.3920348274841341,0.07169183350344242,0.8907844401405804,26.1599938324261,124.12922326879817,0.8908775695073112,49673.68457865715,1511282172
2296,12297,13.036013498442744,11.104121970137088,7.104121970137086,3.1041219701370864,1.5480646281211936,-9.525354432116734,-5.5253544321167345,-1.5253544321167343,0.6188275124577287,0.0599910778434404,0.8924759373579187,28.200338719024757,134.93890213030625,0.8994923000224144,49673.68457865715,1511282172
2297,12298,7.696417026605844,6.8175166866629455,6.8175166866629455,2.8175166866629455,1.6148811811284551,-9.228000640924117,-5.228000640924117,-1.2280006409241169,0.514108339816961,0.052900743680215724,0.8922229477518497,29.39217234264114,139.42596234284787,0.9151071883719614,49673.68457865715,1511282172
2298,12299,13.07980256369124,9.90320849064016,6.282051251010342,2.282051251010342,1.495911653230945,-10.297617853996595,-6.297617853996595,-2.297617853996595,0.44818141106779885,0.0674124520660347,0.8878439371763659,26.512376709175697,123.03028140728162,0.8676400755678062,49673.68457865715,1511282172
2299,12300,13.501061804717013,11.05394618703467,7.05394618703467,3.0539461870346702,1.5211589216087897,-11.343124222499307,-7.3431242224993065,-3.3431242224993065,0.42269235420033935,0.06378985947080776,0.8990497434916691,28.251115122513923,135.9321121938611,0.9112736688087703,49673.68457865715,1511282172
2300,12301,9.81034756083252,8.844328633063549,5.652847963169037,1.6528479631690376,1.6528479631690376,-9.922350028536982,-5.922350028536983,-1.922350028536983,-1.3409811663979994,0.06754889826047482,0.8877305939788984,27.778852873166716,134.5814112535394,0.9437368886837737,49673.68457865715,1511282172
2301,12302,11.94999778321982,9.224139518044815,5.484220274651358,1.4842202746513584,1.4842202746513584,-10.338892536630718,-6.338892536630717,-2.338892536630717,-2.016816506510252,0.0929199393553908,0.8904858747866445,24.684994947675815,120.86677619473494,1.0820042555630742,49673.68457865715,1511282172
2302,12303,10.883592485460314,9.93966274553425,5.9396627455342506,1.9396627455342506,1.515240140051105,-8.724030029528153,-4.724030029528153,-0.724030029528153,0.17737566201772004,0.0685953770082905,0.883961887022007,26.12108400797273,119.50932177286458,0.8682365791638204,49673.68457865715,1511282172
2303,12304,12.808473599879514,10.231927737245336,6.231927737245335,2.2319277372453348,1.4970900206621522,-10.049990019899537,-6.049990019899538,-2.049990019899538,0.44316213182223607,0.06746923163798904,0.8876520070080431,26.494062040581984,122.61811823366487,0.865996559966166,49673.68457865715,1511282172
2304,12305,10.980537577579323,10.640853893150071,6.640853893150072,2.6408538931500716,1.487390139692503,-13.480972435651744,-9.480972435651744,-5.480972435651743,-1.4809724356517429,0.06849077813027214,0.8862266700711484,26.126562453955614,129.60198689471025,0.9227043292622257,49673.68457865715,1511282172
2305,12306,16.066345020529415,13.164410038553719,9.16441003855372,5.1644100385537195,1.5190007950664184,-10.588174637243892,-6.588174637243892,-2.5881746372438927,0.10387509413826312,0.06434250148669236,0.890614386852468,27.210725070685292,135.74082845355878,0.9258691187053157,49673.68457865715,1511282172
2306,12307,14.029855907537675,10.607433745165764,6.607433745165763,2.607433745165763,1.6069852056751703,-10.77066751008423,-6.770667510084231,-2.7706675100842313,-2.39301479432483,0.05411852037346789,0.8875998509289065,28.63470507235838,142.7405554390595,0.9523065527265235,49673.68457865715,1511282172
2307,12308,10.339343110913441,7.140685097501091,7.140685097501091,3.140685097501091,1.5062098329670845,-11.166515886531709,-7.166515886531708,-3.166515886531709,-2.135638007734591,0.06600504559255431,0.8873925928188673,26.619688108438446,132.86971703664867,0.9259436074097105,49673.68457865715,1511282172
2308,12309,13.137073508094351,9.800912397505305,6.481971481411484,2.4833425187063733,1.5483263410215333,-11.115586318946562,-7.115586318946563,-3.115586318946563,0.6210099432256164,0.060124100321642414,0.8933614301313967,28.284945884919324,131.4728106869344,0.8754863011905137,49673.68457865715,1511282172
2309,12310,13.384990935740928,9.724058791716198,5.724058791716198,1.724058791716198,1.724058791716198,-9.08285756291734,-5.08285756291734,-1.0828575629173398,1.2466574673517297,0.053996732724268894,0.9010100168557249,33.131703166882716,138.14789162839745,0.8988152780311828,49673.68457865715,1511282172
2310,12311,12.450732395702252,10.466003837781095,6.466003837781096,2.4660038377810953,1.62679919648487,-12.279570228291911,-8.279570228291911,-4.279570228291911,-1.6864548709501965,0.05216655066278772,0.8880310830532342,29.060708891263022,144.19868732298067,0.9582547176333577,49673.68457865715,1511282172
2311,12312,9.437074663037773,9.064403814327525,9.064403814327525,5.064403814327526,1.5026760471304181,-14.202140504863323,-10.202140504863323,-6.202140504863324,-2.2021405048633236,0.06646129875038069,0.8860981839334503,26.415095231810852,132.06773246075664,0.9283137934025739,49673.68457865715,1511282172
2312,12313,13.448994234512087,10.211185429933057,6.211185429933056,2.211185429933056,1.4987110765046519,-11.559215613987813,-7.5592156139878135,-3.5592156139878126,0.4407843860121874,0.06737056130723758,0.8877715879983117,26.526328124968778,122.65469235366749,0.865250887781259,49673.68457865715,1511282172
2313,12314,7.001788949561847,6.789383793233344,6.531144087991605,2.531144087991606,1.4841192049403997,-12.127236181435515,-8.127236181435515,-4.127236181435515,-0.37323012775718567,0.06897400435523857,0.886047547248414,26.039537523521805,126.3804107130329,0.9053615254946712,49673.68457865715,1511282172
2314,12315,7.794880014072881,7.537944992052003,7.446781216551489,3.4467812165514884,1.4984753259011077,-13.079888850278325,-9.079888850278325,-5.079888850278325,-1.5112020341473034,0.06700416189962326,0.8985498178341454,27.66417567195576,137.95348035574293,0.9398296057352232,49673.68457865715,1511282172
2315,12316,12.387249271343203,11.37029510930273,7.370295109302729,3.370295109302729,1.663471286885238,-11.948269656474023,-7.948269656474024,-3.9482696564740243,-0.8749202438953827,0.048108530365015355,0.8981591230783698,31.00689952532924,153.98247731587497,0.9999919725192975,49673.68457865715,1511282172
2316,12317,9.97109854852231,9.824567659775454,6.717763391536499,2.717763391536499,1.4499606450159341,-8.707271772629888,-4.7072717726298885,-0.7072717726298883,0.3713800986885849,0.07313211244286592,0.8903289905758803,25.911611507339398,122.77642072862906,0.8933793354523923,49673.68457865715,1511282172
2317,12318,11.832387456075669,9.772300054876624,5.772300054876624,1.7723000548766235,1.7723000548766235,-10.088675125585198,-6.088675125585197,-2.0886751255851967,0.19335477769917508,0.05307817785183972,0.8962714204368891,31.285710631810993,142.92760934797116,0.9308063632748057,49673.68457865715,1511282172
2318,12319,15.236587027627253,11.238293825812715,7.238293825812714,3.238293825812714,1.532864150000891,-10.489954161433742,-6.489954161433743,-2.4899541614337437,0.5287142812254377,0.06210545210687175,0.8852618595998865,27.059718312783453,130.54572104954988,0.902951240387766,49673.68457865715,1511282172
2319,12320,10.498502932635555,8.586766909746514,5.41399412680758,1.6235386153476477,1.6235386153476477,-11.18676964573673,-7.186769645736731,-3.1867696457367307,0.019140106461359663,0.0715162924680149,0.889528339234902,27.372910871197583,125.29837095693046,0.9011048735693474,49673.68457865715,1511282172
2320,12321,10.20357244527945,9.924620643686913,5.924620643686913,1.9246206436869124,1.5275244460732698,-9.456804451300231,-5.456804451300231,-1.4568044513002307,0.17879282593382495,0.06753900944948565,0.8846568155238709,26.377720675886252,121.56358426080688,0.8723173198111065,49673.68457865715,1511282172
2321,12322,9.95060380868645,9.695003329362246,5.695003329362246,1.695003329362246,1.695003329362246,-7.833258047577148,-3.8332580475771474,0.16674195242285283,0.8428256975801722,0.06062131120756757,0.9049540934073655,31.369442934315252,131.58547281314029,0.8747970305954637,49673.68457865715,1511282172
2322,12323,6.3397740756261864,5.879557968762143,5.879557968762143,1.8795579687621422,1.5762994649690103,-9.567605325858176,-5.5676053258581755,-1.5676053258581761,0.22979927645713571,0.06352561866043412,0.8897427640865485,27.679245028601468,126.88477563607272,0.8675479693742421,49673.68457865715,1511282172
2323,12324,10.995444264448352,10.214419656908076,6.214419656908077,2.2144196569080767,1.5031636769946324,-9.845262504155928,-5.845262504155927,-1.8452625041559265,0.447670059260856,0.06678959356810324,0.8883855429621783,26.678086788289132,123.29356086225911,0.8640796240602812,49673.68457865715,1511282172
2324,12325,14.135648575534509,10.195624160759289,6.19562416075929,2.1956241607592895,1.5028734868022668,-11.450329132675014,-7.450329132675014,-3.450329132675015,0.5496708673249848,0.06659394390198763,0.8944000166757291,27.38488898592412,125.68072681295723,0.8625989045602138,49673.68457865715,1511282172
2325,12326,7.399905993003075,6.168089163589358,6.168089163589358,2.1680891635893587,1.519247890062439,-9.482808002555137,-5.482808002555138,-1.4828080025551376,0.442538390873894,0.06512425549540769,0.8906962268979748,27.193244821337736,125.28616981104602,0.8613626226910887,49673.68457865715,1511282172
2326,12327,13.708066404469433,9.737612238367111,5.737612238367111,1.7376122383671115,1.7376122383671115,-8.798171543300224,-4.798171543300224,-0.7981715433002237,0.9058388657145783,0.055958003832794576,0.8994357664167822,31.390340445033683,134.14735868657561,0.8757643659476937,49673.68457865715,1511282172
2327,12328,6.140018221969113,5.718935902769601,5.718935902769601,1.7189359027696016,1.7189359027696016,-11.28423916297853,-7.28423916297853,-3.2842391629785297,0.6523050483324331,0.058901275257601124,0.9005457027251186,30.76662604220997,135.5625455076081,0.8916835234411247,49673.68457865715,1511282172
2328,12329,9.89103302876585,6.1512445276042085,6.1512445276042085,2.1512445276042085,1.5185500860454904,-10.96630100548519,-6.966301005485191,-2.9663010054851906,0.43455149398599313,0.06534041613372432,0.890510557679223,27.145500527078113,125.1194661954274,0.8618341694501459,49673.68457865715,1511282172
2329,12330,9.997800725632938,9.786235624968498,5.865582727124554,1.9792823075421033,1.5308968129866265,-12.147817297214274,-8.147817297214274,-4.147817297214273,-0.1711829887021563,0.06619777219015152,0.8821697026704786,26.265130679425827,123.90926090409701,0.8932774025743568,49673.68457865715,1511282172
2330,12331,13.358125248250426,9.9932913224522,6.208075097570566,2.2080750975705663,1.5181071067851424,-11.771909022458575,-7.771909022458575,-3.7719090224585754,-0.97949962601194,0.06538774777993948,0.8863820691665469,26.65581789701142,130.3163432499381,0.9104772585833677,49673.68457865715,1511282172
2331,12332,13.517191883896743,10.12371809269292,6.12371809269292,2.1237180926929207,1.4868202507773527,-11.589959035016278,-7.589959035016278,-3.589959035016278,0.410040964983722,0.06945215746048551,0.8862655487357458,26.088787729155264,120.22761240500344,0.8673488367544407,49673.68457865715,1511282172
2332,12333,13.672730658223527,11.283115921816044,8.37399087964201,4.373990879642009,1.3490214209943912,-9.961503710769781,-5.961503710769782,-1.961503710769782,1.0020881740945498,0.07678827597080248,0.9111039157167256,28.932993837168425,142.0030530601596,1.0508303854788408,49673.68457865715,1511282172
2333,12334,10.060511321064261,7.363292600396198,7.363292600396198,3.363292600396198,1.5856387053681942,-9.485003183564775,-5.485003183564774,-1.4850031835647741,0.12221317822515987,0.05638501134376008,0.8882078819083575,28.287006022426805,138.41705683603493,0.925661289783986,49673.68457865715,1511282172
2334,12335,12.134598977441563,9.773640795601182,5.773640795601181,1.7736407956011808,1.5294556185579282,-9.628907824879276,-5.628907824879277,-1.6289078248792765,0.23929725955002978,0.07159267662135418,0.8913886123955724,26.75771121932439,121.77212039324223,0.8732646525651095,49673.68457865715,1511282172
2335,12336,14.630551228803961,12.319959497532572,8.319959497532572,4.543076631948131,1.5821910441364693,-10.787070666950042,-6.787070666950041,-2.787070666950041,-1.3271567360594878,0.056802964631807916,0.9008933570307217,29.632954469727352,148.06410999411585,0.967781449902114,49673.68457865715,1511282172
2336,12337,11.111047131249862,9.66977286998106,5.66977286998106,1.66977286998106,1.66977286998106,-11.11893052442444,-7.1189305244244405,-3.1189305244244405,0.8810694755755598,0.06392171736715807,0.9081916086157091,31.118350626504757,134.01593394059688,0.9096108581038991,49673.68457865715,1511282172
2337,12338,11.797506183227188,9.789571687900334,5.789571687900333,1.789571687900333,1.5317349057407796,-11.670249088340043,-7.670249088340044,-3.670249088340043,0.24271795394749707,0.07078323712629908,0.8911780944327428,26.821493089747324,122.32417407363855,0.872124243736322,49673.68457865715,1511282172
2338,12339,12.612031916891574,10.11028390722786,6.11028390722786,2.1102839072278603,1.510543254209541,-11.546469821381711,-7.546469821381711,-3.546469821381711,0.4535301786182886,0.06657151993700074,0.8939305411841185,27.344002362606737,125.5769177154783,0.8626553405112951,49673.68457865715,1511282172
2339,12340,12.31704417396001,9.650650020529355,5.650650020529354,1.6506500205293542,1.6506500205293542,-13.192830403881407,-9.192830403881407,-5.192830403881408,-1.5814065694630444,0.06784124752594033,0.9085111264973788,30.160340001701755,147.59732470801103,1.0177299349240227,49673.68457865715,1511282172
2340,12341,11.04346800680732,9.351998387848246,5.792374924828979,1.7923749248289795,1.7923749248289795,-7.892911084500809,-3.892911084500809,0.10708891549919186,1.4294025251851963,0.04488051546226526,0.8984694343377955,35.692984097958,145.7829450925911,0.9501271619949756,49673.68457865715,1511282172
2341,12342,3.0582679899105014,2.149851792966543,2.149851792966543,2.149851792966543,1.5060012903597466,-11.560214189105123,-7.560214189105123,-3.560214189105123,0.43978581089487756,0.07647396987459795,0.8931735032052425,26.726690963330945,116.3910771873098,0.8702767101584222,49673.68457865715,1511282172
2342,12343,14.386191673131572,13.540485998397275,9.540485998397275,5.540485998397274,1.5404859983972738,-10.89644168358499,-6.8964416835849915,-2.8964416835849915,-0.3133545571453735,0.061719998264444444,0.8856493607694942,27.110748399819325,135.45959930428452,0.9316754387343441,49673.68457865715,1511282172
2343,12344,11.73751916507636,10.009982415197978,6.009982415197978,2.009982415197978,1.4937225852223472,-8.602808517732992,-4.602808517732992,-0.6028085177329914,0.3085420058091892,0.06987443347216338,0.8853663696406167,25.999548057967978,117.5281877180896,0.8563290205574707,49673.68457865715,1511282172
2344,12345,12.54681456584825,12.35277972531624,8.35277972531624,4.352779725316241,1.461378055385102,-9.596266714620205,-5.596266714620206,-1.5962667146202054,0.5503642682284182,0.07097047922591204,0.8996791462730811,27.280047277111038,134.83066167454172,0.9424807649611504,49673.68457865715,1511282172
2345,12346,9.870164790073717,6.08623184581112,6.08623184581112,2.086231845811121,1.518860084467833,-11.586799178709457,-7.586799178709458,-3.586799178709459,0.41320082129054136,0.06589789728274663,0.8914478854683537,27.18987990878696,124.99396672675337,0.861097705501635,49673.68457865715,1511282172
2346,12347,13.124162632586735,11.097136266511082,7.097136266511083,3.0971362665110833,1.5092947653683948,-12.144607089351474,-8.144607089351474,-4.144607089351474,-0.60828341600296,0.06561129345316,0.8903018537880472,26.979170925404205,133.1668765556938,0.9159491846823922,49673.68457865715,1511282172
2347,12348,10.332370743013122,9.988185452859998,5.988185452859999,1.9881854528599991,1.632255536263646,-11.076807952643955,-7.076807952643955,-3.0768079526439553,-0.3513830513214713,0.05562676564788217,0.890268125757735,28.98300559330208,137.89302222609135,0.9140220915899193,49673.68457865715,1511282172
2348,12349,10.39150395024721,9.998907685081267,5.998907685081266,1.9989076850812668,1.5354846722509843,-9.728374210326669,-5.728374210326669,-1.728374210326668,-1.4311661571270424,0.06536581363395,0.882304852973769,26.38762992726316,128.93782423017163,0.9211107856152835,49673.68457865715,1511282172
2349,12350,15.50614797391789,11.829915375877816,7.829915375877816,3.96612747954393,1.5105683624511068,-12.727860445224028,-8.727860445224028,-4.727860445224029,-2.4894316375488934,0.0654490148232045,0.9014740130155665,28.2436378653045,141.18214441532876,0.9530055695204137,49673.68457865715,1511282172
2350,12351,10.154549897480852,10.096817281019051,6.096817281019051,2.0968172810190513,1.4819234266158132,-11.117147832250446,-7.117147832250446,-3.1171478322504456,0.5544112706025065,0.06978482632500113,0.8938812603350735,26.892473968932663,122.61231403909905,0.861524239893096,49673.68457865715,1511282172
2351,12352,8.348267078238663,5.978356013976621,5.978356013976621,1.9783560139766214,1.7302529982384993,-9.305661256825616,-5.3056612568256165,-1.3056612568256158,0.7219978194561631,0.04726086746165123,0.8960825138595482,31.616917388120974,141.12625911551146,0.9190392278218878,49673.68457865715,1511282172
2352,12353,14.028451311964437,12.448997550758776,8.448997550758776,4.448997550758776,1.4316070344507932,-12.824668696701435,-8.824668696701435,-4.824668696701435,-1.7389636497895358,0.07612812860687948,0.877272535386074,24.20901744533974,120.99646039894004,0.9697889351821266,49673.68457865715,1511282172
2353,12354,12.645855506045452,10.29223059056854,6.292230590568539,2.2922305905685394,1.5037288144002148,-14.208087848987763,-10.208087848987763,-6.208087848987764,-2.2080878489877636,0.06682152678368365,0.8880627677421067,26.5841370393422,132.26772394454096,0.9236342653107024,49673.68457865715,1511282172
2354,12355,12.570246882986236,9.973174171132875,5.973174171132876,1.9731741711328759,1.5059552496128357,-8.542838694532099,-4.542838694532099,-0.5428386945320993,0.26806074416344616,0.06898102784065965,0.8852684018441206,26.160664379258975,117.91616753849732,0.8539383054545664,49673.68457865715,1511282172
2355,12356,7.335237975617166,6.098579621511711,6.098579621511711,2.0985796215117114,1.5190141113309104,-8.934599382572348,-4.934599382572349,-0.9345993825723491,0.41923165733698586,0.06574492926983323,0.8914899523042057,27.21214916502897,124.5990396622025,0.857678951392697,49673.68457865715,1511282172
2356,12357,11.92903664211202,8.810006826565434,8.68951320918939,5.436373509591791,1.4363735095917909,-12.118602949117697,-8.118602949117697,-4.118602949117697,-1.7095210040943207,0.07544804307682156,0.878100901460057,24.372336555677382,121.85279435346305,0.964238734476411,49673.68457865715,1511282172
2357,12358,10.729511372737194,7.342048781510219,7.342048781510219,3.3420487815102193,1.4720864361098347,-11.724224859650695,-7.724224859650696,-3.724224859650696,0.2757751403493045,0.07031581303152568,0.8885463599364116,26.108926832175875,127.2707139917369,0.9094776013022368,49673.68457865715,1511282172
2358,12359,10.566186134917448,9.79091921483514,5.790919214835141,1.7909192148351418,1.4733303054758358,-11.239327480628395,-7.239327480628395,-3.2393274806283943,-0.3224964700474684,0.0771673925269258,0.8913568183200071,25.82124703714951,121.59749967539943,0.9141178092710682,49673.68457865715,1511282172
2359,12360,14.55096357037777,11.686235974772691,8.004069858040804,4.061200805310655,1.4722239032127657,-10.440208384119614,-6.440208384119615,-2.4402083841196154,-0.7272309092043894,0.07048010006454312,0.878193496808095,25.059809048694603,124.87760400362502,0.9480655179393815,49673.68457865715,1511282172
2360,12361,10.864527510491849,9.210659983205804,6.571341595610556,2.571341595610556,1.614746928123105,-11.096933597517104,-7.096933597517105,-3.096933597517105,0.7223896880436892,0.052400997824902415,0.8944180804751414,29.823405951024675,138.52035692478609,0.9043035223515911,49673.68457865715,1511282172
2361,12362,12.472269136569768,11.039581197856776,7.039581197856777,4.072843595131156,1.5097242991133573,-8.83817460298243,-4.83817460298243,-0.8381746029824295,0.7022334952122117,0.06397776953935465,0.8876856851950918,27.116574552061373,133.03508098224492,0.9165206746055449,49673.68457865715,1511282172
2362,12363,10.995355678711416,10.35673519308689,6.356735193086888,2.356735193086888,1.4179376097069871,-12.739289833231561,-8.739289833231561,-4.739289833231562,-0.7392898332315625,0.07832113992629693,0.8920393034983238,25.364312952220153,123.72967034554316,0.9360714604966079,49673.68457865715,1511282172
2363,12364,12.799047395236606,9.92387001260433,5.923870012604332,1.9238700126043315,1.580234407835145,-8.169835388510444,-4.169835388510443,-0.16983538851044333,0.16844611607956805,0.06172537601088335,0.8864922769316131,27.60736651186183,122.88250556076372,0.8464847360759926,49673.68457865715,1511282172
2364,12365,12.406167757188697,10.10612343038068,6.1061234303806815,2.106123430380681,1.484182649426114,-10.3098297939083,-6.309829793908299,-2.309829793908299,0.5554717012515896,0.0694283420007196,0.8938376967571727,26.936278662787053,122.87062573051307,0.8611276014047937,49673.68457865715,1511282172
2365,12366,9.698077374085845,5.937638563826292,5.937638563826292,1.9376385638262925,1.5753573045408615,-10.470206643160134,-6.470206643160135,-2.470206643160135,0.21464066360882583,0.06218126749958497,0.8873042331749552,27.53422212879844,126.95018503659031,0.8712730191303381,49673.68457865715,1511282172
2366,12367,13.300194798840979,9.652285572378666,5.652285572378665,1.6522855723786656,1.6522855723786656,-8.741707085991726,-4.7417070859917265,-0.7417070859917263,0.3771219776808823,0.06752340424025552,0.8985175327774709,29.006831216268786,128.51189855924827,0.8813582039934683,49673.68457865715,1511282172
2367,12368,11.015050676156454,9.55567381972715,5.555673819727151,1.5556738197271505,1.5556738197271505,-9.410222420014442,-5.410222420014441,-1.4102224200144413,-0.8426409076294943,0.0814190301156461,0.8837734198026436,25.411200901321266,120.11247548404468,0.9719530323163317,49673.68457865715,1511282172
2368,12369,10.411913871162456,9.980623579849025,5.980623579849025,1.980623579849025,1.5033850087360487,-10.627368773398185,-6.627368773398184,-2.6273687733981843,0.28620109033289465,0.0692144050695094,0.8858011687477314,26.163204437802243,120.42674090573516,0.8692230937797887,49673.68457865715,1511282172
2369,12370,12.79329788436033,12.441672515558183,9.509859996217743,5.509859996217744,1.5098599962177441,-13.369887901301313,-9.369887901301313,-5.369887901301311,-2.4901400037822556,0.06553957576775914,0.8835043883869973,26.29413284892289,131.46891472168454,0.9320362075836816,49673.68457865715,1511282172
2370,12371,11.609880468712232,10.167706786570463,9.657481174155764,5.657481174155765,1.657481174155765,-13.517053149943786,-9.517053149943786,-5.517053149943785,-1.5810169023256828,0.048711115848786575,0.8833113961620476,29.22474839491479,146.11480752401084,0.9910669020220519,49673.68457865715,1511282172
2371,12372,14.333264354331394,11.847218007061482,9.395129760738206,5.395129760738205,1.395129760738205,-11.630682286626028,-7.630682286626029,-3.630682286626028,-2.6048702392617953,0.0814883560137112,0.8981895137076349,25.596263717484348,127.97958071745539,0.9835784189787563,49673.68457865715,1511282172
2372,12373,6.439568775396808,6.117235757100377,6.117235757100377,2.117235757100377,1.5190039581362302,-11.39964650847213,-7.39964650847213,-3.39964650847213,0.43569181059184436,0.0655511281159691,0.8920447859360465,27.29341670045272,125.53506483208146,0.861407976448855,49673.68457865715,1511282172
2373,12374,13.002629157131855,10.422891215476467,6.422891215476465,2.4228912154764655,1.6336442760566297,-10.786769198918911,-6.786769198918912,-2.786769198918912,-0.09448578625808746,0.051546750109821196,0.8899260430507373,29.395058873637296,140.85099547246313,0.9297438607225156,49673.68457865715,1511282172
2374,12375,12.100462410009596,9.96387767902261,5.963877679022609,1.9638776790226093,1.577894127507322,-10.366874597380173,-6.366874597380174,-2.366874597380174,-0.8276658276794266,0.0614230320041068,0.8883544634383983,27.726360922050286,134.05506173383986,0.9106643403617428,49673.68457865715,1511282172
2375,12376,10.196853868636849,9.804708022041735,6.007354945479824,2.0986365519474415,1.4756119778085444,-9.511275811677674,-5.511275811677674,-1.5112758116776732,0.5354079683721792,0.07063080792031866,0.8896430852461645,26.31145431145912,120.02112397953573,0.8607488556666281,49673.68457865715,1511282172
2376,12377,9.334695347217083,7.18085500721166,4.149911565430386,1.6498457967176885,1.6498457967176885,-14.350154203282312,-10.350154203282312,-6.350154203282312,-2.3501542032823117,0.06794889793784423,0.8904898913472127,28.022612656538424,138.45852679402427,0.9618135913113371,49673.68457865715,1511282172
2377,12378,13.079924250190368,9.838316673208732,5.838316673208733,1.8383166732087328,1.5848358989625007,-9.969761519320327,-5.969761519320328,-1.9697615193203284,0.21869749212962875,0.06396324024833089,0.8919423706823797,27.952218282266898,128.0149815256938,0.8705242553965733,49673.68457865715,1511282172
2378,12379,8.52987153435178,4.807450319352868,4.725879028139861,1.5912591115041275,1.5912591115041275,-7.718156653271782,-3.718156653271783,0.28184334672821687,1.278016138944524,0.06606575055799097,0.9015467846331308,32.136433018702846,129.68589551056604,0.8814568568052508,49673.68457865715,1511282172
2379,12380,12.928851518184914,11.470497804604241,7.470497804604241,3.470497804604241,1.5043840751915936,-7.975978160079409,-3.975978160079409,0.02402183992059137,0.6699340817491107,0.06416860245163733,0.8913987238218742,27.580654296422054,123.86632018719544,0.8458975955403383,49673.68457865715,1511282172
2380,12381,12.010003930736238,9.64347383144424,7.484576600439903,3.484576600439903,1.507776396699107,-10.55139849657322,-6.551398496573221,-2.5513984965732206,0.6757819684933374,0.06440623185317534,0.8935747903129443,27.65513282887614,133.84114801398027,0.906612728553713,49673.68457865715,1511282172
2381,12382,9.29293183482826,7.128028988350219,7.128028988350219,3.128028988350219,1.56488210508374,-9.040495364331555,-5.040495364331555,-1.0404953643315549,0.6486996777271306,0.05795063171915307,0.8922658235723119,28.53641112679968,136.43428113101646,0.9040440846909694,49673.68457865715,1511282172
2382,12383,7.809657647060771,6.256777855202708,6.256777855202708,2.2567778552027087,1.5244106591134028,-8.50430791364776,-4.504307913647762,-0.5043079136477615,0.4868620159488477,0.06387279468908717,0.890559585801843,27.36575141717897,125.03229509418772,0.8545166212286638,49673.68457865715,1511282172
2383,12384,8.307998741563011,6.084593353152285,6.084593353152285,2.0845933531522856,1.517736399873922,-10.963524701573752,-6.963524701573752,-2.9635247015737516,0.4232588564183166,0.06602654692550078,0.8921383534960045,27.24617263273072,125.16217144158699,0.8610749870901153,49673.68457865715,1511282172
2384,12385,13.205195994649642,11.44604495976998,7.44604495976998,3.4460449597699796,1.6003825951452424,-10.46242533042984,-6.4624253304298405,-2.4624253304298414,0.5610583795830424,0.054339243331343365,0.886158585449328,28.481642005397497,138.15421035049323,0.9286717838885632,49673.68457865715,1511282172
2385,12386,14.081569011508243,10.976131209748832,6.976131209748832,2.976131209748832,1.431244216267485,-10.969682987477167,-6.969682987477167,-2.9696829874771673,0.45824113146565115,0.07545544227701902,0.8947978888943471,26.08296014753602,124.98491270051102,0.9148616768175458,49673.68457865715,1511282172
2386,12387,13.104273185138755,11.530300604273519,8.750088144833658,4.860056404359096,1.5556668475233242,-8.798614597863695,-4.798614597863696,-0.7986145978636963,0.32217033574920895,0.05974985806478164,0.883290986386517,27.208155225280045,135.36836939365892,0.9358547859441062,49673.68457865715,1511282172
2387,12388,8.51117583367015,5.946749561511277,5.946749561511277,1.9467495615112766,1.5683369587015779,-9.434885923601446,-5.434885923601445,-1.4348859236014448,0.2250084739607774,0.06269783364481626,0.8870525655559631,27.400409839288322,126.10077043116905,0.8687385724659168,49673.68457865715,1511282172
2388,12389,11.685483094700555,10.166270364971405,6.166270364971404,2.166270364971404,1.497931753625646,-8.978233436168168,-4.9782334361681695,-0.9782334361681693,0.5699327266979409,0.06726865096475587,0.8947127144664134,27.336223174315347,124.67361765890311,0.8590626762264993,49673.68457865715,1511282172
2389,12390,7.102834104853935,6.09122615485988,6.09122615485988,2.0912261548598807,1.516478728372369,-10.896610935432422,-6.896610935432423,-2.896610935432423,0.43491256199931594,0.06608541101040177,0.8926535214583662,27.29001308522385,125.32468493671863,0.8612129078802595,49673.68457865715,1511282172
2390,12391,9.488482433210555,8.088347278865513,8.088347278865513,4.088347278865513,1.354542888079876,-12.594677141581524,-8.594677141581524,-4.594677141581525,-2.6454571119201242,0.08778147267704221,0.8895895089873519,23.94796316464635,119.72116461413532,1.013402642575337,49673.68457865715,1511282172
2391,12392,13.639538151877808,10.03839376138505,6.038393761385049,2.0383937613850494,1.4718044688408718,-9.725708038900931,-5.725708038900932,-1.725708038900932,0.4635873116957374,0.07194462503380852,0.8872513313413071,25.88563245392269,118.20478327401847,0.8661071290536817,49673.68457865715,1511282172
2392,12393,8.085729970310952,6.312991942912259,6.312991942912259,2.3129919429122587,1.5274486571291634,-9.748816531362571,-5.748816531362571,-1.7488165313625712,0.5045304137733053,0.06331748915731436,0.8903985256068819,27.42044346126146,127.02627300112499,0.8655972655121017,49673.68457865715,1511282172
2393,12394,10.704752515274484,9.967095685192207,5.9670956851922075,1.967095685192207,1.6706853513921105,-8.005876102900475,-4.0058761029004755,-0.00587610290047591,1.0137794509670217,0.05001271747961396,0.8990550183875301,31.746020004091505,136.11653951018513,0.8831555167381877,49673.68457865715,1511282172
2394,12395,11.49978356442297,10.127419601076392,6.127419601076393,2.127419601076393,1.4943307364877383,-9.893330580138203,-5.893330580138203,-1.8933305801382032,0.5696347680278258,0.06797082321833108,0.8951561947800574,27.29436990396828,124.53852982879741,0.8613080456179276,49673.68457865715,1511282172
2395,12396,11.438588323826178,10.172650785965548,6.773281608920893,2.773281608920893,1.4252406014115035,-13.315260192713112,-9.315260192713112,-5.3152601927131125,-2.5747593985884967,0.07704722943965867,0.8737670799297592,23.773453877076676,118.68727979636576,0.9887989870866091,49673.68457865715,1511282172
2396,12397,8.657502510388055,8.488734318355329,4.48873431835533,1.703266479726296,1.703266479726296,-10.415005717870914,-6.415005717870913,-2.415005717870913,1.1207125332715644,0.05787542957925504,0.9116883079968788,33.29724935517652,140.79621034979147,0.9439959321672203,49673.68457865715,1511282172
2397,12398,16.216146838556487,12.86594819949696,8.865948199496959,4.865948199496959,1.5606862532755674,-12.643300387849067,-8.643300387849067,-4.6433003878490675,-0.8679671873718064,0.05929889220131292,0.8821389626651995,27.15590849981033,135.66557164723423,0.9425976821783911,49673.68457865715,1511282172
2398,12399,11.977669535268793,9.789378757914307,5.789378757914306,1.7893787579143057,1.5206025380484693,-9.503499923332232,-5.503499923332233,-1.503499923332232,0.254375842742111,0.07192161455527094,0.8905182236422365,26.565079479133846,120.844672038814,0.8718820629590016,49673.68457865715,1511282172
2399,12400,12.95928327408998,11.647771563022904,7.6477715630229035,3.6477715630229035,1.5071152558053875,-10.777171652545793,-6.7771716525457935,-2.7771716525457935,-0.961110426126879,0.06589022016827739,0.8942051388629478,27.354903674862957,136.19025084260366,0.9275949625721488,49673.68457865715,1511282172
2400,12401,13.666251919933071,9.856184261448917,5.856184261448916,1.8561842614489157,1.5931018452204235,-10.71018904062866,-6.71018904062866,-2.71018904062866,0.022182615654959825,0.06265540831401308,0.8859213394745908,27.49716733406929,127.60242101192178,0.8830270501354964,49673.68457865715,1511282172
2401,12402,12.973173146339063,10.121869469086628,6.1218694690866275,2.121869469086628,1.493585935794686,-8.650442404901812,-4.650442404901811,-0.6504424049018105,0.5662834366904614,0.0680932639716644,0.8949350479873794,27.256327885980447,123.0223538882025,0.852490744548858,49673.68457865715,1511282172
2402,12403,11.42392108296778,10.325816461074378,6.325816461074379,2.4549729490237118,1.4361032708159132,-10.624710448821364,-6.624710448821364,-2.6247104488213635,-1.9122466825720592,0.07560032193131752,0.8873581998284092,25.245655719328116,125.4325822830207,0.939369839621125,49673.68457865715,1511282172
2403,12404,12.187615637137416,10.289386117799491,6.289386117799491,2.289386117799491,1.5185874641942128,-9.43883322910191,-5.438833229101909,-1.4388332291019095,0.5799307112200628,0.06418117537334851,0.893899767888368,27.69352112414173,127.4899367894586,0.8637918035085088,49673.68457865715,1511282172
2404,12405,15.267128642316463,12.34724966111209,8.34724966111209,5.472882500265756,1.472882500265756,-8.227700482933065,-4.227700482933065,-0.22770048293306444,-0.01938014247546027,0.06996285183646334,0.8813319175992284,25.482228073599313,126.93101829824225,0.9385808053115736,49673.68457865715,1511282172
2405,12406,7.550243761002113,5.386791061860543,5.386791061860543,1.6097941708466774,1.6097941708466774,-10.809154110459305,-6.809154110459306,-2.809154110459306,1.110026059084479,0.06841520166924066,0.9039285775440176,30.70891675663171,128.89337618281328,0.8908137312154963,49673.68457865715,1511282172
2406,12407,8.42867095467384,7.047662366179785,6.883171394366959,2.8831713943669586,1.533659845078055,-9.043704611908343,-5.043704611908344,-1.0437046119083442,-0.18393895458223541,0.06255511321503654,0.8896863717884727,27.39623111694464,133.16626667045435,0.9045744504776716,49673.68457865715,1511282172
2407,12408,14.582394417736166,11.527650161021427,7.527650161021428,5.1074669931263355,1.5300132365351302,-10.933497971844925,-6.933497971844925,-2.9334979718449237,-2.4699867634648696,0.06300672414081114,0.884865700094866,26.82566304983024,134.1231586200265,0.9314719482458237,49673.68457865715,1511282172
2408,12409,12.358062751567937,10.086743604404003,8.34431545883533,4.3443154588353305,1.4057251303804816,-12.388620530566168,-8.388620530566168,-4.388620530566167,-0.6553640327388439,0.07990271847601592,0.8944884449626894,25.40737644370106,126.71881158111538,0.9645713784350008,49673.68457865715,1511282172
2409,12410,8.420099093597479,5.873964566662658,5.873964566662658,1.8739645666626585,1.610219381053619,-11.760585859087918,-7.760585859087919,-3.760585859087919,0.23941414091208135,0.060490365559199656,0.8902483928482954,28.3167296330736,129.86539311320308,0.8740877067113294,49673.68457865715,1511282172
2410,12411,13.389076837370673,9.977018892935334,5.977018892935334,2.024503890433347,1.4538567308064116,-11.992736201889652,-7.9927362018896515,-3.9927362018896524,0.007263798110347608,0.07496009226205318,0.8844022731370302,25.139109710791093,117.82087759457222,0.8978686385822209,49673.68457865715,1511282172
2411,12412,10.933852028482006,10.030426243426904,6.030426243426905,2.0304262434269047,1.4723308265451946,-8.226356974389557,-4.226356974389557,-0.22635697438955615,0.47688726036560813,0.07160747731506834,0.8870125035383052,25.96592369260196,116.0205482937437,0.8506215486884805,49673.68457865715,1511282172
2412,12413,11.81325983260767,11.577573113457323,7.577573113457323,3.5775731134573237,1.410114415928952,-13.292846570986047,-9.292846570986047,-5.292846570986047,-1.4449607786910053,0.07925244367279519,0.8852494287031887,24.56140287006025,122.50908416173567,0.9601893431401456,49673.68457865715,1511282172
2413,12414,11.218345154016466,9.561530895804353,5.561530895804353,1.561530895804353,1.561530895804353,-8.566477955241403,-4.566477955241404,-0.5664779552414039,1.561530895804353,0.059198440675052,0.8808161800165106,33.79974055499446,135.12415949908845,0.9463526674516849,49673.68457865715,1511282172
2414,12415,13.629123160817853,10.770239572317386,6.770239572317386,2.7702395723173856,1.4239087717988685,-10.503081182653641,-6.503081182653642,-2.5030811826536423,-0.13606744291908401,0.07723051910711642,0.885718887628973,24.8652369377962,120.68427431896795,0.9286459672789255,49673.68457865715,1511282172
2415,12416,14.9707330318254,12.401418710887679,8.401418710887679,4.401418710887678,1.5262275573536261,-11.088601029341694,-7.088601029341695,-3.088601029341696,-2.1782720204758688,0.06347656126347997,0.8845286768679608,26.720025565769532,133.57180015529744,0.9314032376322005,49673.68457865715,1511282172
2416,12417,7.297633688062029,6.128104612745582,6.128104612745582,2.128104612745582,1.5020487868838555,-9.759448234070518,-5.759448234070519,-1.7594482340705195,0.43641313043342644,0.06748768553966181,0.8868725925173271,26.44739372229372,121.66443613905531,0.8629700270457883,49673.68457865715,1511282172
2417,12418,12.889434266384752,9.842735980374487,9.019958118138693,5.112871243982458,1.5591251363030498,-7.728111206267287,-3.728111206267287,0.2718887937327128,0.5915726737218177,0.0572207979150895,0.8982056017801473,29.668668840840105,146.21540799099537,0.9570650820898404,49673.68457865715,1511282172
2418,12419,12.272918136910107,9.967624260296112,5.967624260296112,1.9676242602961123,1.663087622030947,-7.255163460621619,-3.2551634606216187,0.7448365393783813,0.9980022990971555,0.04711814764299008,0.8805765147408422,31.494811530973834,130.01228616500396,0.9028545916405207,49673.68457865715,1511282172
2419,12420,10.72118189525539,10.03809998975579,6.038099989755789,2.038099989755789,1.5039368358445528,-11.55406756320685,-7.554067563206849,-3.554067563206848,0.4459324367931514,0.06810726112077294,0.8944738752877256,27.211557279177647,124.46465114228377,0.8626782647275492,49673.68457865715,1511282172
2420,12421,9.736037935815077,7.455891774000756,5.660220522669595,1.6602205226695956,1.6602205226695956,-7.279359347802634,-3.2793593478026333,0.7206406521973667,1.3452432429536698,0.055498472476639873,0.8862686814603,32.91475868487365,131.81631081563594,0.888846440838052,49673.68457865715,1511282172
2421,12422,7.0237710123578765,6.066774277341007,6.066774277341007,2.0667742773410063,1.5137034431606862,-10.378477025963733,-6.378477025963733,-2.3784770259637327,0.43228351180147784,0.06666495444978014,0.8928370047117167,27.23476363890583,124.89537729598865,0.8609433047344779,49673.68457865715,1511282172
2422,12423,10.794576892873584,10.716352082441855,6.716352082441855,3.5492321868859467,1.4897453657435202,-12.254316738511136,-8.254316738511136,-4.254316738511137,-0.5194196007121714,0.06814502288227561,0.9013536750913486,27.807159173564365,137.86612270355417,0.9454026223515749,49673.68457865715,1511282172
2423,12424,12.311709616838469,11.694889212193493,7.694889212193493,3.694889212193493,1.4887152869438707,-11.43033427177919,-7.43033427177919,-3.4303342717791896,0.569665728220811,0.06736453962769257,0.8867836841723403,26.42899826302461,129.01850178166958,0.9103769136300924,49673.68457865715,1511282172
2424,12425,12.477344524663287,9.651605662708395,5.651605662708395,1.651605662708395,1.651605662708395,-8.616923408105368,-4.616923408105368,-0.6169234081053678,0.08968448130925744,0.06768008369301488,0.8899081265857711,28.00104529306889,125.67778360398654,0.8791836097208261,49673.68457865715,1511282172
2425,12426,11.289614567008469,9.794158219526148,5.794158219526148,1.7941582195261478,1.5210692061005429,-11.742622506443654,-7.742622506443655,-3.742622506443655,0.2573774935563453,0.07170737581183041,0.8901376164549905,26.54689255800274,120.99265828954952,0.8725361739834571,49673.68457865715,1511282172
2426,12427,14.48154882917697,11.98531997518929,9.086781669254641,5.086781669254641,1.4935379416911776,-13.317103649228988,-9.317103649228988,-5.317103649228988,-1.317103649228988,0.0676482133961758,0.8891596856730608,26.549440662767385,132.71020228414545,0.9270458715974843,49673.68457865715,1511282172
2427,12428,11.958871535813032,9.856441134329083,5.856441134329083,1.8564411343290832,1.5817007748660823,-10.627536489279041,-6.627536489279041,-2.6275364892790414,-0.027960401563340787,0.06372821069647028,0.88504399764398,27.208663481206948,126.61590338215903,0.8849170913857732,49673.68457865715,1511282172
2428,12429,8.117611005509323,5.711841776614301,5.711841776614301,1.7118417766143004,1.7118417766143004,-10.759987437296525,-6.759987437296524,-2.759987437296524,0.43259570593604146,0.05998238161028492,0.8933123457711668,29.664136931076744,132.81923975251294,0.8838824693571735,49673.68457865715,1511282172
2429,12430,12.498217628940402,10.020531185940213,6.020531185940213,2.0205311859402126,1.4716511545147168,-9.627502700742602,-5.6275027007426015,-1.6275027007426013,0.48878006571796606,0.07207781266787176,0.8887331819368183,26.03765247610564,118.54699609147347,0.8637451879214392,49673.68457865715,1511282172
2430,12431,9.980769018616977,6.263498708262228,5.958415821675984,2.262667229044939,1.511891560511777,-10.74588395215856,-6.74588395215856,-2.74588395215856,0.48810123384871784,0.06540617475636004,0.8881611715054079,26.864408673201133,124.24667393104343,0.8642080057038537,49673.68457865715,1511282172
2431,12432,10.343688233461261,9.75790461005475,5.757904610054749,1.757904610054749,1.757904610054749,-8.527448028239846,-4.527448028239847,-0.5274480282398464,-0.3671003950575964,0.054667307349269466,0.8929071950352148,30.58301478311531,140.0262329203519,0.919493748885541,49673.68457865715,1511282172
2432,12433,8.31938417171806,6.061305177244181,6.061305177244181,2.061305177244181,1.5127600243776806,-11.376104200194852,-7.3761042001948525,-3.3761042001948516,0.43265001904499645,0.06683407607384836,0.8928485184980394,27.21355625528114,124.76002978401672,0.8609131886029245,49673.68457865715,1511282172
2433,12434,13.020260755836771,10.041626505121384,6.041626505121383,2.0740904818942867,1.4856264341850445,-9.312292163203132,-5.312292163203133,-1.3122921632031324,0.5546753769302734,0.0695377676859279,0.8941792180646955,26.97414085384887,122.61371909300127,0.8594874151068754,49673.68457865715,1511282172
2434,12435,10.47907739238074,9.600882860012058,5.717441761274388,1.7174417612743882,1.7174417612743882,-9.015636014338169,-5.015636014338169,-1.0156360143381689,0.9962214308446103,0.05759808512849456,0.8986747500117895,31.192184360385795,132.44281547975902,0.8683554898195809,49673.68457865715,1511282172
2435,12436,6.9497573861604875,6.081634262102505,6.081634262102505,2.0816342621025052,1.4983800309867898,-11.576976872962154,-7.576976872962153,-3.5769768729621525,0.4230231270378475,0.06836035164737309,0.8864172198965861,26.291578202922253,120.75740827496219,0.8637831769928358,49673.68457865715,1511282172
2436,12437,11.18436199461583,10.730939690562366,6.730939690562365,2.7309396905623657,1.5338720915813966,-10.090956609731947,-6.090956609731947,-2.090956609731947,-0.66232055942908,0.06255313584692292,0.892832370807936,27.732524227864516,136.1286551104824,0.9153068654540724,49673.68457865715,1511282172
2437,12438,8.225296045676917,6.5257138544825555,6.5257138544825555,2.525713854482555,1.6364717690742354,-10.197116768588467,-6.197116768588467,-2.197116768588467,0.583212754305201,0.05069744622707219,0.8935269392159548,29.99242118032293,140.01339883559902,0.914831535146371,49673.68457865715,1511282172
2438,12439,12.785093259696621,9.864266084931696,5.864266084931696,1.8642660849316968,1.6228546305763631,-7.945516636577423,-3.9455166365774232,0.05448336342257698,0.23941536677934838,0.05905574469279865,0.8896831707972193,28.69706049399624,125.53006729530384,0.8433894925206137,49673.68457865715,1511282172
2439,12440,16.351254124197187,13.488358244835409,9.488358244835409,5.48835824483541,1.4883582448354093,-11.797953424098088,-7.797953424098087,-3.797953424098088,0.1449245238453738,0.06826143598582074,0.9017913917816692,27.84125841730683,138.9941568133121,0.9535859499104132,49673.68457865715,1511282172
2440,12441,13.56799365165829,13.126044139257344,9.126044139257345,5.126044139257345,1.521394617051483,-11.213595445232327,-7.213595445232327,-3.213595445232327,-0.47623977037020104,0.0640801762970975,0.8864053373149707,26.812129930713272,133.92251669026055,0.9278341020150503,49673.68457865715,1511282172
2441,12442,10.026788350762434,9.67427103508422,5.674271035084218,1.6742710350842185,1.6742710350842185,-11.99879369755392,-7.9987936975539204,-3.9987936975539213,0.0012063024460791105,0.06474710072788409,0.9001537196164233,29.632778552405448,136.2244130334604,0.9172451935738767,49673.68457865715,1511282172
2442,12443,10.902995250678828,10.188802121039243,6.188802121039243,2.1888021210392434,1.511693795608206,-9.547582588559983,-5.547582588559983,-1.5475825885599839,-0.30605712550866415,0.06628326588706876,0.883883332079491,26.272651435651852,125.54922187151168,0.8953769995711255,49673.68457865715,1511282172
2443,12444,11.728823133251613,11.071741331328807,7.071741331328807,3.071741331328807,1.5309494662491046,-11.543753420443375,-7.543753420443375,-3.543753420443375,0.4562465795566246,0.06252549106356194,0.8999923339917725,28.57089489218518,137.39486548713674,0.9154947845462749,49673.68457865715,1511282172
2444,12445,13.97187773129924,11.311019842672223,7.319588680712282,3.319588680712282,1.5160037199398364,-12.233000341070928,-8.233000341070928,-4.2330003410709285,-1.8715937599198063,0.06475806724227022,0.887222704214227,26.79464440816901,133.71729726739997,0.9261935163735523,49673.68457865715,1511282172
2445,12446,7.393655290157868,6.088497695929862,6.088497695929862,2.0884976959298616,1.495784053101705,-10.669923590270319,-6.669923590270319,-2.6699235902703187,0.4347615392393427,0.06858359873125791,0.8863473045392452,26.249325203241877,120.52495798152472,0.8638401144588364,49673.68457865715,1511282172
2446,12447,13.05024475622555,10.304698664034769,6.304698664034768,2.3046986640347678,1.4490740763238443,-8.319315541303322,-4.319315541303322,-0.3193155413033224,0.37897346761623485,0.07336519308404131,0.8876981163972417,25.65790817340298,117.84732336003867,0.8719848584829213,49673.68457865715,1511282172
2447,12448,15.706440615660247,11.714695303520454,7.714695303520454,3.714695303520454,1.0932431085773067,-10.336216618784876,-6.336216618784875,-2.336216618784875,1.0932431085773067,0.0969833856250719,0.8927966814401149,25.789741898803783,124.04637014529483,1.1529894661661517,49673.68457865715,1511282172
2448,12449,13.616584089764169,9.984852318609791,5.984852318609791,1.9848523186097906,1.4819898170887729,-11.105682016844112,-7.105682016844111,-3.1056820168441117,-1.2004731277624134,0.07189820362621896,0.8783671376267909,25.021512946340902,122.3128738410665,0.9395287071756743,49673.68457865715,1511282172
2449,12450,17.100606279686584,13.622019677086614,9.622019677086614,5.622019677086613,1.6220196770866135,-9.295749020220773,-5.295749020220774,-1.2957490202207735,-0.546433715681591,0.05239910484315829,0.900129798377063,30.366709241905028,151.76067324946192,0.985394598401703,49673.68457865715,1511282172
2450,12451,16.2153829676812,13.342084664025784,9.342084664025784,5.342084664025783,1.3420846640257829,-12.763916214370246,-8.763916214370246,-4.763916214370247,-2.2204164151995327,0.0897842722481273,0.8929043899272545,24.041863766081008,120.20538828601109,1.0315454046232717,49673.68457865715,1511282172
2451,12452,12.788925109165765,12.27404767803447,8.27404767803447,4.274047678034471,1.5942148938821001,-10.383911013037894,-6.383911013037894,-2.3839110130378938,-0.7575935580604158,0.055443911230494775,0.8994582657834389,29.71238551390335,148.20485090899035,0.9660509971393393,49673.68457865715,1511282172
2452,12453,12.725348197333966,9.46615589633273,5.583113690810998,1.583113690810998,1.583113690810998,-8.885620780825919,-4.88562078082592,-0.8856207808259191,1.2986861014573847,0.06685509199226812,0.9070128258737995,32.81012138055603,134.3937845109695,0.9232158638250338,49673.68457865715,1511282172
2453,12454,11.609858710484447,11.000059560636295,7.000059560636296,3.1997755162968056,1.5598228932407816,-12.670814279801926,-8.670814279801926,-4.670814279801926,-2.4401771067592186,0.05939924371114665,0.8873399114239963,27.675036910342104,138.2405961021533,0.9351222047964775,49673.68457865715,1511282172
2454,12455,12.403277435614408,10.018212235073873,6.018212235073873,2.018212235073873,1.4747236652849354,-9.268271224069938,-5.268271224069938,-1.2682712240699388,0.5321835553153645,0.07155464069102768,0.8927556293099095,26.55180410932966,120.38530012290028,0.8606738647088326,49673.68457865715,1511282172
2455,12456,14.104182073851412,11.602453302088172,8.156011260874664,4.1560112608746635,1.7161134821686332,-13.447282333769675,-9.447282333769675,-5.447282333769676,-2.283886517831367,0.04307053336492429,0.8933318690014109,31.561529924512303,157.76637677509166,1.0377210303366506,49673.68457865715,1511282172
2456,12457,13.263851424975838,10.005529498507734,6.005529498507735,2.0055294985077348,1.4743709566097702,-10.127365255345847,-6.127365255345846,-2.127365255345846,0.45885302371695036,0.0720284427849174,0.8880145026793436,25.973501569309597,118.43698521916276,0.8652718415767983,49673.68457865715,1511282172
2457,12458,13.304507006019474,12.729692145120259,9.19909106219905,5.3906386245190925,1.3906386245190927,-10.137836691316402,-6.137836691316402,-2.1378366913164024,-1.16194975079056,0.08216751427374383,0.8956650850642892,25.240859945077087,126.17593589681488,0.9809334372210499,49673.68457865715,1511282172
2458,12459,11.1011281716451,9.821459815014308,5.821459815014306,1.821459815014306,1.57508597828394,-8.992903268477134,-4.992903268477135,-0.9929032684771346,0.2354175922582673,0.0654359354366243,0.8921035241202989,27.754093005603988,126.13695801524037,0.8646188280991071,49673.68457865715,1511282172
2459,12460,10.538726382139359,9.251118833717273,6.027279870187997,2.027279870187997,1.7046102843846442,-10.929506387455064,-6.9295063874550635,-2.9295063874550635,0.3272968843903923,0.04849380541855022,0.890320420455816,30.44393797303548,140.18122743236032,0.9241789663932922,49673.68457865715,1511282172
2460,12461,11.068515710473886,9.822257128605354,5.912682985144856,1.912682985144855,1.5363362376463925,-12.247606561822924,-8.247606561822924,-4.247606561822922,-0.4525648628315333,0.06688931355295565,0.883863077802145,26.41842105234142,125.82906832483118,0.9003921683462935,49673.68457865715,1511282172
2461,12462,6.806187912072576,6.279395423914351,6.279395423914351,2.2793954239143512,1.518340967775987,-8.637514833994425,-4.637514833994426,-0.6375148339944252,0.5871973298017849,0.06419123092000904,0.8925139396624818,27.55059125381014,125.74044942185634,0.8553888375025017,49673.68457865715,1511282172
2462,12463,13.900418899994744,10.44299553998684,6.442995539986841,2.442995539986841,1.380558811024237,-13.45545242881909,-9.45545242881909,-5.455452428819091,-1.5831113373721724,0.08379929488597056,0.8898125012302754,24.44241902236456,121.13025323022144,0.9778958375197935,49673.68457865715,1511282172
2463,12464,4.231851957280162,3.714158593270545,3.714158593270545,2.3541941194331555,1.5218514972261203,-9.29791269647523,-5.297912696475228,-1.2979126964752281,0.592237052822064,0.06356573084363625,0.8919233318716965,27.587001702542448,126.9808910731021,0.8621763760114869,49673.68457865715,1511282172
2464,12465,12.27274377048949,10.316963711617989,6.316963711617989,2.3169637116179893,1.5353659267280746,-10.858159019870135,-6.8581590198701345,-2.8581590198701354,-2.4646340732719256,0.06283273205560819,0.9036499307697681,28.941049384854345,144.12364656789447,0.9624004193104111,49673.68457865715,1511282172
2465,12466,6.077827754743731,6.073207512876878,6.073207512876878,2.0732075128768774,1.5122081662076192,-11.541997315404727,-7.541997315404727,-3.5419973154047275,0.44341921525802697,0.06674844967734145,0.893014849770172,27.23856120237002,124.88366451182665,0.8609095092132656,49673.68457865715,1511282172
2466,12467,8.558737515472785,6.075386957941556,6.075386957941556,2.0753869579415563,1.512558563832682,-8.734044695443606,-4.734044695443605,-0.7340446954436051,0.44277171473186794,0.06666924282068201,0.8929587946950501,27.245605719310408,123.21963573195887,0.8498277699963379,49673.68457865715,1511282172
2467,12468,4.250586291323872,2.1074130448200803,2.1074130448200803,2.1074130448200803,1.4921268291849208,-11.357683632828929,-7.357683632828929,-3.3576836328289295,0.5407926932477481,0.07899930851281499,0.8979344741115718,26.985053328795637,116.07827510074404,0.8833162238771788,49673.68457865715,1511282172
2468,12469,8.084261953164606,6.062211741528869,6.062211741528869,2.062211741528869,1.514754282383515,-8.017554860325992,-4.017554860325993,-0.017554860325992516,0.4187409188442748,0.06592151594186979,0.8898104951935618,27.149432818822266,120.89664839211238,0.8393637824476992,49673.68457865715,1511282172
2469,12470,8.988130928239435,8.074433965477757,4.074433965477757,2.4715625668757655,1.4499250173503888,-11.01703358459836,-7.01703358459836,-3.0170335845983596,0.46214983830505607,0.07299770844609137,0.8929632377550516,26.233055250813194,122.83242954970733,0.886002468000223,49673.68457865715,1511282172
2470,12471,12.289371426206884,9.88420440042127,5.88420440042127,1.8842044004212701,1.8842044004212701,-10.861843344170309,-6.861843344170309,-2.8618433441703077,0.3532403472389123,0.04186820522975241,0.8966613017944056,33.82985108501687,154.1255183178975,1.0117576063002507,49673.68457865715,1511282172
2471,12472,13.691270646046931,10.113657388143299,6.113657388143299,2.113657388143299,1.5033861627941676,-10.126538239665773,-6.126538239665775,-2.1265382396657753,0.40554496796499695,0.06750715724646697,0.8877374400770095,26.534064355250926,122.22134643272229,0.863302986113564,49673.68457865715,1511282172
2472,12473,9.859652411922225,9.593616019909721,5.593616019909721,1.5936160199097211,1.5936160199097211,-7.771294899341168,-3.771294899341168,0.22870510065883276,0.3080378307529503,0.07424424474495987,0.8903930571869426,27.447714459320878,115.81626424942685,0.8561588242389396,49673.68457865715,1511282172
2473,12474,10.722648289074051,10.00646728183264,6.00646728183264,2.0064672818326392,1.6172955019961,-13.229937353806429,-9.229937353806429,-5.229937353806429,-1.2606151179052343,0.05668529461646671,0.88766578579933,28.4588661138583,139.3760591631412,0.9345036380913213,49673.68457865715,1511282172
2474,12475,13.594409335548933,10.71201492992705,6.712014929927051,2.71201492992705,1.5119965277890637,-10.158767810254657,-6.158767810254656,-2.1587678102546564,-0.4087063879242965,0.06529036927519011,0.9035893856267652,28.510540953675495,139.1414851951645,0.9406667199778326,49673.68457865715,1511282172
2475,12476,12.085291317903689,10.934247662932378,7.8414631911471835,3.8414631911471844,1.5917076885105506,-9.827247686045519,-5.827247686045519,-1.8272476860455187,0.7786898673757207,0.05433543710449901,0.8974681022426269,29.858701177648896,145.53441684903538,0.9479992397669287,49673.68457865715,1511282172
2476,12477,13.634034136829898,10.052038470144277,6.052038470144278,2.0520384701442778,1.5056210099561251,-10.380228309487796,-6.380228309487796,-2.380228309487796,0.4478460481258859,0.0677427353872516,0.8943679078427828,27.246132494498923,124.71034820219049,0.8624399623047133,49673.68457865715,1511282172
2477,12478,12.575001087410827,10.12203017387025,6.122030173870249,2.1220301738702494,1.4972417970644438,-9.807975065735057,-5.807975065735056,-1.8079750657350562,0.4189642779521341,0.06815952298450156,0.8869098902835274,26.348993991987257,121.30130049644427,0.86415529132161,49673.68457865715,1511282172
2478,12479,8.090251681092987,4.273406147670322,4.273406147670322,1.8109384558327273,1.5648470405006043,-11.800089203003411,-7.800089203003411,-3.8000892030034104,0.19991079699658965,0.0667914345055293,0.885798983165341,26.88812142921268,123.1143105803572,0.8732193669324027,49673.68457865715,1511282172
2479,12480,10.664278896411583,7.883994416079923,7.883994416079923,3.890118880678262,1.4769894807246982,-12.752423505875344,-8.752423505875344,-4.752423505875344,-1.9348021947659182,0.06983899706448106,0.8978404150390185,27.158961440657134,135.69609039859483,0.9416801723307711,49673.68457865715,1511282172
2480,12481,13.598619043046641,9.776553820007901,5.776553820007902,1.7765538200079019,1.5398502923097819,-11.748583231149388,-7.748583231149387,-3.7485832311493876,0.25141676885061237,0.07044144698846858,0.8911973242125036,26.92275949940481,122.61224420851924,0.871768781767058,49673.68457865715,1511282172
2481,12482,13.841262889099594,12.362445013622512,8.96441808415438,4.96441808415438,1.4155981910440418,-11.250757038341854,-7.250757038341854,-3.250757038341855,0.16244552810564006,0.07831423565787962,0.8871137267441043,24.868217428211054,123.93179431059671,0.9531509682084153,49673.68457865715,1511282172
2482,12483,6.665497249921627,5.960249053480877,5.960249053480877,1.9602490534808767,1.540314119075145,-10.207446031810498,-6.207446031810498,-2.2074460318104983,0.27184741727839357,0.06538054492789652,0.886735960314422,26.89218409081883,123.72046973504673,0.866187751586393,49673.68457865715,1511282172
2483,12484,8.415182724779742,7.512153574163719,5.694273545617751,1.6942735456177511,1.6942735456177511,-12.180582024475006,-8.180582024475006,-4.180582024475006,-0.8072795757488211,0.06222267075396844,0.8905631227080831,28.95046777031296,138.6397229667033,0.9361429146738844,49673.68457865715,1511282172
2484,12485,7.215521873471336,5.186829051311049,4.835108515147441,1.676944650971792,1.676944650971792,-8.608281177621784,-4.608281177621785,-0.6082811776217845,1.0061511427626741,0.062049984004664306,0.8997897514642771,30.645508167980434,129.2871909801259,0.8611039681132776,49673.68457865715,1511282172
2485,12486,8.21449083057853,6.615490941208538,6.615490941208538,2.615490941208538,1.482164256655918,-13.037109163196522,-9.037109163196522,-5.037109163196523,-1.0371091631965224,0.06919112870058676,0.889640093577392,26.372147142124742,130.06838058097958,0.9170996639288462,49673.68457865715,1511282172
2486,12487,12.20156493364004,8.446358362915042,8.446358362915042,4.446358362915042,1.5055571396429734,-12.563422937003297,-8.563422937003297,-4.563422937003298,-2.494442860357027,0.06609041211549935,0.8780126509524815,25.68070379552715,128.3897339424501,0.9473242642941427,49673.68457865715,1511282172
2487,12488,11.95962163341295,8.108343045605068,5.015768701685613,1.6132752676020734,1.6132752676020734,-8.861323507169345,-4.861323507169345,-0.861323507169345,0.9333153649064027,0.07048760372654987,0.9048372446479656,29.834465203951222,126.01196902610553,0.8857771031723992,49673.68457865715,1511282172
2488,12489,11.299091705551099,10.05103783702614,6.051037837026139,2.051037837026139,1.50500626067774,-9.926417555378041,-5.926417555378042,-1.9264175553780418,0.45035384600637984,0.06782048886219329,0.8943677040964176,27.235384245091673,124.60500234070642,0.8621831623907436,49673.68457865715,1511282172
2489,12490,12.177359662466847,10.087331871986597,6.087331871986598,2.0873318719865983,1.4888246358671486,-8.18966843822894,-4.1896684382289395,-0.18966843822893953,0.43190097696956875,0.06908697969331001,0.8852711428323063,26.12003351570299,117.31744814265393,0.8506635756665862,49673.68457865715,1511282172
2490,12491,12.227060044113573,10.367738235452936,6.3677382354529355,2.367738235452936,1.5274510798800158,-8.629515062992404,-4.629515062992405,-0.6295150629924049,0.5233167953672146,0.06308952730515743,0.890088508163196,27.424702201919104,126.32363227587776,0.8610436388717595,49673.68457865715,1511282172
2491,12492,13.883211104648165,10.058031834170464,6.058031834170464,2.058031834170464,1.6309163679116028,-13.722585937655431,-9.722585937655431,-5.722585937655431,-2.041550956204789,0.05450338008090415,0.8875502496991083,28.789083841477943,142.77865694915826,0.9532552291745692,49673.68457865715,1511282172
2492,12493,9.959681636585868,6.0718495098251895,6.0718495098251895,2.071849509825189,1.5135262433491448,-8.696811469238725,-4.696811469238724,-0.6968114692387244,0.4318725485709116,0.06661129695172138,0.8921937848631458,27.17344161191206,122.87959130602829,0.8490754474204164,49673.68457865715,1511282172
2493,12494,11.647170212513902,9.6543370131545,5.6543370131545005,1.6543370131545003,1.6543370131545003,-9.881843625457932,-5.881843625457932,-1.8818436254579314,0.8427435866324272,0.06605979581705551,0.9056674061605712,30.39027363476161,131.09073601706015,0.895123263663448,49673.68457865715,1511282172
2494,12495,11.229970711774843,10.054843274823638,6.054843274823638,2.0548432748236376,1.5055662416921367,-10.904327691469572,-6.904327691469572,-2.9043276914695726,0.44891368610510063,0.0677154054149642,0.8941325483814362,27.22295869292665,124.62446151563259,0.8621506241452471,49673.68457865715,1511282172
2495,12496,9.257110415681819,7.53204967722615,6.833447183688235,3.03302532272027,1.3873314081199994,-11.909080633321063,-7.909080633321063,-3.9090806333210617,-0.7001451738859401,0.08266943986506702,0.8862044723978536,24.224789102986794,119.61909409141303,0.969854761210243,49673.68457865715,1511282172
2496,12497,7.921311952791323,5.658372290752994,5.658372290752994,1.6583722907529943,1.6583722907529943,-9.134554500068885,-5.1345545000688855,-1.1345545000688853,0.39896220890286505,0.06671739299969068,0.8948120411876348,28.70829799285216,127.7939736140636,0.8762567233973978,49673.68457865715,1511282172
2497,12498,8.681614165857003,6.103334698969468,6.103334698969468,2.103334698969468,1.506848387921673,-10.660320782673029,-6.660320782673029,-2.660320782673029,0.42485732862887104,0.06713843368727537,0.8872658223772923,26.551457331647157,122.09725809160449,0.8623460464840949,49673.68457865715,1511282172
2498,12499,6.7452408471983984,6.055781479721893,6.055781479721893,2.055781479721893,1.512808714246938,-9.678915446880922,-5.678915446880922,-1.6789154468809226,0.42695453798551397,0.06690168464111594,0.8923146516587608,27.148693174565388,124.38461254711888,0.8600503618562894,49673.68457865715,1511282172
2499,12500,8.160156867306629,5.264058251415284,5.052890377145349,1.688590827808506,1.688590827808506,-9.257544500267509,-5.257544500267509,-1.2575445002675092,1.2371820277265413,0.057622989755041806,0.8993187672904236,32.3258167541751,134.5170385868837,0.8816706709537333,49673.68457865715,1511282172
2500,12501,8.37651700998856,8.06577655153096,5.608402115716024,1.6084021157160244,1.6084021157160244,-9.69319609096323,-5.693196090963232,-1.6931960909632318,0.9893872015866467,0.07044510569572401,0.9045477733274628,29.98018189093036,127.13646782151804,0.8923850453442775,49673.68457865715,1511282172
2501,12502,8.243739251526108,5.932787438480639,5.932787438480639,1.9327874384806385,1.5585752655599971,-11.562011018966901,-7.5620110189669,-3.562011018966899,0.23247950821409535,0.0640045871121972,0.8861034986552649,27.100813146955357,124.79095281288453,0.8695475152259922,49673.68457865715,1511282172
2502,12503,12.051121926381652,9.736057676316587,5.736057676316588,1.736057676316588,1.736057676316588,-10.426185647536933,-6.426185647536932,-2.426185647536932,0.9299256222795695,0.05600143099822162,0.8977173369372047,31.211664063364246,134.61313613100393,0.8796201535911242,49673.68457865715,1511282172
2503,12504,12.663608270548213,10.772261408407084,6.7722614084070845,2.7722614084070845,1.5049072388358964,-14.190078361347277,-10.190078361347277,-6.190078361347277,-2.1900783613472763,0.06618418804807542,0.8931724550853682,27.196048252349314,135.6214387261768,0.927367731584086,49673.68457865715,1511282172
2504,12505,8.04556879050018,6.0461704884543455,6.0461704884543455,2.0461704884543455,1.4884534832910548,-11.005701103177396,-7.005701103177396,-3.0057011031773957,0.46639901825913466,0.06981129966931222,0.8869561504030947,26.16268084809112,119.57216753627858,0.8624198025859368,49673.68457865715,1511282172
2505,12506,9.813274775749521,5.828531732187029,5.828531732187029,1.8285317321870296,1.5919066579357912,-10.074866327276798,-6.074866327276798,-2.0748663272767978,0.24662988957569287,0.06362893606173986,0.8902864188345931,27.868851085768657,127.34653161997988,0.8693023194663863,49673.68457865715,1511282172
2506,12507,14.97404782459771,10.97452864672043,6.9745286467204295,2.9745286467204286,1.531989297471158,-12.005573887560844,-8.005573887560844,-4.005573887560844,-1.4099932538939475,0.06276328954991427,0.8921000483089448,27.620441426797576,137.31516432145318,0.9255250708738366,49673.68457865715,1511282172
2507,12508,9.598288275676286,6.179583220024002,6.179583220024002,2.179583220024002,1.514529889440894,-9.431031906948622,-5.431031906948622,-1.4310319069486217,0.45921010205325286,0.0655753498976363,0.8886521123613608,26.907110039739138,123.91542099049948,0.86111231015871,49673.68457865715,1511282172
2508,12509,11.74499838856705,9.588309776951967,5.588309776951967,1.5883097769519672,1.5883097769519672,-9.761829121839583,-5.761829121839581,-1.761829121839581,0.31551870418921313,0.0764401955552442,0.895148326694039,27.29059269723645,122.00811754636179,0.9028851562344407,49673.68457865715,1511282172
2509,12510,8.77794194057179,6.975047698561586,6.9013249896683915,2.901324989668392,1.533591801915198,-8.843056732506465,-4.843056732506466,-0.8430567325064657,0.3995285803825368,0.062306938126059655,0.8866841559140867,27.145159771381056,129.68378220162762,0.8919671550870638,49673.68457865715,1511282172
2510,12511,7.917445709192787,4.309753069366575,4.309753069366575,1.7407427714357213,1.7407427714357213,-10.582351800880271,-6.5823518008802715,-2.5823518008802715,0.8460936548175539,0.05587915822027628,0.8964486654245281,30.972264611573987,134.54200155114694,0.8800756839492635,49673.68457865715,1511282172
2511,12512,6.466302461760719,5.951136249249877,5.951136249249877,1.9511362492498767,1.6882503672718847,-11.033510188678099,-7.033510188678098,-3.0335101886780977,0.9664898113219023,0.04979257578019514,0.8978890747841789,31.55431252564293,138.12837679524884,0.8967625897529861,49673.68457865715,1511282172
2512,12513,7.487627932778168,5.643573249454217,5.181847986085666,1.681391881049645,1.681391881049645,-8.29971798963707,-4.299717989637069,-0.29971798963706986,1.3631234880102538,0.05567698050073613,0.8966257673768775,33.29371932792616,136.2262472333793,0.8904525327312514,49673.68457865715,1511282172
2513,12514,11.463999961336109,8.378783585121397,8.378783585121397,4.378783585121397,1.4683193131748922,-11.76123244938277,-7.76123244938277,-3.76123244938277,-1.2287540652039313,0.07100872152616933,0.8835695691422774,25.500682783709312,127.37309185865362,0.935947460409571,49673.68457865715,1511282172
2514,12515,13.272952366829182,9.713114812281905,5.713114812281906,1.7131148122819055,1.7131148122819055,-10.419836274623574,-6.419836274623573,-2.419836274623573,1.1110803224132482,0.056954823045488004,0.9017856471095832,32.06160775195272,135.82732982964887,0.889089313856775,49673.68457865715,1511282172
2515,12516,7.023940959476809,5.919920975547701,5.919920975547701,1.919920975547701,1.50319819307241,-10.96349424097129,-6.963494240971291,-2.9634942409712908,0.35646085260842963,0.07021728307023507,0.8882920925593003,26.345033633847788,120.27920842693955,0.8644143618241922,49673.68457865715,1511282172
2516,12517,13.415734458852873,13.106389943530584,9.106389943530584,5.106389943530584,1.519425878927606,-11.71330147309568,-7.7133014730956795,-3.7133014730956795,-1.859291773437339,0.06432766419403582,0.885585248860914,26.690466571090226,133.43870182953185,0.9293200888269862,49673.68457865715,1511282172
2517,12518,13.195610701243542,9.965208452517075,7.010631784849159,3.010631784849159,1.7631185690857658,-12.296937162076762,-8.296937162076762,-4.296937162076763,-0.29693716207676313,0.03894859527090969,0.8944913272958227,32.70042861061843,160.28676551367624,1.063319921058929,49673.68457865715,1511282172
2518,12519,10.750899280031097,10.072066434967454,6.072066434967454,2.0720664349674536,1.4866388474533017,-11.438777768621273,-7.438777768621273,-3.438777768621274,0.561222231378726,0.06940504938673797,0.893690208086233,26.945504380365193,122.6008502796814,0.8595216325245206,49673.68457865715,1511282172
2519,12520,9.391515952161868,6.176941883179309,6.176941883179309,2.176941883179308,1.5164719835413345,-8.24585100411786,-4.24585100411786,-0.24585100411785987,0.4613750146581146,0.06511470101490356,0.8887631573218223,27.029962937896403,122.27753600151696,0.8479211369985201,49673.68457865715,1511282172
2520,12521,12.517762105297463,10.188154393230263,6.188154393230263,2.188154393230263,1.426111929535608,-8.6230580443421,-4.6230580443421,-0.6230580443421003,0.23999273421777723,0.07733894023647402,0.8868623112802267,25.013313031928288,115.10388950615737,0.8885240284031986,49673.68457865715,1511282172
2521,12522,12.866152540522368,10.335808494986207,6.335808494986207,2.335808494986207,1.5287458433083552,-9.164022278485806,-5.164022278485806,-1.1640222784858067,0.5995950374510692,0.06275770716361771,0.8923994574033303,27.757026279746313,127.88662137865083,0.8636226790875803,49673.68457865715,1511282172
2522,12523,9.221222579231007,7.953392053308628,7.953392053308628,3.9533920533086278,1.6462593250923756,-10.736760652479294,-6.736760652479293,-2.736760652479293,-1.6856481667055878,0.049855018037221734,0.8865461676542312,29.34198863729567,146.56367223253477,0.9786957975610231,49673.68457865715,1511282172
2523,12524,6.830917119820848,5.865344663547071,5.865344663547071,1.8653446635470707,1.5961319317688905,-7.8835620673934175,-3.8835620673934175,0.11643793260658275,0.17855507938297221,0.06116966595649749,0.8821385418288732,27.53432676684848,120.26697577497372,0.8486086212385592,49673.68457865715,1511282172
2524,12525,4.743237326676507,2.0763193247482903,2.0763193247482903,2.0763193247482903,1.4869480720990877,-9.763909228891452,-5.763909228891452,-1.7639092288914522,0.4899820341279787,0.08105600665630294,0.8936413427196219,26.29958994173324,113.02633634073644,0.8881324550043774,49673.68457865715,1511282172
2525,12526,11.555915254214138,10.30218157833336,6.302181578333361,2.918220077461772,1.6120278123371319,-11.010882829302352,-7.010882829302352,-3.0108828293023517,0.7289999366622921,0.05252763580579284,0.8928463716388252,29.619274470186028,139.98691387776876,0.9169991512583339,49673.68457865715,1511282172
2526,12527,11.983949901330183,9.667966443480433,5.667966443480433,1.6679664434804329,1.6679664434804329,-8.42385545083606,-4.42385545083606,-0.423855450836059,0.7862410501422525,0.06463798057785412,0.9051097537342434,30.47384928092859,129.9455847087513,0.8800399074352988,49673.68457865715,1511282172
2527,12528,7.6742468668286765,6.0833674427174875,6.0833674427174875,2.0833674427174875,1.5146601929194101,-7.962590730482446,-3.9625907304824457,0.037409269517553634,0.4407217576224103,0.06550067917909272,0.8899747933958451,27.254332029673503,121.19659225320561,0.8387592069199943,49673.68457865715,1511282172
2528,12529,11.61379266574102,10.070753762769987,6.0707537627699875,2.070753762769987,1.5088349729551414,-11.522594297109928,-7.522594297109927,-3.5225942971099276,0.4432400249769042,0.06717214081474349,0.8936997944128666,27.24783803485331,124.90732233728542,0.8618756761127682,49673.68457865715,1511282172
2529,12530,10.42447968850203,7.175386578548639,6.033537707742387,2.0335377077423877,1.4175091014570615,-12.068981249197282,-8.068981249197282,-4.068981249197283,-2.5824908985429387,0.07981837143165994,0.8830866520865083,24.35075184156161,121.11929477469735,0.9668831021215853,49673.68457865715,1511282172
2530,12531,12.20432642125513,10.067934483116163,6.067934483116163,2.0679344831161632,1.5086739991213893,-11.112406115030085,-7.112406115030086,-3.112406115030087,0.44194270615269327,0.0672235519949613,0.8936628888628159,27.23751215260934,124.84891598478757,0.8618412602171929,49673.68457865715,1511282172
2531,12532,8.659462785746731,5.99667500382635,5.99667500382635,1.996675003826349,1.5879179325654558,-12.405748411217502,-8.405748411217502,-4.405748411217501,-0.6460255471670162,0.05977821844642122,0.8879607158530902,27.928155879638915,134.4317272292193,0.9091699146470832,49673.68457865715,1511282172
2532,12533,6.984092694940383,5.967214288799761,5.967214288799761,1.9672142887997617,1.5349788740789843,-11.71576953131667,-7.7157695313166705,-3.7157695313166705,0.28423046868332946,0.06583145074266432,0.8867006813436745,26.805656235403724,123.30244930894273,0.8657898647545748,49673.68457865715,1511282172
2533,12534,9.572068110063682,8.24771687312206,5.612289250819792,1.612289250819792,1.612289250819792,-10.342419749087604,-6.342419749087605,-2.342419749087605,-0.08024750825150506,0.0730935047989944,0.8886146898194753,27.044534817093172,124.43709453191315,0.9094416909035979,49673.68457865715,1511282172
2534,12535,11.896760486505885,9.977025438099307,5.977025438099307,1.9770254380993078,1.517793934491442,-11.703162796883735,-7.703162796883735,-3.703162796883735,0.2968372031162656,0.06758785312445154,0.8868531499428517,26.527780980365055,122.00348052542878,0.8657898207192534,49673.68457865715,1511282172
2535,12536,10.3215481618609,9.786929393751429,6.545620226630499,2.545620226630499,1.3286186915270581,-9.139350593610859,-5.1393505936108586,-1.1393505936108592,0.41913798369509225,0.09088635194658579,0.8985043770301706,24.568188242843682,115.48822584150379,1.0072326043073414,49673.68457865715,1511282172
2536,12537,11.216075449024856,10.237923564526291,6.237923564526291,2.237923564526291,1.4155863510664999,-12.262435101784511,-8.262435101784511,-4.2624351017845115,-0.262435101784511,0.07892235593466204,0.8871737990131829,24.807900987158146,118.79620938825491,0.9249626344768878,49673.68457865715,1511282172
2537,12538,11.137373345011644,8.694525201960664,8.694525201960664,4.694525201960663,1.4919757017406552,-9.019351467116183,-5.0193514671161825,-1.0193514671161827,-0.1222748712587498,0.06783877933338223,0.882014379395081,25.80489926335369,128.56690357224514,0.932959978071181,49673.68457865715,1511282172
2538,12539,14.811062779461333,12.245422502454515,9.220467380099906,5.220467380099906,1.2204673800999066,-9.48912557706477,-5.489125577064771,-1.48912557706477,1.2204673800999066,0.0765686670937685,0.9172441571390522,31.784997703067994,157.47376370740707,1.1762178466112299,49673.68457865715,1511282172
2539,12540,11.340555624277757,9.917834415704304,5.917834415704304,1.9178344157043044,1.5472678200061918,-8.25128639009883,-4.251286390098831,-0.25128639009883114,0.09889786698476555,0.06532456212994521,0.882482038479664,26.569891998812945,118.83510891787586,0.8544153233876831,49673.68457865715,1511282172
2540,12541,14.564478353006889,10.591235889975856,7.100582810775291,3.5325291976683104,1.3813155349084962,-10.685454767257463,-6.685454767257464,-2.685454767257463,-0.07108059972118252,0.08355839707384656,0.8874067027486428,24.23495008552097,119.43590105195935,0.9728512328400977,49673.68457865715,1511282172
2541,12542,8.096127796126323,6.267562609318484,6.267562609318484,2.267562609318484,1.5280881480679207,-10.29078310116123,-6.29078310116123,-2.29078310116123,0.493537920813248,0.06343306795182604,0.8900406994266602,27.371054244373365,126.58049016259915,0.864260918417953,49673.68457865715,1511282172
2542,12543,7.342233525293223,5.693360381333185,5.693360381333185,1.693360381333185,1.693360381333185,-10.251784383318714,-6.251784383318714,-2.2517843833187143,1.0982671426014508,0.059209631157834466,0.9102670373405704,32.78441176054296,138.79822721905973,0.9297382480998472,49673.68457865715,1511282172
2543,12544,13.115562725817405,9.836687313494505,5.836687313494504,1.8366873134945036,1.5928052422674208,-11.615344564101726,-7.615344564101726,-3.6153445641017257,0.2245802544779958,0.0632770620648562,0.8916101812311591,28.04990426921188,128.46103792186673,0.8713788297404247,49673.68457865715,1511282172
2544,12545,13.49418264585409,10.465996792270719,6.6482355529075035,3.8749886562238247,1.5118636700517325,-10.941172351075112,-6.941172351075113,-2.9411723510751138,0.4959092548752524,0.06475851291403033,0.8947939966102433,27.64079233179816,135.68082208534105,0.9179448887667675,49673.68457865715,1511282172
2545,12546,14.687564344542444,12.10167371136609,8.218594954237846,5.858522752148137,1.8585227521481371,-11.528774413916942,-7.528774413916941,-3.528774413916941,-1.1609455801441835,0.031547407701247344,0.9122842555969487,37.17605395620298,185.8631166898807,1.2814839039667159,49673.68457865715,1511282172
2546,12547,8.977993645627958,5.988301834835447,5.988301834835447,1.9883018348354464,1.5212214366287078,-8.40098064856361,-4.400980648563609,-0.40098064856360893,0.32769222850862767,0.0668613459658638,0.8869222094310995,26.657378465486495,119.72089882157586,0.8468450548737051,49673.68457865715,1511282172
2547,12548,12.202480465478535,10.024793154905925,6.024793154905924,2.024793154905924,1.5042113557199916,-11.410245283502931,-7.410245283502931,-3.41024528350293,0.3625239632222712,0.0684020666854456,0.8871206403587257,26.38769492513375,121.2261229907175,0.8641908912372198,49673.68457865715,1511282172
2548,12549,13.900930315802679,9.911624903541858,5.911624903541857,1.9116249035418567,1.4872086597252172,-11.136834073909432,-7.136834073909432,-3.1368340739094327,0.40192755082607534,0.07214779904362423,0.8906324438615477,26.312036256532977,119.70916410794389,0.8657204262151907,49673.68457865715,1511282172
2549,12550,9.018027994028046,5.728745796974132,5.728745796974132,1.7287457969741322,1.7287457969741322,-9.034830559584266,-5.034830559584266,-1.0348305595842662,0.6231038149124479,0.05780157416850854,0.8949082113305981,30.278474192712473,133.2659562415363,0.8779042272455677,49673.68457865715,1511282172
2550,12551,11.150341243130812,9.912848846481385,5.912848846481385,1.912848846481385,1.539935138493359,-11.252697769856109,-7.252697769856109,-3.252697769856108,0.09739811192417669,0.06646652681507949,0.8830492110291902,26.409055701871214,122.42913546215735,0.8803132663543876,49673.68457865715,1511282172
2551,12552,7.74306842620134,6.157078387076663,6.157078387076663,2.157078387076664,1.5195441876791629,-9.908346189696633,-5.908346189696633,-1.9083461896966332,0.459955120461246,0.06512461594256835,0.8910910988589089,27.24386571793795,125.39330483839473,0.8609507205822933,49673.68457865715,1511282172
2552,12553,8.589667339513325,6.319297694735326,6.319297694735326,2.319297694735326,1.5332786966995153,-7.558210895375373,-3.558210895375373,0.44178910462462695,0.5122261069592853,0.059284887952931416,0.8781244734465838,27.502528614814388,121.33397415790584,0.8741755473039374,49673.68457865715,1511282172
2553,12554,13.710200979058676,9.74867441667628,5.74867441667628,1.7486744166762807,1.7486744166762807,-8.720296934058554,-4.720296934058554,-0.7202969340585537,0.8186528232201365,0.05509920591665104,0.8962635177397915,31.054589136396622,133.48947152800395,0.872135769493186,49673.68457865715,1511282172
2554,12555,14.270111837085635,11.322236270416616,7.322236270416615,3.3222362704166146,1.4879386114892814,-9.422938498297194,-5.422938498297194,-1.4229384982971938,0.4521430423378945,0.06790258603556427,0.8855002252797823,26.178031010254273,126.89659222824645,0.9050201257005034,49673.68457865715,1511282172
2555,12556,13.402229368753568,9.838404237682164,5.838404237682163,1.8384042376821637,1.6041306426862525,-11.111911079037915,-7.111911079037915,-3.111911079037916,0.23309880122880378,0.06218890139760258,0.8915068567327177,28.240588038323516,129.2780073989053,0.8726759523179091,49673.68457865715,1511282172
2556,12557,7.596301742562912,6.018374756647474,6.018374756647474,2.018374756647475,1.4884566634760372,-10.667145599132397,-6.667145599132398,-2.6671455991323976,0.4656635838413037,0.0701378840512035,0.8873894764829986,26.17889370408578,119.43637008738312,0.8618363736891259,49673.68457865715,1511282172
2557,12558,12.337859893736864,10.059968986605094,6.059968986605092,2.0599689866050928,1.4876458444809562,-8.477526738907981,-4.477526738907983,-0.4775267389079827,0.5631058926851273,0.06932467492650046,0.893778279843894,26.98634036079158,120.97687531381641,0.8483365723431892,49673.68457865715,1511282172
2558,12559,11.875483658845429,11.55758266499491,9.382883593755293,5.509370352911643,1.509370352911643,-12.516110456549926,-8.516110456549926,-4.516110456549928,-1.3786946027348599,0.06560208228581865,0.8970506347702034,27.70869845374483,138.52716035399115,0.9375207480113137,49673.68457865715,1511282172
2559,12560,13.75362626559544,10.146044800133678,7.240508249388195,3.3653475606897842,1.5405314458873567,-12.012645199654134,-8.012645199654134,-4.012645199654133,-0.24831534367352237,0.061713241415449024,0.8855480515783969,27.10386886931856,133.5964510725857,0.9200141828320785,49673.68457865715,1511282172
2560,12561,8.299141477640845,7.789903615279485,7.746768696293299,4.2359182658113195,1.5007004919857827,-8.6905910341132,-4.690591034113201,-0.6905910341132009,0.7467598481770958,0.06465604336878279,0.8902625510077673,27.331878855593544,134.37752166771057,0.919463757196704,49673.68457865715,1511282172
2561,12562,9.95687566417859,6.189769775332272,5.694749717601581,1.6947497176015804,1.6947497176015804,-7.68620368372344,-3.6862036837234404,0.3137963162765589,0.35887474444219714,0.060880416598205755,0.885440948408293,29.021286020438897,122.65631486224568,0.8466215298215177,49673.68457865715,1511282172
2562,12563,9.746759435620044,9.685791018613426,5.685791018613426,1.6857910186134262,1.6857910186134262,-11.47566568953184,-7.47566568953184,-3.4756656895318407,0.5243343104681588,0.06310290373278847,0.8987210206778601,29.77494725575548,132.15747767681574,0.8840519731511751,49673.68457865715,1511282172
2563,12564,12.56361949907524,8.719889507109851,5.891218693142899,1.8912186931428991,1.4064772741637095,-11.352251634914376,-7.352251634914376,-3.352251634914376,-0.7857049880297409,0.08321047943516477,0.8866233381381328,24.357893439468445,117.38194261787561,0.9590818604131353,49673.68457865715,1511282172
2564,12565,13.245657328163935,10.006256222439267,6.006256222439267,2.0062562224392666,1.477427250092328,-10.886478650926458,-6.886478650926458,-2.886478650926458,0.5138829360385995,0.07145255610306725,0.8906568524780916,26.347502753783537,119.73258302105933,0.8611292480215031,49673.68457865715,1511282172
2565,12566,13.08684113246678,12.184659054749186,8.693897615295445,5.958864041232429,1.958864041232429,-8.543118753476238,-4.543118753476238,-0.5431187534762378,-0.17010481501928099,0.025059243318099524,0.8788765056815575,35.233281197016,176.03495977896213,1.3066462978374511,49673.68457865715,1511282172
2566,12567,11.479313857826341,9.168593714068043,9.168593714068043,5.168593714068043,1.5406425634530756,-11.555437005479106,-7.555437005479107,-3.5554370054791073,-0.0785173560199679,0.06169423833544897,0.891316305263465,27.708782244216245,138.30053613792018,0.9298904804067293,49673.68457865715,1511282172
2567,12568,10.092305742220757,6.922327634304134,5.689381152862373,1.6893811528623728,1.6893811528623728,-9.124907614584975,-5.124907614584976,-1.124907614584976,0.27138759187883044,0.06280100521329549,0.8893147194526498,28.722949725985373,129.236856652279,0.8812476321247666,49673.68457865715,1511282172
2568,12569,6.398297581677453,6.063271305759792,6.063271305759792,2.063271305759793,1.4987842298878526,-8.0392845408057,-4.039284540805701,-0.03928454080570054,0.4499308601280796,0.06776226575293365,0.8846977865826144,26.333720767093688,117.31857692528523,0.8458003666220233,49673.68457865715,1511282172
2569,12570,10.440358187586835,6.943394127165647,6.943394127165647,2.943394127165647,1.597792579838554,-11.566418527738765,-7.566418527738765,-3.5664185277387643,0.4335814722612352,0.054852289860053784,0.8884209396568123,28.602097014135158,137.01444503109587,0.9131396537975485,49673.68457865715,1511282172
2570,12571,10.44528804177988,8.28395163761383,8.28395163761383,4.52432447176458,1.5934211116814863,-10.164417069160576,-6.164417069160576,-2.164417069160576,-0.3461671584505188,0.05553245374900687,0.8838554635992923,27.98290760960619,139.49412081644775,0.9498255503226517,49673.68457865715,1511282172
2571,12572,12.030293836161329,9.004085112293065,5.750038280084038,1.750038280084038,1.750038280084038,-11.347062398645605,-7.347062398645605,-3.347062398645604,0.6529376013543966,0.055328320213441716,0.8948877977205023,30.742589593527914,135.77950256476916,0.8892364872344661,49673.68457865715,1511282172
2572,12573,8.302605189241238,5.856700225321626,5.856700225321626,1.8567002253216258,1.6192986621854863,-8.333799466734124,-4.333799466734123,-0.33379946673412353,0.21927311859053922,0.06012334951772262,0.8865879264859001,28.071965160061566,124.58388215295506,0.851729456652958,49673.68457865715,1511282172
2573,12574,15.987156573789981,13.039362447511781,9.039362447511781,5.454125554271248,1.4541255542712481,-10.84165611564652,-6.841656115646521,-2.8416561156465203,0.5514515865495461,0.07191643554911191,0.9011878966786772,27.31654523877328,136.19119959885225,0.9577622272259523,49673.68457865715,1511282172
2574,12575,11.629316632983764,10.110871499635689,6.11087149963569,2.1108714996356897,1.497115818642367,-7.722879964669916,-3.722879964669916,0.277120035330084,0.5749794914557548,0.06563788579563691,0.8874403812683297,27.246086664227583,119.31680877237697,0.8360466176051858,49673.68457865715,1511282172
2575,12576,8.917527924514108,5.855295396141471,5.855295396141471,1.8552953961414704,1.618925769232291,-8.589042938911918,-4.589042938911918,-0.5890429389119187,0.22121259883316013,0.06028359316664539,0.8870402541679914,28.078537099008763,127.02649634556556,0.8662405105648024,49673.68457865715,1511282172
2576,12577,12.514899116803516,8.651648753919167,6.255695740930236,2.2556957409302356,1.5248874044409526,-10.35862662311202,-6.358626623112021,-2.3586266231120208,0.6319094421164243,0.0633272404111346,0.8938218508656077,27.856104326760416,127.66267572155962,0.8614388453554671,49673.68457865715,1511282172
2577,12578,9.931502471118929,6.079431593332714,6.079431593332714,2.079431593332714,1.4940272967538106,-8.76801357216862,-4.768013572168619,-0.7680135721686188,0.5535863719892191,0.06847370842800601,0.8933377554625632,27.040944658710725,121.83807971377288,0.849840064076077,49673.68457865715,1511282172
2578,12579,9.410614725165422,6.075276542508184,6.075276542508184,2.075276542508184,1.4936619530743915,-9.281139627275786,-5.281139627275788,-1.281139627275788,0.5499997681163278,0.06858432842422468,0.8933432397103064,27.024113350252996,122.87108566324402,0.8571620536508356,49673.68457865715,1511282172
2579,12580,4.558090750460956,2.062252810837571,2.062252810837571,2.062252810837571,1.4891367363613977,-11.290695527795558,-7.290695527795557,-3.290695527795557,0.5039718354095257,0.08138042295574272,0.895758938222939,26.549137856686894,114.01099859676637,0.8941825076423264,49673.68457865715,1511282172
2580,12581,9.589852703274504,7.910421505524879,7.656376768189823,4.688410604702642,1.5217164442242235,-12.756685161158575,-8.756685161158575,-4.756685161158575,-2.4782835557757767,0.06404005896721929,0.9024994942483097,28.585031609714612,142.91512781739974,0.9584712166563784,49673.68457865715,1511282172
2581,12582,9.753948945349102,6.244954085407615,6.244954085407615,2.2449540854076155,1.522239394927919,-8.80912429265641,-4.80912429265641,-0.8091242926564097,-0.5879015856142769,0.06468544328065265,0.8855104009821622,26.66845562499453,127.31264893267749,0.8915126443134969,49673.68457865715,1511282172
2582,12583,12.703083150420866,9.68507448717498,5.685074487174979,1.685074487174979,1.685074487174979,-8.53175591627198,-4.5317559162719805,-0.5317559162719803,0.2503434822392847,0.06332006893931662,0.8903868316893458,28.76024676438226,128.0261319502304,0.8721287992315095,49673.68457865715,1511282172
2583,12584,9.683179817312084,9.645304974367825,5.86105104710949,1.8610510471094903,1.600594647920946,-10.078214024089391,-6.078214024089391,-2.078214024089391,0.11045981449713516,0.06179851780418524,0.884207589773128,27.46694688837638,126.8101870558578,0.8825486967321327,49673.68457865715,1511282172
2584,12585,10.904066283116927,10.088524379766277,6.088524379766278,2.088524379766277,1.5083258982147416,-11.535233297803947,-7.535233297803946,-3.535233297803946,0.4647667021960542,0.06700316955272341,0.8940853375443449,27.30933401100502,125.16097354165683,0.8619050657467554,49673.68457865715,1511282172
2585,12586,6.832567448873398,6.07765578622416,6.07765578622416,2.0776557862241596,1.5118688016472823,-9.89943810121753,-5.899438101217529,-1.89943810121753,0.456908777345727,0.06671103597591842,0.8932879459336535,27.273884770621176,124.93733224091048,0.8604880738367392,49673.68457865715,1511282172
2586,12587,9.50858147886429,5.829594972206835,5.829594972206835,1.829594972206835,1.6152332716823616,-7.963257527134095,-3.963257527134095,0.03674247286590426,0.27692900557745737,0.06091456376539392,0.8888872099861458,28.35935395658982,123.72372961056385,0.8400229325357154,49673.68457865715,1511282172
2587,12588,12.12745624992242,11.228475957034995,7.228475957034995,3.7754241250470075,1.5672156076300363,-12.810893997896663,-8.810893997896663,-4.810893997896663,-1.251289578037358,0.058531892634353475,0.8920277450761098,28.322106191260616,141.26916211567521,0.9374622874785925,49673.68457865715,1511282172
2588,12589,11.128216346879633,10.087484319723485,6.087484319723485,2.0874843197234854,1.5079624215728205,-9.163904255778386,-5.163904255778386,-1.1639042557783854,0.4653386822840284,0.06705380932653532,0.8941534275787444,27.309736004597415,124.8468079665949,0.8600094101381034,49673.68457865715,1511282172
2589,12590,5.174465740400432,4.856995357501618,4.856995357501618,2.382067014778249,1.5443525513035945,-11.118772144894274,-7.118772144894274,-3.1187721448942733,0.6295116841897612,0.06070854994019563,0.8924026006598955,28.101442333543048,129.79255245876263,0.8685670793555986,49673.68457865715,1511282172
2590,12591,9.417864701010865,5.668567603643814,5.668567603643814,1.6685676036438142,1.6685676036438142,-8.298605450576703,-4.2986054505767015,-0.2986054505767015,0.5119431352035024,0.06520910899318301,0.898951487269674,29.476085898706373,127.13383389377148,0.8605718675390229,49673.68457865715,1511282172
2591,12592,9.69733937707714,6.078325491010938,6.078325491010938,2.078325491010938,1.511926994871702,-10.161946925784607,-6.161946925784608,-2.1619469257846076,0.45674579368368384,0.06669782921697315,0.8931001127068242,27.255197132240788,124.88036075935551,0.8604445981089274,49673.68457865715,1511282172
2592,12593,10.923788139989188,9.767512321242759,5.7675123212427595,1.7675123212427595,1.5394514536010433,-8.848696681839648,-4.848696681839647,-0.8486966818396475,0.2507864828951989,0.07081652882054322,0.8893185738934442,26.692432712680066,120.47442084655282,0.8659284815397769,49673.68457865715,1511282172
2593,12594,12.794501650605888,10.140919479522802,6.140919479522802,2.1409194795228026,1.5009066175640327,-9.732993148519066,-5.732993148519066,-1.7329931485190657,-0.9618001351869323,0.06792926290486595,0.8991483867066211,27.655207135576678,134.5737471644492,0.9226737843387923,49673.68457865715,1511282172
2594,12595,13.474005780909117,10.179620859414062,6.179620859414061,2.1796208594140607,1.5050163904813616,-7.9354719710277175,-3.9354719710277166,0.0645280289722836,0.47136592777059305,0.06570783899211852,0.8845376482787546,26.63546600823308,119.14177068741876,0.8477876615492094,49673.68457865715,1511282172
2595,12596,11.690046202276246,8.700197264337598,8.630314345831685,4.630314345831684,1.4204033985112139,-11.156128370194855,-7.156128370194855,-3.156128370194855,0.6732965634664188,0.07542854125915512,0.8944857466543288,26.198142324032247,129.7326798586686,0.9459661130204213,49673.68457865715,1511282172
2596,12597,10.175968294172318,9.236934893280477,6.479266643874415,2.4792666438744155,1.6315761743886477,-10.809522263475852,-6.809522263475853,-2.809522263475854,0.78520371368401,0.050524362045822405,0.8938817346262686,30.178484753419692,138.91002482345206,0.9069524693244551,49673.68457865715,1511282172
2597,12598,8.991017731231263,5.828752800920825,5.828752800920825,1.8287528009208254,1.6165769271814316,-9.551903151426556,-5.551903151426556,-1.5519031514265558,0.27878697951095965,0.061415881222708635,0.891032118472527,28.376937158677563,129.25498322044368,0.8709916395101513,49673.68457865715,1511282172
2598,12599,7.8482464927108335,5.674854637116724,5.674854637116724,1.6748546371167239,1.6748546371167239,-9.50562624025012,-5.505626240250119,-1.5056262402501186,0.5569943361415448,0.06443536136819729,0.8999423052846246,29.708590400226257,131.23149680440628,0.8834495764191211,49673.68457865715,1511282172
2599,12600,5.558617224220182,1.8909046911261547,1.8909046911261547,1.7982800148318492,1.5457614510548796,-11.465422919988843,-7.465422919988843,-3.4654229199888436,0.23383006438687004,0.08816892325139876,0.8960658024212258,26.67264943895983,114.92509357472557,0.9725051028063582,49673.68457865715,1511282172
2600,12601,7.626757408450321,5.7008865698207725,5.7008865698207725,1.7008865698207722,1.7008865698207722,-11.812953288928773,-7.812953288928773,-3.8129532889287727,0.1870467110712266,0.06138788869147461,0.8906402382690327,29.105164327588767,132.4533757539251,0.8927490512987711,49673.68457865715,1511282172
2601,12602,11.969214890367434,10.120476898530464,6.120476898530463,2.120476898530463,1.5109894126918648,-10.619786354660684,-6.619786354660684,-2.6197863546606834,0.4794995927991992,0.06636570957193655,0.8940782888558906,27.393254962816464,125.6778748545332,0.8619922198650598,49673.68457865715,1511282172
2602,12603,10.01522549429136,6.116313941450301,6.116313941450301,2.1163139414503007,1.5151566554162155,-10.680008704506498,-6.6800087045064975,-2.6800087045064975,0.47194569631942884,0.06592760005934128,0.893018905341219,27.34754316181003,125.49509000595593,0.8607326190805085,49673.68457865715,1511282172
2603,12604,6.815523565587554,6.14927929668087,6.14927929668087,2.1492792966808705,1.5079478845344865,-11.249565438069938,-7.249565438069938,-3.249565438069939,0.4799544751448186,0.06650880773214554,0.8875526031840117,26.667153341917558,122.5629260885894,0.8609880547242601,49673.68457865715,1511282172
2604,12605,13.669832273454059,10.099449802361628,6.099449802361628,2.0994498023616277,1.5087472269205586,-10.49919813731335,-6.49919813731335,-2.499198137313349,0.47659346963489035,0.06682043094358069,0.8942712879027517,27.35443828223113,125.35638752662045,0.861886234483803,49673.68457865715,1511282172
2605,12606,17.46084829690263,13.510102184765579,9.510102184765579,5.510102184765578,1.510102184765578,-10.629294227106454,-6.629294227106455,-2.629294227106455,-0.6747413497967478,0.06550864142999446,0.880823292700108,26.035073404142935,130.1227223783474,0.9378980823770582,49673.68457865715,1511282172
2606,12607,9.651665858641966,7.613177047449181,7.613177047449181,3.613177047449181,1.4650770787920442,-11.325973796243321,-7.325973796243321,-3.3259737962433213,0.6740262037566792,0.06965832076225814,0.8963780577161169,27.18801904591223,132.0841377505552,0.9184518784131926,49673.68457865715,1511282172
2607,12608,11.563822534653395,9.88157655840821,5.8815765584082085,1.881576558408209,1.6081978212469974,-12.071797421949297,-8.071797421949297,-4.071797421949299,-0.0717974219492985,0.06049144005212583,0.8876430390532464,28.010694521117095,130.84345911726334,0.8893152064700999,49673.68457865715,1511282172
2608,12609,11.096068871920945,10.049309574684333,6.049309574684332,2.049309574684332,1.4862228579003063,-9.283875944963723,-5.283875944963724,-1.283875944963724,0.5573216745297949,0.06970388954979514,0.8936422195827086,26.908682593434904,122.0746612412176,0.8580034277520125,49673.68457865715,1511282172
2609,12610,16.64955726125982,13.179409775358756,9.179409775358756,5.522179277425007,1.5221792774250067,-13.017003128548852,-9.017003128548852,-5.017003128548852,-2.1664229994949116,0.06398208274259835,0.886774909851301,26.86506754327029,134.32184293336994,0.928472384792241,49673.68457865715,1511282172
2610,12611,10.026209824224901,8.635379331668645,8.635379331668645,4.635379331668645,1.5533359247164646,-9.965111610115626,-5.965111610115625,-1.9651116101156247,-1.740528141815404,0.0601714329789401,0.881138371302658,26.912483581168985,134.49953111003563,0.9433162287236738,49673.68457865715,1511282172
2611,12612,12.317363673426454,9.863607228497024,5.863607228497025,1.8636072284970246,1.6489141320722467,-7.9526261641161335,-3.9526261641161335,0.047373835883866455,0.30390596269547454,0.05693668877117103,0.8902767708134266,29.193885052197718,127.530187991145,0.8493070460450055,49673.68457865715,1511282172
2612,12613,11.72719650125613,10.151248608358374,6.151248608358373,2.1512486083583737,1.500339191635953,-11.342752973310569,-7.34275297331057,-3.3427529733105708,0.477216392055289,0.06742143923472976,0.8872464968455119,26.495210344226205,121.80790793764129,0.8620525744944256,49673.68457865715,1511282172
2613,12614,8.19293300179987,7.096479833981986,7.096479833981986,3.6135473473028243,1.4756558296507014,-11.027858146901854,-7.027858146901854,-3.0278581469018544,-2.2249292074595832,0.07001754681060357,0.8866036522311606,25.94678949489665,129.6368396488292,0.930414499425214,49673.68457865715,1511282172
2614,12615,13.873039105268983,10.056124213544438,6.056124213544438,2.0561242135444378,1.5358917454059313,-13.26400992820028,-9.26400992820028,-5.264009928200282,-1.7367430498061924,0.0645353622684601,0.8827884503813904,26.512966030719433,131.0255629359592,0.928224490630101,49673.68457865715,1511282172
2615,12616,9.980631578238015,9.863316628234694,5.863316628234693,1.8633166282346931,1.6479263153612058,-9.236824161691079,-5.236824161691079,-1.2368241616910784,0.30285571210990225,0.05754741560594011,0.8922643784175633,29.17213325135132,132.75337131916555,0.8792053735318883,49673.68457865715,1511282172
2616,12617,11.551496918204219,10.086335045826026,6.086335045826026,2.0863350458260257,1.5084459789689968,-11.533743066040882,-7.533743066040882,-3.5337430660408824,0.4662569339591176,0.06700593615939406,0.894040506156028,27.30582127264324,125.1159201234575,0.8617093572479211,49673.68457865715,1511282172
2617,12618,10.396141858096605,6.64446066013434,4.305662056418445,2.2509595784502645,2.2509595784502645,-9.001192818929479,-5.001192818929479,-1.001192818929479,0.932512852668133,0.017761570002643806,0.9987799693553051,98.73526363609298,442.32470974631303,4.533775829714751,49673.68457865715,1511282172
2618,12619,10.09638689051253,10.082997546521133,6.082997546521134,2.0829975465211334,1.5081822551752369,-11.535333246203349,-7.535333246203349,-3.535333246203349,0.46466675379665134,0.06707359688287082,0.8939637891333501,27.288701404619438,125.0238602585122,0.861609448798251,49673.68457865715,1511282172
2619,12620,10.738560961034974,10.00029133726326,6.000291337263262,2.0002913372632616,1.4760292747080264,-9.916374500328095,-5.916374500328094,-1.916374500328094,0.5096996433756462,0.07171508731185317,0.8903139226525443,26.276713021494214,119.36236980364744,0.8614804746574896,49673.68457865715,1511282172
2620,12621,14.05571578656255,10.243357609392433,6.243357609392432,2.2433576093924326,1.5171921115812321,-11.513534188980719,-7.51353418898072,-3.51353418898072,0.4864658110192799,0.06485184918740072,0.8893187897548798,27.07540657966467,125.09461032022273,0.8631046304183315,49673.68457865715,1511282172
2621,12622,9.152589395315433,6.057102531091089,6.057102531091089,2.057102531091089,1.510448497034097,-10.779457450609062,-6.779457450609063,-2.7794574506090637,0.45294689282011436,0.06710533751385798,0.8932005260311882,27.216584758721766,124.58069909283523,0.8604119965861049,49673.68457865715,1511282172
2622,12623,16.064856776185714,12.866035775038393,8.941189467322513,4.941189467322514,1.739818213576237,-13.130741853256128,-9.130741853256128,-5.1307418532561275,-1.7839108202501055,0.04094546785898039,0.8900080483436793,31.68098292788583,158.37987301080844,1.0554729438499217,49673.68457865715,1511282172
2623,12624,13.034126596976957,10.000877151836232,6.000877151836232,2.0008771518362316,1.4791749272126518,-11.510602631314386,-7.510602631314386,-3.510602631314386,0.4893973686856137,0.0714029766322728,0.8892976863597433,26.209387911725422,119.2565618161027,0.8619134783380265,49673.68457865715,1511282172
2624,12625,8.711334446981429,5.8597640232925166,5.8597640232925166,1.859764023292517,1.6360911700682357,-11.700588962240541,-7.700588962240541,-3.7005889622405412,0.29941103775945876,0.05865728983179043,0.8909260896020315,28.806347627813,131.49122181048625,0.8772576786359071,49673.68457865715,1511282172
2625,12626,15.899949737910433,13.158126980624864,9.158126980624864,5.158126980624864,1.5335541426027828,-10.162109408605625,-6.162109408605627,-2.1621094086056267,0.3815969768421612,0.06234050593080959,0.8888896518039591,27.36506046153744,136.35900195868604,0.9270939983706136,49673.68457865715,1511282172
2626,12627,12.085809380596084,10.166911583426547,6.166911583426548,2.1669115834265478,1.5057407393813882,-9.945528710404549,-5.945528710404549,-1.945528710404549,0.4568722308172959,0.06671886488121295,0.8875106965975281,26.617334758913504,122.6089173200401,0.8625234148486968,49673.68457865715,1511282172
2627,12628,11.441548594780292,10.438870366530894,6.438870366530895,2.4388703665308955,1.5303933878165685,-9.924390653800138,-5.924390653800138,-1.9243906538001385,0.526475726856346,0.0626243138051269,0.8899422494670554,27.47286068130983,128.0309860942827,0.8707258383572112,49673.68457865715,1511282172
2628,12629,11.227898971238133,8.44664587104168,6.330058628706813,2.3300586287068135,1.5308975273537409,-13.439245965843401,-9.439245965843401,-5.4392459658434005,-2.4691024726462594,0.06333476494009964,0.8786703626636776,26.18350314035004,130.47815106994832,0.9439813034579956,49673.68457865715,1511282172
2629,12630,11.190916749963034,9.1234792309324,5.933264691415974,1.933264691415974,1.933264691415974,-12.003508126447837,-8.003508126447837,-4.003508126447839,-0.8800140621647052,0.0376116168484046,0.893847847744942,34.59356331720243,167.4439340165477,1.115737506671085,49673.68457865715,1511282172
2630,12631,9.701949296622606,7.824207917552798,7.775722010427635,4.145064704633796,1.422408712609793,-9.053125891370664,-5.053125891370663,-1.0531258913706638,-0.45847361931368424,0.07744531239968637,0.8750905205496371,23.840749893239867,118.57527330518074,0.9809828401077948,49673.68457865715,1511282172
2631,12632,7.487514485676818,6.150266698606711,6.150266698606711,2.1502666986067114,1.5190219423628533,-9.450389782531149,-5.450389782531148,-1.4503897825311476,0.46185441234310476,0.06523024810199098,0.8917530409734897,27.301376911563242,125.49207622828555,0.8603351964551715,49673.68457865715,1511282172
2632,12633,9.203956224425376,6.834819835975276,5.679680576601934,1.6796805766019338,1.6796805766019338,-8.98387167308984,-4.9838716730898405,-0.9838716730898407,1.428563009587347,0.05419063089577877,0.8957915886646222,34.07795998792558,139.3439245940839,0.9093917626231701,49673.68457865715,1511282172
2633,12634,10.889969134615576,7.002957927104536,7.002957927104536,3.0029579271045357,1.4655117233855501,-9.115001279222518,-5.115001279222519,-1.115001279222519,0.10411385657606909,0.07132878505422777,0.887945450760614,25.89370869470734,125.42235073050067,0.9061671774084978,49673.68457865715,1511282172
2634,12635,15.231376337414368,11.637794553769977,7.637794553769978,3.637794553769978,1.5845177410345037,-12.641189896697185,-8.641189896697185,-4.641189896697184,-0.6411898966971841,0.05653765519479955,0.8902185636427241,28.474680164181425,141.4470161740608,0.938934752709329,49673.68457865715,1511282172
2635,12636,6.6599107180282555,6.334059642510703,6.196518117800275,2.196518117800274,1.5311363765204182,-11.64536072586835,-7.6453607258683505,-3.6453607258683505,-0.2663411264248483,0.06387662920024788,0.8852706653127008,26.78684514767247,128.0870601791317,0.8940551432151618,49673.68457865715,1511282172
2636,12637,6.586901169949174,6.072242890512971,6.072242890512971,2.072242890512971,1.5018101724750081,-11.37510733854456,-7.3751073385445585,-3.3751073385445576,0.4503660330241115,0.06797489846656528,0.8870555064235912,26.426767118961763,121.10170343841497,0.8612476966879299,49673.68457865715,1511282172
2637,12638,14.00676259358512,10.537666947799307,6.94396998578209,2.94396998578209,1.584849484291831,-10.57724776657435,-6.577247766574351,-2.5772477665743505,-0.0896498940128092,0.05650016390118445,0.8894452573876968,28.395998960846256,138.30144946771438,0.9208775885719719,49673.68457865715,1511282172
2638,12639,10.032948021397107,9.006893316823971,5.641867416339517,1.6418674163395168,1.6418674163395168,-7.6312031356888514,-3.6312031356888506,0.3687968643111492,1.398284863696232,0.057805251273323116,0.9062150726795898,34.98929323115652,140.738596878672,0.9283475532651707,49673.68457865715,1511282172
2639,12640,9.538168999554918,8.783532060934991,5.591893639361276,1.5918936393612755,1.5918936393612755,-7.949286568086647,-3.949286568086647,0.05071343191335287,1.1578730444975425,0.06930262377986508,0.9025799043390528,30.80171707583614,126.08374824889391,0.8763935921920595,49673.68457865715,1511282172
2640,12641,10.914987000407192,10.071112697574847,6.071112697574845,2.0711126975748453,1.493228744011332,-10.513225069596816,-6.513225069596817,-2.5132250695968166,0.5782066075614055,0.06854699362261574,0.8945558721646393,27.177217210246194,123.50499501732409,0.8587986916906811,49673.68457865715,1511282172
2641,12642,8.871697982760418,5.945314596863805,5.945314596863805,1.9453145968638053,1.6473972442088363,-11.019033026521551,-7.0190330265215515,-3.0190330265215515,0.9809669734784491,0.052740637034317236,0.8983017876192052,31.016732185678897,135.55194232448716,0.8809575563287517,49673.68457865715,1511282172
2642,12643,8.275267961005731,6.090207917441451,6.090207917441451,2.090207917441451,1.4990409045493738,-9.879370261376495,-5.879370261376494,-1.8793702613764947,0.5798411781301626,0.06767118700134933,0.8940663517348691,27.24604526552989,123.93131877982415,0.8575332722426479,49673.68457865715,1511282172
2643,12644,10.747800406051306,9.144676388538114,5.144676388538115,1.634480091260832,1.634480091260832,-8.83495253238704,-4.8349525323870415,-0.8349525323870413,0.9076888789448228,0.06805986112872475,0.9033804513634143,29.930543992371923,126.84889825836555,0.8749352520642798,49673.68457865715,1511282172
2644,12645,12.941623226813164,10.067930668673744,6.067930668673745,2.0679306686737458,1.4947288816553999,-11.031849386494358,-7.031849386494358,-3.0318493864943576,0.5756165629682997,0.06841388157807772,0.8945512624065961,27.197592789649168,123.59587080609944,0.8586375585156284,49673.68457865715,1511282172
2645,12646,7.087990704600032,6.0353456441651705,6.0353456441651705,2.0353456441651705,1.5071064925952717,-8.007729519580165,-4.007729519580166,-0.007729519580165656,0.45909539388919307,0.06700391074713222,0.8913732713420262,27.18120047525556,120.55925987053699,0.8381358428733721,49673.68457865715,1511282172
2646,12647,9.504238121054641,6.033140524430648,6.033140524430648,2.033140524430648,1.5070810721731356,-11.344911790826853,-7.3449117908268535,-3.3449117908268544,0.45754621368273396,0.06776859484403404,0.8935039172688196,27.166069157008746,124.12522203371358,0.8604009491717433,49673.68457865715,1511282172
2647,12648,11.359775551862812,10.03027553883263,6.03027553883263,2.0302755388326297,1.4833608294677136,-7.794658840115819,-3.7946588401158188,0.20534115988418145,0.4823607446398659,0.06873137995111482,0.8816195565358597,26.120158269847437,114.44160830776913,0.8485712132301996,49673.68457865715,1511282172
2648,12649,11.612738504868314,9.966168126306899,5.966168126306899,1.9661681263068989,1.4816499226422406,-9.52172892761999,-5.52172892761999,-1.5217289276199903,0.4989032569921247,0.07156823992514365,0.8926193998011126,26.56835538867538,120.40933844814512,0.8612273252614954,49673.68457865715,1511282172
2649,12650,8.026431307306128,5.872965885779217,5.872965885779217,1.872965885779217,1.6326361497806865,-11.387922354892297,-7.387922354892297,-3.3879223548922965,0.2624172653370911,0.05853332804135073,0.8889498319869229,28.56837259595855,130.82249666970768,0.8787215948307819,49673.68457865715,1511282172
2650,12651,10.570869672064315,9.658713372507894,5.658713372507894,1.6587133725078942,1.6587133725078942,-7.367260781838673,-3.367260781838673,0.6327392181613274,0.855515659036553,0.06188984789823358,0.8883758441856451,30.24008048025436,122.97407910114819,0.8403804624479173,49673.68457865715,1511282172
2651,12652,7.9257836639138635,5.711046682183644,5.711046682183644,1.711046682183644,1.711046682183644,-10.447251578596985,-6.447251578596985,-2.447251578596986,0.9271269532081226,0.05879859132495452,0.8983620815025238,30.801582707325977,132.5924738386822,0.8725034959973292,49673.68457865715,1511282172
2652,12653,11.846570560347628,8.358105601829063,5.736052572822497,1.7360525728224971,1.7360525728224971,-8.421639975666956,-4.421639975666957,-0.4216399756669571,-0.14119137331640164,0.057148741895697554,0.8925830646963809,30.084999162425852,136.00933085971408,0.8986799677378463,49673.68457865715,1511282172
2653,12654,6.741975533410699,5.954079936535533,5.492726049192683,1.715618747798514,1.715618747798514,-8.012081175102999,-4.012081175102999,-0.012081175102998332,1.0264634596294604,0.057406467863919446,0.8975677836696443,31.225685972740926,130.690200183446,0.8571838574066978,49673.68457865715,1511282172
2654,12655,12.429399341390729,10.049220572577644,6.049220572577644,2.0492205725776445,1.5055003076875926,-11.342224699682957,-7.342224699682957,-3.3422246996829577,0.45272796054680375,0.06777673406297466,0.8937685626500949,27.17920147337105,124.35070627259009,0.8613890942267636,49673.68457865715,1511282172
2655,12656,13.224878986705704,9.600080277644572,5.6000802776445715,1.6000802776445717,1.6000802776445717,-11.84253640173518,-7.84253640173518,-3.84253640173518,-0.21530621860317,0.07483316004664589,0.8989563918101207,27.933850562985082,129.49817609922525,0.935312610932595,49673.68457865715,1511282172
2656,12657,9.830416972872476,6.726438615658896,5.448898275594295,1.620181565791792,1.620181565791792,-8.086035612345052,-4.086035612345053,-0.08603561234505208,0.9388823020764772,0.06938945977805906,0.9023767293448918,29.750287586329755,124.38784261712951,0.8657545631177045,49673.68457865715,1511282172
2657,12658,7.475313324037946,5.670011213951374,5.670011213951374,1.6700112139513739,1.6700112139513739,-8.974124676192591,-4.974124676192592,-0.9741246761925921,0.805971291787088,0.06432000970891746,0.9031415002769522,30.29320661881006,129.62432277062777,0.8740329656620702,49673.68457865715,1511282172
2658,12659,11.849700191273387,8.320276136679034,5.920723458339923,1.920723458339923,1.6479498435132627,-8.936230901318178,-4.936230901318178,-0.9362309013181787,0.9580020966511656,0.053579505206733824,0.8982729523375887,30.86473855270857,133.87011960368895,0.8708796919229279,49673.68457865715,1511282172
2659,12660,6.2247684172276,5.115735073686933,5.090828060997307,1.776846027986019,1.776846027986019,-10.657873094234949,-6.65787309423495,-2.65787309423495,-2.2231539720139812,0.05259037195941224,0.886671987833691,30.27614783438515,149.68166892993594,0.9994345950717952,49673.68457865715,1511282172
2660,12661,9.78847974595583,5.93042431499621,5.93042431499621,1.9304243149962095,1.7076710324118227,-7.208478928414199,-3.2084789284142,0.7915210715857999,0.8724480266347266,0.04545297468686377,0.8736115451529388,31.306251782261057,128.67534421347426,0.9452741925121735,49673.68457865715,1511282172
2661,12662,4.9953977665048495,2.9708276334993053,2.2144168694979545,1.6052535889428514,1.6052535889428514,-10.836499926021686,-6.836499926021686,-2.836499926021686,1.1576770555479765,0.06963514647630661,0.9032854399965792,30.888820298532394,125.90626639369883,0.8778760074888369,49673.68457865715,1511282172
2662,12663,10.701287653311478,9.675095997406046,5.6750959974060455,1.6750959974060458,1.6750959974060458,-7.28518567221816,-3.2851856722181587,0.7148143277818412,1.15252009300822,0.05717839706254041,0.8863762013320734,31.635017959327335,127.30665500932453,0.8624207190949684,49673.68457865715,1511282172
2663,12664,11.622904979302744,9.634311336940637,5.634311336940637,1.6343113369406368,1.6343113369406368,-10.14260481149648,-6.142604811496479,-2.1426048114964793,0.9102028072604138,0.06806033457793095,0.9045644374070815,30.08381220309712,128.82138424296556,0.8891838633965558,49673.68457865715,1511282172
2664,12665,13.560508317318615,11.871374563964725,7.871374563964725,3.871374563964726,1.3843301981794414,-7.806782900025212,-3.806782900025211,0.1932170999747893,0.5132590123342975,0.07931701001197676,0.8805447319142545,24.549487745047795,115.67059356929963,0.9412164350592206,49673.68457865715,1511282172
2665,12666,11.974997120051473,9.680265187541167,5.680265187541167,1.6802651875411667,1.6802651875411667,-10.4507826265651,-6.4507826265651005,-2.4507826265651005,1.1684054081170017,0.05963062432677524,0.9009941517108423,31.831030124433525,133.74984771095066,0.8821141183181211,49673.68457865715,1511282172
2666,12667,8.845384113380325,6.03205286749781,5.710326082938039,1.7103260829380387,1.7103260829380387,-9.81856922567827,-5.818569225678272,-1.818569225678272,0.9349643548528705,0.0588297051454208,0.8982563788511349,30.79843936606357,132.44013909642968,0.871654914221926,49673.68457865715,1511282172
2667,12668,11.952436519147016,9.584058980571026,5.584058980571026,1.5840589805710257,1.5840589805710257,-8.825598362434846,-4.825598362434847,-0.8255983624348471,1.2247345215036927,0.0688102761980209,0.9037472777656893,31.443791581078955,129.58604627358528,0.8973597632195066,49673.68457865715,1511282172
2668,12669,16.198857104828125,12.30294581927473,8.802451052636837,4.802451052636836,1.5128989039596068,-11.250437849343943,-7.250437849343943,-3.2504378493439434,-0.6499752297329422,0.0651526221167406,0.8785145640084584,25.867432861504934,129.16965668999168,0.9445038441799531,49673.68457865715,1511282172
2669,12670,10.9642201075834,10.090052278173692,6.090052278173693,2.0900522781736925,1.5001023479473214,-7.567428136580241,-3.56742813658024,0.43257186341975995,0.5966169943077314,0.06399109897675119,0.8818326315898504,27.252180391203567,117.75021825636817,0.8449237976902896,49673.68457865715,1511282172
2670,12671,8.183191033585762,6.055243992990053,6.055243992990053,2.055243992990053,1.4922160036188166,-11.31794789533702,-7.317947895337021,-3.3179478953370207,0.54507948594657,0.0689807001058364,0.8900304522352892,26.624136746038193,121.1330905745385,0.8566729888219691,49673.68457865715,1511282172
2671,12672,11.597933863321042,10.112839894298295,6.112839894298295,2.112839894298296,1.504527961164419,-8.156789739369621,-4.156789739369621,-0.1567897393696207,0.6021144466415285,0.06639144561638222,0.892947137196864,27.37707232036843,122.20228693365361,0.841837599784297,49673.68457865715,1511282172
2672,12673,10.247831033803678,10.098923654244674,6.098923654244674,2.098923654244674,1.5019635646747498,-10.796904999050223,-6.7969049990502235,-2.7969049990502226,0.5948714375175298,0.06717560188485298,0.8938697612219828,27.303322355860473,124.1722871407066,0.8567999860450695,49673.68457865715,1511282172
2673,12674,13.81601272395183,9.986141677116631,5.986141677116632,1.9861416771166316,1.4823237067929893,-7.7060002917008905,-3.7060002917008905,0.2939997082991095,0.532549538801913,0.06862428524868963,0.8838770683780746,26.54556962772341,114.99289594431534,0.8395238891412526,49673.68457865715,1511282172
2674,12675,11.34060369767586,9.686792224796523,5.686792224796523,1.686792224796523,1.686792224796523,-10.283364804681803,-6.283364804681802,-2.283364804681802,1.1497563913618296,0.05922415615286968,0.9018940115063903,31.90583445259894,134.37026646379888,0.885358156215665,49673.68457865715,1511282172
2675,12676,13.555484528596931,12.185896267537007,8.833607873292697,5.605642619976856,1.6056426199768563,-11.128832877718057,-7.128832877718058,-3.1288328777180583,0.431828175675645,0.053990556374040904,0.9090754248614135,31.188753820836947,155.63913791903144,1.0248162173069664,49673.68457865715,1511282172
2676,12677,12.049635917534836,12.022104996662529,8.022104996662529,4.022104996662529,1.5152402741938424,-11.047721372714118,-7.047721372714119,-3.0477213727141184,0.5299559124280204,0.06423333374320998,0.8898300696101666,27.199964376720814,133.79762155012008,0.9151465343710339,49673.68457865715,1511282172
2677,12678,12.225591811996718,9.98944552399596,5.9894455239959585,1.989445523995959,1.4818446403172107,-8.952964094907884,-4.952964094907885,-0.9529640949078846,0.5328831882014518,0.07106550076336055,0.891524829123943,26.518128247947125,119.71807113472047,0.8561142420142571,49673.68457865715,1511282172
2678,12679,11.7632981973079,9.830001666656518,7.076140280945319,3.076140280945319,1.4795250770044583,-11.574750230492276,-7.574750230492276,-3.574750230492276,-0.9912264203820758,0.06949930310184979,0.9002260349153053,27.47351391285905,136.21000797512752,0.9422431278546383,49673.68457865715,1511282172
2679,12680,10.762724560016387,9.617712208439194,5.9087891069092295,1.9087891069092295,1.6147503197260586,-8.455301493914972,-4.4553014939149715,-0.45530149391497177,0.9295215521831085,0.05669687451862056,0.8988343575331387,30.29462795846247,131.07875706350563,0.8574593901473655,49673.68457865715,1511282172
2680,12681,11.26941713485156,10.12146627687264,6.1214662768726384,2.1214662768726384,1.5087348484133234,-10.985677885631489,-6.98567788563149,-2.98567788563149,0.6091639738240706,0.06612197693399743,0.8941623300092529,27.493152292106696,125.10430702054711,0.8568984166832486,49673.68457865715,1511282172
2681,12682,12.347866419822376,9.989653844057552,5.989653844057552,1.9896538440575524,1.5006552270250875,-10.462918228577342,-6.462918228577341,-2.462918228577341,-0.04769453199115059,0.06954452346410024,0.8824341853862332,25.758357420480586,120.8342066627851,0.890325180552628,49673.68457865715,1511282172
2682,12683,12.653615196607655,10.120664198936144,6.1206641989361446,2.120664198936144,1.5086396206274386,-9.9048752187517,-5.904875218751699,-1.9048752187516993,0.6067007063829021,0.06615218413812315,0.8941518948269145,27.48633473306414,125.0591168572116,0.8567743376194377,49673.68457865715,1511282172
2683,12684,10.365388415148608,6.967171860666444,2.9671718606664443,1.5994393733374868,1.5994393733374868,-7.936474486030099,-3.9364744860300984,0.06352551396990203,0.928194974509339,0.07192773214756985,0.9026636977720081,29.48309032772366,120.69937717380603,0.858215940067356,49673.68457865715,1511282172
2684,12685,10.248989153126386,7.507131388705769,5.638899451205953,1.6388994512059532,1.6388994512059532,-11.086596963266896,-7.086596963266896,-3.0865969632668957,0.8852797983442582,0.067692869095095,0.906206995836073,30.290831990293146,130.0585334397483,0.8979116158890778,49673.68457865715,1511282172
2685,12686,11.69254719478451,10.374658941014907,6.374658941014907,2.374658941014908,1.5168311781900956,-13.437759187779037,-9.437759187779037,-5.437759187779037,-1.4377591877790372,0.06496250681837802,0.8884626642852183,26.900912997614657,132.97715677992957,0.9176812107351763,49673.68457865715,1511282172
2686,12687,8.6117461500065,6.021850221601752,6.021850221601752,2.0218502216017513,1.4928739778606965,-10.0796517613053,-6.079651761305301,-2.0796517613053007,0.5712804624072104,0.06916882087041781,0.8930756173492902,26.955618944249522,122.13552055948779,0.8563520788872693,49673.68457865715,1511282172
2687,12688,13.744161196839027,9.989611214551678,5.989611214551677,1.9896112145516769,1.4870880950857093,-11.449530356026848,-7.449530356026849,-3.449530356026848,0.5504696439731522,0.0703708303192104,0.8931330022218003,26.799467301348994,121.35243454433905,0.8584762887285395,49673.68457865715,1511282172
2688,12689,13.530865452881583,10.004588357094734,6.004588357094735,2.004588357094735,1.6768494473532385,-9.75059490886901,-5.750594908869009,-1.7505949088690091,-0.003761169377396456,0.051314827168285455,0.8887865969402209,29.687805350019474,138.9455465866578,0.9210195058321986,49673.68457865715,1511282172
2689,12690,12.60229410663682,9.730369926902013,5.730369926902013,1.7303699269020132,1.7303699269020132,-8.550542703660398,-4.550542703660397,-0.5505427036603969,0.47798314016140875,0.057741410966381364,0.8926393143324111,29.997287450770386,130.70703929750323,0.8655150621977361,49673.68457865715,1511282172
2690,12691,10.664829361283779,9.27055244532177,5.27055244532177,1.9051223465778595,1.610602132390597,-11.078513274747113,-7.078513274747112,-3.0785132747471122,0.9214867252528873,0.057225634249768564,0.8987660065936953,30.175691539867444,132.0819457285063,0.8651273728324597,49673.68457865715,1511282172
2691,12692,12.803076716471688,10.125431361532273,6.125431361532274,2.125431361532274,1.512163795652482,-10.622560142879736,-6.6225601428797365,-2.6225601428797356,0.6145154169886435,0.06566510855878885,0.8942110511976262,27.57056043081942,125.44343541120146,0.8567724624242592,49673.68457865715,1511282172
2692,12693,4.110105222377822,2.112741623751097,2.112741623751097,2.112741623751097,1.5041025799558982,-9.279608460373272,-5.279608460373271,-1.2796084603732705,0.5916785408065237,0.07728452078701949,0.8981058119217099,27.275223024302843,116.14589809623168,0.8687726394285117,49673.68457865715,1511282172
2693,12694,13.381344103285118,9.898398652565213,5.898398652565212,1.8983986525652126,1.6216894070638272,-9.85541109614738,-5.85541109614738,-1.8554110961473798,0.928932818665587,0.05646970901074938,0.8988841241466463,30.3682552990131,132.74186384763368,0.8677697664559789,49673.68457865715,1511282172
2694,12695,13.489248990358819,10.025991625630422,6.025991625630422,2.0259916256304216,1.4959021225268125,-9.098264120214226,-5.098264120214227,-1.0982641202142276,0.5827447901753275,0.06870781235358632,0.8944591987519639,27.177682915589926,122.76633267404361,0.8550940758782912,49673.68457865715,1511282172
2695,12696,7.7380589454644655,7.143245407519623,6.258454581000646,2.2584545810006458,1.5400937166627837,-7.709249301343914,-3.709249301343915,0.2907506986560846,0.6611796497841973,0.05967879022825046,0.8871476534438566,28.125072658708895,124.2765823045829,0.8461127912243436,49673.68457865715,1511282172
2696,12697,12.000592121695771,8.521525582583584,6.26785911450608,2.26785911450608,1.5417115753635724,-10.716093094046093,-6.7160930940460934,-2.7160930940460934,0.6642385055870754,0.06118951610452253,0.8933755528507173,28.169718284022444,128.93983000238842,0.8625258265622159,49673.68457865715,1511282172
2697,12698,11.386921467048058,8.275890065734574,4.275890065734574,2.091002607896814,1.5066510061519385,-7.490028535549974,-3.490028535549973,0.509971464450027,0.6241979763066007,0.06230102483672099,0.8798777967835141,27.53441819022988,118.06398033570784,0.8516475593934336,49673.68457865715,1511282172
2698,12699,10.638527853984964,6.892383827730711,2.8923838277307112,2.2088092447464325,1.521256366794116,-7.447428756162738,-3.447428756162738,0.5525712438372616,0.6251223357967808,0.05953001635589234,0.876816236009831,27.728339472589404,117.11584299753267,0.8566093810869074,49673.68457865715,1511282172
2699,12700,11.81405053628434,9.212958262069709,6.008825934615302,2.008825934615303,1.4933149270192712,-10.564321897201745,-6.564321897201746,-2.5643218972017454,0.5969505014552933,0.06915480323145648,0.8946080936012117,27.14842769454058,122.70057324864555,0.8570254117606957,49673.68457865715,1511282172
2700,12701,7.2005757042631995,5.706980186858623,2.8862228795632294,1.5901500031857003,1.5901500031857003,-8.213435603333894,-4.2134356033338936,-0.21343560333389333,0.9995278459913673,0.07253756304628349,0.9037657466827961,29.67479268734236,121.84018682028987,0.870888815568628,49673.68457865715,1511282172
2701,12702,8.251782159787005,7.833681894171939,3.8336818941719395,2.5121878323640994,1.525754891173703,-9.325175780424987,-5.3251757804249875,-1.3251757804249873,0.6008445785210399,0.06280863391360193,0.8914593126273475,27.63477838331747,128.51258430315562,0.8702233710481547,49673.68457865715,1511282172
2702,12703,12.373107899205031,11.523587859793198,7.523587859793197,3.523587859793197,1.5461070456166388,-12.116022256564095,-8.116022256564095,-4.116022256564095,-0.11602225656409493,0.061033775406257686,0.8967973872711239,28.422559169337987,140.15318690214983,0.9295522991306053,49673.68457865715,1511282172
2703,12704,12.623134661951292,10.030536036234269,6.030536036234267,2.0305360362342673,1.497204462941775,-9.364678124419859,-5.36467812441986,-1.3646781244198591,0.5755578333611454,0.06853659766342032,0.8940304472356869,27.149627794609703,122.90165125559113,0.8557496789183248,49673.68457865715,1511282172
2704,12705,13.841452338424894,10.122147575584869,6.122147575584869,2.1221475755848687,1.503559405729107,-7.901499617240252,-3.901499617240252,0.09850038275974793,0.549462230304697,0.06593243716738381,0.8855872098710019,26.779853272972833,118.71552811342725,0.8412844974362883,49673.68457865715,1511282172
2705,12706,10.635248337205446,10.046050406543852,6.046050406543851,2.0460504065438516,1.5001248079289617,-10.445314201452975,-6.445314201452976,-2.445314201452975,0.5692394915773222,0.06804422893542453,0.8941099067893106,27.21822821482638,123.55742840212693,0.8570821631342613,49673.68457865715,1511282172
2706,12707,6.528650853425637,6.1169952692230565,6.1169952692230565,2.116995269223057,1.506470743572818,-9.906348896399217,-5.906348896399217,-1.9063488963992163,0.5566705215003152,0.06666615001826937,0.8892256984643617,26.858478146497042,122.57002803709173,0.8558497342305894,49673.68457865715,1511282172
2707,12708,12.72294712736079,9.648173523374686,5.648173523374686,1.6481735233746855,1.6481735233746855,-9.603516547769157,-5.603516547769157,-1.6035165477691578,1.0534975091805046,0.06483063354076925,0.9098435394238699,31.69842778733497,134.11858714795292,0.918897788288015,49673.68457865715,1511282172
2708,12709,13.028588982606996,10.129242998293305,6.129242998293305,2.129242998293305,1.5035119568781592,-7.702132097610751,-3.7021320976107512,0.29786790238924854,0.541252355573999,0.06471988399611223,0.88084932762589,26.719922484098113,117.1468127588522,0.8498913169087051,49673.68457865715,1511282172
2709,12710,7.7598278719483496,4.423444236586468,4.423444236586468,2.063126316829322,1.5011625030707634,-8.625381005841362,-4.625381005841361,-0.6253810058413609,0.6015940043269483,0.06755437371783382,0.8936559223776601,27.256264796545125,122.64913554873726,0.8493579525993132,49673.68457865715,1511282172
2710,12711,12.32528088170711,8.42185114494305,6.123259703763486,2.1282672063722825,1.511047559197497,-7.598876438469876,-3.598876438469876,0.4011235615301241,0.5752457035129631,0.06290753501168056,0.8850222611397343,27.637677913078946,120.1684550372574,0.8398217820928399,49673.68457865715,1511282172
2711,12712,13.383484014084248,9.91128952110022,5.911289521100219,1.9112895211002192,1.598714591571402,-10.196376858954139,-6.19637685895414,-2.196376858954139,0.8919126559889815,0.0583229362012703,0.8983604951649538,29.851028251803385,131.02745515286276,0.8610962954433065,49673.68457865715,1511282172
2712,12713,11.09046450160652,10.069158476454172,6.069158476454172,2.069158476454172,1.5055371150432675,-8.511112866449519,-4.511112866449519,-0.5111128664495193,0.5752845577622966,0.06708408026964245,0.8943778771108097,27.389736227076686,122.82755348532129,0.8466725569892575,49673.68457865715,1511282172
2713,12714,11.182948997526827,10.086184999560501,6.0861849995605,2.086184999560501,1.5083368047770513,-9.921773065691834,-5.921773065691836,-1.9217730656918357,0.5670915369870327,0.06667769139440419,0.8946350996363351,27.457401824124236,124.96811401707376,0.858008209097192,49673.68457865715,1511282172
2714,12715,10.892969885105142,10.007685093622387,6.007685093622387,2.0076850936223862,1.4944944752995342,-8.912529836718624,-4.912529836718625,-0.9125298367186254,0.5685066943330789,0.06917068957011745,0.8936582437364515,27.02943593610016,121.86230311613684,0.8533992506522353,49673.68457865715,1511282172
2715,12716,10.268712119022284,10.099841497158426,6.099841497158426,2.099841497158426,1.5104314604338354,-11.451938264352911,-7.451938264352911,-3.4519382643529113,0.5480617356470888,0.0663835404792735,0.894545745235839,27.476671522228983,125.35198680442582,0.8591483979673984,49673.68457865715,1511282172
2716,12717,5.393514481510411,2.927138081521502,2.927138081521502,2.1453974187338796,1.5130089912653755,-7.7570715284686225,-3.7570715284686225,0.2429284715313771,0.6015837334519114,0.06421627461634144,0.8868799562423513,27.390042880501777,117.17488856121126,0.8178277047555704,49673.68457865715,1511282172
2717,12718,13.115463678920543,10.16453222437297,6.164532224372969,2.16453222437297,1.5201174532993191,-8.668390090212128,-4.668390090212128,-0.6683900902121278,0.5988468710114894,0.06451636364539141,0.8933388333904069,27.631059250931127,124.94251975356855,0.8498523723335885,49673.68457865715,1511282172
2718,12719,9.927743196367542,9.458166406704407,6.296403166206065,2.2964031662060647,1.5594678314815857,-7.3929420092197855,-3.3929420092197846,0.6070579907802154,0.6800042902951143,0.054473769291202415,0.8751355330746708,28.516014840462752,116.67781387711359,0.8553012981375705,49673.68457865715,1511282172
2719,12720,6.902891219555756,6.121395806021061,6.121395806021061,2.121395806021061,1.511870257026353,-9.166477797356222,-5.1664777973562215,-1.1664777973562217,0.579452741113567,0.06589956969271774,0.8912731149033384,27.200654041340364,123.7593850509924,0.8535624101178823,49673.68457865715,1511282172
2720,12721,9.242991716366804,6.122334905539776,6.122334905539776,2.122334905539776,1.511905198106119,-10.521222609453801,-6.521222609453801,-2.521222609453801,0.5742687163585951,0.06591114275932969,0.8910409932481194,27.171156839387628,123.92556022318388,0.8553300001677799,49673.68457865715,1511282172
2721,12722,10.263565537084895,7.8363390526235035,5.731828362741818,1.9184422884258991,1.5931443070249796,-10.277074514151295,-6.277074514151296,-2.2770745141512947,0.8850854184807394,0.05867415709583901,0.8981930608315143,29.737519309705473,130.67712969667411,0.8598328397709943,49673.68457865715,1511282172
2722,12723,11.198103313138734,8.677176303733605,4.677176303733606,2.250781181471525,1.5432370787311924,-9.844768711988653,-5.844768711988651,-1.8447687119886516,0.6665381233631412,0.06108214305411881,0.8937907830398956,28.24137013135679,129.07376208902994,0.8622045947861225,49673.68457865715,1511282172
2723,12724,12.499264830937783,10.051987514753804,6.051987514753803,2.051987514753803,1.5041699845817569,-8.163460624570728,-4.16346062457073,-0.16346062457072996,0.5783310318863115,0.06713762571178902,0.8934040165136813,27.337688923191752,121.55106744705154,0.8405083584773143,49673.68457865715,1511282172
2724,12725,12.17017519221352,10.064694300452038,6.064694300452038,2.0646943004520377,1.5060297953340178,-11.06465308198215,-7.06465308198215,-3.06465308198215,0.572111300018771,0.06714048390449066,0.8943932349324347,27.376038305269468,124.4089752265254,0.8572025714972114,49673.68457865715,1511282172
2725,12726,7.435165787516105,6.072048347426581,6.072048347426581,2.0720483474265814,1.508201471739037,-11.422927440425445,-7.422927440425445,-3.422927440425444,0.5770725595745559,0.06679007880004151,0.8932673052174045,27.305328135340503,124.10773764611824,0.8555572803610753,49673.68457865715,1511282172
2726,12727,4.88098396999413,2.089234113347608,2.089234113347608,2.089234113347608,1.5044781482553324,-11.28697536111529,-7.2869753611152905,-3.2869753611152905,0.5709527992747134,0.07829443672130362,0.8978135820407777,27.171565024761797,116.32379892432655,0.8787629493032203,49673.68457865715,1511282172
2727,12728,8.662488445699807,6.079559076133647,6.079559076133647,2.0795590761336467,1.5103078802635246,-9.668582205704684,-5.668582205704685,-1.6685822057046849,0.5699869499561849,0.06650127097942168,0.8937581393302629,27.39497203406482,124.56892281218916,0.8560852980192771,49673.68457865715,1511282172
2728,12729,9.741376082306745,8.664825169969646,5.908941435957792,1.9089414359577919,1.6213955081489118,-9.49071263260965,-5.490712632609649,-1.4907126326096496,0.9236781134139976,0.05625044074693883,0.8981075628806459,30.278716402595414,132.4534159090462,0.8658287140046899,49673.68457865715,1511282172
2729,12730,10.477572758221532,10.095986897408185,6.095986897408183,2.0959868974081832,1.511862177514977,-11.44826640068523,-7.44826640068523,-3.44826640068523,0.5517335993147701,0.06623764953709367,0.8946927855325099,27.519491877767543,125.48639812373762,0.8590428152943551,49673.68457865715,1511282172
2730,12731,13.868695950330778,10.096183671967665,6.096183671967665,2.0961836719676654,1.511978444959756,-8.057608175281626,-4.057608175281626,-0.05760817528162576,0.5526902565472631,0.06568671499798644,0.8931172438352173,27.529111459015112,122.55342866132139,0.8402653467884493,49673.68457865715,1511282172
2731,12732,10.865283066462322,9.411897236000431,5.4118972360004305,2.3495310971259986,1.5796100013571543,-8.455316084470837,-4.455316084470838,-0.4553160844708375,0.7245806694538729,0.05639848530449129,0.8935960756637673,29.039546082125504,131.99871188317616,0.8689372512611929,49673.68457865715,1511282172
2732,12733,13.402807905194884,10.10986366783394,6.109863667833939,2.109863667833939,1.5139438568770036,-10.745116856636253,-6.745116856636254,-2.7451168566362547,0.5544193917891981,0.06586029144358925,0.8946316007042121,27.56475467344791,125.78264025954539,0.859198170907649,49673.68457865715,1511282172
2733,12734,12.121368727502242,10.007258162229139,6.007258162229138,2.0072581622291383,1.496873081867313,-8.57800733686942,-4.578007336869422,-0.578007336869421,0.5811215179616065,0.06880841317415091,0.8935380473857194,27.08331200780945,120.9184616389837,0.845392644274159,49673.68457865715,1511282172
2734,12735,7.893090301450438,6.091774104048684,6.091774104048684,2.0917741040486844,1.5120497349661643,-10.461549653366593,-6.461549653366592,-2.4615496533665917,0.5797625936020493,0.06613855705649199,0.8927760748974628,27.341893144612996,124.40982828915713,0.8552667675065232,49673.68457865715,1511282172
2735,12736,10.03290006811175,6.0930006954653315,6.0930006954653315,2.093000695465332,1.512383170799491,-11.427961623432253,-7.427961623432254,-3.427961623432255,0.5720383765677454,0.06612206406106846,0.8928375921127644,27.346693519953714,124.5090624825907,0.8556920794369558,49673.68457865715,1511282172
2736,12737,10.929811317638697,10.152507965602025,6.152507965602024,2.1525079656020245,1.5106771308275297,-9.256650823568222,-5.256650823568222,-1.2566508235682219,0.5595265138576108,0.06588939213879981,0.8889933035160307,26.937647257231696,123.02147776184532,0.8556605678928545,49673.68457865715,1511282172
2737,12738,8.056358520881314,6.089445509331984,6.089445509331984,2.089445509331984,1.5131194162089325,-7.460752467374236,-3.4607524673742347,0.5392475326257654,0.5609903981511593,0.06142270461217643,0.8771357394197299,27.46820093229831,117.73034576388375,0.8644409663723499,49673.68457865715,1511282172
2738,12739,11.456541160765942,9.57890142945583,5.57890142945583,1.57890142945583,1.57890142945583,-9.142281377293843,-5.142281377293842,-1.1422813772938427,1.2218540765736072,0.06944927656839664,0.9038263829941757,31.361438589178043,129.359365560197,0.8997502096690789,49673.68457865715,1511282172
2739,12740,9.658382175155332,9.635293837390424,6.135626737102248,2.135626737102248,1.5268138987645756,-10.08737407576967,-6.087374075769672,-2.087374075769672,0.571389320428934,0.06409430410164613,0.8950164941521082,27.88082972141536,127.28252726251417,0.8601596689119315,49673.68457865715,1511282172
2740,12741,7.624240404396627,6.243753292988426,3.1457356326307684,2.419110984017326,1.6185529204655718,-9.647119690698354,-5.647119690698354,-1.6471196906983534,0.7933595697834006,0.051908308790685295,0.8935315201000247,29.89818561338238,135.91302113003405,0.8887087207918651,49673.68457865715,1511282172
2741,12742,11.530212327116548,10.126638291349586,6.126638291349585,2.126638291349585,1.516325133612902,-10.737802248706432,-6.737802248706432,-2.7378022487064317,0.5478100018944657,0.06546752675077258,0.8944622717141013,27.595918408428528,126.1140396022359,0.8597359787206993,49673.68457865715,1511282172
2742,12743,7.6794649576344405,6.171865955739268,2.1718659557392677,2.1718659557392677,1.505328450901237,-9.01830077033892,-5.018300770338921,-1.0183007703389204,0.5654217675504647,0.06976801895820045,0.8913001808445434,26.877152583214727,118.17181939976366,0.8385111841235318,49673.68457865715,1511282172
2743,12744,13.379073224049211,9.996398573611454,5.996398573611455,1.9963985736114553,1.4935885875737893,-10.447416078926267,-6.447416078926268,-2.447416078926268,0.5730346026607328,0.06941272129246598,0.8926412012823356,26.89550977755966,121.65123587516752,0.8556174427858934,49673.68457865715,1511282172
2744,12745,10.601405892788296,10.162507341602794,6.162507341602793,2.162507341602793,1.5121145373206712,-11.02285211952424,-7.022852119524241,-3.0228521195242415,0.5571883987440243,0.06566160393173213,0.8887803488603212,26.945262550579486,123.3489977324191,0.8574070194751778,49673.68457865715,1511282172
2745,12746,13.798893074855012,9.900457074883866,5.9004570748838665,1.9004570748838663,1.6407323077048355,-7.750032488820596,-3.7500324888205956,0.2499675111794044,0.9306222690047103,0.05421420977663334,0.8948144226308559,30.557103226057393,129.5884085133881,0.8475511505238419,49673.68457865715,1511282172
2746,12747,13.824922490580244,10.17704355039974,6.177043550399741,2.1770435503997407,1.5145963301020007,-10.37663741755915,-6.3766374175591505,-2.3766374175591505,0.553576362154358,0.06528971315495122,0.8973638988738957,27.924533460732704,127.97284088316633,0.8672953590916597,49673.68457865715,1511282172
2747,12748,10.258484525171616,9.991097112202278,5.9910971122022785,1.9910971122022785,1.4947954066430647,-9.9302936667959,-5.930293666795898,-1.9302936667958985,0.5823356366616614,0.06930311123081752,0.8931575853683684,26.97737240610651,121.87263964036114,0.8552691631686529,49673.68457865715,1511282172
2748,12749,9.641620716722736,6.139148197745047,6.139148197745047,2.139148197745046,1.5142483547173613,-9.8662325570858,-5.866232557085799,-1.8662325570857992,0.5702508111053938,0.06552327147135831,0.8892239209177116,27.02934083804097,123.41528671184513,0.8556680824896997,49673.68457865715,1511282172
2749,12750,12.33582370285553,10.096373099352236,6.0963730993522365,2.0963730993522365,1.5128377415115166,-8.374219184362333,-4.374219184362333,-0.37421918436233237,0.5443979484764059,0.06603371373105957,0.8941039631729096,27.502387716374663,123.50313656117461,0.8461793424840777,49673.68457865715,1511282172
2750,12751,8.878988419109817,8.04319638623102,6.288321614604765,2.288321614604765,1.5377971341475807,-8.144308373471905,-4.144308373471906,-0.14430837347190617,0.6272971577400571,0.06144674690053065,0.8894035512317011,27.724544366342123,125.30046546294595,0.8503580711659384,49673.68457865715,1511282172
2751,12752,13.544442080480385,10.139849334224401,6.139849334224403,2.1398493342244023,1.509609480955462,-11.44801544067927,-7.44801544067927,-3.4480154406792707,0.5519845593207293,0.06613676603822317,0.8886942354522015,26.871006331696233,122.87332441239423,0.8569493315670478,49673.68457865715,1511282172
2752,12753,11.415717543225522,9.994259293588115,5.994259293588114,1.9942592935881143,1.4959606298926007,-8.631921938912027,-4.631921938912027,-0.6319219389120272,0.5813968955887966,0.06910191105174027,0.8932852989998777,27.02209482479071,120.5864445014306,0.8454673085940605,49673.68457865715,1511282172
2753,12754,6.326384719409946,6.115867694704365,6.115867694704365,2.1158676947043644,1.512207702272114,-11.135760541432365,-7.135760541432365,-3.135760541432364,0.5665560270868482,0.06596214335319198,0.8897025394740135,27.021883826060876,123.25760983231928,0.8552204639168416,49673.68457865715,1511282172
2754,12755,8.3461208241817,6.033430051834634,6.033430051834634,2.033430051834635,1.505570513514962,-7.7900291927287215,-3.7900291927287215,0.20997080727127893,0.5812513789217397,0.0659211524197635,0.8879041516000437,27.206993157319058,118.82859945314266,0.8324949171384534,49673.68457865715,1511282172
2755,12756,10.540997707529039,7.08557107135768,6.2012987104840995,2.2012987104840995,1.5231932078036003,-8.788015915477265,-4.788015915477266,-0.7880159154772659,0.5988219601669118,0.06394329419953648,0.8895371177474719,27.298000216826154,123.94923721597767,0.850929889173573,49673.68457865715,1511282172
2756,12757,11.479000281730453,9.995919550446423,5.995919550446423,1.9959195504464233,1.496406985059253,-10.439205760100842,-6.439205760100841,-2.4392057601008412,0.5788902739428151,0.06906570259899948,0.8933988651125654,27.032991277131668,122.21990408851963,0.8556177775699686,49673.68457865715,1511282172
2757,12758,8.128793248063165,7.038861685905659,3.629194740524495,1.9150701615110892,1.573739509092216,-10.962579181923493,-6.962579181923492,-2.962579181923492,0.8496042707462109,0.06077715415639225,0.8981513010832398,29.311411253238887,128.92808636070438,0.8548155814183704,49673.68457865715,1511282172
2758,12759,13.669793719446634,9.897635605816516,5.897635605816515,1.8976356058165158,1.637144332956945,-9.127440966925258,-5.127440966925259,-1.1274409669252587,0.9227302837476482,0.055372961347950875,0.897933231628617,30.464779817238963,132.26246422854354,0.8631241506051297,49673.68457865715,1511282172
2759,12760,5.96839531800069,4.539492846533729,4.539492846533729,2.0199532466641026,1.5153325756427096,-8.621474463808793,-4.621474463808793,-0.621474463808793,0.6683416381236711,0.06608258596151242,0.8954530111243705,27.76079447818192,123.48891862907519,0.8441573829452286,49673.68457865715,1511282172
2760,12761,12.624908513716505,10.010725973107826,6.010725973107827,2.0107259731078266,1.5040227156453276,-8.858348565349397,-4.858348565349396,-0.8583485653493963,0.6079734869913203,0.06783817447481,0.8945687058279792,27.351184880120282,122.24948000281455,0.8466567887678894,49673.68457865715,1511282172
2761,12762,12.566678935976078,10.014600776872047,6.014600776872046,2.0146007768720464,1.5042294658877824,-9.268682002733755,-5.268682002733755,-1.268682002733754,0.603213326587804,0.0677928645718931,0.8945087375566942,27.34453483949182,123.37103905206042,0.8537846925061486,49673.68457865715,1511282172
2762,12763,4.508805730957016,3.024045756586193,2.887030031397293,2.1143910134951147,1.5303665493504737,-9.06800019905583,-5.068000199055829,-1.0680001990558294,0.6743688065457462,0.0636962653147631,0.8956215120914998,28.135781854064707,125.13140435282182,0.8436265781406552,49673.68457865715,1511282172
2763,12764,12.826740182968264,9.924165753473117,5.924165753473117,1.9241657534731167,1.5619711199267188,-11.19037311444246,-7.19037311444246,-3.19037311444246,0.8096268855575399,0.061997608849252206,0.8977947560533565,28.971755288553275,128.13131836712702,0.854154247874337,49673.68457865715,1511282172
2764,12765,7.607957588113956,6.063726299060213,6.063726299060213,2.0637262990602134,1.514396933552676,-11.397245524315919,-7.397245524315919,-3.3972455243159203,0.6027544756840799,0.06604735583096749,0.8942046281691008,27.54251010879859,124.90148748847955,0.8551367948111928,49673.68457865715,1511282172
2765,12766,13.261870625198862,9.89171151131737,5.89171151131737,1.8917115113173697,1.6247655246336674,-10.45268181514933,-6.45268181514933,-2.4526818151493304,0.9004925501841794,0.05669317799610729,0.8982065952419294,30.214442113154583,132.3296995093091,0.865853242519176,49673.68457865715,1511282172
2766,12767,6.256317194577468,6.065288064773057,6.065288064773057,2.065288064773057,1.5150589782021167,-11.253044331490885,-7.2530443314908855,-3.2530443314908855,0.6051828151631737,0.06594333986622818,0.89422671793157,27.561456680567908,124.97999410033711,0.8550937534802587,49673.68457865715,1511282172
2767,12768,7.880500771263128,6.068119201232245,6.068119201232245,2.068119201232246,1.5151326157549774,-11.346538232987198,-7.346538232987198,-3.346538232987198,0.5999212773642304,0.06592996390053849,0.8941375208743872,27.548854505864384,124.99095041180865,0.8552590978224406,49673.68457865715,1511282172
2768,12769,11.420178430176719,10.08095381090094,6.080953810900941,2.0809538109009407,1.514775465397214,-11.417791338420688,-7.417791338420688,-3.417791338420689,0.5822086615793106,0.06591924338762795,0.8947379751256159,27.59812240587351,125.469906931975,0.8572838817438561,49673.68457865715,1511282172
2769,12770,13.48508932048866,10.078167032236436,6.078167032236436,2.0781670322364363,1.5141493154366026,-10.811839724296936,-6.811839724296936,-2.8118397242969353,0.5788372469189395,0.06603404674327441,0.8947533470039366,27.58201612687359,125.40051320680395,0.857374281081028,49673.68457865715,1511282172
2770,12771,11.629306602120774,10.06447969272948,6.0644796927294795,2.064479692729479,1.511681727163699,-10.855905278507398,-6.855905278507398,-2.8559052785073993,0.5735678659809004,0.06648352365486808,0.8946308448408048,27.50526370538363,124.98189954897171,0.8571121369593547,49673.68457865715,1511282172
2771,12772,14.046243799283133,10.707242204143304,6.707242204143304,2.707242204143304,1.4989343951817287,-11.686398159345414,-7.686398159345415,-3.6863981593454147,-1.8258434145474893,0.06696544043978503,0.902738996694416,28.147453079910896,140.07397873963228,0.9542152464031038,49673.68457865715,1511282172
2772,12773,11.028884058126991,9.005279791396376,5.005279791396375,1.5988572492792745,1.5988572492792745,-10.14987145792173,-6.149871457921731,-2.149871457921731,0.9273692640750375,0.07240053764701067,0.9031015335799726,29.34130504952747,125.06089588347582,0.8901299358268195,49673.68457865715,1511282172
2773,12774,9.315645017707235,6.278474137112929,5.926566216662083,1.926566216662083,1.5654048451933715,-10.567854446284995,-6.567854446284996,-2.567854446284997,0.8136303405635519,0.061591270930723904,0.897630157893428,29.024173340830906,128.34475337913926,0.8541774005429218,49673.68457865715,1511282172
2774,12775,13.635371850318895,10.149306967390025,6.149306967390025,2.149306967390025,1.5304408406559225,-9.202943601540044,-5.202943601540045,-1.2029436015400445,0.6311200403146122,0.06331000771479277,0.8942912324049936,27.950591181654147,127.01811186883722,0.8563265832891487,49673.68457865715,1511282172
2775,12776,6.777329034025281,6.007628951531251,6.007628951531251,2.007628951531251,1.5037823659732734,-11.408922261270387,-7.408922261270388,-3.408922261270388,0.5910777387296121,0.06799883817418953,0.8932933185432548,27.18048383398234,122.88791179065173,0.8540723079618232,49673.68457865715,1511282172
2776,12777,6.350535512626343,6.171793582493968,2.1717935824939674,1.9871915501845836,1.4938910512358656,-10.197217766089176,-6.197217766089175,-2.1972177660891754,0.6025977687359652,0.072290226325698,0.8955396278001992,27.058371062913906,118.44737480597283,0.8480505811905871,49673.68457865715,1511282172
2777,12778,10.993320154958726,9.986908386079852,5.986908386079851,1.986908386079851,1.4987214535804008,-7.514535148914232,-3.5145351489142307,0.48546485108576953,0.5861840112286292,0.06473919088345759,0.8791167737788679,27.093041915365593,115.50357785668866,0.8500108947501097,49673.68457865715,1511282172
2778,12779,8.381363195425019,6.028416725269171,6.028416725269171,2.028416725269172,1.508803525669139,-8.664846791887134,-4.664846791887134,-0.6648467918871337,0.5886274845231235,0.06714551405700965,0.8934285063610563,27.310284864809116,122.19311889104958,0.8446654662424278,49673.68457865715,1511282172
2779,12780,10.0464584519147,9.988026108734797,5.988026108734798,1.988026108734798,1.4988243054067103,-10.288322143305237,-6.288322143305237,-2.288322143305237,0.5849482731714098,0.06887269946420818,0.8935285652437824,27.087420502471794,122.34447909387853,0.8550358443691337,49673.68457865715,1511282172
2780,12781,11.24861369844732,9.997749076191182,5.997749076191182,1.9977490761911822,1.500571399611432,-10.304540729562447,-6.304540729562448,-2.304540729562448,0.5821083181446216,0.06854633640553891,0.8936224125139404,27.13647154457605,122.67265705994566,0.8550964264757595,49673.68457865715,1511282172
2781,12782,13.477912795330777,10.182170607910221,6.182170607910222,2.182170607910222,1.5373400606573717,-8.486076238776068,-4.486076238776067,-0.48607623877606776,0.6424201028767696,0.0622017714981634,0.8938784163244218,28.084026896669364,126.6200478215026,0.8501388085824785,49673.68457865715,1511282172
2782,12783,9.177702966206802,6.082043872468321,6.082043872468321,2.0820438724683217,1.5172455968965226,-8.955993316362694,-4.955993316362694,-0.9559933163626935,0.5884522259913127,0.06559513014650153,0.8938724731261851,27.557241861261037,124.79428256316457,0.8528459970297821,49673.68457865715,1511282172
2783,12784,8.605430241228076,6.006033879590964,2.006033879590963,2.006033879590963,1.494904291593533,-9.96961183307455,-5.96961183307455,-1.96961183307455,0.587371365503387,0.07493103677456787,0.8965988863044485,27.018823888872685,117.39482280441632,0.8591615739292878,49673.68457865715,1511282172
2784,12785,9.349825052131289,6.084375073288912,6.084375073288912,2.0843750732889124,1.5175336758363385,-11.419461749699662,-7.419461749699662,-3.4194617496996633,0.5805382503003366,0.06557638205364119,0.8938248066638858,27.549190270015693,125.28966949780067,0.8560599921942208,49673.68457865715,1511282172
2785,12786,6.771390965360172,6.754855976400738,2.754855976400738,1.9141991392848356,1.6434319401985802,-10.792500684702437,-6.792500684702437,-2.7925006847024365,0.9659455605589505,0.05417262386105062,0.8977738324659871,30.743096124374983,132.52213578224934,0.8631479493830971,49673.68457865715,1511282172
2786,12787,11.509567581817194,9.8812928285614,5.881292828561398,1.8812928285613983,1.6348908157855708,-9.817341578447264,-5.817341578447264,-1.8173415784472644,0.8901470978145514,0.05631824293898532,0.8983172848199599,30.32049223069059,132.75845544233889,0.8678233566764206,49673.68457865715,1511282172
2787,12788,11.094620004420621,7.490104235988097,6.240857158421589,2.2408571584215897,1.5660259416322584,-10.68830654983342,-6.68830654983342,-2.6883065498334204,0.7186173393637826,0.05835457146971516,0.8938790494683837,28.750090102773996,130.90868887764768,0.8657681731627744,49673.68457865715,1511282172
2788,12789,13.210661649901239,10.107246650803276,6.107246650803275,2.1072466508032757,1.5192048743542703,-9.815184404453687,-5.815184404453687,-1.8151844044536867,0.5740286755105886,0.0651961413834474,0.8948543488082109,27.704347328454165,126.19674655139156,0.8583440512319345,49673.68457865715,1511282172
2789,12790,12.293318077965287,10.080664250503201,6.0806642505032,2.0806642505032005,1.5152992784246344,-10.124431443497594,-6.124431443497595,-2.1244314434975946,0.5677745054120719,0.06592359100105544,0.8948043480854757,27.598141095860704,125.57225731166704,0.8578621955041046,49673.68457865715,1511282172
2790,12791,11.066289997649594,9.998752450993686,5.998752450993687,1.998752450993688,1.500428802934595,-11.42560514935631,-7.4256051493563096,-3.4256051493563087,0.5743948506436914,0.06858480997178135,0.8929189839369465,27.049874745589847,122.36262636218154,0.8547647586027808,49673.68457865715,1511282172
2791,12792,13.690446899999095,10.184322945968775,6.184322945968775,2.184322945968775,1.5330552540296092,-9.744805265215646,-5.744805265215646,-1.7448052652156465,0.6226371417278057,0.06281377709650028,0.8930149155113629,27.869448231218133,127.18246697957387,0.8578919194224647,49673.68457865715,1511282172
2792,12793,13.013881157469395,9.630630712469841,5.630630712469841,1.6306307124698416,1.6306307124698416,-10.154919429957076,-6.154919429957077,-2.1549194299570766,0.9011079479070871,0.0686016509276954,0.9050172825040617,30.04123317590063,128.70019573120868,0.8921257507061439,49673.68457865715,1511282172
2793,12794,11.284590822755167,10.117285722593637,6.117285722593637,2.149095504661827,1.5103656307881492,-10.838687604255606,-6.838687604255606,-2.8386876042556066,0.5864904441159361,0.06583318896642418,0.8891151316343693,26.97292762155392,123.13937757408064,0.8557394583176836,49673.68457865715,1511282172
2794,12795,9.642836135288006,6.047302090737465,6.047302090737465,2.047302090737465,1.512090571863902,-9.653732986066265,-5.653732986066267,-1.6537329860662664,0.5721527019867233,0.06663520918568813,0.8937610512647168,27.39915519022353,124.29733783035391,0.8550020158872584,49673.68457865715,1511282172
2795,12796,13.144677618107744,9.44235680095489,6.26117156310376,2.2611715631037606,1.5738409881806563,-10.538091719912352,-6.538091719912352,-2.5380917199123516,0.7267003153143458,0.05737815010570488,0.8939404743668136,28.925077683199596,131.80990894098292,0.8691312485809406,49673.68457865715,1511282172
2796,12797,6.6424740470381725,6.080910869861564,6.080910869861564,2.080910869861564,1.511361978717465,-8.62884268191031,-4.62884268191031,-0.6288426819103103,0.5763911763276932,0.06631272307102107,0.8900717397093718,27.035812723122746,121.55899513570493,0.8447942783768205,49673.68457865715,1511282172
2797,12798,12.370429619023525,10.067536376502428,6.067536376502427,2.067536376502427,1.5125604537731265,-11.446000785882466,-7.446000785882466,-3.4460007858824664,0.5539992141175343,0.06643028949097571,0.8946810537478949,27.50814353978949,125.18277824003924,0.8580624677786534,49673.68457865715,1511282172
2798,12799,4.439449801464459,2.0820887714412954,2.0820887714412954,2.0820887714412954,1.5069890172015057,-8.73041586073142,-4.7304158607314175,-0.7304158607314177,0.5742361290889011,0.07832653628121636,0.8966740919469559,27.071368470751803,113.63277093380644,0.8625540768018216,49673.68457865715,1511282172
2799,12800,6.428063104744633,6.038291625610242,6.038291625610242,2.038291625610242,1.5113725493747732,-9.584826493283487,-5.584826493283487,-1.5848264932834868,0.568899998853657,0.0668384045724095,0.8938999455523736,27.388337340579216,124.18242578255692,0.8550408471049619,49673.68457865715,1511282172
2800,12801,10.320785428442086,6.897482186927252,5.901073227820834,1.9010732278208344,1.5771355476455795,-7.791056766406537,-3.7910567664065367,0.20894323359346334,0.8366610390186939,0.06004284731979151,0.8946864792111937,29.276096975919433,125.00941992200015,0.8308629970883757,49673.68457865715,1511282172
2801,12802,7.8016442483839565,5.891433223232359,5.891433223232359,1.8914332232323596,1.6377964608884163,-10.99300796369959,-6.993007963699591,-2.9930079636995917,0.8949979221442833,0.05574724896063904,0.8977175648085325,30.339015853542918,132.9345499384193,0.8682703001043387,49673.68457865715,1511282172
2802,12803,10.32712602068909,9.974164191285885,5.974164191285884,1.974164191285884,1.5027179999569296,-11.220081368724452,-7.220081368724453,-3.2200813687244523,0.6065781679080852,0.0685330886897814,0.8942440743780301,27.24403983223731,122.7573575247731,0.854407437197007,49673.68457865715,1511282172
2803,12804,11.094273435607805,9.588839367666454,5.588839367666454,1.5937874923440332,1.5937874923440332,-7.492174374712386,-3.492174374712386,0.5078256252876141,1.131754965787966,0.06781884151855667,0.8981835835954337,30.89870100791597,124.81471491724454,0.8591531196217626,49673.68457865715,1511282172
2804,12805,8.554925936524208,5.900264937258424,5.900264937258424,1.9002649372584233,1.5657634508889229,-11.186770369673168,-7.186770369673168,-3.1867703696731677,0.8132296303268322,0.062188381578930196,0.897908985871855,29.005894723245916,128.0086976417383,0.8539943788104277,49673.68457865715,1511282172
2805,12806,7.231288546218385,5.89719429843985,5.89719429843985,1.8971942984398507,1.5693057616926607,-7.298686088442388,-3.2986860884423885,0.7013139115576115,0.8168319448900857,0.05657976269005,0.8757352935802563,29.0711003604081,120.14582052343599,0.876845285087456,49673.68457865715,1511282172
2806,12807,12.129486183762834,9.9715812381878,5.971581238187801,1.9715812381878008,1.5022175427446902,-9.531547947827983,-5.531547947827982,-1.5315479478279819,0.6072663615561279,0.06862669283976296,0.8942239168806211,27.230654710177475,122.56078162833356,0.8537042180888956,49673.68457865715,1511282172
2807,12808,11.561290167766792,9.989532178621214,5.989532178621216,1.9895321786212157,1.5040628807497327,-11.04834983772913,-7.04834983772913,-3.0483498377291287,0.5909279301972981,0.06822546268360775,0.8941398911248053,27.255013432169445,123.07224663740593,0.8548936405390998,49673.68457865715,1511282172
2808,12809,10.759155396725882,10.077567269478605,6.077567269478606,2.077567269478606,1.5181867907167244,-10.116143668569654,-6.116143668569655,-2.116143668569655,0.5790635275764062,0.06557706712168912,0.8952004259466575,27.704011662333848,125.93393736267572,0.8579155820606159,49673.68457865715,1511282172
2809,12810,8.432007895479375,6.863162009923994,5.91849827773826,1.9184982777382609,1.6521817809457195,-7.645050695069131,-3.6450506950691306,0.3549493049308696,1.011283690969292,0.051825361690962315,0.8933311960566552,31.07279523804081,130.7759789290968,0.8557415387721354,49673.68457865715,1511282172
2810,12811,12.105036223806353,9.878428585849957,5.878428585849957,1.8784285858499572,1.6424622004881282,-11.110152037994421,-7.11015203799442,-3.1101520379944203,0.8898479620055797,0.05583987124110641,0.8982599792625713,30.42125419415514,133.2108138764139,0.8698915930215183,49673.68457865715,1511282172
2811,12812,9.633643449039099,7.394140088485044,5.920357403964135,1.9203574039641351,1.6541164530784738,-10.290555462031403,-6.290555462031404,-2.2905554620314037,1.0417447624573628,0.05223245770954721,0.8978876836356612,31.28743319215254,135.76763164174685,0.8822104511487603,49673.68457865715,1511282172
2812,12813,12.949798181560514,10.169098509263206,6.169098509263208,2.169098509263207,1.54813960839743,-7.641024457558131,-3.6410244575581308,0.35897554244186924,0.6816634942271707,0.058806580056456594,0.8866971901289169,28.378585758730065,123.84102357748897,0.8426180351374968,49673.68457865715,1511282172
2813,12814,5.936663749303215,2.095448524279213,2.095448524279213,2.095448524279213,1.5171113006022867,-9.882398475403473,-5.882398475403472,-1.8823984754034722,0.6084339747921687,0.07655353338942117,0.898616077668106,27.534144046237884,117.38927293738331,0.8705143036146257,49673.68457865715,1511282172
2814,12815,5.5306159538485,2.078566932532098,2.078566932532098,2.078566932532098,1.5138226309757614,-11.4057376853809,-7.405737685380901,-3.4057376853809,0.5942623146191001,0.07768053595025859,0.898768449650579,27.43996943213207,117.08023617211018,0.8778699826473202,49673.68457865715,1511282172
2815,12816,9.686671689775311,6.336502357548658,5.894823938472404,1.8948239384724042,1.5642056986168906,-11.14410381578026,-7.14410381578026,-3.1441038157802597,0.8055561586828434,0.0625335547713835,0.8979161772095171,28.94824225128457,127.77652838287332,0.8537990274246005,49673.68457865715,1511282172
2816,12817,13.09490639646623,10.195422321056737,6.1954223210567365,2.1954223210567365,1.560234606169962,-7.33840767265716,-3.3384076726571594,0.6615923273428411,0.7042368784216143,0.05408579691750666,0.8732709292840448,28.656364573355575,116.6527989803252,0.8694565007842053,49673.68457865715,1511282172
2817,12818,13.455227748233964,9.861342299640143,5.861342299640142,1.8613422996401423,1.6361812770032327,-10.482028985655992,-6.482028985655993,-2.482028985655994,0.8599374457919925,0.057096552002426124,0.8989061244872127,30.26084065241556,132.641514319449,0.8684221552911051,49673.68457865715,1511282172
2818,12819,9.93909808451515,8.705479136282495,6.31185156477414,2.3118515647741407,1.6178248180269617,-9.203458179004654,-5.203458179004655,-1.2034581790046543,0.8038983240502915,0.052230463143130526,0.8937583249600998,29.891961991509824,135.46493621942085,0.8855630566393948,49673.68457865715,1511282172
2819,12820,10.328843983654036,9.971805390101135,5.971805390101134,1.9718053901011345,1.5044152972971567,-9.2284632532401,-5.2284632532401005,-1.2284632532401003,0.6123737121467674,0.06834933130705818,0.8942198360371834,27.27594346104519,122.58322058961632,0.8522761415042932,49673.68457865715,1511282172
2820,12821,13.027252642794407,10.054247965333312,6.054247965333311,2.054247965333311,1.5186644464543322,-11.392471721877909,-7.392471721877909,-3.39247172187791,0.5880074253439547,0.06573811222998953,0.8939936941789788,27.568016086903015,125.0614593717376,0.8550431000140253,49673.68457865715,1511282172
2821,12822,13.410361627176378,9.978397541852196,5.978397541852196,1.978397541852196,1.5034751884464692,-7.923852365060444,-3.923852365060445,0.0761476349395549,0.5971554757478112,0.0674984867747662,0.8908953007955531,27.207079364307813,119.0423019474195,0.8322318464640154,49673.68457865715,1511282172
2822,12823,6.271476016555989,4.547423016565036,2.6418148825118415,1.898960031025748,1.5423826630418425,-10.538893541302404,-6.538893541302403,-2.538893541302402,0.780531959151471,0.06494148599436166,0.8978137764512455,28.51652115011673,124.48745714227576,0.842727711322851,49673.68457865715,1511282172
2823,12824,10.87794032003066,9.970924061692566,5.970924061692565,1.9709240616925654,1.5055759025767614,-10.948999374993544,-6.948999374993545,-2.9489993749935453,0.6179727436685448,0.0682040903598827,0.8943213593836336,27.313940449748202,122.94555194850737,0.8536289504335685,49673.68457865715,1511282172
2824,12825,11.579121448952334,9.970637465184769,5.970637465184769,1.9706374651847693,1.5053959608672811,-9.158915056000994,-5.158915056000994,-1.1589150560009946,0.6170242493485693,0.06823337572314252,0.894324926243617,27.309581103506346,122.63861307270139,0.8517960183118091,49673.68457865715,1511282172
2825,12826,11.478853180181074,9.854331260818677,5.854331260818676,1.8543312608186768,1.614981878118724,-11.005887193250153,-7.005887193250154,-3.005887193250154,0.8458264553246928,0.059075715258844474,0.8991483268038245,29.899065198204358,131.13380582778962,0.8635026230555136,49673.68457865715,1511282172
2826,12827,11.905531357217978,10.04837589725208,6.04837589725208,2.0483758972520802,1.516164612523242,-7.473691013559153,-3.4736910135591543,0.5263089864408458,0.5843967097175766,0.06168707140309526,0.8794092176070196,27.649450258580266,112.28350663302894,0.8148188594174207,49673.68457865715,1511282172
2827,12828,13.479527691726837,10.048795725071704,6.048795725071703,2.0487957250717033,1.5168322757652384,-11.251477131306745,-7.251477131306745,-3.2514771313067454,0.5893571329890457,0.06600268675760733,0.8953107285720123,27.67582452544923,125.492895020293,0.8569650186512837,49673.68457865715,1511282172
2828,12829,13.56887579764618,10.04795888289318,6.047958882893181,2.0479588828931807,1.5164851028707103,-7.958777438305209,-3.9587774383052086,0.04122256169479166,0.5867781256464268,0.0652912056347199,0.8928863766048356,27.668162066484207,122.02187176820526,0.8354264784491998,49673.68457865715,1511282172
2829,12830,13.21228557526103,9.980502267845466,5.980502267845466,1.9805022678454667,1.506961853319565,-10.565796469618995,-6.565796469618995,-2.565796469618995,0.6121328904402369,0.06792896645254383,0.8944758357791635,27.359310420221426,123.28069057174909,0.8540038940999513,49673.68457865715,1511282172
2830,12831,11.45098667640394,10.061316602795623,6.061316602795623,2.061316602795623,1.518593358153762,-7.641812794051445,-3.641812794051445,0.3581872059485549,0.5879119454690227,0.0631158703733905,0.886701142070282,27.7321704743564,120.20595264072158,0.8335828386855426,49673.68457865715,1511282172
2831,12832,5.329347455452254,4.9459827942474375,4.22369391905809,1.9118479873770224,1.5404759375623696,-7.850835396681585,-3.8508353966815845,0.1491646033184153,0.7679918868949774,0.0637841040062867,0.8943404982604373,28.446963395181854,122.25853241170941,0.8273438944642466,49673.68457865715,1511282172
2832,12833,8.535457320813755,5.659895239376016,4.3922108735714085,1.9038765814106942,1.5433763075321838,-8.224438715487478,-4.224438715487478,-0.2244387154874783,0.7773367179508726,0.06435019161038785,0.8971406034018687,28.52480877376106,124.044847881793,0.8377101218348136,49673.68457865715,1511282172
2833,12834,8.907705815412555,5.999837635698857,5.999837635698857,1.9998376356988579,1.5181747513934252,-8.634524154716518,-4.634524154716518,-0.6345241547165175,0.6487379813401328,0.06617366226645102,0.8950169876913914,27.70076531008383,123.20271711033672,0.8433941244918075,49673.68457865715,1511282172
2834,12835,11.610190605073266,9.944730237846661,5.94473023784666,1.944730237846661,1.5275773227805776,-8.5668958310673,-4.5668958310673,-0.5668958310672998,0.7124221233042894,0.06568488125846442,0.8964207722892431,28.05725603281857,123.66207377946998,0.8421208795298231,49673.68457865715,1511282172
2835,12836,9.964494916632995,9.412144525389634,5.723608553392106,1.9758431136313332,1.503454000050455,-10.366263861064027,-6.366263861064027,-2.366263861064027,0.6380457439163372,0.06824674870353561,0.8951357402352956,27.404129879251244,123.21316057670467,0.8542811623086578,49673.68457865715,1511282172
2836,12837,13.89048551433052,9.893273748200073,5.893273748200074,1.893273748200074,1.557213082339527,-9.367627117843242,-5.367627117843241,-1.3676271178432404,0.7904432753062808,0.0633416128103147,0.8979273034735066,28.793242057768268,127.06731505816325,0.8524141269971399,49673.68457865715,1511282172
2837,12838,6.265239381031582,6.029199183913898,6.029199183913898,2.029199183913898,1.5226517962590533,-11.355500175319053,-7.355500175319053,-3.355500175319052,0.6444998246809487,0.0653195319093906,0.8950219618101731,27.802048192268398,125.42174956941079,0.8536353309857584,49673.68457865715,1511282172
2838,12839,12.37249319779596,9.957260118812737,5.957260118812738,1.9572601188127374,1.5133266879315659,-10.164408106538525,-6.164408106538524,-2.1644081065385237,0.66070500731933,0.06733333643500655,0.8954110736270622,27.615707298681922,123.79179152901935,0.8526239112395037,49673.68457865715,1511282172
2839,12840,13.01914267060622,10.073783122165162,6.073783122165162,2.073783122165162,1.5377143188779654,-7.963244143599901,-3.9632441435999013,0.036755856400099374,0.6830257740308119,0.06229746893150452,0.8936866741260148,28.26078146593948,124.42327513301471,0.8366168051962926,49673.68457865715,1511282172
2840,12841,13.87666998337961,9.883895029464924,5.883895029464924,1.883895029464923,1.568378112592146,-7.737295508422793,-3.7372955084227932,0.262704491577207,0.8092941447533556,0.061204063217683284,0.8937960740143017,29.043435908476212,123.63003150466886,0.8272986414620844,49673.68457865715,1511282172
2841,12842,13.31163539586467,9.877562596419788,5.877562596419788,1.8775625964197886,1.5722176803698502,-9.9488160476897,-5.9488160476897,-1.9488160476897003,0.815132726560759,0.0621942982031446,0.8984173817915148,29.120039478239608,128.2382497558218,0.8552178734207345,49673.68457865715,1511282172
2842,12843,7.348663952277344,6.044789060242075,6.044789060242075,2.044789060242076,1.5338372882626967,-10.40655955382956,-6.4065595538295605,-2.4065595538295605,0.6818300532083424,0.06368661101264675,0.8954869675681506,28.129826414031655,126.7030402725064,0.8539657832503132,49673.68457865715,1511282172
2843,12844,10.18459240488741,9.870669341416336,5.870669341416336,1.8706693414163356,1.5798036372554967,-10.338368265526425,-6.338368265526424,-2.338368265526424,0.8227722482527589,0.061663203152001064,0.8986119914978161,29.26662025418223,128.75644067984138,0.8565372122583538,49673.68457865715,1511282172
2844,12845,8.049983749514265,6.046188717872739,6.046188717872739,2.046188717872739,1.530986832592076,-10.732807467261571,-6.732807467261571,-2.73280746726157,0.6700767324023172,0.06404732440767026,0.895214869136514,28.030683798301233,126.37628280333095,0.8537781453493897,49673.68457865715,1511282172
2845,12846,11.136565727488911,9.937631406143044,5.937631406143044,1.9376314061430442,1.5101895362042745,-9.683727418193294,-5.683727418193295,-1.683727418193295,0.6610253929450581,0.06802639132403068,0.8953252251236692,27.523432063263893,123.1457715478305,0.8523332463686479,49673.68457865715,1511282172
2846,12847,8.414094447414046,4.715069720859476,3.9539241499913524,1.8776210000644378,1.578079021309063,-7.7905864897242685,-3.7905864897242676,0.2094135102757324,0.839920018745563,0.060567411203304396,0.8951481554469415,29.299813275274083,124.56847428214346,0.8289456158108437,49673.68457865715,1511282172
2847,12848,13.296117977346674,9.864351821126029,5.864351821126028,1.8643518211260282,1.5916746907485024,-9.141274665941305,-5.141274665941306,-1.141274665941306,0.8329819913786798,0.060756455732718324,0.8989120541457003,29.5003144027768,129.330844063835,0.8570152739030762,49673.68457865715,1511282172
2848,12849,11.182075991038928,9.941256391154724,5.941256391154723,1.941256391154723,1.5189289323399635,-7.768134520065865,-3.768134520065865,0.2318654799341353,0.6858732930907198,0.06537687336503291,0.8909463655106344,27.79454697648429,119.77998457417709,0.8261226943715171,49673.68457865715,1511282172
2849,12850,10.455623885716621,7.587019071335941,5.655651447863385,1.9039690770385755,1.5282753507223161,-9.293875013171247,-5.293875013171246,-1.293875013171246,0.7264642450780546,0.06638584287575128,0.8964436333534406,28.020977248907013,124.32088035627424,0.8498348849303293,49673.68457865715,1511282172
2850,12851,11.419507623765071,9.943358184379443,5.943358184379443,1.9433581843794439,1.5177956541905238,-8.285700252314355,-4.285700252314354,-0.28570025231435325,0.6815195728054094,0.06683000238923169,0.8954449901524074,27.760316800051992,122.02726978532282,0.8384785808933837,49673.68457865715,1511282172
2851,12852,7.94013471651158,6.048903778363119,6.048903778363119,2.04890377836312,1.5385741583455064,-11.304186151742497,-7.304186151742497,-3.3041861517424964,0.6958138482575041,0.06304204548266581,0.8956044484324663,28.25592489270756,127.18741892176888,0.8542909825244634,49673.68457865715,1511282172
2852,12853,10.286208422136255,9.863861901222615,5.863861901222616,1.8638619012226156,1.5854696978741727,-8.849155396781745,-4.849155396781744,-0.8491553967817438,0.827331673258518,0.06133897077651111,0.8988106793166197,29.374651378173382,127.85027228770073,0.849430109097569,49673.68457865715,1511282172
2853,12854,11.813312038508991,10.072211865934069,6.072211865934069,2.0722118659340687,1.5476432138073413,-10.154720076566164,-6.1547200765661625,-2.1547200765661625,0.71779701351709,0.061663233274133256,0.8958834456291298,28.513776293255482,128.3489584078961,0.8562091310635439,49673.68457865715,1511282172
2854,12855,11.022464747367806,10.26691080865757,6.426502470909349,2.953393141596602,1.553267772529168,-8.51635186082705,-4.51635186082705,-0.5711106134916892,0.6788110453729727,0.05908577522573827,0.8934415074139741,28.496525752070916,134.7590986115493,0.8935675931736753,49673.68457865715,1511282172
2855,12856,11.09230451490275,7.834268825918621,3.9001603736214214,1.579178753964665,1.579178753964665,-9.510516387536178,-5.510516387536178,-1.510516387536178,0.9730712904752137,0.07437409775634313,0.9038441926396061,29.32773696329624,124.08793777128986,0.8988432035680108,49673.68457865715,1511282172
2856,12857,10.169067501531808,10.068281120694914,6.068281120694914,2.068281120694914,1.5454067976993346,-7.84395057842877,-3.84395057842877,0.15604942157123003,0.7137480388049172,0.061007566533490695,0.892450999359359,28.450893494330813,124.36718985293476,0.8342595258877009,49673.68457865715,1511282172
2857,12858,11.071232922803233,9.936684301671793,5.936684301671793,1.9366843016717932,1.5113951101447964,-10.76114331647926,-6.761143316479259,-2.7611433164792594,0.6656152358817389,0.06788529883826991,0.8954195933015896,27.560921005505648,123.33060212505558,0.8526165955574904,49673.68457865715,1511282172
2858,12859,8.601896786233546,5.875497124717044,5.875497124717044,1.875497124717044,1.5947908359642782,-7.5363587390599465,-3.5363587390599465,0.46364126094005376,0.833303378751651,0.05789298716085785,0.8892810749725211,29.53041631985563,123.94227222172452,0.8313551117943453,49673.68457865715,1511282172
2859,12860,13.160515966292046,10.069866017564193,6.069866017564193,2.0698660175641925,1.553260060299375,-9.171552666426445,-5.171552666426444,-1.1715526664264446,0.7344714077342748,0.06099395825740176,0.8958517981047189,28.639930251286597,128.52022052416183,0.8550229624491498,49673.68457865715,1511282172
2860,12861,10.664285501499569,9.867556448257464,5.8675564482574645,1.8675564482574645,1.5971151642028054,-9.812088117814268,-5.812088117814267,-1.8120881178142672,0.8359558857761896,0.06018187191495154,0.8989800424995085,29.61060367021644,130.06614799217405,0.8599087175819864,49673.68457865715,1511282172
2861,12862,6.98088824005666,5.962353660903318,5.962353660903318,1.9623536609033183,1.517604660433933,-11.332789709794243,-7.332789709794244,-3.332789709794244,0.6672102902057562,0.06674326638095139,0.8952927022868001,27.694597963374335,124.14639955011938,0.8519943892025166,49673.68457865715,1511282172
2862,12863,11.731495100265272,9.865658770588661,5.865658770588661,1.8656587705886614,1.5986530684845246,-10.446304832835661,-6.446304832835662,-2.4463048328356622,0.8346091955196686,0.06012323501101035,0.8990100576932273,29.62922297617044,130.1801662799273,0.8604555452622895,49673.68457865715,1511282172
2863,12864,12.084394692846365,10.084594315963091,6.08459431596309,2.084594315963091,1.5485664783411146,-7.33865713807547,-3.3386571380754706,0.6613428619245295,0.7153324747955486,0.056024395249231654,0.8741229457802905,28.5101955364268,115.60805576617547,0.8587911186533481,49673.68457865715,1511282172
2864,12865,10.84884009715476,7.715587362599118,5.8740162580846365,1.8740162580846362,1.5726258787303868,-8.995277480866298,-4.995277480866298,-0.9952774808662974,0.8159658754189922,0.062249678613787884,0.8982916519926976,29.105705929796507,126.9924690061049,0.8474086777964772,49673.68457865715,1511282172
2865,12866,10.362893688343915,9.922505562413283,5.922505562413283,1.9225055624132834,1.5102616567716132,-9.06449861214684,-5.064498612146839,-1.0644986121468392,0.6649979528441216,0.06828682254969208,0.8954143482325376,27.517259269732666,122.64270335497679,0.8504003146315374,49673.68457865715,1511282172
2866,12867,13.423413982172162,9.861207992912497,5.861207992912497,1.8612079929124974,1.6056710821676539,-10.933365532189754,-6.933365532189753,-2.933365532189753,0.8373687098384336,0.059665028717229125,0.8991331406002181,29.748811514664276,130.63458265510758,0.8619705268105203,49673.68457865715,1511282172
2867,12868,7.638713118604782,5.865211990167246,5.865211990167246,1.8652119901672457,1.60602951788724,-10.70681232306042,-6.70681232306042,-2.7068123230604204,0.8361063454492471,0.05952007441346689,0.8985677872506328,29.695506385951184,130.4541012488546,0.8605713823157768,49673.68457865715,1511282172
2868,12869,8.332478400733379,5.959139227640812,5.959139227640812,1.9591392276408122,1.5142378034306467,-11.345463785654303,-7.345463785654302,-3.345463785654302,0.6545362143456978,0.0672402206613998,0.8951097239265677,27.590253117717523,123.76318175965096,0.8523823897859318,49673.68457865715,1511282172
2869,12870,9.882286363460944,9.580313018458552,5.580313018458551,1.5803130184585517,1.5803130184585517,-9.958861613032582,-5.958861613032583,-1.9588616130325824,1.093030049584197,0.07222784659487307,0.909020392804801,30.815899490115193,129.16695693149634,0.926638734644122,49673.68457865715,1511282172
2870,12871,6.1460639602669405,4.775182527352169,2.740443442250925,1.9219692332478764,1.6313264596095582,-8.94827956288716,-4.948279562887161,-0.948279562887161,1.045319092082553,0.05390572825253303,0.8983532856798746,31.0381717475409,132.22120360553413,0.8605174441196257,49673.68457865715,1511282172
2871,12872,9.2533896430821,6.40748345307556,2.40748345307556,2.122581209218228,1.5578369503111504,-8.570357318509588,-4.570357318509587,-0.5703573185095874,0.7491153238757962,0.06111611796588997,0.8958240128166265,28.71563050496144,124.8051199138516,0.8313742943969313,49673.68457865715,1511282172
2872,12873,6.198999054572622,6.104046753276238,6.104046753276238,2.104046753276238,1.553712470051183,-8.348994235020704,-4.3489942350207045,-0.3489942350207038,0.7271577133720132,0.060543029090415756,0.8943723473434745,28.530320106980998,126.97710277570819,0.8457448193024881,49673.68457865715,1511282172
2873,12874,8.988974460859867,8.28656886522276,6.138080402486866,2.138080402486865,1.5705707640549569,-8.685734774454387,-4.685734774454386,-0.6857347744543862,0.7684851295371223,0.058268684846605946,0.8945030804908565,28.935223577490177,129.35124971199744,0.854327074132955,49673.68457865715,1511282172
2874,12875,9.475589185053634,7.04587962047737,6.11852845975403,2.11852845975403,1.5611887480289097,-10.023650966001311,-6.02365096600131,-2.02365096600131,0.7475459467569183,0.05956559995812269,0.8945242759545753,28.70591144188652,129.35951263113122,0.8579102303413537,49673.68457865715,1511282172
2875,12876,12.28235101565711,10.09062654010844,6.090626540108439,2.090626540108439,1.5470768388970428,-8.399526846056744,-4.3995268460567445,-0.39952684605674427,0.7097713059876695,0.06150828565125875,0.8952705288647302,28.460661888247582,126.74363007019203,0.846077339349012,49673.68457865715,1511282172
2876,12877,6.331516303282756,5.892467299916778,5.892467299916778,1.8924672999167789,1.6109121854304214,-8.579926766490605,-4.579926766490605,-0.5799267664906045,0.8491606330044741,0.05819626638336127,0.8974401798997332,29.755458967689094,129.3919953179461,0.8507598950377678,49673.68457865715,1511282172
2877,12878,10.094074477985005,7.919384544040818,4.201205131710091,2.1375214155356717,1.5705321004092163,-8.484187596093665,-4.4841875960936655,-0.48418759609366524,0.772706350403199,0.05822546572135565,0.8947859601267882,28.985925971201688,129.1692272871059,0.852569308775184,49673.68457865715,1511282172
2878,12879,10.567518830242498,9.891432316209892,5.89143231620989,1.8914323162098903,1.6095509640128693,-9.453511264622934,-5.453511264622935,-1.4535112646229347,0.8486933422323482,0.05835206022704402,0.8979436822817084,29.784361408917103,130.8669743472956,0.8603675445304942,49673.68457865715,1511282172
2879,12880,11.91852685931654,9.966901018092665,5.966901018092663,1.9669010180926636,1.5190082500947544,-9.673753051841615,-5.673753051841616,-1.6737530518416153,0.6841700149984373,0.06640465087202554,0.8952494335772018,27.75129292215781,124.22313539193166,0.8508250411739376,49673.68457865715,1511282172
2880,12881,10.705200175424414,10.072112359982727,6.072112359982727,2.072112359982728,1.5395962762046322,-11.31215027124418,-7.31215027124418,-3.31215027124418,0.6878497287558205,0.06270710426280687,0.8959910273819719,28.32783136068413,127.78982095575618,0.8563686110469506,49673.68457865715,1511282172
2881,12882,11.199470250749,9.95143746582262,5.951437465822619,1.9514374658226192,1.5156238361632843,-10.384118894827106,-6.384118894827106,-2.3841188948271057,0.6801521556813106,0.06706386874316377,0.8950203618975713,27.637951233682074,123.6726308808619,0.8509983852568447,49673.68457865715,1511282172
2882,12883,13.649121469629362,9.885242920293859,5.885242920293859,1.8852429202938592,1.615013589373831,-10.025295876865808,-6.025295876865807,-2.0252958768658074,0.8516540378245314,0.05806368176526535,0.8981216795745873,29.883340521084406,131.30768492158808,0.8623888371684769,49673.68457865715,1511282172
2883,12884,10.562032933723305,10.081454268723821,6.081454268723821,2.081454268723821,1.5407842963160656,-10.563262907324255,-6.563262907324255,-2.5632629073242548,0.6861412144957801,0.062487014066789255,0.8960693707088856,28.36410364823471,128.04926333241056,0.8571010332306258,49673.68457865715,1511282172
2884,12885,12.331886670936594,10.067900604485429,6.067900604485429,2.0679006044854287,1.5369337723556902,-7.981015735347661,-3.981015735347661,0.018984264652339045,0.6755539216673936,0.0625315305965646,0.8944726707936906,28.299748997096216,124.65812813361023,0.8376015658772441,49673.68457865715,1511282172
2885,12886,12.704690845753282,10.091286543513494,6.091286543513493,2.091286543513493,1.543676687239967,-8.168640102572695,-4.168640102572696,-0.16864010257269535,0.6961826757637128,0.06178392362742299,0.8948057932624573,28.383917766928054,125.90886798777996,0.8423626452406222,49673.68457865715,1511282172
2886,12887,12.837564142616452,10.100246582133009,6.100246582133009,2.1002465821330087,1.5411369287495182,-11.080241993254344,-7.080241993254344,-3.0802419932543437,0.7003029569204989,0.06216688390296789,0.8932032649490312,28.09517363104282,126.87805119845166,0.8530259430821572,49673.68457865715,1511282172
2887,12888,8.88424220578288,8.304327542371446,6.1718472651746605,2.1718472651746605,1.5882376149141184,-9.928258686866988,-5.928258686866988,-1.9282586868669875,0.7936849324681745,0.0560405464636628,0.8942213384196082,29.299034227421316,132.0953319960675,0.8677035072865252,49673.68457865715,1511282172
2888,12889,10.093526486071193,9.93798038988245,5.937980389882449,1.9379803898824493,1.5120090215699513,-7.655979542652463,-3.655979542652463,0.3440204573475376,0.6749557841889512,0.06540356893267166,0.8868908691847005,27.536001552890276,117.83698129156404,0.8274997616807497,49673.68457865715,1511282172
2889,12890,12.748105825141531,9.932642013781008,5.932642013781009,1.9326420137810085,1.512154055954533,-10.184321842822513,-6.184321842822512,-2.184321842822512,0.6799383240905245,0.06778642765241445,0.894964881262376,27.543453279810535,123.07572057254916,0.8510934391639385,49673.68457865715,1511282172
2890,12891,13.096315677329567,9.935064566361884,5.935064566361883,1.9350645663618837,1.5124901296882955,-8.232469921300966,-4.232469921300966,-0.23246992130096578,0.6781981636577096,0.06752217360848684,0.8944542241329727,27.55921027800181,120.94509171479775,0.8366662027969974,49673.68457865715,1511282172
2891,12892,11.049889461799577,7.136335443826817,4.333216160913643,1.922458892687515,1.6316499196008218,-9.137365447935665,-5.137365447935664,-1.1373654479356634,1.056122487773067,0.05354267091122911,0.8982969233578694,31.11124221768297,134.6045879711003,0.8755912349984509,49673.68457865715,1511282172
2892,12893,13.597820914708661,9.939619245937552,5.9396192459375525,1.9396192459375527,1.5142848527568076,-11.316263529292856,-7.316263529292856,-3.316263529292857,0.6837364707071432,0.06740037958243106,0.8950457564399741,27.606616785635133,123.39947291404707,0.850975223266562,49673.68457865715,1511282172
2893,12894,8.51620224410787,5.984484557476027,5.984484557476027,1.9844845574760277,1.5198182404104543,-10.469712544364727,-6.469712544364728,-2.469712544364728,0.6764347043185706,0.0660800376694829,0.8943795403026422,27.679539205010396,124.19032038930092,0.850377351676571,49673.68457865715,1511282172
2894,12895,10.383343286905037,10.027195064314272,6.027195064314272,2.027195064314273,1.5230210956544552,-9.156987908116992,-5.156987908116992,-1.156987908116992,0.6831902060900223,0.0650711818756179,0.8926862516346405,27.615686007707325,123.96509190879404,0.8474478593801715,49673.68457865715,1511282172
2895,12896,10.86994637831019,9.933299012190254,5.933299012190253,1.9332990121902531,1.514079225370357,-9.680635399466953,-5.680635399466954,-1.680635399466954,0.6832767157524487,0.06754643610645883,0.895280624000183,27.61805496740459,123.33024079880532,0.8509626794796886,49673.68457865715,1511282172
2896,12897,10.254558141641454,9.940635569437465,5.940635569437464,1.9406355694374642,1.514411784203457,-10.395705526493,-6.395705526493,-2.395705526493,0.6786912436710069,0.06740201332426907,0.8952846967899685,27.627172202111968,123.5403807468548,0.8515419345600793,49673.68457865715,1511282172
2897,12898,7.530579469767668,6.0690198587550555,6.0690198587550555,2.069019858755056,1.5355153357258013,-8.532145965951644,-4.532145965951644,-0.5321459659516441,0.6885246889442769,0.06314386965061733,0.8935719860593735,27.995917434121136,124.84392183722818,0.8428902710583757,49673.68457865715,1511282172
2898,12899,6.972902516258916,6.033376253544516,6.033376253544516,2.033376253544516,1.5307375570767585,-8.01529489409609,-4.01529489409609,-0.015294894096090195,0.664841851175978,0.06374782326521672,0.8948266837135399,28.14770099388224,123.84099962221958,0.8366438629462145,49673.68457865715,1511282172
2899,12900,11.345504339575147,10.055821151155435,6.055821151155435,2.0558211511554343,1.5352961614629732,-11.068993939848664,-7.068993939848664,-3.0689939398486636,0.6691289220364803,0.06346979654258518,0.897354994059931,28.356259973954955,127.9393645767355,0.8590172822612775,49673.68457865715,1511282172
2900,12901,3.809253394597082,2.0396677687143043,2.0396677687143043,2.0396677687143043,1.5200395147909307,-11.331896774895831,-7.3318967748958315,-3.3318967748958306,0.66810322510417,0.0784996775557868,0.9003713947732632,27.744441668240352,117.04365296032441,0.8845140003568532,49673.68457865715,1511282172
2901,12902,9.606286057049415,7.305948605333383,5.859904411004818,1.859904411004818,1.5602271816621844,-11.03597763950913,-7.03597763950913,-3.03597763950913,0.8005972658136128,0.06388453296069546,0.8970944082883607,28.694669172171924,126.36022801845345,0.850744837758742,49673.68457865715,1511282172
2902,12903,12.699728881217505,9.931195939340009,5.931195939340011,1.9311959393400104,1.5099805199440606,-11.336133994397455,-7.336133994397454,-3.3361339943974553,0.6638660056025446,0.06815364238804318,0.8947253411799914,27.448610044726838,122.7959222951717,0.8516934333280134,49673.68457865715,1511282172
2903,12904,10.301963370659992,10.128773249792587,6.128773249792587,2.1287732497925873,1.5657717103937718,-10.024312978362905,-6.0243129783629055,-2.0243129783629064,0.7462799756913643,0.05900601498670085,0.8946493854454953,28.807454233151038,129.9216699811077,0.8597462964398873,49673.68457865715,1511282172
2904,12905,6.643274957417039,5.875067786061901,5.875067786061901,1.875067786061901,1.5950298895665298,-11.095757386152073,-7.095757386152072,-3.095757386152073,0.8216983971166295,0.060244859697463904,0.8980102656877282,29.444661246704662,129.60231695632518,0.8575479976429118,49673.68457865715,1511282172
2905,12906,8.769367503882025,7.161496659332053,3.6340208435597923,2.1758776096133805,1.5931984967276385,-9.944007118673174,-5.944007118673173,-1.9440071186731733,0.8126217930076883,0.055382186975967945,0.8940776505165237,29.425931336106796,132.2578540193214,0.8678577502440548,49673.68457865715,1511282172
2906,12907,9.126619286752266,6.725991182706332,4.0863940519629365,1.849830257050618,1.5426865883540446,-8.200296228528575,-4.200296228528575,-0.20029622852857476,0.7884679501656644,0.0657140077008289,0.8964120375681086,28.348723899205112,122.45120210854401,0.8344163150995946,49673.68457865715,1511282172
2907,12908,8.548929961689925,6.188420296832838,4.000201267311408,1.8507866044651462,1.5426124316620962,-8.062798470628536,-4.062798470628536,-0.06279847062853627,0.7887964304549689,0.06552657614196569,0.8957830591184821,28.3436522021458,121.93381838351377,0.830914053460094,49673.68457865715,1511282172
2908,12909,12.052423697900673,9.863054788756429,5.863054788756429,1.8630547887564288,1.5756142174864587,-10.647086021087123,-6.647086021087123,-2.647086021087123,0.8019082865841011,0.06242014146103182,0.8984228631268429,29.101735909517302,128.16959268046907,0.8556267266053131,49673.68457865715,1511282172
2909,12910,6.2915333942323235,3.007748471837706,3.007748471837706,1.958448729961971,1.5086407006528464,-10.659631255793782,-6.659631255793781,-2.659631255793782,0.6757441920625744,0.06798076354232438,0.8944080564608773,27.46740570572819,121.63437407179839,0.8437267411467729,49673.68457865715,1511282172
2910,12911,12.437811090809586,9.921101543425946,5.921101543425948,1.9211015434259475,1.5109730110500503,-8.622158801733534,-4.622158801733533,-0.6221588017335324,0.6751274692519985,0.06815216538065935,0.8947360996353162,27.477140234123404,121.21626623779,0.8414201147927294,49673.68457865715,1511282172
2911,12912,8.395245985644179,5.957152311800942,5.957152311800942,1.9571523118009417,1.515642042908883,-11.334043965277367,-7.334043965277367,-3.334043965277367,0.6659560347226325,0.06705271505902144,0.8942328488645154,27.534456870574047,123.39331871857817,0.8504323698709809,49673.68457865715,1511282172
2912,12913,9.366832552097472,8.526406514381996,5.849418896321766,1.8494188963217661,1.5533039289455284,-8.65257133924565,-4.65257133924565,-0.6525713392456505,0.7909906731448447,0.06488658118043808,0.8968784515672753,28.51316242909685,124.12115799832526,0.8408642701455292,49673.68457865715,1511282172
2913,12914,12.810827049326344,9.86330365204174,5.86330365204174,1.8633036520417396,1.5803181649960656,-8.757512665929788,-4.757512665929787,-0.7575126659297873,0.8057054539160863,0.06196957783247214,0.898658381076013,29.215832152652446,127.25888252124139,0.8479188202309458,49673.68457865715,1511282172
2914,12915,12.922266657954324,9.923658592693133,5.923658592693132,1.9236585926931324,1.5104900746266308,-7.455949335936456,-3.455949335936455,0.5440506640635444,0.6704793581279809,0.06367030966352373,0.8783552556220623,27.466928194135214,115.63754711205362,0.8511912778790305,49673.68457865715,1511282172
2915,12916,11.462915716976935,9.864683888681942,5.864683888681941,1.8646838886819412,1.583572729297763,-10.743148666267906,-6.743148666267907,-2.743148666267908,0.8091030866737673,0.06162550614349919,0.8986368953274003,29.275753257009146,128.88021620181502,0.8571942800524543,49673.68457865715,1511282172
2916,12917,9.517912162096684,5.960050895094317,5.960050895094317,1.9600508950943167,1.5169632344835169,-9.536220939027912,-5.536220939027913,-1.5362209390279131,0.6679094773985303,0.06684766708382671,0.8944737851920348,27.59110780235407,123.55404205560117,0.8499840570315512,49673.68457865715,1511282172
2917,12918,6.184392746915401,6.00595428151227,6.00595428151227,2.005954281512271,1.5312652648487488,-8.354648442887742,-4.354648442887742,-0.3546484428877419,0.6639370627000886,0.06450378568026416,0.8963437787994011,28.135953343472014,124.60204124175048,0.84280822875409,49673.68457865715,1511282172
2918,12919,8.684914467238794,5.997524546175838,5.997524546175838,1.9975245461758386,1.5277465452466192,-8.517605709467837,-4.517605709467838,-0.5176057094678372,0.6604945392378835,0.06508484796204203,0.8970005721319989,28.111466884189397,124.72703840893698,0.8455955301863882,49673.68457865715,1511282172
2919,12920,9.738262572434031,7.577008845042994,5.896367189007109,1.8963671890071094,1.5994978177136991,-11.124945372464333,-7.1249453724643335,-3.1249453724643326,0.8750546275356673,0.0588155752454765,0.8946794576185365,29.341978897618645,128.82243368854944,0.852042669169735,49673.68457865715,1511282172
2920,12921,6.887361955864118,3.064028837510916,3.064028837510916,2.0514515953121384,1.5242739759679622,-8.212188852294751,-4.212188852294751,-0.21218885229475037,0.6902438617808341,0.06461031495074114,0.891182695945285,27.58253175417599,120.29083488027449,0.825242232866765,49673.68457865715,1511282172
2921,12922,8.06844090513158,6.0530791797126575,6.0530791797126575,2.0530791797126575,1.5294962735382363,-10.222925433909271,-6.222925433909269,-2.2229254339092694,0.6870241962151976,0.06402017412408519,0.8912055835821405,27.603506685900044,124.3549281077446,0.8489402517157842,49673.68457865715,1511282172
2922,12923,10.085499417941895,9.92996919262224,5.929969192622241,1.9299691926222406,1.5088773071637849,-9.830661655811884,-5.830661655811883,-1.8306616558118833,0.6719534829839161,0.06824221817330478,0.8939614293758551,27.359143910981253,122.26978107415403,0.8501093905260447,49673.68457865715,1511282172
2923,12924,6.1502880460049285,3.8786269097184336,2.2419206399322142,1.887095451216465,1.55375674708333,-8.419343645869361,-4.419343645869361,-0.4193436458693611,0.8356302617118161,0.0654410092902351,0.899181372049938,28.890621072695122,121.22563669273941,0.8232735894194756,49673.68457865715,1511282172
2924,12925,7.817276212174154,6.045939140690323,6.045939140690323,2.045939140690323,1.532421228535623,-10.634191462719516,-6.634191462719516,-2.6341914627195155,0.6954283190056362,0.06373789665695027,0.89176425507194,27.722147637073878,124.76028346741232,0.8488954308241569,49673.68457865715,1511282172
2925,12926,13.579871963324884,9.865014807852273,5.865014807852274,1.8650148078522744,1.5474717575225518,-9.917684666917527,-5.917684666917527,-1.9176846669175271,0.7694843609356821,0.06516586597429694,0.8970680454271501,28.420858283113677,125.47821750469524,0.8507846987448506,49673.68457865715,1511282172
2926,12927,6.693120324274216,6.045429093380506,6.045429093380506,2.0454290933805064,1.5322991288228354,-11.305945333961645,-7.305945333961645,-3.3059453339616462,0.6940546660383539,0.06376630149109747,0.8918346174080821,27.724529614024817,124.78018370693258,0.8489670659077572,49673.68457865715,1511282172
2927,12928,11.940137792119026,9.868323509098857,5.8683235090988575,1.8683235090988572,1.5558305865442674,-10.209853983730898,-6.209853983730898,-2.2098539837308993,0.7792781326453725,0.06422187139596214,0.8977653143940862,28.666285370072284,126.51844278381101,0.8527011519942623,49673.68457865715,1511282172
2928,12929,8.71954521190878,5.996309117394425,5.996309117394425,1.996309117394425,1.53139172874148,-10.309885299418122,-6.309885299418123,-2.3098852994181227,0.6758692773366866,0.06466219914808619,0.8974055036372032,28.23227688593147,126.77935214312453,0.8566221174354562,49673.68457865715,1511282172
2929,12930,11.622754390810714,9.860794889943525,5.8607948899435245,1.8607948899435245,1.5528335192574423,-9.086309721857043,-5.086309721857043,-1.0863097218570428,0.7804991806901679,0.06469757186899627,0.8966611369143053,28.47758113301204,125.26866662309679,0.8476628734788214,49673.68457865715,1511282172
2930,12931,11.216593283698405,9.932230078869972,5.932230078869972,1.9322300788699713,1.5068211192019494,-10.906389999374683,-6.906389999374684,-2.9063899993746842,0.6695121189270535,0.0684358482418337,0.8938988932407496,27.31699805210562,122.16532763963777,0.8506435678197818,49673.68457865715,1511282172
2931,12932,10.199843873028103,10.082424068605569,6.08242406860557,2.0824240686055693,1.5375679676730731,-10.863767012085633,-6.863767012085633,-2.863767012085633,0.707834775794577,0.06268351823565346,0.8912237589576293,27.81459479609038,125.38936109644021,0.8500994681659599,49673.68457865715,1511282172
2932,12933,8.33482489498842,5.89289797901702,5.89289797901702,1.89289797901702,1.6017240553733012,-7.155609920042345,-3.1556099200423446,0.8443900799576552,0.8575007874843251,0.05194162304673361,0.8633372054484352,29.398494115037924,119.96535002256181,0.9860239943608501,49673.68457865715,1511282172
2933,12934,9.259670952371645,5.28548339601211,4.816369345653255,1.5773666314587718,1.5773666314587718,-10.287228751425285,-6.2872287514252845,-2.2872287514252854,0.9571976811021395,0.07482803313960895,0.9019114805801182,28.973602263951186,122.935715477293,0.8930965795788086,49673.68457865715,1511282172
2934,12935,10.57497306352155,7.927539701490616,5.929763575210897,1.929763575210897,1.487741162715558,-10.37667454584923,-6.37667454584923,-2.376674545849231,0.6568271796333777,0.07065867490442604,0.8945934393478226,27.04581938150083,121.03696952247643,0.8554872308546687,49673.68457865715,1511282172
2935,12936,11.304875990998516,9.993814743868853,5.993814743868852,1.993814743868852,1.5190008285237202,-11.357924187446326,-7.357924187446327,-3.3579241874463266,0.6420758125536735,0.06623168502894,0.8979159921524084,28.014575011447263,126.08905869020964,0.8592501884793741,49673.68457865715,1511282172
2936,12937,10.348619077108387,9.993895294254742,5.9938952942547425,1.9938952942547425,1.5193217461974091,-8.424413258491674,-4.424413258491674,-0.424413258491674,0.6412443615456808,0.06612832523901177,0.8976743872815176,28.015563667796606,124.22732784398434,0.8468213740017758,49673.68457865715,1511282172
2937,12938,5.474081754514556,4.326775798495098,3.3978567430928477,1.9679122857780809,1.4825364743882636,-11.03563854959232,-7.035638549592321,-3.0356385495923206,0.661044848978678,0.07057065312252893,0.8952974474022226,27.10856543958258,121.30706228014621,0.8555828976202373,49673.68457865715,1511282172
2938,12939,12.16107933012102,9.933005490894388,5.933005490894387,1.9330054908943874,1.4995082839692782,-11.356965219035098,-7.356965219035099,-3.3569652190350983,0.6430347809649016,0.06938905307700356,0.8939216566072972,27.150968941314133,121.66405656249172,0.8529068078883008,49673.68457865715,1511282172
2939,12940,10.394564358567884,7.8626645315960495,3.8626645315960495,1.9562483503390176,1.4866156935006878,-8.655918977789042,-4.655918977789043,-0.6559189777890435,0.6546057282216591,0.07032023801431339,0.8944108912225732,27.049200204557156,120.30364371265351,0.8489015384691749,49673.68457865715,1511282172
2940,12941,6.988830379276135,6.076007164476307,6.076007164476307,2.0760071644763074,1.525391550463269,-8.281085903717003,-4.281085903717003,-0.2810859037170028,0.674464055694815,0.06414562030203044,0.8901480745898189,27.46804841938236,122.19535509795823,0.8385149011562463,49673.68457865715,1511282172
2941,12942,11.435110612483102,8.669636876679268,4.669636876679268,2.1166305808779553,1.5260062521105933,-7.405366131723025,-3.4053661317230244,0.5946338682769751,0.6914905198339799,0.05882130092404746,0.8718014520942508,27.540779704592786,117.45919539688958,0.896551760995854,49673.68457865715,1511282172
2942,12943,9.91348104606937,7.324211253963164,4.36954508346035,1.9943197662831924,1.5199970910444829,-9.173836521341903,-5.173836521341901,-1.173836521341901,0.6620277972088155,0.06599840300139612,0.8995984039176617,28.260238669310947,126.72845248144449,0.8615944513994753,49673.68457865715,1511282172
2943,12944,11.34696162039504,9.985230295353961,5.985230295353961,1.985230295353961,1.5190168241070994,-10.370652032248545,-6.370652032248544,-2.370652032248544,0.6344711038138553,0.0664046194429439,0.8979548009306729,27.995987330991472,125.99019021208693,0.8594541138063249,49673.68457865715,1511282172
2944,12945,10.326465605958704,9.985630278735348,5.985630278735349,1.985630278735349,1.5191410391551459,-9.669336014209245,-5.669336014209245,-1.669336014209245,0.6338677275352427,0.06638805097046496,0.897874854247741,27.98872503774283,125.90252628020296,0.8588530597670235,49673.68457865715,1511282172
2945,12946,5.84511911631327,1.9941440226917555,1.9941440226917555,1.9941440226917555,1.5127800632978528,-8.89435121387545,-4.89435121387545,-0.8943512138754499,0.6356953274997756,0.08181145494652861,0.9033744345319304,27.775239691001985,115.04667093069143,0.9040824617713893,49673.68457865715,1511282172
2946,12947,8.429187167137163,5.932829788198036,5.932829788198036,1.932829788198036,1.5046050413599492,-10.590649134255852,-6.590649134255853,-2.5906491342558526,0.631559596466182,0.06890303596839488,0.8929353678472198,27.111654188124447,121.58423040804456,0.8515183476002943,49673.68457865715,1511282172
2947,12948,12.109686341215857,9.891494701569725,5.891494701569725,1.8914947015697245,1.6160017603389638,-9.27421020265318,-5.27421020265318,-1.2742102026531799,1.0381367073335375,0.05576494530586398,0.8991629492059884,30.817250301638428,132.73294451046425,0.8662988085147,49673.68457865715,1511282172
2948,12949,10.80221047157138,9.886669941047897,5.886669941047896,1.8866699410478966,1.6126635330730903,-9.083405562828776,-5.083405562828777,-1.0834055628287775,1.0209472947912916,0.056388963198582706,0.8992396854454929,30.672137462551476,132.16300848864296,0.8637517210512966,49673.68457865715,1511282172
2949,12950,6.447418675492291,6.093971275333119,6.093971275333119,2.0939712753331188,1.5315805405945355,-9.563955301160988,-5.563955301160988,-1.5639553011609875,0.6802845833334299,0.06338985704244686,0.8903242919814396,27.57364080371544,124.56301311221216,0.8501360810172564,49673.68457865715,1511282172
2950,12951,7.432466533418091,6.09038453783177,6.09038453783177,2.0903845378317696,1.5310042081377866,-8.972315056130174,-4.972315056130175,-0.972315056130175,0.677785141057926,0.06350243269076092,0.8903394356160386,27.558093496341165,123.63028443909279,0.8445068014485171,49673.68457865715,1511282172
2951,12952,4.227935976383838,2.0622142993708272,1.981827000996383,1.981827000996383,1.5335775518541184,-7.436585884011753,-3.436585884011752,0.5634141159882483,0.6715286203673246,0.07379149776810266,0.8875472845001094,28.289654679889637,105.07482469877111,0.7928012995650995,49673.68457865715,1511282172
2952,12953,6.665959342767609,6.018861449568663,6.018861449568663,2.018861449568664,1.5305656744634366,-9.305640600330817,-5.305640600330817,-1.3056406003308167,0.6577465143948577,0.0645240832074154,0.8977949787373316,28.260965411996004,127.0942527108462,0.8577554067692372,49673.68457865715,1511282172
2953,12954,7.82938577328468,6.016238574063622,6.016238574063622,2.0162385740636215,1.5294864388877458,-8.444461891880307,-4.444461891880308,-0.44446189188030805,0.6544371824211376,0.06463634498986776,0.8975011172656132,28.220230096895065,125.31633060097754,0.8469393393625556,49673.68457865715,1511282172
2954,12955,6.422110664417846,6.089450476372277,6.089450476372277,2.089450476372277,1.5340325743568048,-7.86595355140351,-3.8659535514035097,0.1340464485964905,0.685207032692202,0.062186650789823515,0.8876431198758856,27.6845406236496,121.52112150977145,0.8347649863166137,49673.68457865715,1511282172
2955,12956,13.17732541327738,10.044715977799324,6.044715977799324,2.044715977799324,1.5345097976313704,-9.064622407429601,-5.064622407429601,-1.0646224074296018,0.6693140766673701,0.06368908249066052,0.897991771840207,28.40305351164109,127.71280415506709,0.8580088243695781,49673.68457865715,1511282172
2956,12957,11.218433144195687,9.915312241392117,5.915312241392117,1.915312241392117,1.5016633339108962,-8.66250798390866,-4.66250798390866,-0.6625079839086598,0.6439940490546531,0.06947410179377729,0.8936074338168519,27.132106384087734,119.90679200193168,0.8426206069942713,49673.68457865715,1511282172
2957,12958,11.364921134408391,10.103662751813363,6.1036627518133635,2.1036627518133635,1.5325396487122414,-10.812217669461035,-6.812217669461035,-2.8122176694610337,0.6871408736731054,0.06314813106349658,0.8904696892420634,27.626639218489586,124.9038064784722,0.8509275648350867,49673.68457865715,1511282172
2958,12959,8.149303228626177,6.00136362628493,6.00136362628493,2.0013636262849306,1.5257930505440271,-10.815554817539397,-6.815554817539398,-2.8155548175393967,0.6475632021684152,0.06534931088235932,0.897341580668891,28.08710961297946,126.43260899453207,0.8576032310583291,49673.68457865715,1511282172
2959,12960,13.874130076664766,10.097396845783294,6.097396845783295,2.0973968457832943,1.5304541700770897,-8.167881040513965,-4.167881040513964,-0.16788104051396457,0.682447667592616,0.06321885867226198,0.8895028025872468,27.558634327194593,122.43381596905186,0.8381766608095185,49673.68457865715,1511282172
2960,12961,12.160288516553429,10.043213754020202,6.043213754020202,2.0432137540202024,1.5332761657177658,-7.826156241945268,-3.8261562419452684,0.17384375805473185,0.6666366635883404,0.06271354165583375,0.893974929907523,28.353808692487725,123.80040987053809,0.8336320309520406,49673.68457865715,1511282172
2961,12962,12.861607964596615,9.91766221697714,5.9176622169771385,1.9176622169771382,1.5013414921855468,-9.481779364577484,-5.481779364577485,-1.4817793645774848,0.6452774043650484,0.06947203124341104,0.8935268831461126,27.1183086023753,121.23624000066343,0.8513923480280826,49673.68457865715,1511282172
2962,12963,9.775525153951182,5.929772181760427,5.741737876265079,1.9067789380159899,1.5121070778995145,-10.274040370511097,-6.274040370511097,-2.2740403705110976,0.6273502917845188,0.0686433951789653,0.8959926256066242,27.522963706920116,123.2263452170045,0.8554504205515171,49673.68457865715,1511282172
2963,12964,10.703987460590398,9.150537505271075,6.01986441015554,2.16705656770928,1.544144740703689,-9.932148507715725,-5.932148507715726,-1.9321485077157259,0.7209511041250298,0.061139251843990265,0.890916195171509,27.991869197134122,126.79107197353012,0.8543684806589074,49673.68457865715,1511282172
2964,12965,7.750756518033161,6.428583437571977,4.693061247344341,2.0907359776344014,2.0907359776344014,-8.534464637200706,-4.534464637200707,-0.5344646372007071,0.5531283294366864,0.026240890832739013,0.898370316113837,38.914319898439615,175.7284393782548,1.227414842028511,49673.68457865715,1511282172
2965,12966,3.0897142650125327,2.0389412008410863,2.0389412008410863,2.0389412008410863,1.5204547862809965,-10.372800100017972,-6.372800100017972,-2.3728001000179733,0.6566705217284877,0.0787808981246906,0.9025805248106928,27.994037603909383,118.05872079627186,0.8945873116561897,49673.68457865715,1511282172
2966,12967,12.683304264349431,10.076010396271613,6.076010396271613,2.076010396271613,1.525124251342474,-10.857930849881788,-6.857930849881788,-2.857930849881787,0.6677298425368983,0.06435995500444411,0.8898505545765855,27.372011263676146,123.68280616209782,0.8500234459117758,49673.68457865715,1511282172
2967,12968,12.12960143391465,10.133483840836892,6.133483840836892,2.133483840836892,1.5716298483780344,-9.908329721445398,-5.908329721445398,-1.9083297214453971,0.7666578564427924,0.05822479786452895,0.8939479092742255,28.88033891840862,130.1009859875117,0.8600675523161969,49673.68457865715,1511282172
2968,12969,12.787317853343923,9.933777325870244,5.933777325870243,1.9337773258702429,1.5017770007168723,-11.360109626185178,-7.360109626185178,-3.360109626185178,0.6398903738148214,0.06914506471758163,0.8924396857182919,27.02528109289622,121.13532287176658,0.851143183439508,49673.68457865715,1511282172
2969,12970,11.37775270098995,9.940873882466025,5.940873882466025,1.9408738824660254,1.5022400436058183,-11.046591984563186,-7.046591984563186,-3.046591984563186,0.638822729137266,0.06896942444792033,0.8922485468318918,27.021729470974826,121.19024987211566,0.8509187087806808,49673.68457865715,1511282172
2970,12971,8.033639582561706,6.004673654641752,6.004673654641752,2.004673654641752,1.5267082679242077,-7.6443255412915105,-3.6443255412915105,0.35567445870848946,0.6461964787405623,0.06285625672453662,0.8890710293774708,28.09333426655114,120.97175835468263,0.8286605811743942,49673.68457865715,1511282172
2971,12972,12.004677060824733,8.437987565076002,5.8238178310397934,1.823817831039794,1.5511834229859078,-11.220920879118642,-7.220920879118642,-3.2209208791186423,0.7790791208813579,0.06598227833669579,0.8968906579563463,28.37935682352328,124.82822169027087,0.8506532013475279,49673.68457865715,1511282172
2972,12973,11.077709893566308,7.836485232506009,5.892826092390602,1.8928260923906015,1.5396582103320406,-9.09546312887514,-5.09546312887514,-1.095463128875141,0.7796825682566766,0.06509629739372036,0.8998124441661209,28.70103272075294,126.59353364861659,0.8563757697979364,49673.68457865715,1511282172
2973,12974,11.085968813795846,7.952755512768045,5.555921070594657,1.5559210705946571,1.5559210705946571,-7.629100405889043,-3.6291004058890426,0.3708995941109581,1.1905027837979119,0.0716901546108598,0.903116526234902,31.16346601248716,125.81927053754826,0.8902358972275002,49673.68457865715,1511282172
2974,12975,7.9885829792585215,6.954783867945729,6.02728030905177,2.02728030905177,1.4719333357389905,-11.04937483711352,-7.04937483711352,-3.04937483711352,0.6537932295644161,0.07106499587446304,0.8960677496450098,27.05016472496741,121.93390049545624,0.8617967682609555,49673.68457865715,1511282172
2975,12976,12.32551383566732,10.024569432515408,6.024569432515408,2.024569432515408,1.5301106666521742,-8.41273902511534,-4.41273902511534,-0.4127390251153402,0.6560950404085732,0.06443272917482566,0.8977941793234104,28.281425071626494,125.60315530192068,0.8476751001250356,49673.68457865715,1511282172
2976,12977,13.90782374751954,10.085948804249405,6.085948804249405,2.085948804249405,1.5289253711294755,-10.61388597305751,-6.613885973057509,-2.61388597305751,0.6747160214425033,0.06379575473681717,0.8900740104788608,27.48345684485995,124.2104174977546,0.8503059351081436,49673.68457865715,1511282172
2977,12978,8.963683252344518,5.855682704794036,5.855682704794036,1.8556827047940363,1.5811339961607234,-10.257173459972593,-6.257173459972593,-2.2571734599725923,0.7982737112615339,0.06219133789337587,0.8985105520587546,29.170188612086392,128.42563021297872,0.8563782022428217,49673.68457865715,1511282172
2978,12979,12.42884555379588,9.402355054010169,5.402355054010169,1.5844146628341125,1.5844146628341125,-7.438973789824554,-3.438973789824554,0.5610262101754455,0.9866205224540375,0.07030905932208006,0.889917701525074,29.25253484827621,118.37839742185893,0.8471963905605869,49673.68457865715,1511282172
2979,12980,13.336024413316116,9.822653007827773,5.822653007827773,1.822653007827773,1.5523004613737232,-10.536271772633016,-6.536271772633017,-2.536271772633018,0.7790781536518693,0.06592017587281851,0.8966936143283152,28.37097269476571,124.7765015114331,0.8502071496037781,49673.68457865715,1511282172
2980,12981,11.301062184998925,9.82453574664631,5.82453574664631,1.8245357466463101,1.5531285360031635,-10.658981511864853,-6.6589815118648525,-2.6589815118648517,0.7809488548772378,0.0657694808056419,0.8967043527935629,28.394994588258108,124.88349296288877,0.8501541621983664,49673.68457865715,1511282172
2981,12982,9.499893053924996,5.857995009421386,5.857995009421386,1.8579950094213862,1.590499404358032,-9.8516666478895,-5.851666647889501,-1.8516666478895012,0.8410021195468638,0.06098254148175616,0.8952924239098828,29.067820328089827,127.53816300906195,0.8493770720246467,49673.68457865715,1511282172
2982,12983,13.656047340692663,9.89063986524172,5.890639865241719,1.8906398652417198,1.5072263285438547,-9.671458403140551,-5.671458403140552,-1.6714584031405522,0.6525480712531581,0.06937235301123879,0.8939049852232519,27.22257648343406,121.44876857065006,0.8514416879752047,49673.68457865715,1511282172
2983,12984,11.975044981165244,9.895027622566996,5.895027622566996,1.895027622566996,1.5074046811120205,-7.847997500952837,-3.8479975009528378,0.15200249904716268,0.6494456704717546,0.06809119907955534,0.8899829935167369,27.224545909817042,117.53522468914753,0.8283959125811315,49673.68457865715,1511282172
2984,12985,11.067583521280143,8.027720146203787,5.853721180180743,1.8537211801807427,1.570893215028266,-8.006954031471585,-4.006954031471585,-0.0069540314715852425,0.9458862954421019,0.061301712202539084,0.8992824132532745,29.74917271570107,126.79199094010951,0.8422961064565961,49673.68457865715,1511282172
2985,12986,7.797981302852093,7.042833489559424,5.85268084525959,1.8526808452595902,1.5700617304009488,-7.467822932683011,-3.467822932683011,0.5321770673169899,0.9360742660750552,0.05904505727800336,0.8890676365944492,29.67627809603662,123.27243297517342,0.8307301146676808,49673.68457865715,1511282172
2986,12987,11.751005272910287,9.831316502615245,5.831316502615244,1.831316502615244,1.562154092428184,-7.32208454251932,-3.3220845425193204,0.6779154574806796,0.8053587545339438,0.059340051973664,0.876396543383196,28.726430291862997,118.27241102549608,0.8665866352626134,49673.68457865715,1511282172
2987,12988,13.772873697804837,9.77754553391,5.842328848795265,1.8423288487952656,1.5717922184412088,-7.612960412599305,-3.612960412599305,0.3870395874006951,0.942676065994517,0.06030113430745156,0.8950762141826909,29.83986805103308,124.89052803126587,0.83028667948787,49673.68457865715,1511282172
2988,12989,11.607877164935344,9.848847066749883,5.848847066749883,1.8488470667498835,1.562859565472282,-10.728133404479845,-6.728133404479845,-2.728133404479845,0.8660963059991604,0.06335279393285817,0.8993824366092016,29.179822412587367,127.71348073483603,0.856048508908992,49673.68457865715,1511282172
2989,12990,12.48871879146823,9.867007839988704,5.867007839988704,1.867007839988703,1.5913630489850543,-9.890502895002582,-5.89050289500258,-1.8905028950025804,0.9601832025058001,0.05938007916468903,0.8987623409919732,29.95703392310495,130.27721835096776,0.8589359654868762,49673.68457865715,1511282172
2990,12991,9.037444398122226,5.866377926994111,5.866377926994111,1.866377926994111,1.5937534022448407,-9.052041655127919,-5.05204165512792,-1.0520416551279201,0.8536732220859805,0.06034609166758881,0.8951816742174041,29.166010602439936,126.90606027309454,0.8433465938533536,49673.68457865715,1511282172
2991,12992,11.625629718760491,9.837415170278764,5.837415170278764,1.8374151702787647,1.5778547547184483,-9.967078364659036,-5.967078364659036,-1.9670783646590355,0.8080439413536177,0.06297346489660391,0.8994865908733537,29.208379348197493,128.2911601922998,0.8582385012153061,49673.68457865715,1511282172
2992,12993,9.456725980430404,6.952240463912951,2.9522404639129514,1.8707318071285521,1.59503351960545,-10.435834251720363,-6.435834251720363,-2.4358342517203626,0.9895442882194744,0.05863403492144371,0.8991728289602737,30.215213894460394,130.04621124189066,0.8552350546061436,49673.68457865715,1511282172
2993,12994,12.527684846269658,9.8416550325595,5.8416550325594985,1.8416550325594987,1.5482653921846918,-11.215773939402897,-7.215773939402898,-3.215773939402899,0.7842260605971009,0.06564441159027108,0.8970015320060375,28.40716014250734,125.07587292732293,0.8505082014130959,49673.68457865715,1511282172
2994,12995,6.620820810146066,4.335655577571846,3.068797940612046,1.8889191358321922,1.6028595231611142,-10.66118523438714,-6.661185234387141,-2.6611852343871414,0.9144193730097737,0.05837975915009468,0.8938891284334447,29.43220514517393,127.90680552648587,0.8463402672401199,49673.68457865715,1511282172
2995,12996,13.63232990080996,9.871788752182388,5.871788752182388,1.8717887521823873,1.6073747877058098,-7.214571670987551,-3.2145716709875503,0.7854283290124496,0.8729775407130661,0.053129694643699654,0.868712587318154,29.45039104387473,118.38744833481756,0.9204122673185128,49673.68457865715,1511282172
2996,12997,11.033850971195879,9.87159912921951,5.871599129219509,1.8715991292195087,1.5173846501707164,-10.71053224876266,-6.710532248762662,-2.7105322487626617,0.718400694777582,0.06831627454184216,0.8968618266024281,27.808388067421106,123.3496705365051,0.8534293444997928,49673.68457865715,1511282172
2997,12998,9.800983520186506,7.409150242687134,3.8461597298463914,1.5831730629776963,1.2224627142684816,-11.266084040987144,-9.104384535914964,-6.091503679342114,-2.777537285731518,0.11908455848251674,1.0001672910400616,160.0,790.4547949731029,7.4102124436202255,49673.68457865715,1511282172
2998,12999,11.325221179483572,9.892552291410668,5.892552291410667,1.8925522914106674,1.5285381238995488,-10.10479279232374,-6.1047927923237415,-2.1047927923237406,0.7218068806556183,0.06665948790344269,0.8987519656003436,28.255068590153293,125.48247011734483,0.857054757458615,49673.68457865715,1511282172
2999,13000,7.274838248333158,5.916327425916925,5.916327425916925,1.916327425916925,1.509021899064461,-9.953007287462395,-5.953007287462395,-1.953007287462395,0.6759547657796031,0.0684723451167748,0.8943506727436226,27.389019892423477,122.25837654384674,0.850636523176272,49673.68457865715,1511282172
