,0,1,2,3,4,5
0,1.992185115814209,1.992185115814209,1.992185115814209,-1.992185115814209,-1.992185115814209,19.962916577942703
1,2.9611237677429165,2.0938306961036757,1.7096056044101715,-2.9611237677429165,-2.0938306961036757,17.554019823794917
2,2.119577478632703,1.8734595104893361,1.8356079417852893,6.285533994301575e-16,1.1240757062936024,21.321187463737942
3,5.667150717927372,2.769501749643769,-3.1376343643960003,4.27168152007961,6.0,2.053231092513153
4,-6.0,-6.0,6.0,6.0,5.8111374749977145,60.0
5,-6.0,-6.0,1.8318941459722513,-6.0,-5.978026013582094,60.0
6,-1.3065749939018612,-4.858019827847613,1.8394198086525646,3.612741335930033,2.8692488185040563,26.23213328692069
7,3.3130949171765387,5.680848378105871,3.1224430354057056,-3.9017468116411447,1.596245811863512,11.419789949793554
8,-0.5658967684897362,2.632638790331935,-0.14331019984872118,2.3229713964425613,1.4177001121878101,2.9160325053927463
9,-4.044837083020851,-0.4602095466873779,1.0818884015991843,0.1732872426966452,1.259337227626177,39.84045590902394
10,3.6961790188915753,-0.8190362833543174,-3.5497091200433273,-0.9339952726058369,0.7805261946527002,18.377235669013462
11,3.53756307207205,-1.6870312677426105,0.69174085174064,1.7811419458683497,-1.761039560440837,32.37918341750411
12,-1.813213390620037,-0.9269053442166637,5.907945089034412,-5.885724781751653,4.964724012836198,39.60264073531478
13,4.991192410128969,-3.9342688065705156,5.698562892836797,-2.2389136076540694,-3.5188691151292746,27.820764159673512
14,-1.8812502409722658,2.4161723701743156,-3.628405086970959,4.379075575314985,5.04283729763479,33.58557712266595
15,-5.424826509392843,-4.935441776514713,-4.349806840871322,-2.9520641494287956,4.487870424713297,6.614635412500494
16,-1.4486461853491708,-1.7475212579672972,-5.7537609598889725,-1.8840347315885309,-2.1718904214186585,10.05948568750354
17,3.4905221156055113,-0.11164748500949884,4.874051657833961,2.4910807631647636,-4.274813841198338,24.77663190888525
18,-2.263741405337246,-3.8572981585606945,-4.753032109208487,-1.2263083293254455,-5.180353479212218,13.335300611060735
19,-4.354922852217332,-1.633912584337895,4.4722853610696784,-0.6272283115837176,-1.1026028218259354,45.91602684667665
20,3.104372719367152,-2.343537654826294,-2.3253900349993524,-5.96701432785633,3.1980602833041747,47.02401193374978
21,-0.4253910131012919,0.8035288351972314,-0.7367218485317419,1.2858096960428496,1.4490047796677805,24.192089965821644
22,-5.491026109527824,-5.907996590757788,3.7293058192468873,-5.783991223011296,-3.651794761417647,7.674451325133536
23,-2.328773099143822,3.004890973318142,-4.0394116012299435,-5.830628906810078,1.0250427565417368,32.531637466669586
24,3.7896639857638093,-5.239540160428327,-5.317302500178311,-3.3601733695248193,-5.976928840375606,40.617630949557
25,-1.6754995252851925,-3.6847933710415797,1.1124646857689466,-5.595439264705682,-2.4809553618356537,4.215305757006531
26,3.318190484720361,4.6612551198221475,1.482615448019403,1.792052765886191,-0.9929933751400792,22.988566897261634
27,3.2036303567425968,0.29444244641458805,-5.033969188409563,-4.467655995745058,4.548814668993941,2.5031834679099196
28,-2.680347506853808,3.779202561989134,-2.411093293149672,0.26548048427958637,4.935854751601127,49.93541978762414
29,-3.2878599985110144,5.824061784219815,5.100850570835666,0.7705395853295647,3.490695907671496,20.941219494665354
30,-1.4274537502653306,1.3116060937242953,2.3533259964274933,-2.397439338063072,-0.11030148149762375,52.22035995798847
31,-3.276347956335112,-3.4955014641863196,1.7517385469102713,1.0784240583689462,0.9558937566976242,29.97193294786093
32,-3.4213238316929653,3.8460070260841626,-2.2882782184661945,1.1624332241616804,1.6525812307024603,57.6726752404539
33,-2.0096872963285124,0.5425475846384931,-5.010596057562134,-2.4888170444414426,3.860789414269176,38.20037981595921
34,0.9341390075652196,-0.7286409614704992,-2.8669554791491327,-2.952719322005901,2.3602750814738798,57.36786890739952
35,1.3758139332296517,5.617946149575875,1.14566319260401,0.011998939093262884,2.85735031768251,30.440638771602636
36,-1.1718108337004356,-4.02177000241802,3.2214671746578816,-2.953401270292062,1.4742477855632705,34.814853133759044
37,-0.0723197672410194,3.9682073328035976,-3.0194643256026463,3.8316673459666575,-0.07611302986978874,5.624454716613444
38,4.8947245141871925,5.232186434382935,3.144517097525,-0.9400931718159828,-1.6086580644740982,51.13968136384102
39,-2.3160951861013297,-2.860183483475053,-4.095387004763463,-3.9494073292737646,-4.737303013376208,31.679992155050336
40,5.928525476265783,2.991564483288034,0.3135457469458309,0.135615324828799,5.5558582929468106,59.49749536665197
41,3.6934786287123345,2.309869230194087,-0.44084076212831746,-5.169769012792274,1.301322021286638,18.206619294227803
42,2.303809254260507,-1.8482023696081873,5.326054364984795,-2.0503262497713965,2.4646271250030516,10.070136687777186
43,4.976165022325823,3.6389377589290284,-5.501233106503013,0.8637509172752376,4.757925267243429,17.462449837621065
44,-5.99289085167031,-0.4912355881267034,-4.575229164967662,-2.11068988092833,-2.943561507470312,16.796943518782154
45,-2.384108922767985,-2.78145339506301,4.004928445141523,-5.153854160264602,-0.6559752592067642,51.04891804988794
46,2.010920047652389,0.5223532063267449,1.4198427589247924,-5.148752689121191,-0.7990743895083279,4.915182362089297
47,-4.5499008402057735,-5.307705369763018,-0.6925087184943255,2.177919946829654,2.9539572916632792,16.148327900005448
48,1.9256986715419888,2.451799026647791,1.565424377617716,-4.029806180762824,-2.972816450240826,7.984891530862983
49,1.9627583894132181,-3.8866814083917953,3.6882257062258574,-0.5321697927324927,-1.5271028237826973,44.75686888330095
50,-0.8946578275192572,-1.2389577930351896,5.857676031473858,2.2456382329432536,-1.9498085666330507,24.624612705086996
51,-1.1192042702807603,5.726862107418288,2.230981493535129,-0.165423089207148,0.5339748963752982,5.586948676329185
52,-0.44951116447376194,0.7524047030793444,4.723249459471656,0.36719654322210626,-3.7135371580432404,24.454028424659256
53,-1.7205793929096336,2.930831327429541,-5.950163196182011,-4.403364994105506,2.278924240319764,58.52284135871819
54,1.8715328111704563,5.004126765929879,3.071148926299074,-3.941084110024171,2.5235520480916662,52.03516810090989
55,-4.281444532992559,-5.022576615870612,-0.31689002026518587,-3.98095961574583,5.880645522215339,49.10190615478945
56,3.1285876002285207,1.9288163389168655,-5.1279159950627085,-4.187298504233828,1.5310672039999123,36.3485179520597
57,-2.4822338166554596,-2.754614412752926,-5.989261686908055,-3.9328041508769394,1.5337230117336542,15.747427704041373
58,0.6081882177467239,3.6937682954553086,4.581416335122867,-3.649340930658485,4.158232921624538,44.08475146496315
59,-3.314646623411381,2.1849413797436625,-4.23194735407201,4.102831079345695,-0.3158760351122156,14.899688434420876
60,-1.006186915412898,-3.0467352431897368,-2.8305485050859804,-5.030165701389519,4.711925269590992,42.443302783605716
61,-1.6792828142293397,-4.087296009439167,5.221594343083172,-4.605188623163273,-3.3199915186434197,19.07867266640373
62,-3.6809713368055004,4.578359200034907,2.828193109196338,-3.1662408399822297,0.6154863593011077,46.99669623786464
63,0.5983046013985076,5.094373877246994,4.679710061529319,3.553894126797987,2.0996615334817665,27.854467905997982
64,-1.5958213640238768,-5.39356827983048,4.7492665319275815,5.869455929337111,-1.8465195323782213,50.22347756040687
65,1.9459873794601297,5.511532754384387,-2.7672038107382892,-1.159049766268276,-2.7795908115749848,48.874464896240255
66,3.2683516963708144,5.803256121901459,2.6823362303515665,4.9163680555906595,-3.4914592364623918,49.09160330973221
67,-3.626164334307802,5.139893352301796,4.175990083042002,-4.928615465343938,-3.588112370086054,17.78533529052082
68,-4.202827145819638,2.3088041100301133,-5.6933067013531655,4.763250702905822,0.8185975328504318,48.70496926829275
69,-2.2273738753957053,5.169565726401718,3.1020483682624587,2.5820366987095387,-4.771889501847116,34.19558907598831
70,2.247964918763138,2.674461639357723,-3.6609338937976164,-0.4050226934259804,-5.124626034222617,14.641009224353759
71,1.904713395598276,-4.4838656297752975,-2.179768566114312,-2.5997138792631542,-2.3192865744033293,30.388484708651102
72,4.6018867879732674,-5.314872064309086,4.845949272293357,-1.8219208675219676,5.520268570071696,9.42138975797287
73,4.52685430031765,-3.484576972464989,-3.767356337260682,0.3546247119676691,-1.4952841337533886,24.808878919936227
74,-2.5875133151087164,-0.8591647037689727,-2.143464837969545,-5.271337714277457,4.230962852127764,4.261506476495755
75,-3.1617624816104017,3.7262710610557903,-5.830471151686372,2.345178912770427,-2.602715296120768,56.56121746776129
76,2.9945367701864996,1.5395928504760494,5.245362807303248,4.110320661635775,-0.11140397762848231,10.79287437781726
77,-3.784287159868515,-2.2942248508590897,1.333170795524274,-0.44062262971323474,5.967535047532895,52.888061509977106
78,-0.8469793301990132,-1.6453534409472734,-1.0582812047652421,3.7232426739001703,5.532459348329443,13.479393742624382
79,-0.39934974609433116,4.761341985864149,3.162775606967429,-4.358026496663037,0.07117373312317188,23.96765063357237
80,4.123281038685278,3.6694752717607386,5.360850214895816,5.580618784362851,-0.9367269189320702,33.125480846547426
81,-1.4044011476116456,-4.387061645050225,3.970614058995224,5.3760164983357,3.5724317310975344,50.62135323069008
82,-2.02121409794185,-1.1473959113949537,-1.374180216876737,-3.981757278634869,0.3648916335005765,48.661701729624944
83,2.7986928165449356,4.6034191984690604,4.813993646694172,-5.0841278288481675,4.721548152836849,41.32861252274506
84,0.05780460145749,3.06813875836656,-5.371687791081034,-0.9977904054764757,0.21399106803925871,53.22437945993882
85,-0.6202037859134064,-0.6924332629308747,0.21012865813249526,-2.019714059789183,0.6462748263382316,39.04832661371197
86,-0.4676061535399647,-0.21226854432453557,-1.037663499293946,-4.256964981302982,0.7333303466624068,29.698843241380693
87,-4.197612917800095,5.273811173514897,3.7818116281888496,-2.687063800809301,-4.950593251355655,8.213864583387554
88,2.3576149660420143,2.8607442021775746,4.320527175334497,-5.1045157046757526,0.6499916473695837,16.690993851766162
89,3.818869998723466,0.014247527781257041,1.7791518473618098,-3.954449327806305,-5.367376955233381,4.24734120233991
90,-0.18594539025225565,-0.39401426104898896,2.1386120650009914,1.2001232048926012,-5.096862492860919,6.680245314303029
91,4.685669108790908,-5.7292135576862275,0.8798561755543739,-0.9953453116388227,-2.4100971047599913,21.509818795943
92,-1.4069472280414885,-3.298111783981023,2.310717339376186,0.18716877714965818,-5.291961132424877,20.418863652439356
93,-2.2586487701641342,3.447575151902946,-1.295732042465688,3.889266886561934,1.9864954768173266,19.399463681594586
94,4.018022387468399,-3.57774954246908,-3.3392248364048553,5.749848763159708,1.312054722077061,18.78807578202809
95,3.5840598230714242,0.08872963282824209,-2.715561666027363,-4.4179851798212715,-4.024533475322063,45.8739314025563
96,1.4686641688024524,-0.030270033488337234,4.38478856658446,-0.8978416071444988,-3.929990246199618,29.464159533257902
97,-5.728822648022045,-2.293812392927859,-4.872979721128645,4.709532798451868,-5.512172427379508,41.775676894060396
98,0.0834389249911851,-3.8669837596604886,0.3421301984974603,1.013635680850797,2.119855064360612,41.49490575269024
99,5.338243297819197,5.9443702824762035,-4.074706879753821,-0.26541555234899405,-1.5924750177233218,46.760734894220725
100,4.590308618388516,5.266406225394828,4.630715325281434,3.415303853373711,5.788426324724526,36.39599418896686
101,-2.9024724399349306,2.6414588402062975,3.660414605390276,-1.4523729789252808,4.006449219185495,33.979175774728375
102,4.266890643067988,-2.566410889959422,0.14271036339190157,-5.691923435899931,5.953803219957656,53.1009101118933
103,-5.758385595165616,1.9310578506148364,-0.5007650688751601,-4.792953306446172,5.099367112622096,30.477138918650652
104,-2.135318274447406,4.793017254058631,-5.194618947310978,-3.0411546915875975,3.3498646415788365,21.867802400310513
105,2.002403611368397,-4.25959468327058,5.726039201779226,-2.8442444993196156,-1.103631451094322,16.406103149669473
106,-0.48712038233683597,4.669083316042661,2.453651443016147,-5.671707553440766,-3.3495574916869613,41.1608492323911
107,-5.49072116924457,3.7065287544371586,-4.6264726033340935,3.653481412567576,0.20030590810608828,19.899930302853633
108,2.3293376091183866,3.114295266454665,-4.7307599522160135,4.927492129132787,0.6807694301670599,11.381422078339794
109,0.04636506579755206,1.0745839812034363,-0.6399127133017455,-3.7890770883248885,-4.537671533753786,13.768085449696057
110,-0.3190169812840411,-0.362666856141467,4.209085681755152,-4.779815702366484,0.08149950906444214,19.116614849261342
111,5.917989213327836,0.33341061555280405,0.597840397277027,3.730510294177769,-3.569495567970657,33.91234587488837
112,0.6698021095803259,-2.7873988548196102,-1.4354278590648955,-4.875860505056597,1.9913372515263008,53.249409007028866
113,3.0716072029977965,-2.194505734800239,-4.945340980756606,-0.33611944571479935,5.104538793622549,48.26855488258361
114,-4.92894343306962,4.605138616370407,-0.5247618878866422,-2.4347884088773952,2.358457711026146,12.369238201643807
115,5.7510047262891035,4.133096882320757,-2.0376616176788893,-1.3690668311246448,4.325022824408485,52.088429686455726
116,-4.027729236366802,-5.374375445006412,-1.2732069767369145,2.9723326663702814,1.342352109485602,52.28266893328212
117,0.4627926665693689,0.44731662374311476,-2.9823816597674453,-0.02697271445456728,-4.605193203108784,37.65098444535934
118,-1.078566543302811,-4.1735829774049025,-4.8128042486168,-2.66735136589781,3.380795989099333,22.215640424106624
119,-2.3896166022241587,-5.880135040202287,-3.1700069358177148,-4.749361525921723,0.2047435199605907,12.150998240781421
120,-3.82862959035218,-5.530763546591304,-4.471193400517515,0.313804737981374,-4.640320462902298,13.78897732458677
121,3.225964138207022,1.4998618316242673,3.6081843923835635,-5.653560594303242,-3.288896289834037,23.050139039294642
122,-3.7665542197705735,-5.8616641000729395,-3.1949705002285143,1.5333502359556297,1.9695989931138778,50.915957405311964
123,5.4306003172911,2.989150310760607,0.45802193214128195,-5.337389430063199,4.046277570934297,31.176760230692626
124,3.6683055438691916,1.53660801937664,-0.5864858656055292,-0.9089751363241003,-2.300167650113112,26.356944927559532
125,-1.6217940085990046,-5.017263735984979,-4.684219070426403,3.127080514570361,-1.0260451619644737,55.76690083903108
126,-1.1800460878552341,-5.550310480647647,1.3010323564556607,-2.404508734105942,0.26620159185809467,21.423145991820874
127,4.65034453955824,3.212184453566035,2.755758476944422,-5.867815747092856,3.3849921597373793,51.82612898929306
128,-5.753198602487327,5.104455903501721,-1.7700792530606257,4.541451897354802,-5.829184677220083,33.178873785991286
129,-0.8152231251674911,0.3743330364274877,-3.709190947464289,4.38118139154947,-4.623913965443254,40.765092036219116
130,-2.1079551553382156,-1.5757463298578998,3.9140941634440622,5.258275279415329,2.5597960980799055,59.691905213494955
131,2.7243077996479386,-4.839098214113558,2.9784042562952866,-5.090657918126588,5.270386146077756,53.02936544811397
132,-4.361058575957024,3.2727256217363987,-2.604550268757193,3.957104352878023,1.436511325986615,35.86327242464184
133,1.5698077126630432,-4.776755069641051,5.275107849665549,-0.04065900851672577,0.8378962974183883,40.983143595139964
134,3.9549115082580997,4.997601676139414,-5.449421490396426,2.1383674224355396,5.316911593090712,2.555475597119204
135,1.2557470949594052,-4.156964842978577,0.47982543488766183,0.6393151050253607,5.100626363489015,42.47525189203311
136,4.127671073291413,4.181784076628308,-0.009002756351246255,-4.705585923646297,-2.5364660154453507,20.969670564748537
137,-5.006663592583076,-1.615854670947094,0.263537995617785,-3.8734281793235104,0.46833107963275644,54.53148128847782
138,3.834750308696403,-4.4442758716520165,4.351289448485268,5.618957545983612,-0.1455203297129577,52.97179625531046
139,2.883263275074148,4.189776603953357,4.101803744547883,2.885937870525929,3.327380106352873,43.53637288937378
140,-3.721548106795078,1.7532990500785433,-5.546465590949162,0.5465799554004649,3.0269650190012136,7.193813399006512
141,4.214485372627141,1.6408698219080158,2.263879758908363,0.7241721273704851,-5.391093198816136,34.68507167504886
142,0.9732184118677578,-2.8321762351278617,2.7863632913452836,-4.893358578531825,0.5644643600026198,36.533889879104876
143,2.602651550328332,-0.9143463033821018,5.427113345967847,3.047512470678676,-0.34278146000493503,51.30991309362506
144,5.08316571861506,1.2192662994350876,2.431190446758201,5.79914935715183,-0.8263164567980459,54.76411403769813
145,4.861077715938315,-1.1744629614967321,-2.2283069364821584,4.916566340047741,-1.4131753651115257,27.50474250548117
146,-5.50062459927324,1.9674937147067846,1.2777955058153907,5.942931479128752,-4.9339925067097665,55.20230834374464
147,0.09335377957592694,-0.22032382441865828,-2.6690396717563925,-3.285254454844197,-1.2306493053458638,8.918308906971385
148,-3.5043481310555995,3.9410747158215003,-3.040074609192228,0.05932085513857288,5.451604467941543,47.79822101614533
149,-2.304261156746625,-1.7640305381630172,0.6393588699126003,0.6734212987882708,-1.9877596177105898,13.941349853865354
150,1.4700850557948906,-4.299053338262417,1.3712759613069494,0.20795310773000075,-4.2711381770846035,10.589629810771235
151,0.7160434151423063,3.4492766517282014,-1.1368465254947795,4.042055952343766,-1.7658351945139525,14.585843439932972
152,-2.6531131716414924,-4.730707651997404,4.426702754364861,4.211823289742581,4.518940541337891,16.30060520523732
153,-4.492396335161829,0.9185520562139295,2.091268911087065,1.0408748925857383,1.1809026283483455,38.02040716803807
154,1.8019587350828248,0.4676046205435229,-2.5552541291236563,-2.355426580192618,-0.5887642557107533,41.577822053613076
155,-4.340154585613525,-2.492431844681148,1.8944071260708606,5.5194769709323666,-0.08790604563527538,43.352203722091936
156,0.47396568662119876,-1.046639758425795,-0.980626663473533,-3.327864104519021,0.2594816214579865,22.18962773208542
157,2.3198083922743074,-5.44707595123867,4.54710050961228,-2.9920049809211884,1.6305046337417286,16.605909129750696
158,-2.8123265218052467,3.639368408921996,5.121422088797532,3.3007617087432273,3.661744291263208,12.505428249864899
159,-0.9453115240774395,3.1670877527365455,3.040978958750417,-2.7342380034143448,-4.189172091357192,13.136974709024773
160,-1.5242147709655187,-0.826432179877906,-2.460153002546372,5.38091282362317,-4.673581969378095,38.45485646975542
161,1.7651932635318168,5.385830245700795,5.459131970152956,0.13121702255979262,1.774954627319369,13.492962829035639
162,-4.1582261902373965,2.099730765159819,2.895560301043135,-5.5871587878124815,-3.5187597367389696,11.155516174148758
163,-4.746130636680822,4.0624256071669205,4.98829321152693,5.505553684003955,-2.2274806670990284,36.74453741663811
164,1.5225085088536412,-2.631546992548362,-4.660928153293045,-1.1231831607199725,2.9862644641455915,49.00444019976079
165,-5.093941105858576,-2.674226548612154,-0.2851420935901894,-1.4201474273639576,0.6529027755127483,32.60386297124574
166,-1.3855153938555116,-4.061194382987636,0.10628460572919352,3.366335626747839,-2.093377117884752,59.864464409380524
167,3.85955840877266,-5.0417077372472,5.5607943123390235,-1.4654422539960752,5.333350296730867,59.249140626817045
168,-2.7643797886145833,3.06557029499559,-4.5112814749883015,-0.03746913843515287,-2.5612041148861575,59.739197677754525
169,-2.2479809644039355,-2.7203772476800507,-1.1616615137120947,3.43433669007854,-0.5360545486303137,4.560690084910392
170,1.1444244680935185,-4.925628228343093,-4.257849334487465,2.935292585665046,1.5309570472933904,47.36751392303098
171,0.1417786169371933,4.262795455765239,1.653034924940199,-0.9379760030178579,-2.7918090809902374,32.05132917663568
172,-4.67181055354251,0.5465319487001485,5.935683937078737,5.478045094090291,4.371897280855251,12.2324807599265
173,2.129488316216019,-2.0878641807119003,-3.8499229605810807,2.906821724004736,3.9511406776779925,40.85938287876068
174,-2.5955218140330665,2.25173867760531,3.2709344210750224,1.2798397574476397,-0.30720382701688287,12.662731767244122
175,1.8945382480865272,-1.0701661261738646,-5.627954984569863,1.123529263942273,3.42879787631853,25.515079752164414
176,-5.877803216936162,-5.647080301913479,-3.261571927331752,0.15548203881834155,-3.8294191157569246,47.52620505233484
177,1.4915817252904446,1.037913754126003,3.5406752100038936,-3.9757855339655714,3.517806915876408,57.58243366845265
178,-0.10702558100106696,2.4956717118781775,-1.1925581206315714,-3.480015117283508,-0.7607392846139627,58.734814542435174
179,0.6526217608288976,-0.3745533093653055,-0.6202643288084078,-1.7243742780640208,2.6698052933592322,3.1684443149595305
180,0.21835018373537718,0.02118073178966373,2.8504136727337777,-5.326417400721125,-3.825158035291164,11.613534786735118
181,-0.034721601368044475,5.4598333828701335,-4.172522871754258,3.3354309313995554,-0.5717277575422877,59.039526311499
182,5.784066498384206,3.527562866495277,-3.928566150109507,-3.4883474089203057,-2.9224276568251186,4.757932391086925
183,-5.142628046647817,4.387433620052285,-5.8893274100689315,3.7053091623178673,-3.713630882538376,22.924219822752605
184,-0.3110073707623515,1.1317996334719114,3.3174906052376514,-5.5035236339077835,-2.392557968835682,49.409293107899444
185,1.4119683300875998,-3.285943306324521,1.023449208990872,1.1858085818754915,-2.200412912597839,10.099807443215987
186,-0.9976987253934784,1.3175771286489004,-1.4625189499329343,-5.433757886913635,-0.08920524060130308,18.204707296795
187,5.938934744111908,4.487502779786887,3.4235379641141677,4.834905584259754,-1.3052179596464741,44.93196512001638
188,2.4090390860695443,-4.972145604478939,1.8061236853103946,-4.2396155393882395,3.6214218765954413,33.96437191972337
189,3.695693405654513,2.980664766509234,-0.3785588482604103,4.949086823909088,-2.9551635426864795,59.07093252260306
190,2.368704719673982,4.298771328311311,1.2264799207366641,-1.4140838000122002,2.0590067451662044,23.282889272130802
191,2.7192743885289765,-4.89526309664834,4.148020665274419,-1.4757062018475429,0.5252208769966069,25.043005807080327
192,1.8635360889684636,5.562942622244854,-5.281678031358033,0.3897925920450662,0.15262214222600523,13.915214721326972
193,1.8292234688571307,-4.2869621248517245,0.1896789999892281,-1.2116529631343154,4.446982086275799,27.88454148069122
194,3.8746249723679185,-4.509270998702271,-2.1120210770643464,-5.5344239760669085,-0.28251808138643764,35.4541569771219
195,-5.285103786748012,5.100399445177768,5.187195768377011,-4.302736871683621,4.510218076028462,15.07495822956888
196,-0.8083812682170528,-4.951421913962074,5.305957965304355,-5.832786623065426,2.1284204224008754,28.793577463873863
197,-0.554998656622832,-3.9564025230899995,5.753225474835222,2.039296073885044,1.7188796182448742,20.66545952137976
198,-5.357415141470531,-1.366409216405363,3.9501167718121586,3.9628610917215035,4.223866254535812,21.69179176167514
199,-2.6060273360093342,-2.74249690579871,-5.23239340746672,-1.4964462799359746,-2.812895064586301,48.18295784926744
200,-4.940550615169,-3.6324833436751955,3.492080267741674,-2.367476657615404,0.5009803088796065,55.30006922605767
201,-1.9266749802777756,3.4241725123395526,5.598275938512913,1.2284283810123782,-1.5019623710591485,44.725017985837525
202,-5.653765939024362,-2.5424845967761707,-0.8423075681212895,5.967536172276763,-0.4586433782478032,30.199183226806834
203,3.8734398145318725,3.3145345902489005,4.511770882886919,1.435926287958491,-1.564053135319572,10.994212160712362
204,1.4053160691513407,2.9471094095998964,-3.817169877498979,-2.564565060860553,3.8039271620593027,6.307064941076633
205,-2.9148870648141223,2.8745817151042488,-5.864768255776522,-3.7099059808107757,-2.5829243642025235,48.80350416941071
206,-4.56574615127819,1.1830166765455568,-2.7448197920525876,2.5944357069445196,-3.3157203395613957,4.468450569396074
207,1.4294456323800997,4.808126188491681,0.5437906231067355,0.2574467759075709,-1.517994931173802,55.28484861050594
208,4.651311845917263,5.26807622390845,-3.9640224744506583,0.3974268591255612,-3.6935563226892407,31.9533150565576
209,2.3684852041817166,-5.038810338033959,-4.116936393362297,4.75268554788925,4.495998234307832,51.91274300484714
210,2.628405310574564,1.8252985104342407,0.08646309973216049,4.942936570830973,3.9287550006791996,28.847651722437433
211,0.33189348887823567,-0.6249280048162378,0.04884479226962668,-5.824451731814603,-2.5044287693491203,31.104932526364113
212,-1.4199509779541328,-0.7953053675549162,0.5641026036760879,-3.442795059467488,-2.844410996390165,38.543514747451475
213,-3.2186547966360113,4.960672884835017,-2.4972728898142877,0.5127597518587157,-5.759191569566198,4.583548997517163
214,-5.490829526518329,5.525142417301375,1.9644913406999311,0.4963588921862323,3.9317386683361235,19.188887237879566
215,-4.502875572043942,2.700443558863256,-2.3901814718146532,0.39353290971550603,-0.9221507566363343,22.08188498442574
216,2.961044122938592,5.251486197774067,2.164301635682122,1.4138847231242124,4.027304998630861,5.75632572886175
217,4.234125836841947,-2.752216415849796,-1.9660386653973285,5.863815178541243,5.965366086633599,27.215035933799783
218,0.09516510699839209,5.157613397235323,-2.5352294613151827,5.743154069307851,3.6886192869740793,35.20321103712057
219,5.383317917479985,4.042300268273088,-0.0776641897856516,3.1946979974409224,-5.3435923977925635,13.651016839472698
220,0.4104026931217497,-0.5638620921217274,2.477228321999947,-4.906333557920045,4.221112294252883,42.693197469027446
221,5.494952774015859,-2.1324381533865697,-1.3171157995835676,-4.026948696266842,4.979680019163851,26.205026863669254
222,0.8891862406063495,4.9899830950352495,3.460685332085287,5.67190024554618,4.531160943709249,51.36856971313526
223,-4.705471029189887,-1.833849230862751,5.804107828162996,2.996351560677443,-5.371124414692587,18.014323056402937
224,5.219598773309919,1.9172808450815966,-5.07995683411402,0.8552711652602731,1.4977944405141326,52.7737227728323
225,-5.974978224107848,1.312413690603229,0.5001652180578171,4.9523569068640985,3.9709136039102066,23.76104396041961
226,-0.7327253363775519,-4.207180742726222,0.7915060759429648,-4.753568728203899,-4.304405765048564,55.198942030008425
227,-5.4354921320393705,3.6138253048205033,-1.8184100129832288,-0.2745221160892024,2.466623296011427,7.601565391488355
228,3.7654232270538,1.3247825025050837,2.923304899282959,-3.8829154439145865,-1.1098350705582618,38.020666216483086
229,2.691578823548591,-2.075750790412613,-0.22680758120416478,4.637356421147079,-4.841014145488467,41.33091360859003
230,-2.449629132182708,-2.9859794690431283,-5.655672551172454,5.561472599602196,4.07386837790736,45.273508084809755
231,5.515453898128255,0.25319169432732913,0.7296112403340311,2.7765335769181263,-0.6739611717737528,34.571864165309826
232,1.2405103096710022,-0.9058049551204714,4.282841069075115,5.794682796648992,-4.8402237795481025,41.973917379551246
233,5.900337304530307,-2.2856481556294614,-4.417863234410254,4.01424429656327,0.2025111754972233,26.77127236466678
234,-3.310227560162277,-4.533348115121649,-2.3503199728540656,2.148135788999074,5.332494577549596,24.104292392213683
235,4.895527157782585,2.577964866864548,-0.7807683999025832,-0.11395398091390962,4.083437499354098,58.94454170365941
236,-2.484146135714421,-4.411600729410193,4.650813345385194,-4.991643369243084,-1.9209100126834793,58.72980535300431
237,0.1977271059470871,-0.07589474748134428,-5.479476400995954,4.774833369641209,0.36136273958497345,52.10794281464804
238,5.554931880246183,-4.728412703120525,-1.1112522965172982,5.762015199942288,-4.166762904913101,30.054387384890525
239,-4.607827983127762,5.245524764110218,0.8213782277006247,1.8723880256270151,-2.703647789505287,10.662732684777225
240,-3.252477874427167,4.888557168866015,-0.17122430146791245,1.9281791956978118,-3.943330474052325,43.884065697349335
241,1.807136178122506,5.015964201388178,1.0449653240243553,4.027129640054204,-4.093595420475808,54.018063524752456
242,3.472352138807082,-2.9906955849849375,-4.844394996426857,-2.4302385232459134,1.9950687475513798,55.02730904731733
243,2.536187211172095,-3.159835026996258,4.059164522075431,-5.382455506553488,-1.9080685712766092,17.055732333522403
244,-2.0021560130036713,-3.191405183361603,-2.7947683566960615,2.5926094537348785,2.386865172913973,31.45378402956972
245,3.166538478738918,-0.10243415614850893,-3.072858293738018,5.194482852634145,-2.9628720032209737,2.1409305171546817
246,-1.47293197475096,4.3439939363920015,-2.89256103311903,-4.087419736253787,4.224402854035052,27.365259490351985
247,-5.133014404819559,-3.762957051675679,-2.261480907971608,3.811664042756675,-5.261877393893406,25.38919440770218
248,-3.342462526241272,-2.2559291019737895,-0.4675272974800535,-3.1153063141697803,-0.10890900621640398,41.13934919229327
249,-3.379863597277457,-4.855384546059091,-5.810831357184912,-3.771086456495996,3.8919654349536437,46.207195654907395
250,0.5744529162650958,-1.788780144166596,-4.979433238322488,2.1150769694094365,-3.617486954462289,4.2803124236667065
251,-0.6059707533763516,-3.5953302264095024,1.1805326391819477,-5.231374875450722,-4.3310923619208195,58.08052335394024
252,4.369740784254082,3.589387175375137,2.733312934889339,-3.6864593928012894,1.0126082833359016,40.433571126486044
253,-4.682377150234804,0.621635350095846,3.5742594622307458,4.525163610670541,4.631037859894594,33.390971913725465
254,1.4404267127251558,5.991154057234905,-3.5138857046570147,3.2299340874014035,5.466249899431741,26.1596539868316
255,-4.920758180213208,5.753289055808402,1.939351380016796,2.8442623163412364,3.183241668875418,47.044225576239675
256,2.332929922768038,2.000964600137607,-5.404315324419169,-1.4851832964520408,3.64640522649297,40.826980257058494
257,0.49327956083604363,5.035647507331664,-4.392529287437576,0.2102060417387781,4.071430242181927,12.153889246184805
258,4.9211389298743065,4.015459446706977,3.840713593428724,-2.279821366812355,4.878040797993968,42.45169902550434
259,4.8245460013703845,-1.626389331561115,-5.78468849360675,1.7739866112346734,-0.4670852731763899,3.5255652960503943
260,0.5188932234924017,4.802378035473772,5.645870727672106,0.6265277762814465,-0.94941648019259,31.297281053341237
261,3.2665402095286993,-5.5064097469708315,-4.303286469963217,-4.089884365474805,3.0013469241163477,28.94049236051312
262,-0.06721947942821238,5.366633258359721,0.3921772639546397,1.9690535631164012,2.956120775982857,57.21673580497627
263,-2.609105832495417,3.1318953229477646,2.058619340951063,3.198646483324284,-5.458534918604383,36.537335014250246
264,-0.1646131296648825,0.5136832327943734,-4.599146204382325,2.2812774793358948,-2.4313381059655237,37.30641703492511
265,5.159142071753179,-0.7742527037618547,3.8059588838548315,-5.659902471650233,5.2016341843357665,42.45611427152877
266,-3.0339552421707108,2.5876248187284805,0.36231852573275525,3.454784642510406,-5.4966611544929105,11.240149748336373
267,1.8467702025403288,3.722702849811901,0.010939420593029325,-4.619446952527113,-3.067050137917902,42.98891195953884
268,1.0643811379278931,-3.175653181392934,5.780408315232977,3.3955396952977726,-0.8133558376351973,55.07859597892381
269,2.339050267456626,1.1512908886283792,-4.280432847392372,3.2637650322555274,4.1260689077656565,7.801019022333269
270,-3.4900312517797847,4.753966097489352,1.869229697066344,-5.372914500055583,-0.34618197701806164,25.387533485285978
271,-5.237108781985801,-5.067338009550613,-3.3720408951825807,2.699757177140725,1.384432057889697,28.059215721455537
272,-5.966116229885179,0.3395210179751089,-5.568617116527953,-4.4371144715624,0.2693676278119961,54.41299288786498
273,-3.3696025721129192,-4.72678842736691,1.2572645600062078,3.3365715492554653,1.218373330223697,51.76166946384988
274,1.2533824321384284,-4.462573056409764,-0.258891511295686,5.377564754935445,-3.2171100034499425,58.67145327181679
275,-4.186936315484932,-4.965803370415265,-1.6334521180577228,-5.498541136341115,-2.9413805276564435,46.25477510059424
276,-4.34407931897366,4.7837529331060065,-4.204451661053129,-1.6978114133898927,2.942450949060188,46.75861133520529
277,2.357301593182303,-2.6254024591172005,5.976412687860673,-4.729754836003505,5.452624356014674,24.572884270430535
278,-4.355692210563606,-1.9808874798314111,-2.6395449443965235,0.20331904079993368,5.603427115619704,3.612138383103526
279,5.954436510749074,-3.694499750581734,3.3803081545942746,1.5888412618255439,-1.2789968225724193,36.37873167147593
280,-5.551413238595873,-0.9027636478592429,3.708655351000374,0.4141596322064718,4.3765335587303955,3.385395131193977
281,-4.357303810454235,3.3514521304753373,5.060627846152652,-3.7465758679242667,2.3795967584136637,21.675217335921438
282,0.0020084665224322507,-3.082871714652466,2.6331424019875627,3.3463259061828623,-1.1017727749306676,55.66347222742841
283,2.897468677350922,-0.21405528365125992,0.9991277362116753,1.1086470541422617,3.1439656094377284,38.853776777504656
284,0.7210885500102249,-2.790756155219273,-5.590554301838842,4.882886961563333,2.066497313314482,21.658134138265194
285,-5.092596107271775,4.0662692639525595,-1.6796882661823807,5.88042394874061,2.075021011480924,16.174197388713743
286,4.158855810201686,-5.782158359920457,1.6163575773103274,-5.70472025588324,5.35585970245579,42.95327527689487
287,-4.669910221636931,-4.675638039071068,-1.747022816486698,0.8557718607666542,5.166766112788434,52.637594697689714
288,-3.284828380043548,-1.6140291340971622,4.926222273123667,-0.13865256479718369,5.584595143704146,49.00425300787885
289,1.6523810647005508,-1.222927901517128,-4.01314132860444,1.1731489281925036,1.4224697810779645,43.15198322744224
290,-3.8633475257150263,-0.05460626509322619,0.9629901895071598,-5.7751396824956815,-3.4253604109527807,31.3364763668367
291,0.8392013066010628,1.4071009435836181,3.242623242723056,1.5571290568647207,-4.4169710871393075,13.469164358727472
292,-3.631125715242095,-5.561263420755349,2.01087829590195,-2.8419162143458747,4.535214337227465,59.72139745102285
293,-2.5584852725297553,1.6071430823625077,0.5250659917196323,5.846797062064946,5.639183735812637,2.7507303331097797
294,4.996314576243373,-4.457416285318007,-4.329961830701398,-5.831791571461246,-4.098402323255115,24.634727620483883
295,2.9499980087451156,-2.5047911429723086,-1.485758979449031,-4.7436070920332245,1.229309293358945,7.5103543346042
296,-4.827248414686381,-5.913347788581497,-5.423491892311966,-3.6664777307950525,-1.6558486123415017,53.84014264094494
297,-3.121753397744035,-4.897395602084057,2.1936101441662643,-3.5251462463502534,4.246225351560174,29.63436942522352
298,-2.8153911776359397,-3.4794067230930468,0.8508749234980799,-1.8360895198286835,3.174211662145405,21.413241288658238
299,0.3325504439391125,-5.348415120394856,-0.7579879672103491,-4.656588575811834,-1.5489702214286645,33.195983589696105
300,-3.0157140207525366,0.39338437008177696,-0.3377215201690982,0.2453078574994061,-5.124203199182201,2.4333362820827342
301,5.585862364417779,4.078085861543953,-1.549359283336742,-2.8639747568653324,5.7394249485082565,59.90112170190676
302,5.172252674671976,5.641253135070438,2.5565221804104645,5.108543051345711,3.7381166224651587,2.6086725368510235
303,5.443866096878113,-1.7048035897696219,-3.4531403672516277,3.7906134315779796,5.268778316693761,53.56276376320725
304,5.102870407036551,-2.669260898451054,-1.8926404972978703,1.7697653722126845,-5.785191322248246,59.200864695506546
305,5.699249965533363,3.0284717022167396,-0.9148318133998757,1.2978737520457424,1.8476783581670153,55.68401805725909
306,-3.8227510214033864,-5.348184010737725,1.526605973044968,-4.690711836671502,-0.8740133637312162,53.3727944718293
307,-5.83419401504384,-2.700115906817064,5.506648704785858,-0.7261594134428526,3.8469722749989117,2.9241305767718373
308,-5.437731858443678,-5.030135183623842,-2.941343915485984,0.31481450364638136,2.087569069686469,8.665618980322053
309,-5.752737443551715,-1.32947478830639,-3.580294915521293,-2.869656900654442,-0.7003105014797356,58.00666339332158
310,-5.714106614570491,1.9279529729551885,-1.9197661197118643,4.0357043138064395,-3.7745904240309667,4.736595495309464
311,4.918779808601013,5.834594245138141,-1.8681100506222748,0.8383228056522896,-3.8512455739086677,55.219835828439834
312,-5.161810705531934,-1.5065940965772437,-0.9419428587384369,2.4329666352702595,1.2021100010619126,2.6652569638322605
313,4.924248445539449,-5.078536174011229,-0.8896466097985641,-4.861207229856184,-0.9809744377962175,4.499136310915425
314,-5.747775393848261,-0.7853509666428855,-3.9921602080967222,5.201927998962992,1.1694304188620415,8.305813047451714
315,-3.048728211016723,-3.980148519765024,-0.41950495047438885,-5.363029016043327,-2.065428090843366,2.9505567114920885
316,-5.934453049999868,3.5070934973258483,-3.8826210398569905,-5.886245827798839,4.8826250388682295,42.71703012960165
317,-5.459951549649415,2.7051192187258457,1.450308473349176,5.396620022929115,5.980473210178925,55.286721024840226
318,-3.751372356413521,4.104721721216067,3.35513400792948,2.84132328003012,3.878827311656435,4.287227666507912
319,-4.517306266459409,-2.2114977135213243,-2.073690913763418,2.849068043115149,-4.436803442307254,2.5138206221819295
320,5.858313075782596,5.02220723282976,-3.295606993191289,2.5463434304007273,0.24894498603581378,7.8502804688017065
321,-4.889525768936576,-5.8600148944614325,1.6852466154247152,2.1812134758495,-4.940422248127014,53.1156380570047
322,-4.892675104530176,-4.915780552479883,-5.103942201950903,2.770228126684358,1.8464623869399763,51.46110359222004
323,4.311862273879178,4.427822230371852,-5.149154963690376,-5.271702564166901,-4.692321971155823,5.827042775317522
324,-5.457294721910358,3.625536101456746,-1.5903360506712263,4.108742021448898,-0.7982517095992491,7.287883040169172
325,4.557724238646401,4.711427513859085,-1.232411948772991,1.9619351235462104,-2.8581309658088867,2.3302949302870655
326,-5.66689514754388,5.417751662411262,0.9201477399743698,-3.9360520089533817,-5.106284975355335,54.441227170858646
327,1.7928640420573807,4.97787274979404,0.6661943461029846,-1.451096260855679,0.3384279700637474,58.72050275073507
328,-5.46812040472914,-3.9176296295050705,2.5982248206068053,-0.7479851458423342,-5.845494347637457,6.588258026010172
329,-5.949310187592994,-5.356510668130651,2.515007407413963,1.3851204237545995,0.26230427903884007,48.059024877768074
330,-5.417767527965584,-5.952097199060849,-1.5104841106028777,5.460708312513474,3.648444598289169,13.173499659085259
331,5.781096026097811,-5.1311899530412575,-0.8031118748308523,-3.9174373280997146,-0.9087724725089135,9.880765296150509
332,-5.295193090279984,-3.819062955857282,-3.4140886275008993,-1.687294164596686,4.20186657371027,5.255034487111694
333,5.698468602568622,2.3504313311591645,-4.913108069288591,1.515259378753134,-4.53018816229385,5.414141937148499
334,-5.116419609485806,-5.402350640012961,-2.0059355457116124,4.137979248832754,-3.524264518777594,13.313698435558155
335,5.520214772014906,-3.0412324867052165,1.730642509051828,-1.126095409829118,-4.164233980282754,59.029642138239645
336,-4.133887356129159,-5.5074134019917595,-3.4904199721308244,-1.8385720060641615,-0.12078124831586981,51.227450328482846
337,-3.6854977592095977,-5.992562386141886,2.392233848275518,3.9449305991746035,1.5737248742122776,8.087360176378153
338,-4.284436984584878,-5.842850202534959,-0.039202479645012195,-1.5427386728673211,0.7622675576069301,57.156801346897275
339,-4.44240222090103,-5.046884493967529,0.4220540470046375,1.539346121684928,2.7186010107408323,13.116614429930028
340,-5.757951795522866,2.9667631310496487,2.284411962297962,-5.944460682646551,3.7608176574409296,51.177826082577525
341,-5.1214738594454445,-4.696781671622257,4.244284765406964,1.996771091574488,0.9088388768628025,56.99484307629874
342,4.398690410196579,5.43515270933005,-3.233478110408027,2.595528357041214,-5.8431322418065506,21.265191157685987
343,-4.544506687774574,2.5211712329407385,3.876475379558823,4.984889145399817,-2.3491408377840575,3.03862933775502
344,-5.8842985024630625,1.4246371825788449,-3.5310576611525533,-4.673288338569259,3.5402011290983415,2.9856700830649263
345,5.234046032267261,1.1728247775631384,-1.4119100781070444,1.9089465402660617,5.064401101501144,6.487421365109036
346,-5.547778261232494,2.12516227470072,5.398288872370755,-5.68347810780226,5.636714638317255,3.0469049802610044
347,-4.135281623078955,2.6549600454160043,1.397091769127783,3.9773650538749084,-1.2830605272033386,55.62009766519659
348,-4.827394077797338,-0.004903931900681033,2.9421821394533274,5.105790836164998,-5.75139050607745,3.1592081001680556
349,-5.78331141101722,-3.1493296344843484,-4.143976499007495,-0.8705216772850997,3.1502752361654096,5.935318749887151
350,-4.50274303152134,2.7946810349456217,4.786146807677857,-4.679722097487728,5.847192057946048,2.1952526181550365
351,5.940887888789257,2.869914959931294,-4.539000593066756,0.5504400810758552,-0.6536555000936212,10.753879007577776
352,-5.54564801616534,-5.7825499392825614,-3.7438000786796626,-4.927022763506371,-2.1476466006349755,2.2964687544664453
353,-3.299995778042186,-2.810733592339703,-3.7883731063898636,4.854550823880178,4.797245115112677,55.184921624406044
354,-5.422633932988476,-3.664624410134314,-0.1122179814037375,2.5404776458518374,3.1880744729828088,52.86670937499084
355,5.078410835834795,-5.02161710755152,5.024665439188565,3.553053184298736,0.5618171766556042,11.11071695964734
356,5.395520864805629,2.751832629903119,-1.007884416215935,-5.537304451348395,-5.659220298423645,59.80241990255439
357,-5.77819692847493,-0.6221413047223445,3.6266376955721453,4.9322782103795655,5.863006531597182,6.940109813879494
358,-5.4777881049425545,2.8031995437697033,-5.064230076994064,-4.097044761555332,-3.2692886758288604,11.337388405202365
359,-5.634664233217547,1.6675700726065015,0.7570666262531125,-3.918179027371238,-5.355652288577653,7.346159361282741
360,-4.981591642213766,-4.108663774181188,2.7145808555652895,2.1620779331444724,5.412100980746462,7.8705969057275595
361,5.733426874444418,3.222620298076918,4.953641001879665,3.1624805348344736,-4.739998237535958,3.194609705256109
362,5.423648602523929,-0.465190797784765,-0.5583555315348925,1.5787255532524138,5.855308036081516,55.25829968961253
363,5.571926300007006,-5.228795326853791,4.698258313106104,-2.097859499806435,-5.361093525868519,53.68606781662735
364,-5.75645806154914,-1.8322152739184017,-0.19440880966808033,-5.983116717213198,1.3543169431988615,5.9186020595804
365,5.444412131209124,3.5488486623250153,4.900298839382004,-5.253503778177406,2.854381708233495,7.780873632696524
366,-4.541414000371002,1.754496986820341,5.66598273489182,2.6927136080877467,2.438923191998102,58.3333820780704
367,3.0752944272016487,-0.6366055027092663,5.6295480854264195,-0.6984357117424009,0.17603970203465233,3.181616445706204
368,-2.916231934787833,-5.293224029793052,4.600400602748265,-3.4115661389324754,-2.3798294406503744,4.505500415726044
369,5.475957315859692,5.874969561806732,-4.4499250791472535,5.205789409906967,-1.0008667756385685,45.567805264052204
370,5.752745238159659,-2.3211531874970945,-1.7147011531086496,-5.574572048227849,-0.3504083527495483,55.573155103016646
371,5.844235153179916,-5.511488323987879,5.153864778808038,-2.7950433968983615,5.033955855278785,51.06495006911015
372,-4.699030581930231,0.5868001223493479,-3.1052535580609795,2.891727843285089,-4.739203226033318,54.940467730893296
373,4.608453265295924,-3.29091547298285,-4.488729026164388,-4.956232969407017,-4.458192191095094,12.921985628236126
374,5.828430035878812,-2.6816358407974095,-5.263342611600538,-1.9441121461522206,4.276154350668062,47.50600881370668
375,-3.032576762909386,-5.910970121550641,3.5233892882347453,4.112790000430812,5.183839282835075,3.1118225414096683
376,5.613483987396845,-5.8014362631931755,5.833898252019583,-4.521063190435938,-5.322612166831621,51.11354339568895
377,0.048138086199448656,-5.819770913520437,-1.8499195117384533,-5.197173808294568,0.15162703100790562,3.255585313337319
378,-5.952482628284349,-0.5351062615702002,3.0113188645999425,3.2474837185476093,-2.182928427341963,2.5021717882374737
379,-5.866583665459136,-3.742685732652283,3.394957060791563,-3.0841154968658038,-3.7573486227657416,55.8820019762456
380,4.222888784045596,-1.2284869204088376,-4.782658425617098,-1.4723500984176068,-5.201449867480943,59.60429055500723
381,2.4528058178907983,5.559451862037553,3.1891734146937276,5.543615219360104,-3.955554994230928,58.968550602473606
382,5.383346787630555,-1.2904472606430473,-5.918914375462503,-2.093985968890645,-4.295747119814535,17.169056637459423
383,-4.483118720685892,-0.24179974005366944,1.5824987327118152,4.738957890874261,-0.5600204702566774,56.47052844296375
384,4.766795437070024,5.437058111507339,5.87802723892495,5.763231078282175,-4.165955975061747,44.36097747398829
385,-5.289063406412426,-0.912778283613517,0.7084704856375629,-5.864361706676392,2.8300658507014025,6.219173643243671
386,4.254380756903695,-5.3296551995403325,0.6802796155363555,4.060191724047037,-5.246031938974836,8.673875061194948
387,5.014618037413378,3.9226041844574637,0.6549050213138577,-2.5889559707736574,-4.750246500747489,58.7252117423643
388,3.0468910792210875,-5.7684904242173385,-5.348455975559808,-4.6591528696287225,4.756203721890292,2.6629663359628006
389,2.0877152374120103,3.3647570695288027,-5.390787703263196,2.041346068298131,4.096007488835248,3.1185210459492034
390,4.140805461439125,-4.924983637014187,1.210259332837306,-1.8047478033918656,-4.457130165078245,3.4686734739907616
391,-4.782839702710102,5.909951475582155,1.239212510203772,-1.6920437981812044,3.5817123669035413,51.13066731584936
392,1.7333440289990794,4.138680385672478,-0.6665550947854844,-1.5976374234673185,1.9333320955304938,59.90533988936278
393,4.853610723655346,-0.736064700902863,5.480764881036608,4.108161845752216,-5.402934635060972,59.59410506641462
394,4.320122481301258,-5.015529976455832,2.1189000255732284,-5.911794046832227,1.6650375455057123,58.28977038562382
395,4.9445448170709065,-0.34608417861395524,1.5530336398519122,-4.36268596800985,-0.4486139987488566,3.273047104163936
396,5.731251929741366,-0.47985071222382414,-2.515361654770097,4.772422789058886,-4.933883412804312,59.20623927773806
397,-5.6062700149342675,1.9713798009077175,-1.3445114155850815,-0.5655707855959625,-1.9602762709079906,2.586590277635294
398,5.299478798475613,5.486927442853862,5.532031562828831,-3.2865606699670704,-2.662865829643845,40.69847766543431
399,5.186571923292585,4.13119659525862,-4.377049071546767,0.10213004753105476,3.3282465771824783,57.088941517381365
400,4.180270619480654,5.991852152462169,2.50027102878427,-1.6190233096533235,0.48445595342947473,8.10568119063936
401,4.284433604365368,3.394998636363475,2.528922715652713,-0.08850787066393408,-4.423445489199577,54.49382953425629
402,3.6219120721071305,5.321106498256163,1.3554128098104565,5.84859750090588,-3.6134105729293937,11.120336836575955
403,4.684852558912655,3.2178223058179727,1.698169794158795,2.5357474720775337,-2.9130416782829824,7.570801621667818
404,-4.177611433831226,-4.175462029178371,1.6730728616279031,5.029122467309778,5.856117424290234,57.55434783501812
405,5.527031884172813,4.818970800748967,-1.0828969661543046,-5.815505142869946,3.0421840209475612,56.10308141951544
406,1.5480755061846405,-4.291284173879157,3.596567361035328,2.246770138718647,-5.481558671611513,58.64514382953339
407,-5.058232212728101,-4.694592642012008,0.623362181935276,4.616956324278951,-3.362162232721411,54.6764043958603
408,-5.954306251056679,-5.305753736706296,2.6542817018930753,2.593605215946936,5.455552158745859,5.894368808953968
409,5.9859530629332465,0.21894855876550404,3.5522502808749,-4.119900780496497,2.7611399167337676,9.35332235848739
410,-4.56330086943186,-5.721546364813293,-1.880789568595771,-1.3406861517212207,4.308207436214505,5.010824346971597
411,4.94654897099541,1.3340850463494902,-1.9001100039930077,-4.019272775278538,-1.5727266095372392,53.03986222019748
412,4.732498481852583,4.708645808422367,-5.725162693573626,0.07263260646009564,2.3177119068508176,12.209419965999242
413,5.652862270616421,-0.25070695946976085,-4.703695974365333,-3.5286122227699375,-3.8481213237041505,14.026624572896225
414,5.478379856106118,-1.59963085809327,-0.716701976225341,0.47289849504776443,4.952639935725071,55.591826648577765
415,-4.994273758857648,-4.404482828582601,1.4991609008220588,-1.6928930343742314,4.614882056504498,59.26161487896481
416,5.60313171668778,1.7362672893870164,2.3270965581918386,0.3209669404414626,1.537831083260964,8.359505834303622
417,-5.64124170835128,2.8665401472275627,0.17045561281445754,-0.6478626022942752,-4.147072864520456,9.27492529704734
418,-0.9937400112889176,5.677806858907894,1.7633709177974326,-5.9124935931467535,-0.37094650304484755,56.73208324542535
419,-5.988939427141551,5.895343322825021,4.121409239651311,-2.762335871510272,5.573587500499105,23.37620498248174
420,-5.272196254369519,-4.378224640635292,-5.612826524782648,-3.7241634457962176,-0.47044834319796947,53.88582101195794
421,-3.9890530954299135,-3.646954105319881,-3.682682643723044,5.911475869286857,5.761694226035059,54.44772850589502
422,4.041007200181281,-0.8524882613430318,0.23527067785781014,4.1121015514279655,5.190592218852513,2.2553516654482957
423,3.815252962841683,4.171502620275816,-2.8538260280022505,1.5180654396643098,3.5994952618784417,3.750922574256102
424,5.306138577645767,5.02677039296929,4.230767400759737,5.449611745366093,1.6037156859004178,57.84225344752292
425,-0.5129990945132604,-4.553892949520994,4.255790806324208,-4.724460263595972,-0.3631225994031461,2.2856217921430697
426,-5.941969933422312,1.3831645089391733,-2.3130150631024065,4.868079275791268,-0.08659287530488355,3.5079593870441954
427,-5.961881228331843,-4.150000520067795,2.2529666271713538,4.045840745724943,-4.005076952407883,50.69901985482667
428,5.562403905897816,0.5189318747651543,2.8684552802218106,5.1290034241781575,-5.734416121262135,54.542813840895505
429,-4.930590858200031,-3.0797737024906375,4.085589725406075,-5.737162931769666,3.3783819756777445,3.4797178670356903
430,-5.464446529643153,5.009015718598257,4.032295601062409,-2.6079838368832684,3.607900759514961,58.914020074176456
431,-1.6295414689531056,-5.664339293260862,2.7443891261232545,4.311409739031166,-5.850976512381485,5.667776681551764
432,5.1033949066717605,4.216573220611203,2.764194362115963,-3.4284315741547773,4.918271865958931,48.35019814822605
433,-2.328889330033362,-1.8088293863586111,-3.8351181551402536,-3.6140139176342423,-5.395473124107125,56.94182352054258
434,4.017396569138504,-1.2772334517463029,-5.841411522337886,1.6659798840529731,5.980002829533447,16.463668946872364
435,5.825059266009444,-5.6299899310049115,3.2974140748014964,3.2804810195584913,-0.9784764128997744,10.68790450704899
436,-5.606618557696112,4.208858146588729,4.402177387509634,-4.107964370134945,-1.7935252398537536,56.72863027523068
437,-3.1686199953154066,-3.913816737435472,0.28986911767571344,-4.029460358907078,-3.264725666306892,3.1936119024998586
438,3.0956057692804775,2.664714866235767,3.7558818767398363,-1.4605074744736766,-1.9558309927391735,56.94209697705484
439,5.954482696056448,4.833426729699855,-2.4838224923093057,1.7428320274742755,0.9575982722577852,55.278023475999674
440,-5.364925046224885,4.4757481833565205,0.43673250987985873,1.1084141953625861,1.0666282331356502,55.30943947101494
441,5.3757967680229815,-0.8694998185635204,0.4092767070962124,0.05700622676878135,-0.24522466394952974,2.9892132301748195
442,4.620059803065212,3.2394513098483197,2.7271201954839017,-2.093744977363878,4.155660379177466,50.60198775471485
443,-5.250204989954663,-1.320769040638103,-4.525954261455071,-5.931516136453077,-1.7943885141717322,2.9212738777491345
444,5.910509796520791,3.099008815533251,-4.549932220849128,3.3076663205864514,2.2848379952472,38.92725194642361
445,-4.884283850201332,5.5132548524361145,-0.6050488408467208,2.30603615580404,-3.1958099303941587,48.0014706395088
446,-5.978026179428154,-1.1208002210217103,4.570252148760759,4.164971174585216,-2.281110018779287,57.685216085153286
447,-5.347537215311843,2.4800125890568094,5.44277069480321,-2.218830784170055,2.1450757190290974,13.123220891669703
448,5.810051439937722,-5.347511201321554,3.4466980298029073,-2.9687272810087566,-3.1404490661300413,10.329020946318884
449,5.527690852428247,5.982816364355178,4.450125984488368,-0.12540254553724742,2.403660318897926,29.224044198186416
450,-5.542519154156466,-4.82401866247508,0.027637471713928188,-1.9050424007758209,5.2991479221883475,6.074710827173042
451,4.601303889144196,5.079251147005758,-2.375181428752264,4.884212792061803,-0.9113892568929437,52.38290550837032
452,5.221573869394113,3.473933027755892,-3.860426697911761,-0.5671579657339325,-4.969270551058625,15.286631430926137
453,1.570338543949221,3.9765996327986444,-4.671568657296148,-3.7484737143805673,-1.3423258174586625,4.875965932077767
454,1.840750677676123,-5.884675021445134,-4.651764967991012,0.12292449206328508,-3.8994843108517165,50.44073838848541
455,5.606468028235023,-3.191546882209156,-0.9640013846335493,-1.94484899216075,-0.08883682325391254,53.84751621988194
456,5.879615057054137,-5.638653260834532,-2.5759107850186593,3.18914228046402,4.860496081340332,12.792928203134702
457,-3.4070834474828007,-4.7872273717319915,1.1572981075143276,4.471282925983155,1.055823444707644,8.927575807500412
458,4.758281411173523,4.3445820321227755,1.1357347355366456,-4.228322928872391,-4.5961233950293705,57.17726423826983
459,-5.873512557867594,0.24581472810633032,1.0108289273446107,-2.5542830483473806,1.6035959017150403,55.07859652328329
460,5.249833304516968,3.152154961380853,0.9889993171779139,0.4469548861907017,3.167079127904823,8.653047837330282
461,4.325151913315941,0.8356301060148819,-1.942043598130655,-5.303226483324556,-3.937074807686181,57.93983136396031
462,-3.6926717250170835,2.099363211895981,3.4707678732498697,-5.641656997397999,-5.9361265260169,4.951051238406318
463,5.8535151556916905,-3.8092571154891637,-1.7933864623259512,-4.5553888121039625,1.3172713188600764,3.9874539734149805
464,4.688744654487568,5.90238527500316,-2.965936125926098,-2.8484613787141524,-2.7385156650167684,45.108455799522496
465,2.449775542489259,-3.90886493199959,-2.9969182749944427,-3.772952211822038,-4.301171737104825,59.14672794908693
466,4.103296063770079,4.815168258094089,-2.9169184632361236,-4.61254499355027,3.1810660481657975,55.298695719795994
467,-4.381125746218382,2.890497338007934,-5.294046128730089,2.964858369997007,1.7109166542868521,47.73807646487323
468,-5.491576654963926,2.76105209643697,-2.204440082838684,-4.935664777175087,-1.1893732940578126,12.537398468873672
469,-1.118327479556584,4.056617294599244,-4.833208497194679,2.534610013036482,-1.5097134956427665,4.009882202121488
470,2.9578855513771196,-4.197998118223225,-4.85290671037044,5.602668198821114,0.9955190078178606,3.3204934309833165
471,4.051967570881918,5.301852965470161,-2.436073088455426,1.3748509160838294,0.9720063340809276,5.09025425302573
472,-5.459889658038801,-2.309747979911478,0.3317221401798782,2.3847837301832246,-2.480081867165371,10.62843820093783
473,4.109886401155518,2.432126196735143,-4.894500915291937,-3.8544428851554313,-0.5989498881878745,57.9408913215238
474,5.85982355607442,-5.6477158208855345,-1.8616794813155855,2.4016320682365597,4.309319305016889,45.5179628972627
475,-5.402887956853586,4.150911341945574,-2.691406147468274,0.5838924495163238,3.1169826010838455,46.304779264942326
476,-5.794577317536593,4.870849059603482,-3.951520459348553,5.239466013760691,4.907782296996861,56.619275456483415
477,5.561599056970503,5.038539326051234,-3.5590913206668136,2.0034467278197723,-5.154607371783182,53.18415982703522
478,-1.1085847133741504,-5.556901082713264,-0.35593979090443506,-5.402801754652136,5.34747462129107,54.24515011073167
479,4.581512875804496,2.122053449251018,-0.8658953847910082,0.20774078384694983,-4.252668213804367,55.17813968432233
480,-4.889663451839527,-5.043818992257237,3.0603349858956155,1.0461668685125713,4.087418072138347,10.746122097253592
481,1.1058277431051533,4.186578967201238,-3.604753495234549,-5.310222031194469,2.453517144188239,3.236497536164278
482,-5.845449011425829,0.15326579549364375,-4.9300803111745735,-5.544548054830623,-4.601945754761974,51.462835014220076
483,5.714945953744883,-4.9194180291101,-4.95874677607584,4.92787778395801,-2.3562266531076643,59.3658077929201
484,-5.584820536234145,-2.3572251955878305,4.304692686599545,-4.330985295244679,-1.7446923488318107,52.123145855685735
485,3.7872318180746416,2.107353312201662,2.6176007276820363,-0.7019259744730725,5.121055209031462,59.368468488549446
486,4.143399229941423,-3.7976783055160968,-5.523381065993011,1.8894538614805083,-4.300709092359641,59.36582710339322
487,-5.171766198815475,-2.9724998246353,1.4717591313419622,1.7787222644302574,-3.062734441025513,2.158619032902858
488,-4.646523913014542,-5.596099489595474,-3.9058520049135996,0.7119663601434665,-3.7260500423632106,42.28160078606883
489,-4.665631655317432,1.9942159136002915,0.06713642049071022,5.585084123430974,5.29726818248481,55.88249239334691
490,-5.396166343969435,-4.453340450352995,1.4299177594975307,-1.6495364186024184,2.763169340008779,59.2704078810302
491,-5.809937494724795,4.524816058202389,4.3722878208711995,4.516498539630569,3.9548142641907353,8.86344475629234
492,-4.900786895880023,-4.793630121609514,-3.316901300588728,0.36100556827484503,3.3515838270380587,55.44087983244126
493,-5.622748383964786,1.3052928561078978,-3.275602985382635,-5.899949371784785,-3.2073780401970664,2.984657123758867
494,-4.563237551610178,-3.2728843127385265,-3.250429404541659,5.258561811655554,-2.5775593976724354,57.4922264914851
495,5.58094596453205,3.1966095386929796,-3.217208982598788,-3.7023329686442246,-3.6262977110590295,5.728519916692205
496,-3.3657451204693807,2.5512216735060553,-5.274741725130618,1.0541250977008854,3.1857037528257774,4.897779072502201
497,3.9762172014270925,-2.738846121575269,-5.252849456306451,3.582823153347553,-5.347876827133437,51.79429365812458
498,5.835282654762132,3.481434391431856,1.9163040566561504,4.521957661516413,5.033965959397384,9.513715664651127
499,5.941781421139832,-3.340281775983324,2.5789117364439655,-5.228146058792603,4.472947152547646,53.263228315982914
500,-2.321231330078329,-3.1251594828322555,0.12087605975344487,2.874120530115484,-5.074081496309624,2.177640835083781
501,-4.251710279385319,-3.80909841814088,-2.0522284319682207,1.8718067621613534,-0.5962519773867386,11.92914452100918
502,3.3807283639379655,5.7844069115927,-2.095371805439331,1.8071025991259422,-1.2117222562358383,55.66790112491382
503,-5.022874511267464,-2.6343130260253904,1.983894241582819,-0.2147287132412161,3.840577281932377,55.106450383008266
504,4.0909751403079095,-3.2428348957117477,-0.9243255959205035,-3.1679065195094678,-1.6378252155378603,6.114616280475162
505,-1.91191904257354,-0.040987814813267645,-0.9080232760577016,-5.589922020794956,2.7159544693808337,56.63177949532013
506,-5.235327020583253,-5.771645687279041,-1.2119365357591614,1.0001136530318027,-1.0156809942479328,45.571211300621556
507,-5.791702651366593,4.688888026659298,4.491273147674436,4.338911009054118,-0.6472202787877326,4.962768463302953
508,-4.306042211471438,-3.701724936914103,-5.172188541146314,-0.047660843266511155,0.6103748870070375,51.9112188275894
509,5.955268027599679,4.768590004291542,-1.2530340445619117,3.14651356046695,-1.1893044423884358,52.89674474936993
510,5.560829319807097,-5.909181016825602,3.332798539200458,-5.875034228260234,-2.1730249939788613,52.993756266587326
511,-4.523785361714314,-5.386769456330469,-2.874700499644619,-1.028449090314297,4.5119048648588995,52.38214438842458
512,5.6032282750532145,5.039881660118803,4.670291275829885,-5.988800530608793,-5.852123783682379,7.249926112123976
513,5.866909754738316,-5.157595287793665,-1.6558529201598855,-3.659611225524242,2.314673899561435,12.669077471368638
514,5.878730207747359,4.677827505641014,3.372962922692392,-3.975073157682721,0.13843982145652278,11.172977956689683
515,2.6167298714424576,-3.404789403687833,2.0338408362405893,-4.356657456873009,-2.6119625352631304,5.235396018212233
516,5.415746631844113,-2.913978786086004,-2.332662826754085,5.496285638041091,1.6669660024963413,45.44752778335973
517,3.297129041452058,5.800619701684214,-0.6762762975696647,-5.988817091075797,2.780062028958871,4.154609780395549
518,-5.3809946630446595,-1.4342381176239578,-0.6580795002103281,4.227775845078,4.85532749063867,54.61983034945977
519,-0.7978906658089663,-5.712848549892878,1.064265435439616,1.0410746615546362,4.845557309176529,3.3052654583568013
520,-0.8463171630085913,-4.91016358485872,-1.5690213692485575,-4.50710101777742,1.1248985601956885,2.1395440096729055
521,5.5332978370497505,1.7594120587775548,-3.0930312538300875,-3.2212345681976275,-3.2860788624675807,7.461582779689179
522,-3.8988569821752166,3.277882095152634,-3.116112598967047,-4.999680546490749,-1.0454995749399947,50.48396267051558
523,5.318726642340072,4.837996198887422,-1.6113111661090356,-1.044571183834791,-4.042608508445552,11.867390507863657
524,-5.39721047757584,5.881492209009038,5.766321392080023,4.11471730452452,4.7077101219623465,10.462383390677626
525,5.427074392572819,-1.3105128361933607,-3.972467405602586,-5.145611722402323,-1.740817633134838,16.373809865222636
526,3.3603235937920317,4.875552671972895,-0.09764272836492859,0.41708092336456287,0.04891797211686174,2.625994630925338
527,-4.988706487972449,-5.13706434948691,2.914701052329255,4.793048990063759,-1.2607501933309677,16.22550500619153
528,-4.816041099394099,-3.4186978111928825,-4.060582795396596,1.0699447069087002,-5.486314284085048,4.571549527643766
529,4.828592336315063,-5.857397137543455,-0.1592409162495681,-0.7535578541166581,-1.4911470013291186,46.9119096089379
530,5.739450778321396,4.012339784339204,-0.1272448408286011,3.131238721716167,3.2351125120076896,11.233134532715598
531,-3.93767006407739,-5.681554102011908,-1.0923822433534143,-0.24453786481913942,-1.3276816464072314,11.37853114539273
532,-3.5998218805294737,-4.111637614489818,-1.0738826899943354,3.6776883572997816,3.944745408979057,10.899908952197714
533,5.782166696093568,-2.9064189212890144,0.941813269451409,4.872920967848922,-5.3605783836311796,14.186837798883275
534,5.798998348189436,4.199826548717354,0.8988617524921265,-2.7301575253930404,-5.210096478013332,3.91417759635448
535,-5.0012264553511825,-3.2481142098016984,4.332761176756588,-4.856597548136646,1.9828875610437373,11.245889156939775
536,-3.198880008719998,-4.6696460220118805,3.081474662038257,1.5812583327130723,5.935393801860381,10.756197650217903
537,2.3288581929426826,-4.948525318176726,-1.530867781739565,2.1693433621288083,-5.940988098043976,4.0840569532169155
538,-5.800272931160533,1.9376446732797719,1.6402774711300898,-0.9872892756506205,-0.9881863755904337,5.2475027281971185
539,1.6911798825846445,-1.5039992763876193,1.6628970569052715,-5.653022466449098,-5.074241221200673,5.6441402163580685
540,-1.8217840837265893,0.8687566789407678,1.6787610722868362,3.100616664450025,-5.765466862020953,49.931486176727084
541,-5.764069189465858,-3.207508142848755,-0.39814193289522054,-0.7395506810734613,-4.62091319966844,6.004757012480928
542,-5.7645234206830365,5.800770092596319,1.7157204251618638,3.236025037017871,-3.2327474896433066,52.34832746186354
543,-3.610045265041068,0.25174184506586417,1.7442282093848152,-2.4665939524128024,1.205462475733599,6.935305640081146
544,4.769577162536787,-3.1355009441274295,2.8071139812921517,4.75935154860651,-4.8565077741351885,8.939503770181119
545,4.7061901612507695,1.6619754776302187,-1.9857538219409947,-4.180046530623258,-0.6259432507230055,59.92391093927075
546,5.445921783447162,4.908320124527135,3.933590342808514,-4.752178882977349,0.08094551347304162,47.25133426914927
547,5.8938444151677585,1.2652376366356766,-3.393532555208039,4.213502995538242,-4.099598861796759,54.06481798393259
548,5.533339623735266,5.54539155045371,-3.4345109533020413,-2.1084956765827165,5.316687529104338,18.116582927526522
549,5.842618859728333,-4.8455148144770295,2.372871750929032,-3.9379436164504353,-4.222490696522284,57.91491190971944
550,1.5793645020012224,5.886365633882643,2.4112426293592213,-1.1813971270242563,2.331368387236533,5.479947469547088
551,-3.934797329740572,-3.9163169519528,-2.024855045987958,-1.9491010685417718,3.6269922831955785,7.478746674577794
552,5.683595763177249,-3.967344321759961,5.08097191289068,-0.5971383404163925,2.1514882857914386,31.904174744707625
553,-3.8446917500145865,5.506222938478392,4.826686567485996,4.269214748373641,-0.931832903836102,2.727447092401245
554,5.54407672216077,0.85306112897994,-5.636958639863521,5.521945341570583,-2.45432361026417,6.559138987347485
555,-5.937915645837429,-4.717298854261927,-0.05872987871800255,-5.628018137338916,0.17754567187654932,49.657389612111245
556,3.737427549574961,5.411568065850435,-0.8227028594951066,-1.5008785235996858,-1.6464841372097574,59.00308548744178
557,-5.06075381613085,-3.2181404629916384,-0.4492733663492638,5.874902862724884,3.57551010130663,57.69086446652536
558,5.418032302355116,2.8716505655758877,-0.4351340125905996,3.258854653175656,0.34975785848708085,15.421748877241553
559,5.64031072761969,5.96359622230546,-4.021450513252469,5.452841546069912,-5.59771802488363,37.286798739096426
560,-5.7612038026316625,4.067456725038593,-4.007589999284681,-3.2334512188023457,2.9347026849894595,8.618468773042185
561,-3.1723192912056906,0.5253803496200462,-3.470470062038839,-4.919059319960151,-2.752668260363029,2.0314482620716117
562,-2.0232428108057454,2.753477151484551,5.956709536011494,-5.705563118587467,-5.389030775784735,57.22708694477436
563,5.9880438940467355,-5.795994752334125,-5.969440349555345,3.823263306178768,-5.348760532519497,27.15449955987773
564,-4.870778429580723,2.2904699007923774,2.538891670912243,-3.1008538919479416,-2.310467379106903,4.498448497052126
565,5.792404314033854,2.6312162621920665,2.5225529542445075,-5.178926654135299,-0.631058681137377,44.05679339131453
566,3.8010457576917482,4.489754208964765,-1.4456322497416254,4.839168376980684,5.606634848765176,7.425365270755131
567,5.631504239883806,-1.5735598660249528,2.2133194515250865,2.1805545439617315,1.8083153780319052,59.40612083535785
568,5.66558661154039,4.939748262385166,-4.185283667426555,0.67320995501087,1.7803940129475102,2.6794461881955116
569,-3.8226122241998954,-4.4649175294448336,3.1358628597513123,5.935202766736284,0.16773027446038025,5.678264466188015
570,4.86061783467587,-2.8022882750969274,3.1507584217719353,-3.5046501754089494,4.94151141656557,58.99670589537787
571,-0.3983935757130556,5.580848255997507,3.1724422868661124,0.9939395995239989,4.611059701844536,15.586184100055343
572,5.123218068737633,-0.6905230790798765,-5.213780103467302,2.789128024535606,-5.686001443865338,5.986544049745057
573,5.7955091172246105,-3.308720488241509,-4.367666361157947,5.447122221377875,2.9749931338972546,10.51944046183453
574,2.528116571544657,-0.852928463753939,-4.383643889766548,1.1602465624469334,-1.6383360323560576,58.90965112046932
575,4.655568853455413,-5.807074255439101,2.7004823949680716,3.8569523722912966,-2.715103216746388,56.56364118853158
576,5.344408616239138,0.703642270577691,-1.8371768495885838,-1.182958297601244,-0.66956913365715,53.956175006472094
577,0.8618434167066673,2.929551328443183,5.579247962811687,4.135325136146525,-5.103416860488622,6.2044748113017745
578,5.307546857283893,5.609264742348635,3.8956593756649807,0.8871526550600967,4.208377126854518,22.448940626319157
579,-1.6513007459970384,-5.5923764905926925,3.8575589548901417,-3.1933279837326802,2.6083297227239473,57.72369474091456
580,-4.475627201031267,5.2982621595725465,-1.4277627596184186,1.4022319386859952,3.9549222745751305,54.82860622059951
581,-5.299441817368643,-5.960631472545924,-1.3938940259079977,3.942073338803109,1.837582651150696,48.05997041928995
582,5.110447857000676,4.975377266035415,-0.02150648823800295,1.3310628140051377,4.344981771256833,5.298422054162388
583,-5.565923352556087,-4.463040756960539,3.8248623218382125,-1.5944300711697992,4.0675179486997965,11.289892710733128
584,4.965605983740785,-5.3675582592674145,5.416482163588164,3.90276521414359,3.5457246499709623,44.06033721783426
585,2.3121575989865177,-2.3359874405361682,0.0008163491211834585,5.885239296241763,5.287710516579735,6.530449813847196
586,4.384964014349539,-5.906486858414751,5.379398172114624,1.2986242770875418,2.454650967902323,57.51278065385116
587,-5.337958230842394,5.522972474413259,-3.6469763177201724,3.014247178205867,5.614967242045167,53.49471194825171
588,-5.642413944149208,-4.718125810945167,-2.908392213745748,0.7668826259739028,0.9810151230709508,3.687297950278248
589,4.285331074245605,2.419340477557501,-2.9238344468113806,3.463113473179938,1.5329848600327634,53.1280890799471
590,-5.525140539152872,-1.5162212361114855,4.8039462411818645,-0.9321508842658166,-3.9771836919560064,59.39068670382567
591,-2.911707630140539,1.3126637723512073,0.47163809271939655,-4.460232106512047,5.284897566021551,3.4206446587794765
592,4.745700451749096,-3.941663708929502,0.48538481612766227,5.1097281129171686,2.753086809914648,51.28946319515979
593,-4.668755546828938,3.6652349038415366,-1.6999193476716985,0.29429060332078744,5.001570912135602,7.8636634183656025
594,-4.9276786336050105,4.11830357708982,-1.7284908494412956,-1.1025405558854444,-2.5248433610121674,4.710306215937165
595,-5.791826039413038,3.994679568835678,5.287584823634597,0.8151456575922349,-4.435472594812228,14.340476764907512
596,-2.1284789512819615,2.6743942740933546,5.263784333637289,-3.2774539145503705,3.0279246226343846,56.79318072650599
597,5.444355327734026,4.75462458444893,3.7470695502255746,4.580567805042456,-5.135739883043189,4.753934637590471
598,-5.000040411076657,5.230054833256348,3.763342021693822,5.847556675056033,0.6583780463759933,54.759793410929646
599,4.861600344981756,1.6820155854997954,4.767576756507959,-2.3665728702133397,0.8220277911487635,59.77689836431887
600,-3.13567152318309,5.561645003571988,-2.8138821811837857,5.332482811858997,-2.1740797828399687,7.894680251550997
601,-3.10496866396927,3.3200183360087787,3.253141318579893,-3.2854117093960697,5.183977534964542,59.30390433126904
602,4.454732492140047,2.810161081775634,3.9862326031844346,-4.585033439501353,4.358108030332991,3.189613518698963
603,-0.03291737465921595,-5.138051530973436,4.528470592763068,3.478906411632166,-0.7614967363497402,57.87532226821961
604,5.922701360138169,-3.809372071188743,1.3190296231717527,-2.643670652982371,5.617139545143008,11.679575673970524
605,0.9975175525255051,-5.680333307715258,-5.087191058486936,-1.0353211561051774,0.9263412379251426,11.668232917401282
606,-4.65329466518445,5.716173543239857,5.743234539608012,-0.6515470798704185,0.023826800440658012,54.84384398629168
607,5.626219231717901,4.859708716299907,2.928777955022609,-4.106213203907925,-4.114125339929948,22.477706510264397
608,5.088088957425877,-3.27319082495895,4.194309134361335,-3.9932211381968545,-4.101340922891758,59.34885552144543
609,1.6419779562662962,3.2019731389054047,1.0313154116428456,1.3558254905358067,-0.36817661385161937,5.654045389161267
610,-4.375652380096735,-3.7248858855872133,5.042278768376847,-4.183320857217523,-1.9230069137776509,51.712817650795664
611,-5.75550730829169,5.077279697138492,5.007347410507895,0.014608953873721152,-1.7987470864194706,58.69437002464859
612,-5.911199381547754,-3.5388832370077714,1.78923906392069,-4.750993281621018,1.4886460620522963,57.631760941193086
613,4.352678125421944,-4.247239925451051,-3.5064307945964805,-0.8054910258014532,2.1823637810935756,59.64267443047783
614,-4.4647249874462975,5.890050159350528,-2.161733221850825,-0.9050850510239051,5.88901077530188,51.80600877046668
615,-5.407707776165574,-0.6562164230968988,-2.1257546926978335,4.080450488172593,-1.475160506153416,53.4443537605919
616,5.979205531850291,4.5517651413578575,-4.161517008712564,-0.21669106821352369,0.7109495108893248,45.14878558179469
617,-5.142188909180845,5.868642806813041,2.959691621404878,-5.986280047858672,-5.158968703203939,53.19753839483571
618,-5.501857381666989,-4.502108332440107,-0.9921519154691909,-1.9952473245332956,-5.188768978819225,26.321524839075092
619,-2.7415144968111362,2.372217915668668,-1.0234264012474283,0.4611987491883027,-0.6535730317610914,3.6376668608924247
620,5.3761471017151505,-0.2333282824556918,-4.60862186753831,5.887932939314818,3.5675240839213984,23.712628509671436
621,4.710865710603544,2.911236872123384,-4.591413389053993,3.500273566217261,-1.8726358979977487,57.24780383139765
622,-2.3987376602360513,5.398435436319455,0.5816703116057852,-5.480081383993381,4.783433258626003,5.459207737048418
623,-3.9413942271669797,2.1513729283083576,-1.4767068708729203,-0.6959762188680652,4.018666050511184,59.47000691997282
624,3.7261561774031735,2.4360273558104883,-1.4935695199092422,0.7553753195132284,0.839399134375201,5.070094409425259
625,5.783262230465395,0.4381891290137676,5.615990024370711,0.6363919538665687,1.9572126517864752,57.73551015619169
626,-4.151397500036025,5.556640180853478,-4.313091850475494,4.241002784119536,1.264129427040027,34.481312697230955
627,3.059663824097933,-2.2918555923099886,-4.295953115966372,-5.498602879121578,3.7427002805620337,45.16821875575889
628,-4.890825902866933,5.828790868702076,5.343219743529372,-4.442666318316894,-4.48466444965749,57.24966050201037
629,-4.77611630300375,-5.9306513357570765,-5.713195664680441,-0.2650469818559786,5.762575070675673,55.00216032208472
630,0.8490512564336559,4.088890217456812,-5.7360980483989685,0.08936256221365614,3.199318436251836,57.613748138882144
631,-2.73731349266279,-4.3546374927375595,1.6882076935006276,-5.060850703275356,-1.6904234383442993,48.71488095948728
632,0.33185923452114974,-1.403755246093345,1.705936035823235,4.364062518134469,-3.9141217038424134,18.755424547189257
633,4.86848022123082,-5.270067117572259,-5.673802560076639,-3.0887872015899855,1.370701487288125,27.453249673686983
634,4.779276243769693,1.009805112574568,-3.7260202059803453,-2.136180089997465,-5.607952872847511,48.04359894717583
635,-5.610934670303267,-2.7938721350784226,4.9706467416900475,-4.648488721120034,4.077601525846329,51.36431098644907
636,5.039959478752758,-3.906093601945028,0.38034956929308333,-2.251720096958869,0.23631638453702836,19.761209757779792
637,-4.575285110182398,-1.4477305043377577,-0.542109020451708,-0.8658668868271483,2.515490712040993,2.3766985865796384
638,-5.077496316736027,-2.6895209383039664,-2.2450656931021435,-1.5581709388128506,-4.692960050357763,54.181360104365545
639,4.82841909237714,-3.9962504678164232,3.6431283293605508,3.765157991390108,-2.911908795547129,33.64171388148879
640,4.934637405322381,5.173463334510503,5.204425390879101,3.528770498730929,-5.923381917193221,49.061815702960054
641,-5.13651914900055,2.6849347032346413,-4.4021811692208725,-5.4207385151818945,-1.0297599823339376,50.72686373931669
642,4.171440933306705,1.0974112300753822,0.774285234292743,2.9362349660667197,-0.3015531408481947,58.509861441849026
643,4.918231988886142,-2.800559747801892,-3.805327680483056,1.2432106800641682,4.9433169722426715,57.03078931867788
644,-3.55656687958062,-1.3698583059765546,-2.475573090596983,4.348033346801564,-4.513179947158505,16.913069369591945
645,1.1863923795957174,2.1462937342279687,-2.489364918949796,1.5298399473780417,-3.192976417316828,59.99572511391785
646,-4.001311128826165,-1.4204438605645158,-4.4334986345924765,-3.4821616933173285,2.4298444883185977,7.542234915677064
647,5.53132120173358,-4.819505756051656,-1.1777087008835838,-5.5692970372457875,1.1141369284435436,56.2189918975403
648,4.231327482095495,-1.8756748386558042,3.588009310551332,-3.113991314457784,4.8846738881061,2.21210450070167
649,-2.459366911978149,-4.695400222894664,3.6019185179282673,1.4998807993834888,-4.480021023290264,54.065039699305395
650,3.8362727015719384,-0.6288923360488393,-5.1200000859745085,4.00890772292238,-4.719805259612848,14.802136716624862
651,2.0334080690730185,-3.746224742934697,-5.134073598467881,-3.2742835127809355,-0.21021344367895275,58.230317734503274
652,-5.3294909318520345,-1.5878154012398717,2.337776736681128,4.309042988572257,2.9654960424847387,50.122562434809
653,5.379754741961007,0.2849354186494406,2.995449504645981,0.3427701380093106,-5.01392234420336,58.984435828720244
654,-5.377675003286758,4.417123839141466,-0.5735599143449504,2.1381374046068022,1.1992825481495852,5.264288756188139
655,-5.055410605642813,-5.219588471498873,-3.056799387148333,-3.5643234676911706,-2.22473699982046,51.095008855400685
656,4.479822020950149,4.979535442531865,-0.48398473476139353,-5.1597595701793155,5.723208849031855,59.26605725526062
657,-0.3515943628363012,5.229311624394253,-5.770288454793217,-1.9210324493729225,-1.790246979406373,59.121747485273694
658,-5.471998800223301,-4.727720502702249,-0.2428163911151977,-2.52162429587207,0.364938738527937,4.359411214416014
659,5.990520773454927,4.5568116608317935,-0.21123554526765567,-0.20308925095321806,-2.031680408546113,4.5871936808861795
660,5.562185909857892,1.4246043788258707,1.0957332565795799,-3.2415425498955113,1.2136821717344155,9.74039487553991
661,5.0455159317439255,0.22104562628892965,-4.99422102505503,0.27223274407627873,4.573679370601958,53.44755346317961
662,5.686844889747699,3.22340348038561,2.300706397316485,1.448847065582053,-4.811206517495123,3.4166968740196264
663,5.428228807582401,4.315130720285204,-5.531063585226655,-5.990460726693074,-4.535557557075475,51.73605325837179
664,-3.691481087351263,-3.238096355767064,-5.5170394009028145,0.7975611879506765,-2.2672810889737485,28.38152031058626
665,-5.7741732703050985,3.7922028299361976,4.861835730969381,-5.761767249761637,1.811022846792382,57.496310576687264
666,4.880613593557261,3.6137074813670607,4.88492745019594,5.354065076513531,-0.9075005010540974,59.858931408058695
667,4.854414068141762,-4.576543979859824,5.170657088226904,-1.9796592520986442,0.9713948264510122,58.58030599658494
668,4.579104680736553,3.703664683291349,2.318558740470007,-5.914728719905776,1.2432225656063378,55.89413281483442
669,5.206919107849811,0.6082523161914648,-3.1535038044080754,5.005035912591127,5.751470193681388,58.33958186639043
670,-4.623408934395283,-5.793405657044767,0.6467718185336704,0.9823264284239136,-3.4636054449593057,12.186019819173787
671,4.8992217343084254,-5.092094278814563,4.938183649671823,-1.340780459306132,-5.113499661976105,59.45723383990797
672,-3.901138041588196,5.999696950558337,4.9152586256178505,1.5335237135359692,-0.8775503525976424,12.485033945499623
673,1.3540058143005205,2.339903637724696,2.1490067037504335,2.774361034900514,0.8056021084387018,55.60304132851973
674,-4.456956627878614,-5.3025431784900725,2.2702071807264748,2.0787614336480695,-5.095890464579141,12.746815526396144
675,-2.1790641545057206,5.631200473714247,3.2048785034409764,4.308952268728821,-3.376296310615785,9.816295458521513
676,-5.485653961941157,4.72272442478856,-4.127734235659126,-5.330190162095038,-4.611522166502413,58.768580492745265
677,4.147808627828734,-5.558581946204229,1.4131815167190755,-3.290634221032942,0.013077252363643476,52.597098576876135
678,4.675594495643155,3.1271481431310484,1.380099207822264,0.9301136808652097,-0.40510551821729807,50.4800703908566
679,-4.679844831368066,5.123863589759578,5.137613209964267,-4.18633425864262,-1.738523543132976,55.39747812248714
680,4.765977650118033,-2.789432297558721,-1.358350536029363,1.9674912977308772,3.9282585477570633,55.96480685037594
681,-4.0850798049916115,5.898519666469314,3.56195967438083,-1.3798416397980202,-3.425041174890445,55.16316867404791
682,-5.441808129532204,3.4186287730981277,0.740845917724728,-3.0472050503907226,-5.127732985523567,57.88691027775861
683,4.474984241205987,4.459634164653872,-3.354891100477084,5.514114159904759,-5.7487370994085465,57.44067063057546
684,5.700841967290662,-5.704561392249509,-3.897941341362931,0.322504380038167,-3.783436813913693,51.75033179843993
685,-2.9724708560563413,-0.11722637052141982,5.682307760565438,2.2928832281562936,-5.471484430490951,2.8145532420691515
686,-4.356952489685663,3.0256341086190766,-4.798276305725752,-2.401874306110661,5.740411268306572,59.1355251841415
687,5.077709116678273,5.5213654681176285,-2.088043250217477,-5.445860771183419,5.300496127918487,9.540102141929179
688,-4.775805120419236,0.46321694884106385,-2.1012209553940604,-5.0547150343016085,5.295261769159625,53.170491326988895
689,3.0468501449109415,-5.397346193338258,-2.62323125102208,-0.038685922186330914,0.5308610274576953,57.03955937032927
690,-2.6707956176473977,4.2801846401266035,-4.247677599078244,0.7804305236602634,2.8692284076683556,4.0379450075038354
691,-5.435474235378694,0.7963901791852532,-4.266588162232948,-2.0001736404444377,4.441793332132083,59.00114389783988
692,-5.458018989488148,5.110367135996483,-0.8751053400399449,0.6271585687469498,3.6580414679359996,57.84730607235139
693,5.291917604954782,2.8685832422735507,-0.8578838349823059,-1.9393677604142652,3.48556494986569,21.14544325372921
694,3.368173759680839,-4.498578856187374,3.026641033341417,-5.047862293346344,-3.125420280757685,57.436877304796795
695,2.1853146706666116,5.653796752302247,-0.30068985365888273,-1.2751055231113069,5.382703645529271,6.77702617358461
696,-5.3725971614300825,4.143454065523496,-3.7588587039086674,-3.4084308477869607,5.091319223419493,50.72283979504923
697,4.953111409480466,-0.5332738946775661,-3.773948122096503,-1.7105894084986004,-4.37676716977208,8.244486637470517
698,-3.1673264580150997,3.3156974783380315,-4.767780079505288,-4.957596084996303,0.32942830587205446,6.3999399084666715
699,1.9470317569317643,-4.849564854830532,5.790389300596339,-4.791305506511239,-5.312745007435011,2.40958364048729
700,5.424108631190994,4.653497158024679,5.817656840835577,-1.8005097541391943,-4.4528676776623035,52.453231010771276
701,4.42872768077723,1.599995581381916,-0.5967667740795483,-2.403256562783039,4.97153480810273,2.7291236009798223
702,-5.969276888445027,-3.4944448317921513,-0.6114932230426733,5.608818486966588,1.5173350619380332,49.226046738609405
703,2.434632228629851,4.662709211441057,-0.6271005995443025,-5.58531447906875,1.8328229146745365,9.841492567767459
704,5.496657286055823,5.947921749024212,3.5079156888474383,1.748500738284812,-3.345855461960829,48.41663166289388
705,4.544832403733803,-4.3850663781160675,-5.934758175957615,-4.517327248055693,-2.1903135974152423,5.511485777919732
706,1.4821389739084256,-5.796199665044749,-5.8245696866576635,-4.5234235298898,-4.670051532588427,7.027073995814198
707,4.597105037345494,0.4784321669562741,2.0763359761681937,-5.7628864336571155,-0.9178468420877663,14.104458708544389
708,-3.771876621179035,3.5588894694157305,-5.333148404794484,5.05418566772244,3.0879316404500763,51.413374758815486
709,4.214368153406771,5.188144136673469,2.667356188240262,-4.1811963626486,-4.41587473526694,54.43942192866102
710,-5.975320577442534,2.5720039139224493,5.545601843523997,0.8368030222389077,2.231208825731718,15.319765897450912
711,3.3908676386317067,5.940132103211556,1.5981519292527464,5.668472800181046,0.6057698004123729,2.444059304516082
712,4.824618786774236,-4.053892046797516,3.235346473215181,4.253453905199954,1.4636131455249792,59.62013387818796
713,3.8410002183459673,-5.8996469662288336,-5.464642628428252,-0.2799612200417144,-0.43029578266215596,19.146779025932453
714,-4.627074244802028,-3.9037009467176564,-0.7888287755624032,5.675489875816845,0.7358131956576447,12.794783675607833
715,-4.061275513841486,5.989528474388397,-0.773809214048642,-2.5045564042024777,-4.357961377739566,55.92283976914853
716,-3.678525606229944,1.5387581875702234,-0.7047029209364527,-1.2385703669462684,-5.21166578917498,10.191943071209517
717,-5.562089897821309,3.5885611965522863,3.5462551114358285,-5.429926105154375,-0.7916978854910329,2.1391032643314882
718,4.950616969289354,3.7129629893504186,3.536178400881088,0.15615581289870564,-0.07470842666385198,53.27077608303045
719,-4.830020004304753,4.840028455498859,1.127561622329897,5.523974947030188,0.9565646617208498,3.6493966527215584
720,-1.8885118650666053,-5.090315473823056,1.1404943997833774,3.0242374757624026,-2.201407578063162,58.493242787647326
721,-5.993658768229591,-1.1242373216328179,3.675842643582823,-3.9503604781885975,1.427248365927954,2.455914491502411
722,-4.9453083361891075,-3.0657200975066434,5.519535091956507,-2.6138629042825365,-1.9646601238098897,56.08880807601693
723,2.9992408710269842,5.840258248531793,5.494234307084678,4.719168113457201,1.3971281724467173,4.798651936269759
724,-5.522944181250481,-1.597431189138228,5.468747275888345,5.946922292744177,-4.71383379527833,54.66586916351677
725,3.506109513470761,-3.8599997611700183,-1.21936005845411,-2.239402742847266,0.4680179798484124,4.421652747891494
726,-5.9368038953574604,4.05147301694886,-3.9139134760123695,1.5685458830710834,-5.737328001274778,57.71792636216238
727,5.914144899024342,0.25441631089943945,-5.903858301715622,0.9544719930303371,-5.622962602474291,55.85183398537445
728,-3.9064020419412833,-5.380491495868602,4.616104611520152,-2.1905936642092576,0.14746233658324312,56.405339653249634
729,-5.905637772585767,-2.3651051150020415,-1.803293315000386,-2.600609431942365,4.162608207927904,58.01159919011301
730,5.494825869360989,1.3535574205094536,-1.784637762368651,1.2609376270935881,2.8296824417487727,54.040676425044175
731,5.930879373252374,5.62984814490192,4.734408193261136,5.904283366804045,-5.278372057716725,6.615980723220297
732,-5.082567531336321,4.279988851376175,4.713231603264385,-4.211599001402635,-0.9254370524757206,18.372357638971703
733,-5.085573592401907,3.2143420465859736,4.685602550106485,3.9898478838356737,0.7852781738085246,18.20343342880698
734,4.982538282347651,5.040306740814151,0.8660241516683451,-3.1667343426486467,0.43807119305764325,54.74572759495426
735,-5.652231186748236,4.484101334707061,-4.463383007119149,-1.0784833519488322,3.19550847377511,49.83007253680724
736,-4.874296996787091,-5.207622855036981,5.89282155831753,-5.732003916237069,5.899252731831764,9.256104551667274
737,-1.8864264368546695,-4.5243207385389645,-5.048669986556887,-5.101639070486887,-3.0318892175431675,54.5455577842186
738,-5.638700816446248,-3.2506695096526297,0.5508035325626822,-1.2730634525499802,-5.215208861301931,17.262436746239686
739,5.777325481514017,5.916362865223497,0.5382525178341916,0.29344180580632306,1.9181932695506838,46.597921406726925
740,5.89074051880912,3.581776827686696,-1.331413161346858,-0.2493053802169444,5.6290094582013745,54.392084114462556
741,3.673239866797278,2.385776990423289,3.6988298232389942,-3.9332671466429785,2.0383014097532843,57.722202718383414
742,5.920524958357473,2.7491674331256593,-0.1797800968743707,0.26802390829243056,2.653357121400696,54.64426669613641
743,-2.1503349255333144,-1.747550930999058,1.670741843081711,4.98374314727266,2.697395919175993,54.144107461358026
744,-5.151922192544214,4.301775315075385,-2.654890806970274,2.662619763357346,3.480732472925453,54.072334050096586
745,4.850343067314086,0.7705498597481135,-2.730675571625029,-3.8237602414032787,-5.548103363663737,58.03868539018273
746,0.21581420107908333,4.445119235725301,1.5416566621310204,1.524655511806164,0.31413747891460503,59.76888892326218
747,4.427105245574976,5.377920395509118,-4.64163888424944,-1.12491828355788,1.5051240360236038,16.179567129814075
748,0.8277668397847007,-3.4974164102768746,2.4651915057923897,-2.577298567575829,-4.109801267479517,5.631037539708945
749,-5.683996779301084,-0.2728861465141439,2.4887465947162135,3.8999322886499344,-0.2237459398102537,39.79663439815433
750,4.63088325310657,2.55995356399437,0.8065581956747114,-5.801466464569327,2.097316744142168,6.327125164137016
751,-4.377462467959438,4.30201359721087,2.178570289815039,-2.2374935314766877,4.391616605873659,58.79228080319819
752,-0.23080017146276452,4.231175075055205,1.1954914787258994,-2.6947166934643376,2.669929907905432,57.92260507314555
753,5.146430751565494,-4.712276215628678,0.8360931193302291,1.6941430573485867,-2.699657654412071,59.635501896888904
754,-5.680731168087041,-1.8693040346494325,-5.796806678517392,5.08037530863486,5.788730003472962,11.301586176531302
755,2.7179876147076487,-3.9408979192540547,-5.361715932125391,5.892889343302925,-5.236988109797031,4.485069469811265
756,1.5290083195349802,3.3172162435973545,-1.2045390888318086,-0.4941283564823282,-0.8698967991056438,2.399709957928299
757,-4.2751038893843685,-5.0408583297672065,3.9268951029585004,-2.8186357602680245,2.6984514254250946,5.3023503956304205
758,0.4990982916060001,5.265308931046216,3.9388854214972713,0.7222181064565961,0.9736678689935914,47.8033417038296
759,-5.29840758329254,-4.948753005728719,-3.5663079524346695,1.8998595327312315,-2.8775344018671998,14.124101968761867
760,-5.884806149868841,-3.2901925036179036,0.4004827355910186,3.594602940009694,-0.09479045722822892,55.876540495818446
761,1.2209167613947796,-5.495691033107335,0.9062376971163424,5.7580773138385535,-0.1813998008437584,59.25584556661978
762,-5.818960213851636,4.91940750043463,0.8926287128215237,2.5126807187555107,-4.842313325879855,28.14591890161856
763,-1.0100184756502855,5.370167344005932,2.206837522401615,2.182188849914165,-2.6932899689692182,2.594464241000625
764,-4.7474476083485735,-2.412288325647303,2.2188767257156976,2.0044901630314285,0.08102463207856835,55.11310900422479
765,-3.9210887849605336,2.2293487918515447,1.0566095273249907,0.4914565369736648,-3.379196780880084,58.094948359848765
766,4.562685694625852,5.233758500032658,1.0705935039555847,-0.5292437986366485,-4.331901086956074,7.57434356306722
767,5.719226142012782,4.685914777881199,5.848244293973065,-1.3224224256806312,1.9322263244373268,2.949733457543361
768,2.2242579013438335,-4.839820092475287,-3.594652592854532,-0.32279713376367536,0.7444461272681225,50.22617785799462
769,-4.747868062236702,-4.24024277360415,-2.4467459372111,-5.383111591700657,4.713731899697173,42.36165575280009
770,-2.343726879567695,-5.351234856231208,-2.426008513113492,-3.6146830567501897,-5.701075026469346,58.61860833063186
771,2.3736291929165696,-0.6036684203701462,1.854472226705748,-3.259746607699334,2.3326385538357646,5.011715137805374
772,5.3756976718431435,4.0095605381340915,3.0525296833539053,3.1701034189015256,-4.741412714458198,38.50182295588151
773,5.468871241363354,5.313737881875008,3.4097888595147476,-5.772614787782944,-1.4560042072831574,4.369284514427603
774,-5.753647685876407,-0.9406810804740416,-0.7266994617779016,-3.3540417681608243,-5.459949888563085,4.64785304690007
775,-5.769879576862925,-2.064254333216082,-4.5027769873593115,5.045960249029991,-2.967468562311689,6.585050463079231
776,0.030745958685364668,2.916945577033056,-4.476810218808458,4.738155847609956,-5.305506193651703,59.18403267497808
777,-1.0928144723753612,4.834901320299722,0.09766399585019418,-1.3860248194439273,-0.7829364475714424,10.162036772584933
778,5.1453194237970745,5.649132648481026,0.34854718436018506,-0.10616731578195635,-4.610548552840127,43.81211339093643
779,-3.465799202204117,-4.6595014460581075,5.86556953336174,3.2513824641719,1.152827898035035,45.64750822374298
780,4.555767378157027,3.0644909633142237,2.508802615431111,-3.13507875876151,4.029222533200004,54.00506782028359
781,5.6530719309633355,-3.5513812205864683,1.9980299663031142,4.800461313558287,-5.7646637014477315,54.465140329057114
782,5.880898042083382,5.55399692657167,-6.0,4.843239000410512,-0.42137712389309495,58.67244466424252
783,-4.571509398582822,0.818357984667046,5.373244408969006,4.339253959655927,-0.5550805766256476,4.053333258423331
784,4.657815425699644,4.0108657886208485,5.384559136644983,-4.498016100289802,-0.30288766127360695,53.856267360833435
785,3.260688153524915,5.62641484234848,4.161752914632891,5.775691790877654,4.423886610282584,57.21147540928159
786,5.600883705197731,-3.874608242082424,4.58768310600471,3.338236756530305,2.6183425831561205,57.164444155036826
787,-3.6119316022584007,3.637519939318733,-4.108880249696508,2.7522379984595724,1.2937498216556413,3.605443519976451
788,2.486757094294724,-5.159802433510037,-2.7803016939733354,-0.28743105673745606,1.403350686968325,4.590318828589929
789,-5.196650413715786,5.982704768306694,0.24912689838950208,-2.391771744756333,-2.891093164710296,57.81731061969752
790,-2.443015243895446,-3.9845164380961373,4.761461133798449,0.797734870087297,1.4914645178416692,4.678756119005884
791,4.9558820315978345,3.4965526901756636,2.6426083846595447,5.743733960688242,4.422609354383512,20.122285576449457
792,-5.485159911139582,-5.849328785677181,-2.544408491173936,-3.5064373637387813,1.699732050015404,14.408361205654638
793,-3.8822447091299224,1.30769145143798,-2.5275500266031203,-1.1983232248978803,-1.4906787190315791,2.4139660395033604
794,-2.157906080198323,-5.841822327956,5.652872429396315,-0.765185940062081,-5.8817353709901745,4.0377256864459286
795,-5.696723503483027,-2.2054351678420403,5.639501653275985,-2.9362532072297873,3.765408328519405,53.73729307610956
796,-4.403078902804328,-3.8221832948614987,5.621880427452206,0.7567475494849375,-2.201779403022134,3.8441040468788428
797,5.9765420336029775,-5.998850113893657,-5.410510589876791,4.3837340963394045,-1.6597708743494628,8.413472401658446
798,5.670195458900783,5.64861335967851,4.460799536581607,0.3859730093289976,-0.6672604373817472,2.793135982133952
799,-5.823325596293342,-3.239118388417166,4.43994374709573,-3.3744670045898797,2.8744430768605866,49.20306997440838
800,-5.952977247810818,-1.7500709275723663,0.610193520198755,-4.619578806532433,4.583535652368366,9.423009314312546
801,4.423723487539396,-2.8054055744385127,3.614640187828241,-1.760703882046688,-5.996448498090064,56.23650615233525
802,5.631143152773784,-4.581783859538269,0.15664397184702966,-4.357393865138581,-1.0093013091554959,2.943798957918695
803,5.28109850399837,5.682804082772265,2.1046901658304553,-5.29278524775612,3.6090356493369353,9.196277537377801
804,5.954183048903035,5.4303502185905215,3.065969613092131,3.77610305828176,2.2467417301787016,54.17694798571168
805,-5.369955998943203,5.803708454188513,3.075058097273815,-1.9139278256427117,3.001704691734118,17.342060576319028
806,3.2778954046088438,-5.871254290194213,3.087203515175706,-4.051649501303581,5.560736733410446,32.75854908166183
807,4.536910437545301,4.0721524960213085,-2.2744035431003895,3.8203734943629306,4.171302113376815,6.583338842711078
808,-4.198054225147757,-5.2758503686963305,-3.6149685982783377,0.2197070633348491,-5.819658989377037,58.416315099279416
809,-2.3926531056942646,-1.5236303000971951,-1.6650881018717416,0.5907773451792387,2.3272439972603345,57.47011570607369
810,-2.5290011960412513,5.652581481643753,-1.6474500155321288,3.9187630979611354,0.24942615484231112,7.2077684445078605
811,-4.937314483589049,3.7379140055207767,5.7122973644742965,3.672380428224028,-4.503078513481285,48.09836423483406
812,-3.24642667508494,-2.650592944426864,0.2222455844007126,5.860524538665796,-1.267010061425508,52.78695570892568
813,-5.744074223771038,5.5987197567682125,0.1988943312829942,-2.3816151293106236,3.433695981004565,47.12629057991306
814,-5.507635215071467,-3.417543815269976,-4.561504820801325,3.4289132702738567,4.116905055582568,56.378614147025395
815,5.032528523222174,0.7076278203971601,-4.21839128501158,5.343718530162885,-1.4595168376957033,57.42104281781988
816,4.269385507988993,-0.6494333607503638,-0.2719293993442154,5.422511418888705,-5.34942862193475,6.298421881208672
817,2.487446085661719,-5.835161814566128,2.8817367570008217,5.386868296647719,2.2239241666867273,3.320085593340019
818,-3.919768624869849,-0.23193048536728203,-0.7452571995077766,1.8876526962527227,1.7387172284634014,59.726714636525614
819,-3.6741965380134642,5.761202782237167,-0.9534608959838322,-5.3916260561703355,5.746690345058716,4.364587496935429
820,-5.267540768865821,5.6238676805485035,-0.9729070027553615,2.681705485407762,-0.571192677693712,13.182017376788478
821,4.336608515402549,3.5225027626235166,-3.696503132605771,2.00983563302995,-5.433233249498353,5.716532792638292
822,-5.643988404022601,4.26689849704719,2.444089970363845,1.1519808281467196,-2.717520117880843,10.029837766928086
823,-5.831430615673147,5.294713080023098,-1.244400048141086,1.3428432440369602,-3.4782336711996624,58.114775837074404
824,5.483365184895925,-0.8217231341126017,1.512662557854453,5.247299799119863,-1.8138744861731935,10.079411361364812
825,-4.7884197112378555,-4.21826291105701,0.6609282769379723,-2.463707251384226,-2.0045141972049705,8.153190530348496
826,5.7632863580991085,4.836838032605752,0.6699286320821435,-5.495147459542103,-0.39777019848617656,35.202021945004724
827,0.8619283551011966,2.130286455198709,0.6515883891553578,-3.3180759602293053,1.963993011652148,57.14301055355412
828,4.027751582542077,-0.28533729679098624,3.2843875823883675,-3.3703822630084623,-0.5065448133742313,55.976742879352024
829,-5.871391908475449,0.14967314869437268,-4.717527899852194,5.079658834767082,-1.4091318045002337,57.84273124971222
830,-2.3015042738579674,-5.302350723620726,-0.08971951682881919,4.135560272578614,-0.9753412245386688,56.38291166827141
831,5.2489788760110105,-4.905659437147877,-0.10437546108097981,-1.2440486462322011,-1.8254201625733169,13.233329315586426
832,5.91753406290991,3.929959363599135,4.135170364796585,-1.9190014880838648,3.8926801198986567,44.64593434617373
833,3.380450044926746,-5.262334479320963,-2.3983270129931222,-0.8822764943322308,5.2024863891666815,10.022028287852393
834,5.361064532903374,1.8811406179117471,4.018547253019202,4.420158335992982,5.393969462790522,6.297821059005713
835,5.795985825883614,-4.38275963853166,5.921074944338258,-0.043596212803931875,-0.8423827357161633,12.95863314143922
836,-5.997509902882397,-3.9625484181879496,1.342595452351947,-0.5913036754608901,-4.380623791961046,2.6046109466061553
837,-4.369973118568157,-2.7889843662799674,-5.400148895515996,-5.3375240612452695,-1.445401078853559,58.61696401722274
838,-0.46727879526674265,-5.85761352410526,-5.380412048692939,-4.2937682891639035,-0.6408853953340267,2.1436246608520837
839,4.749177879949783,5.9542737888492,-5.43629943886201,3.128716703460782,0.4105242299751196,12.818479088671886
840,-5.370822273771288,5.627004474039226,4.269799130695305,-5.2899045149623305,1.0865788726662817,56.09262974826066
841,2.9870604677497896,-0.3404571231388626,-1.0478484522126132,1.509850573946036,4.7448353312511555,58.64425729112724
842,2.1483307322684935,-4.714849250038892,2.84139768259089,3.736999165205311,2.9919844487173104,56.530305293919376
843,4.827973288776845,-5.41612876649153,4.0455916292997935,5.238361970075555,3.0958082211209046,7.318571091468212
844,-5.092947773736867,-0.8858986075924705,4.773808435136616,1.2832937493072523,1.8557925716615025,2.136483189233932
845,-5.159446890381706,4.4670570795564455,0.41615783198475165,1.9961794767240026,5.4507192572773,57.39462034578078
846,2.5329348890050194,-1.3433134235296758,0.4263938240358471,3.014492765285725,2.3319497479006617,7.69179698073196
847,-5.3026179187683065,4.90093365022002,0.44810381723394105,3.647147551733303,-0.07001969619644303,10.938288250081406
848,-5.252546602496501,5.952035731877979,-2.588893992828703,1.046155151555614,-2.868837107902409,34.5589057045422
849,5.569407964941174,-2.2994846220925815,0.18219417542775385,4.440270385237009,5.5406414831175095,54.70590859003044
850,-5.94454251616798,2.314485038095537,-5.668177342273685,4.266556973200467,1.4337456508721285,22.3499211626702
851,5.791992720245143,-3.654816326751931,-5.678147124200862,0.6516864479608628,1.347645379726885,52.8753637542392
852,-4.2450997587591965,-0.33303101246338845,0.7213978163697256,-3.3240527448078536,-0.1264637345615115,59.00344419372409
853,-5.073393893750059,-4.516149242133359,0.6970798224056711,-1.105875874754282,0.1789884808586432,59.373472514970736
854,4.268415842654256,2.718810890716718,-4.0521039365409575,-1.5148469315637991,-0.7399951941897793,51.05848909593801
855,3.039784051260312,5.682607160491027,4.072229932835934,3.7215443102183667,2.592853854813701,54.86717242817138
856,-3.491444814185665,-5.877489281168235,-1.1240654626465556,-4.397348399125892,-0.4282020242967278,53.340197971411754
857,-0.2006591889971605,-5.829522191579544,0.9762975274549545,-0.37351160189328164,0.7689554179343426,55.509266942755595
858,5.303842782077078,-0.7726255301956956,0.27655037757913814,5.509922431064599,-1.8737773600794516,59.591318690662916
859,-1.5859006766814123,-3.868041540682723,-1.1491106076275246,-4.276637987252412,4.514641564542077,59.596762532149434
860,-5.990172874895633,5.617617088113691,-4.691441499973678,-0.28881513071303294,0.8393889893608313,5.346820697200501
861,-2.840433723423051,4.620164011980826,5.989432741919019,-2.498531768193764,-2.5285495622838523,22.146185309188304
862,-2.1695654456530904,-2.734571783399873,2.625833667309308,5.472868338540821,3.1260630328207735,10.12808723159599
863,5.666663857935551,1.327181919943634,2.6088285742925317,-4.090138137054424,-3.2204694664286087,58.75319331505904
864,5.813712874654956,5.334942169389957,-3.6699874238844066,-3.6354525050284283,-4.087586157998377,56.79202104797361
865,-3.9621404662883903,-1.4934668645450775,1.2215070930935736,1.308593687585652,0.10971020429588561,56.794222863902185
866,-4.65815683196928,-1.6621519846805695,5.610049717625556,-2.4733076697804615,-5.828385094894116,4.20783455361315
867,3.9437265892495854,5.624803064215695,5.586823914910886,1.2703650543425458,-4.237533358870526,59.31285525721167
868,0.036292837936704854,5.903412997292523,-2.061967511918374,-0.06005973136077375,0.10624144364554174,52.85146668969549
869,3.9069500129762478,-4.677993499767741,-5.742110338122629,-0.9574920738111276,0.5021793450774301,5.182134245307235
870,-5.432463718257832,-0.08721227840428573,-3.554494146832522,1.7562972270373889,4.797070181275156,10.909500901932933
871,5.595738915199939,-5.259121153266534,-3.545155240504291,-2.8311425517662934,4.997794786262636,56.88519359343347
872,3.6142588822084383,-5.648310675812622,-3.5614763149939384,2.2128759712520463,-5.904998875560555,46.52754126861997
873,5.7211281708515695,-5.401147416286753,4.41518213394831,1.564317658527008,-5.029538898447004,6.140616496284913
874,-5.055172245223616,-3.306966536872869,0.3025029158095264,4.887594511116454,0.4425348066666528,54.126069780706345
875,5.27762045866192,-4.795817286875747,3.9603162605176965,-4.61504465848008,4.550976260106835,59.2506063875699
876,5.513104245379039,-5.692812318206444,1.882061370700207,-3.98717657519346,2.122157581113777,45.139977209106
877,-5.3099180695443895,5.278793559522854,-2.3629349599803042,3.921479827311474,-1.3803072958394398,4.734973089230585
878,0.7025506857831466,-5.163579647959243,-2.5046326013519935,5.16681302093849,3.3764663010965283,56.44272704542471
879,-5.191556508470323,-4.692512990298597,1.571222389331964,5.095264503650148,-4.1099931494401964,5.063103036937672
880,4.801601851781511,3.6974512977317517,1.5610266891155982,4.6636428569645885,-3.5636265830678417,57.971199665676174
881,-0.9628694899559008,-5.474483881059284,-1.2616430699792311,-4.580345660797469,-1.9681055670680507,5.330298061820271
882,-4.705795958409487,-4.060268848439817,-4.155564055537785,0.7425081196603002,-5.55191552518274,3.588446726054061
883,3.04003373798493,3.119660731143449,0.5123201632532509,-0.9481815076590003,-3.553101686095121,55.1921285068277
884,5.549035984617752,-4.614171923219025,-2.3005627731169946,-4.1034590728509786,0.8760718496736414,36.337023576140055
885,5.349750397233576,5.772694994345883,-3.182465205437721,4.8901202309665655,5.959901949885802,50.24806467398019
886,4.061867744611152,-5.862147153563235,-5.877407862920764,-5.450247975733762,-0.6935486449336347,40.9206891341494
887,-4.52032642822393,-2.638182591644154,-4.904239281580598,4.331170150190537,-5.339804027127703,4.77394720485829
888,0.8119363206744558,5.336844207836197,-4.885015893508965,1.6670505424172408,1.9804406206331782,6.701258897303369
889,-5.841239455917041,4.256515928466829,3.3089660385084017,-0.005793466386532658,-5.996715237009949,38.046333504749725
890,-5.821126750009328,-3.1351882196918344,1.1012562321713428,1.020130278537061,2.9674546806228825,53.088247215907835
891,-4.448316315453055,3.5476529896622866,-2.84147618464912,3.9956212872335497,1.410932512550136,56.92803932239394
892,-5.671271042210263,4.890784269695716,-2.862994923329447,1.3021764190730998,0.23815686779675838,18.66615359500656
893,-5.743917563338699,-5.772272627000214,-4.0834352832640155,-3.0989335406033423,-4.096956338165042,54.850497997539875
894,4.126661316256291,0.2729194179068945,-4.067593470906961,-5.642324694098346,-1.1928950693146718,59.82534669396288
895,-4.798619742653602,-3.542119560592032,-1.1720305849814214,4.136016283798385,0.9159194315790623,2.5063692841484806
896,4.77039081035473,5.485228965833775,-1.1828414838915033,-4.118173427917861,-4.3714749750536495,10.08788744401252
897,5.961141205768808,-5.426298040347649,4.109299473279537,-1.230771112487463,-2.707367627094525,48.84059956957453
898,0.4352479157647607,-5.4111252922358215,-5.675705242290392,-4.836534592572395,-1.7676838190527264,24.06098356925026
899,2.796825679922835,2.242630666150353,-5.681499514625701,3.77678496678778,-5.739823391614433,58.27980454866207
900,3.153195045156295,2.500324069369274,-5.672506622049331,3.352924061468662,-4.100019968390594,49.59187251098475
901,4.87297839019098,4.975187895969122,1.8190105316030187,-4.919564886513082,4.319447651872345,26.66919162740413
902,5.452237574796612,-0.6708409797512964,1.9519430628124772,5.393233971420881,4.49191283502105,14.264761971057911
903,1.687560130007898,-5.143396794942569,-2.192095482167288,4.1322028346493616,-2.5514317236536166,58.0560276868519
904,5.562238006320921,0.8784554428795636,-2.953640009466006,5.2820500797988785,-4.3212635028321085,2.3065761436382743
905,-0.6601516823022794,-4.19314131033062,2.046050603353399,-1.9059517521231115,3.0032870312010864,58.94671178435584
906,-5.203984663396929,-5.425099596900165,-1.9540961600452222,-5.761955430889119,-0.24919631215898264,16.743809198554352
907,3.777406046407889,-5.791206782079752,-2.7034856667121177,4.601566879737451,1.1603863392947895,8.898581898775152
908,-3.498506168790045,-3.629206695487648,3.7938860876039757,0.6937361786246855,-5.208465167077763,59.83738191901467
909,1.095517638853939,-2.3909146075836927,-0.5127639147747055,5.48724275417208,1.5946326397314736,57.71603400633702
910,5.511610140522481,-5.1374847498491985,-2.2164386940261203,-5.907607091709831,3.5886021749410015,55.04403160446677
911,-3.191072634010477,4.6042894648867385,5.23354495608763,2.9508189499901256,-4.199006026681727,56.08897113754722
912,4.4508368658571085,5.071026993998057,1.1686970314136886,2.39796455340551,0.2610263700759362,20.157328088740034
913,3.3167940241640745,1.8495975155083468,4.558919143678947,5.36910895286529,5.003658326294672,4.796327351152461
914,-0.6609409786684804,4.175868632595893,-5.022327299471426,-2.744760290810714,2.567430917395207,56.79411012194119
915,5.27052377162613,-1.8297996788941893,-5.853016256029296,-5.209074834292092,1.1157883670119404,4.069872658380118
916,-5.163092868484452,4.092267709534054,1.6285644124364491,-5.684853386017937,3.1592300324581863,58.36452080700691
917,-5.5476048600467625,-1.3021104731228104,3.4350360767108334,5.675872300764901,-1.6383179010830122,22.000132128914462
918,5.643214858989957,5.504793267936205,-1.758588496810679,-4.428437831927849,3.912673442773604,33.23268693993298
919,5.096825738807675,-5.726095056994687,1.9277386882591858,-3.003254621480923,4.90405960169171,32.19940167071531
920,1.1224693653930118,5.604406205212022,-5.305740020423868,1.5264687748773482,0.7864881769232762,2.042219127493203
921,-4.754416226196439,-5.733598312737475,-5.160711729461373,-0.18497807301373045,1.1713660087913527,51.810898891633
922,2.929011478775474,-5.487955986769729,-3.871109537218156,5.39299714370222,-0.8343246677161951,54.69965467038912
923,2.4268105835134715,-4.974932919472058,-2.75605873503119,2.3635694461032415,2.3067927192454043,59.96261021456078
924,5.3460449042701645,0.6953141370664677,2.2420708120693082,-2.5745373670078697,-4.1297688310347835,52.810406443973044
925,-5.807602013717616,-0.37250632333816475,2.77480869066225,0.6601003885015241,2.7555396449522687,8.734524371099596
926,5.6864844461421935,5.90492841192971,-5.6012664567964485,4.687268773268645,4.51848477376939,53.09830332460422
927,-4.591887673252604,0.8843903923644415,-0.3673604328530808,1.2675406347876872,2.451245252903743,7.630439973148142
928,-3.613079351203962,-5.6837901219130735,4.219491026258368,-1.653241580516696,1.0936662342201533,58.64250602948851
929,-5.606309816741547,5.354718452814078,2.022360193519943,2.1535285026111595,-5.506663627874313,56.272469250884356
930,-5.9939933298288075,4.123957863988988,-4.742019247937962,1.8604481409536626,2.548871427200268,54.188608646784495
931,4.066108593223077,-0.8959480371713144,-5.580120055029444,-4.234244925406699,-1.565307581105318,2.2917815923268976
932,4.627946537586801,-0.5877634933222176,3.71779422199713,-5.8801372737751905,3.188030014003812,53.03032864362324
933,-4.213582568643985,4.510272778773822,-1.6219816603312525,-5.841639556866419,-0.500096786161837,59.116294043925095
934,-5.369813297559068,-3.784847439822652,-3.940015200361092,-0.8518972057006239,0.6838511236182578,2.692109314104032
935,-4.812348520878153,-5.243320726350129,-3.008379627224462,5.17185957693925,4.310959556155771,56.935341589153545
936,4.658893902088464,5.362963846656817,-2.6799776136419,5.562329584493802,1.831926513628767,36.777827746828386
937,5.2697236101266824,5.856621163782765,-5.183344487968104,5.87129678799179,-0.25655387691733483,3.7437612108294345
938,-5.838809952302035,-5.22732087345365,2.1302047375159128,-3.7079133030951303,-5.180395734512251,54.6703681670463
939,4.442814205420183,-4.09581583566306,-1.9308406844762502,-1.5195038069003561,0.9967032143015532,57.56050151861467
940,3.1659391486077353,2.2913795563055195,-2.616593497922686,-2.952809436214592,2.380989511391821,2.9494059388845875
941,5.391561663636557,2.0467911331669586,-2.628899922724216,4.578045721366951,1.4755494065970924,58.71828807847668
942,2.7920817318825097,-2.545805843041787,-0.4082011939850765,4.562564013426224,1.4742064639831816,39.78190558916091
943,-5.548578679982668,3.7290244689161445,-3.328200078121399,3.3958155952254567,2.0837803138292195,11.186679404845728
944,-1.8371165284453745,-3.2387582567523165,-3.520144176132558,5.71116594963944,0.4090021510935325,59.11787501639204
945,-5.825612481890316,1.6312331430976252,0.03881584666798593,2.616390533338849,-4.752797398945984,54.907825501737925
946,-1.9905368354797555,3.7478731093364135,-5.243373798619009,-0.5049274743661833,2.3906841463602677,2.552752518715091
947,-4.342522804115683,-4.400506257146405,-2.564876729242828,5.712115663288916,-0.19524666849155953,54.455636968580095
948,-4.909673675810906,0.6802893439399147,1.9053871650518661,-1.8877244909704993,-1.2739762469342402,58.78052549406925
949,-4.0853296390571385,-5.855222791775451,-5.490302504398683,-0.32165553018255577,-5.789423923092254,9.220377845709695
950,5.935679775550716,3.9633621808515738,-1.283876182495633,-3.4919080434045706,-1.19347045231493,52.99849186573303
951,-5.649848544983305,-2.232741645155457,5.5715687866508,0.0724407221741789,4.798098028438688,54.155613749825854
952,5.246152333103621,-3.3922675140385183,-1.5793529482513655,2.7246888266687996,-0.5998002714849837,51.515450230358205
953,5.927371664214647,0.07438973671866744,-0.3281116381826456,2.4784610156023117,1.9823169990863374,46.15845647378851
954,5.678868858833682,-5.293813679428552,1.4615145225754478,1.7742653302243485,0.8331497309508469,3.037804145086431
955,-1.6005369692922258,-4.995877091414011,2.4203031750760657,-1.4724719624256608,-0.4672263861286333,51.336933385058494
956,-1.554570274957318,4.339888503276892,-3.2060345360227562,4.903163521985884,-5.192903429078946,55.1575956923788
957,-3.26926480374212,3.1072098754582056,3.3439721178759214,1.537937126992301,4.228903354671257,2.3815753852042825
958,4.646216112447826,5.88423239326385,-1.6012418163865296,-2.8024686126106877,5.759271169124013,57.845870846125514
959,-5.675831231811805,5.182080634363454,0.13168505989000998,3.5850979601829507,-1.7601860028835974,59.14191330053858
960,5.118752613186316,3.696751798646094,-5.557562675461001,4.406156726957553,2.6427817276075345,54.08614827532872
961,5.03711261210628,4.626975153008588,4.293598011221798,-4.078350167826663,4.9540979727350525,9.093774443858841
962,-4.925208534203577,4.453868811938768,2.5672816154046383,4.200868573465244,1.9739527889230892,54.325477578115446
963,1.9441930130673044,-3.095834944870322,2.4027746803049035,5.9809770630962,1.1245856767068494,58.98682096417818
964,-5.937873084177276,0.09638418900330928,-3.305915301022623,0.17608773720460477,-0.10133864815140475,3.473342302141209
965,-5.462706473088931,5.443977813716263,-4.969291602084246,-1.4158170002335708,-5.606770817788889,7.617326682300152
966,-5.315778603526675,4.346077950152008,1.3857384560137276,2.456724786969983,2.384202356887158,10.415601631154896
967,5.985886266021096,2.8515353790666773,-1.995212251575915,1.741614430431809,1.8042827865893016,8.5816087792436
968,-3.192652533553632,-1.9224742121705711,3.113269999305694,5.189058489691107,-4.785229808974798,58.26593679324471
969,-3.4764251723780446,3.6328051377562276,2.989256092627018,1.3266291343385643,4.922203254421795,2.767861234715995
970,3.58828127415666,3.785128543897486,3.0007424467012345,-0.07520317448106975,-4.142332282957137,59.60820225944954
971,-5.395305452930662,2.935364597008597,-3.3834787720045174,2.699326124626947,-0.7059683547758411,14.829313598515714
972,-3.53013604278801,2.3366385502428573,5.0716481500708,4.611233244227623,1.746501118259192,54.205906602034595
973,-3.7009009109134565,-4.858708045139363,5.089733529977121,4.686450290633808,-4.043344034948467,59.90044317725243
974,-5.725801726738705,3.344832540734089,-5.093236313999113,-1.2147536634032663,-5.447108682901347,59.58141387493555
975,-4.648138342955566,-3.396253174468247,0.9311192750152868,-5.408997261476929,-1.1989204652475318,59.80573094288686
976,5.311186983787203,4.8264886848524995,1.290126944820053,3.9016776034965526,-2.2719959369985054,8.07511648755828
977,-4.541051883194428,-5.037484951659998,-1.9765299201496431,4.913062566112604,-1.959811493853946,6.865719051110826
978,4.621848289148731,5.122244843987047,1.975405590176165,1.545292231758952,-4.395906411013713,7.306050132941956
979,4.272011740337299,2.3445626703108755,1.265519652862498,4.714553260364221,-1.5391672838477815,2.5637879255470075
980,-4.059902175122432,3.1064003908364852,2.0701068679393857,1.416123471233479,0.24167230785359362,58.13909219359658
981,4.832537616141025,-0.47694186379705766,2.081437385244001,-0.9766373097829186,-4.050571981883704,5.23072311703218
982,5.49685412795357,4.042766985159198,-0.3888658722860753,-2.1000209326851547,-3.4482627010263034,58.042321506420485
983,3.286853122583038,5.823615180412877,0.6332002157466117,5.05087655522307,1.0292946279674065,50.17048722978982
984,-5.9859682625963435,-5.153755732534733,-3.1270432730441686,-0.06504393233378879,1.9986702259701472,6.661159030402662
985,5.787592848214987,2.6528008211354117,-4.82284130803383,-1.3512154091445627,3.929296201352693,59.10469921705833
986,5.565246252053311,-5.380204408491932,0.7677084182470647,-5.726546258678713,2.4532135526812153,11.722741641458475
987,-5.98590680339318,-1.7741386422098941,0.780255281859174,3.08376579182082,-2.810669526203523,6.792356413042541
988,0.3594662891806626,5.658473615031683,-1.10076969807063,-5.520177247384319,-4.109654050579436,45.98351319420151
989,-4.672095999448138,0.7669772893359996,1.3764851329276337,-4.77541381305849,-3.7733779350545817,56.62160523635937
990,1.698495563606722,-5.751573708844461,1.366309201773628,5.338695142020358,-5.037453744357036,11.535029116670888
991,-5.713723512366457,0.4810851877836174,3.5023637831408485,1.358200606762169,-1.8280490315277385,4.055707545028572
992,5.727002223219142,0.2936813596266733,3.5129046519432623,-5.588510310823039,-1.9457117082500415,54.533705236071924
993,3.2451636959634995,-5.651872898169649,-3.40323545633296,-5.715791588561986,0.976332830494334,2.288963934478801
994,-4.017537758681145,4.422281434550719,0.952176678946443,5.247840462433992,-5.430999608345114,49.31278874907461
995,-4.289345807175122,3.7108070974020535,3.3851124866943865,-3.203172487193707,5.011651557188071,18.124967557186274
996,3.3724571046327685,2.178351047689928,1.4889583972075202,4.659109458594913,3.9702200732020803,2.95779749935261
997,-3.1175316379422635,4.674223327992322,-1.5209108813096748,0.5069133905808467,3.3366494576704957,58.577798596408
998,-5.9789913105225185,-0.5570749619505379,2.858184146918997,1.5535891120089131,-0.5523070390157431,9.718206645205841
999,-5.344267512680922,-5.857415144146651,-1.5592260393115724,3.587658367770797,-4.125511320899571,10.691558070096326
1000,-5.3234450720800615,-0.18856857971159802,4.536470946335449,-0.3005392741724922,0.4635867738557504,8.283318981605897
1001,4.374755089381497,-1.832994743698764,1.2498351832817687,-1.958569064877162,1.4072486243686457,5.895192480536971
1002,5.801414239231187,-4.107319493729494,3.4815164325646824,5.875263647657892,1.5840922350456659,11.023784309225006
