,0,1,2,3,4,5
0,1.9921859069427228,1.9921859069427228,1.9921859069427228,-1.9921859069427228,-1.9921859069427228,19.962924650976866
1,2.9611297079773578,2.093834896483731,1.7096090340061254,-2.9611297079773578,-2.093834896483731,17.554100909662424
2,2.119577478632703,1.8734595104893361,1.8356079417852893,6.285533994301575e-16,1.1240757062936024,21.321187236364494
3,2.9545898391293433,1.7036477185205539,-2.8,-1.4769164719834065,2.6,7.623173015997059
4,-3.0,-2.9,2.8,2.7,2.6,60.0
5,-3.0,-2.9,1.8420356395714428,-2.7,-2.6,60.0
6,-1.4965975483770337,2.4737898022137084,1.8282460805163425,1.979292226043118,0.741994667104939,15.030964495427495
7,-1.1317296169803375,2.5191383865579495,0.27785985489661424,2.3477537810146876,-1.9583007349331245,56.55786082976686
8,-2.390232125808285,2.069762585853803,2.3188364796116208,-2.2541976683427225,-1.4167019016499822,31.894531532904168
9,0.6203250245089507,-0.9043573304571515,-1.1711438307183715,-1.1759080229170378,0.3163403645908609,43.480065072123836
10,-2.525181062451848,-0.46153078739734177,-1.9540603771313196,-0.8942959745825809,1.7094828394748967,50.8683366265466
11,1.4039209976202862,-1.9936507181967742,1.3476249369679199,-0.7966750058751346,1.9271663176683886,35.53447166966538
12,0.9511582166300059,0.6435034760411389,0.4521024987104356,1.9466226642394062,1.1352300871725558,22.550491762044018
13,1.4108630765711805,-0.426741171987858,2.5350106114782944,2.4455617328608623,1.8757018277344328,10.70587469027738
14,-2.1118832740802493,-2.8049150888817556,-0.7134047532297734,2.0282281661236174,0.1638391334439917,13.070471373337423
15,1.6698828406879267,0.29777959782557994,-0.525464406221265,-1.905399433957087,2.2221028849203015,45.02049960880555
16,2.7758567125820583,2.5115179746237755,2.5991100663484197,-2.339966698803619,1.5220838468316198,57.53933213660282
17,1.5179108378566806,1.8177005963284656,1.4634063375286361,1.2980339767747608,1.7875785792161154,10.0095896440778
18,1.3599268874617607,-0.6577366206999837,2.147529923229733,-1.779995722494467,1.3163351727905481,50.51623225325789
19,1.917181898832589,0.8576174099259299,2.253567327582908,-2.6664130168224207,-0.8670967425390776,21.842799301845147
20,-2.623712378557256,0.3054938295706844,1.2419863666309636,0.32204964229130084,2.0634411091897067,10.78483979644015
21,2.1851264237319556,1.6173586235395514,-1.7796585213020724,-0.592075392259952,0.9067153984962708,13.8910740565603
22,0.3253612807209305,-0.06303277487346781,-1.6252030515247438,-1.5185166135977903,-2.5636520459636967,30.863657850117665
23,-1.7887722051461883,-0.19103878763572535,0.3476547439997546,-1.768093287384288,-0.33040335831679046,56.624526359736755
24,1.8164329841740559,2.4442694934926172,1.7905325922990398,-1.4073416633000253,1.8964765999430333,17.852551105898783
25,2.6306465253367373,2.2305113286722738,-1.1102327195645412,-0.9128109102847988,-2.1999772221887777,14.609277328970885
26,0.49553667552585434,1.1349782809197584,-1.8233032767589927,2.0926422295258336,0.9343151839608952,45.29434202166696
27,0.43127196125945044,0.2645353118049978,-1.4907950784626538,2.082413337400925,0.8840664991620852,50.61252696653037
28,0.12380121669215605,-2.546355983646677,0.4861338627933107,-1.0272513632449278,0.618607652454982,18.080651974246756
29,-0.8494254228120299,-1.7714764149315618,0.15435362739803926,2.4183973467266062,-1.0521818950622432,38.002952007857836
30,0.07549544484119552,1.8209320676847969,-0.46485068771685434,-0.764041870512244,-1.5871320996837823,24.92640573422384
31,2.75835354023093,-2.5127550915933794,0.20965345925293644,-2.4544449767317973,-0.9231621446500413,21.668680982692674
32,-1.0511285342163825,-1.0905185746026933,-2.6381518696190307,-1.2073193770931194,0.2534459695380509,28.51962452447116
33,1.0879151231195854,-1.1492043075346066,-2.155960927826728,2.1174460758453924,-0.529515692264984,51.88032699080171
34,-2.4873025367539494,-2.232299292213824,-0.8469440699078155,1.5862139246040208,-0.4133883421601743,13.808054727948587
35,-1.8204068709431378,2.529280876331596,-0.060701993238088114,-2.2943880076216554,-0.21956894215389466,54.037997925756365
36,2.4696068385126386,-0.07831073603512184,2.4571941007813605,-1.760215011798631,1.3973980050593497,34.35000966003852
37,-0.889769097159562,0.20158077408397945,-1.700638671581113,-1.3108442596915277,-0.0657305455946946,49.83708667621794
38,1.3533836006675184,2.6483401499096852,2.5632008346520205,0.4197140154580232,1.5783634062767988,9.742516700535653
39,2.5579376586178437,0.302886366686252,2.6963295248611,-2.1747309343474863,-0.13804436437131473,6.746035728299656
40,2.2058516108658104,-0.20701566839076868,1.5806420721848289,1.9932815017727297,-1.0510104727283214,20.591197855191908
41,2.2544689410762917,-0.3148117967808952,0.9184650311053271,-2.076929228599514,1.1994988711703223,22.99745547289707
42,-1.0660101039524745,0.3496000824347316,-2.378316564559708,-2.417871221639555,2.348630462438669,58.5479462753338
43,0.845234413867336,-2.628710005235635,-0.2655299409737979,-0.42801639175975836,-0.19163869888112917,18.934545551969663
44,0.5892157689510173,1.329001228797242,0.836188132950058,1.064421009397683,-2.5965420948651756,25.82351796335556
45,0.5974234700571266,1.9170484914745267,-0.15586714556617132,2.2276300617559572,1.571898428749304,50.85724710590378
46,2.5868406939917046,2.272451270342811,-2.2819959133234953,-2.274012484355108,0.4635136696413813,48.3162200206431
47,1.0850205102606232,2.7134429059709357,-1.8601404987806975,-2.0036371333862286,0.6034782886047259,54.712535140995534
48,1.1828717084386415,-2.4471706236770645,-2.1070809527447842,1.501599253210764,-0.7302912411619304,56.913269613157546
49,-1.921248817249034,1.0124648152314584,0.6301725691444537,-0.7603423103099025,0.6391875259477926,31.251764234128604
50,2.1338469325092184,-1.190540586742698,0.2418887149898663,-2.3773141609356765,-1.061337387300932,26.942177063410824
51,1.6283082920314236,2.003325672190592,-1.8883500073400983,2.33780868547655,0.7226877763938928,27.192463892408128
52,-1.5682569819026595,0.7539274573517702,0.31707497603260126,-0.4056756201750473,2.410818530310823,52.99280465843891
53,2.831103481808295,-1.0728299020411947,-0.7761623454424607,1.9424571407462166,2.392984271685654,49.89306375071561
54,-0.33689493230137746,-0.8565624080114285,-0.01004506876561484,0.7896735106348318,-0.15799292711050095,42.20632733263658
55,-1.6617315832912585,-1.1050309711461226,-2.714762646599521,2.4221087962520356,0.5949174968088053,57.99322158793764
56,2.5040403350067546,1.57704578866811,1.2101844400894004,-0.3554137373313928,-0.589368075373295,6.628314224116794
57,1.3827637992020598,-0.20755415986154402,1.885951987438884,-2.4444542752446248,0.47681639110801655,5.099342383860254
58,-1.4852328353025772,1.7537029121300898,2.7632614670985305,-2.202479217180977,-2.4271942829037982,20.64617714320709
59,-2.792035561882651,0.4216906300851173,-0.8988348981764787,-0.07764849130575913,-2.0541586605362365,26.57644359376998
60,-2.449188620680927,-1.6432695271212137,0.12008065814706459,1.3501141536979624,-0.6512384332608079,36.01945105050076
61,-2.5350281030447,2.787856251304057,-0.3789778552547616,-0.5504469330161883,-1.5273853642055406,52.533329993266115
62,-2.5553173042461403,1.3872052990521602,0.688782597453458,0.1466730440528301,1.4275955954299833,20.065369350420184
63,-1.8639996658152653,2.5096975425529284,2.0295802894605384,2.6788130862171853,-1.694809328031448,11.731939004999806
64,-2.5374205149971374,0.49002035372885944,-2.4360835045571143,-1.6291808583957959,-0.09946461144150742,13.47151340931829
65,1.766851325251947,1.5528157739115547,-0.7480802015698949,-1.40860587951838,2.4285479723520997,17.424793640082598
66,-1.3406325426959795,-2.48491196710407,0.4161063478971885,-0.9993638897902215,-0.18402600044863693,19.604250754494004
67,2.2712319172039095,-2.776949270475555,1.2943800680272473,-0.4078353088521087,0.525512941874207,34.34844232144637
68,-2.3542171427384067,2.421933209971662,-0.23072698742396192,-2.6272128829129535,0.05891060556969263,19.98126454650344
69,-1.7451553193412601,1.3903025339000128,-1.3458929878643253,-0.7311546859341189,-0.02430468960204113,54.437771229329414
70,-0.030901706158168007,2.0612661924118476,-0.5933321852590456,1.2289250807274748,-0.26347505089421164,27.882577793112755
71,-2.4109074530802412,0.6568590093860571,0.04405204738498991,-2.0064609723283513,-0.8619999809296965,20.003698680450533
72,0.3657149192515252,-2.521523706850808,-0.9277694205506379,0.40727908583035655,-0.6236864552384063,49.44946300904471
73,0.3191558733662898,-0.5950057207700228,-2.2289612937997014,-2.443260608002035,1.4878291696678088,54.61295072370107
74,-0.5377501015131649,-2.223521091993104,-2.0472971572929914,-2.232555646904929,-2.04238812255375,46.83652854221763
75,-0.12759783856258755,0.46674610384741655,-2.7469845019276233,1.5910918621935703,1.577877868528636,57.020575618338675
76,-0.3575725656929212,-1.962228721736714,1.7593681785945012,-1.7955340153512511,0.2824960391062712,46.01954382197637
77,-2.550617417795024,1.5705532933346764,1.135276814644047,0.7891928970921795,1.539054294380302,21.80536448194826
78,0.8886615920429892,-0.7559315325741047,1.6362671616953444,0.6635941221925181,1.0895278922698992,15.940667220158542
79,2.803528968321168,-0.4264062576375216,0.9753749689993017,0.2508445182460952,1.5450050690745099,56.86705756263855
80,2.4970296063101856,-1.6515709679243635,-0.5619114813162822,-0.2440446745392002,-2.5209811180526507,6.487281810780243
81,2.227925607225883,-0.48208263027306986,-1.574579530471583,1.3277120430534213,-1.963761344864083,10.465126550896228
82,-0.6330416344374212,-1.8569001247824157,1.5201959943914876,2.693811202979372,-0.9137016789313772,45.38729820124189
83,-0.14695556895134887,-1.519524384175634,-1.9988589950591695,-0.9954182273810581,-0.4869146988304638,5.3087609791028605
84,-1.8103993994812657,1.0074995754171439,0.7768033624890069,0.2794753520989093,1.6395228989524893,49.1872882613664
85,2.8961784600048386,2.2303520769476415,1.0189113446206748,-0.9901196451393577,-0.7897820173176047,20.305760413152015
86,-0.10655377091642704,1.0742904795114496,0.5486466015168516,2.2341631815003637,-1.318985779464749,27.833422424218142
87,0.16731695973864502,0.48828351696831085,-2.6778921082807634,-0.10327466933018892,1.4075087794667893,44.75865976962634
88,1.3265838782384094,2.316527774605221,-2.568558395195818,0.20419208457187965,0.17416446644906847,6.2124728115869985
89,0.0425479519557328,0.42572864200680227,-2.4685939732895887,-0.4510138269896036,-2.012209415709151,57.56235667992167
90,2.7711213475093253,1.6416800019650855,-0.19033712575384865,-0.03133902150548762,2.393747753353861,16.905920228268663
91,-2.5666660693045404,1.5493268053104559,1.941013822265945,1.2611424955356294,1.6478392324159956,50.73488166570724
92,-2.9589459270804213,1.5905806831411327,2.3546384501856545,0.02936888553441097,-0.631854264837111,16.291771897757318
93,2.4046262220288366,2.8192378440135895,0.5163419372348184,1.6599699311731797,1.6081819455392536,8.229547418827057
94,-1.1327430724814467,2.4300970661656867,2.383645454688862,1.210530647873695,0.5602979714883674,14.173619335128983
95,1.4109947780516858,2.1583255837133852,-0.6714240018134179,2.32893914672319,2.3282328440187396,44.61975347849867
96,-1.5984234190645847,1.7373962246879384,-2.182041671127455,-0.2891639451415564,2.2247959912608626,25.36351964091543
97,1.0093857521452652,0.34929872021102293,-2.3278367277583203,-0.2734382673016107,0.28571686264218377,56.32890100141385
98,-2.7049198312221283,2.494894392360408,-1.430565437145383,-0.6124013110563578,-2.2776662354512176,7.980126171776979
99,1.687619129811102,-2.580118206092023,-1.2511833950244795,-0.44554256578646223,-2.2241267456401728,18.392432401156306
100,2.4791863028652354,2.462722348065651,2.7258778963621237,1.2742514429789171,-1.7259258949756437,9.841343441895201
101,-1.8021227580070702,-0.23745181774377944,1.1659169762541208,1.915735449760751,1.7128907908629993,19.640800311706855
102,2.930414560377745,2.6118672728615997,-0.3431044763181612,0.7955891331911045,-0.3469242929377474,9.96336284155659
103,-0.2508200873551609,2.1505601128640053,1.0960091160351935,-1.3965543212985174,-2.4827753090978573,28.14353806390539
104,-0.9223992806345711,1.6166429117723804,2.285006889434425,2.1637532380637214,-0.5027281524213798,30.314449968746686
105,2.5625622346434067,1.2391596397631184,-0.9651808149938834,-0.978582303388406,-1.6232351283062936,5.446569783689965
106,-1.882158731857087,-2.8366296254925274,2.4135065994332603,-1.2973741263575735,0.19574943192385064,18.778425854396694
107,-2.404764669431443,0.07419625933928664,2.6486404365230225,-0.22897106479475005,-2.163383175788666,47.465405480869684
108,1.0377154405604019,1.9448610193680778,-1.072772301658288,2.0598046913647554,-1.8055241832728615,13.589640115306478
109,1.0102206523504291,-1.1692682832036374,-1.4595529886452807,1.0655992748926177,0.4957603217530959,38.28119174760357
110,0.05611086824928968,-2.3641046928319325,-2.523509053295404,-1.7337834434815846,-0.3256942883019689,55.70129333354292
111,-0.8921199906414032,2.0458766494933047,-1.5281631905300295,1.620912421205162,-1.6313567056647675,49.777550601503926
112,0.9181934323702294,-1.4185245912289783,0.09046845530330572,0.4009863802566622,-1.010229008073957,26.731427955581132
113,-0.8896469119452344,-1.956020692024853,-1.3765820309321966,1.9852068077426068,-2.4133947519018824,41.18206737902176
114,1.5049128273968613,2.6697312441018872,-0.30785859894924883,-1.0295936520885964,1.4494156384644294,5.525204482784777
115,0.8825136509661875,-2.52348704602921,1.050017307407463,0.9965617997520999,1.7196778882121708,54.52105850878898
116,-1.4310254030591172,-1.3077499494143925,1.608502836300329,-0.9514717632904692,2.17208522313592,29.688071205561386
117,0.5758088364307343,0.8077116651372469,-0.6258957272793353,1.881053566963569,-0.5791094553556504,21.075544158778634
118,2.570472176616299,-2.8634270425397186,2.487417553778605,1.0649536082556001,0.44070676327537894,32.87499495489406
119,2.9037231800786607,-1.2301589351938753,0.7400461290352749,0.8051678197308165,-2.401414972754523,20.435696649515386
120,-1.7379139440074032,-1.2483134700181506,0.5921167643269816,1.6475097506232776,0.04609609932416525,31.446327934944133
121,0.27834468747819185,-1.2385452218727522,-0.11195712433725014,2.2061014167278925,-0.3931656493536857,33.88240787675579
122,0.9535092533364873,-1.7539621099934304,1.4301819250584913,1.127409638906844,-1.2915108223285574,47.504102503433735
123,2.139139850334498,-2.0466066137233545,0.8748216888316951,1.108472526843265,-2.1858735996566274,6.318452622646302
124,-2.871493239079414,1.2835750365663139,2.101172065836061,1.8431458940601528,-1.3496612625518682,16.53904642027811
125,2.4724092647410973,-1.2158319973531917,-1.2825461154735067,1.2745841445475263,-0.5718671280997141,28.274317567384468
126,2.2675746007943127,2.613931687847597,-1.1408453932958977,-1.9563384583998664,0.058689079408635436,33.993971501350025
127,0.14715631514553396,-1.3974212220412954,-1.741988405945295,-1.225828187192377,2.0403419838273398,36.3698550936903
128,-2.271906393179977,-0.7241669263986528,0.8069812807692469,-0.10835541102305823,-0.5149316476571766,54.48798501778915
129,-2.4017016156531272,0.9690822011849805,2.0589153184404374,-0.3574924337146035,-2.3872285322203703,9.93411804645617
130,0.7315612377376461,-2.857133701741164,-0.4075252660981077,-0.8828279971438253,-0.7287784281937928,47.541105508886645
131,0.5075120294139097,2.0860527027030984,1.3994531621189212,-1.0075782697080824,1.6230351982085547,7.229857976556255
132,1.2775936383233102,2.077540946453967,-0.8128595791070179,-0.3075547402807537,2.421378167091756,26.386873212953923
133,-2.709865848147801,-0.3862518713222247,-1.218759187256957,0.8298018304933885,1.45915086312112,11.919832076390213
134,-2.6228326978362415,0.5154254731766099,-1.0185609341471535,-0.4228700703766992,0.23821587992117932,58.223220611487086
135,-1.7421959435922036,2.815469472556401,2.2218773677621204,-0.3428506291045452,-0.3076201415197626,7.043118970774392
136,0.008742859092863764,2.565313500212461,-1.3154743438577594,2.0308472773155195,-0.32509306287194617,15.45918978717277
137,-0.03539088080649444,0.4835103081754917,-0.4990633385713452,-1.5233626750652935,-0.3456308780759234,20.63756333172002
138,0.36360547252224196,-1.8517182585162324,0.9480584311112668,2.399810244316191,0.30008264550466945,42.82331539204691
139,2.3725461149189435,2.0980967405454654,2.191430777017823,-1.089268656233718,-0.6176845678434657,59.42532666837329
140,-1.822416850723605,1.70560362749977,1.6726648243805293,0.7760788645735586,1.0435215530375177,22.365271188363963
141,1.2254297188042482,-1.5236658372751286,-2.6064375128060897,2.442159565308258,-0.1287495022609333,36.37253495668918
142,-1.5795786458811487,2.3177980585275484,0.38404829731528434,-2.5409323486377255,2.0084853520062933,25.685019654064174
143,2.849682421152954,-2.3317963867527896,1.4913384912760357,1.5631806722974897,-2.3073968124626547,17.948326981756537
144,-1.8141447158901354,-1.1827861319617945,-1.6628086822705512,-0.8299466691487922,-0.48570028765340956,52.6976796958895
145,2.7467915658723925,-0.7305703674701105,-2.0785939658198007,2.424502510405752,-0.7949390527376825,50.22100970761777
146,-0.953162711712356,0.19944598346291365,1.54933251497558,-2.271355534117547,-0.37684840705284506,53.20410937486457
147,-1.2918365291697693,-2.0442741655586927,-0.4364044608729838,-2.1845432533467903,0.5127104509726159,22.83818761242459
148,1.2175048525463374,-0.2646283620246841,-1.9243289422143506,2.399979210066099,2.4043062859794193,23.925983147648633
149,-2.1053713744219653,0.3004660406061963,0.6597576287851399,-0.18021315386818149,-2.204398408267486,19.06148575168394
150,1.652085188675092,-1.8138487579594225,-2.406052781139234,1.0949416776944667,-0.4668240648351287,48.42960555795278
151,1.1272954291969466,-0.3268616114185767,-1.4027607213284554,-1.076003127870753,-1.9584983459513639,26.757428132473006
152,0.575894261047802,1.6587071759313818,0.18120742508062404,1.3105792554930937,-1.4017352162184753,31.08315520719269
153,0.20674343184580835,-1.5340131122361231,-2.2559404342850993,0.43133187237634285,1.8436141029923863,20.942101760402373
154,-0.19489114518919345,1.5618586052469623,-2.495710456083143,0.7958567460058651,-2.4114662383378707,10.934766207335826
155,-0.5843360384261769,-1.308730950167205,0.016185279718717638,-1.9058269480182344,2.236508410679401,9.633080683026819
156,-1.586768972051746,1.6870394450137236,1.913115848323288,-1.538360541593153,-0.7956088986750413,9.209917347613791
157,2.2085130166942086,-0.9389389896676807,-2.1309746982532847,-0.30295323975994704,2.546571355576194,37.85431412693736
158,-0.6658604316440901,2.80567443787942,1.9686784066528666,0.37773423592371014,1.8305597250843921,28.118775063944206
159,1.1006425810224174,-2.810149947834608,-1.0460732740804144,1.59028126166484,1.9438451559266965,57.55756880334407
160,-1.9624310847904574,0.12091252055468928,1.3204426667982663,-0.10316379907691886,0.08113029137622073,46.649500412800364
161,1.679387984382036,0.96156744650924,1.373963071967827,0.9144030160208279,0.737042061132098,16.652962842900926
162,1.0196561590757878,-1.7687204830076582,-2.77319953349472,-0.70467549466624,1.6899422836091067,23.793052341511682
163,-0.8138634693866953,-2.1114974678238343,1.7323124093744147,1.5315908381130399,1.7325110868533868,8.593560815912161
164,2.0647517635767043,2.036458424997947,-0.9917132710958928,-0.3657261412447514,-2.1176141001385567,28.314385307414938
165,1.548982333440499,-1.0294990228003127,0.7155917748874472,0.37364314484437633,1.660170742365369,36.038099559268325
166,-2.0701830320118146,0.9927695586250435,-0.8730855879456993,-2.3419283477283392,-1.3077496078170274,18.474237889023517
167,0.42617756887552183,-2.8520041895631687,1.2688415680290168,2.280381332869375,-1.3584944358441815,45.73087933397612
168,2.3954748850465926,0.348532515107935,-0.08687234024467444,-2.1773384660971136,0.6425099534417056,58.82550229591811
169,2.7605411777178084,-1.0749732169253516,-0.034192838611752166,-0.9283235851821663,-1.4166183427786168,30.79626032985259
170,2.368753110346746,2.0449822271472904,2.6225588643332807,1.4087600477909432,1.7434630326823255,13.317453906390195
171,2.3391340803145804,0.565992629797915,-2.35250314512746,0.14475167316098947,-1.4054467120829826,39.037453584677614
172,1.6835408202637985,-2.4193500883010817,-1.5988609189780487,1.643766299752217,-1.062823084491915,49.817812032006245
173,-0.2514734029750425,-0.3573681832809733,-1.5502698706474778,2.5598776854342353,0.2565638546814738,24.034813237370543
174,1.4115130411024643,0.2806937368867687,2.509932224249017,0.98190590353743,-0.7829185130556388,43.51592165298528
175,0.6531796959738444,1.6743699259019225,2.673355790596894,1.4603458874750799,-2.5106951662783206,29.777639219724442
176,-1.5722906297116168,-1.6102448646641474,1.072393269028729,-2.0567384417462997,0.9805780047961781,21.228934042756364
177,2.745251229924744,-1.9298802056041413,-2.304883443312101,1.6145706982997385,1.5026788163438316,27.336548254093533
178,2.822304421619524,-1.6215980149149698,-2.022539241942269,0.09780192641728203,1.8780458335338568,33.40731198828395
179,-2.8586673301476773,-2.8901880456900355,-1.1942054961638584,2.438470171080138,-2.1991848921013206,40.06315477974776
180,0.7391490849224045,-1.2513309196353224,-0.649084491498682,-1.0842373669978842,0.8350780418285719,29.92310816795261
181,-2.5237347124117315,-0.5189749860549985,-2.205866171648079,0.9939930976472846,-1.2489555999480149,27.156100274878966
182,2.757507306213,-0.9589870325332255,-1.8009845791301262,0.29694856380645485,0.4205892118287857,47.94089976278015
183,-1.5772472736364809,2.6592292290836945,0.06778283270297658,-0.14605460992102515,-1.2022317576537718,31.67557985557145
184,-0.2366596361073071,-2.5359187341978586,0.9971204990266709,-0.31063254379007965,-0.10407869831557275,29.016380662922973
185,2.6091974318251228,0.508503970496124,1.188753681326048,0.41391127548530837,0.7391206360386342,52.54881805093434
186,2.5912394072618383,-2.0351229644580666,-0.13438803521556456,-1.351251494602282,1.8383681927642672,13.748095595170783
187,-1.391072016213169,1.4528898758038138,-2.5463299667005113,-2.4056570472876166,-2.4203333570892744,11.456546654419757
188,2.5083540263721726,-0.9131563041248151,2.170530609964745,2.4654966537211416,-1.6590683011243823,9.37170368039485
189,-2.8561487109448547,-2.596352235420729,2.124533035362567,-0.41151626654277457,-2.1647108207290864,46.639434398512215
190,-0.05739563754984204,0.8158303759519816,0.5713112394732597,-0.340150156911178,-0.04826466200928119,44.457755764371925
191,2.54445158806527,1.7346949299585543,0.8961215176619137,1.6266122895609438,-0.9934743729804201,6.330606235015887
192,1.3098147283023807,1.7496072524391117,-1.976485131743243,-0.9050135509858824,1.1471354397916007,48.15176022185486
193,-0.8243282390374564,-0.2639329786178497,1.8643444962000966,-0.19299555235273497,-2.508828547544333,51.59769441961811
194,2.5835658215324573,2.3875473686549036,2.435761048012121,0.822385787115139,-2.5674797948827193,57.93588153673697
195,0.489507589749728,1.7651262379859518,-0.2869486338845778,2.5245596057764152,1.080866357057773,32.22627713932045
196,-2.3537958199755273,-2.31008381357973,-0.6915779107412803,1.9919023171836416,-1.554912950861418,28.28143496987198
197,2.1981289202377514,-2.3285580070759866,-1.5103288859997501,0.37604326307290875,-1.220566914985612,33.94302052811302
198,-0.8207448097967989,2.8281045458972582,-0.7946632081873514,1.3323150022935233,1.950157904140541,32.86954756040541
199,-1.4593447829274835,-2.6758598875192425,-1.7217180852560918,1.4801271812277097,0.6498844949101086,49.080407343825186
200,1.3771495294678155,-2.4231498736775405,2.0801600454252416,0.39478691469163385,1.602773921916899,20.428466113813865
201,0.059621358373616484,1.4368746958410177,0.8549796513182919,1.2700807001133283,-0.9788805931276325,42.10046155860906
202,-0.5455858684357044,1.5333555884295096,-0.2101649704897813,2.2673112960885233,-0.315469408457066,10.96350240155158
203,1.413362232937641,-2.0251012897426777,-1.7616446360187026,-1.4946604917901718,-2.2460079135578783,29.829063575913644
204,0.6916518512641114,0.1377017409710044,1.6930585609993942,-0.6264813788184846,-1.844852714386922,47.83873097817007
205,-1.2660996886527116,-1.3973490984313839,2.008882151058622,0.8839124918602449,0.5365082280229186,45.163224099923866
206,1.9210052919252085,2.754589946757299,-2.6585548995306794,1.895317201788834,1.400168241255098,58.692058080370074
207,-0.1379312467582503,1.0803346100667408,-2.5874746661942782,-2.0509208882087315,0.08402472224598911,45.41073359740961
208,0.14302911422040998,1.2357683237730313,-1.8413812794445814,0.09051402024432507,-0.7942337790816837,54.40715374901955
209,0.5077781794979079,2.3283324329037667,-0.5423866340437158,-2.017701927339744,-1.5019305936456107,33.757695567161775
210,1.5894483125698748,-1.0507572769347298,0.6100638939763723,-2.4985296812301705,0.034538747061065855,43.47117681239865
211,-1.2166159098104157,2.370411675075893,0.29702033385143783,-0.17498724695097212,0.14484225843971013,10.390774427448854
212,0.955335120042179,-1.148917057162022,1.8081232054286043,-0.8894640143810181,2.4424509642710115,40.34188682859815
213,-2.848990207283888,-1.0918155404066796,1.1155455048567688,2.119673449448331,1.1560949793469246,54.28916972934838
214,-2.403024947805302,-1.85838050026787,2.5821166291724906,0.9167355284154571,2.175575578461568,55.77433237345997
215,0.3570921003191831,-0.3468657476626796,-0.9458791566368537,-1.6263144686455773,-1.5982670174236253,30.74845134155338
216,-1.9642955778835232,1.468857025681923,0.7574015654492776,1.5055517437492238,-2.4341783257916796,6.314475258304633
217,-0.8721261595395804,0.05907602700490244,2.782969660047243,2.419847910882975,-2.205520667451211,11.63936305052291
218,-1.4768507201015373,-0.4559163385863578,-2.695839862005566,0.5845656836958684,-0.36023607293814086,28.898316739970365
219,-2.867016043675772,-2.5304149161485308,1.6534936745267899,2.0349478185420775,2.568886827530365,19.055506371862947
220,2.0766224253716703,-1.116389618826309,0.1364837886576526,2.427155461269846,1.4216672743618985,25.679784802752355
221,1.8046860046933058,-0.442085949863142,-0.8286419219075468,0.9462576844898003,-0.3178214960580283,45.07210368126981
222,0.9596175197642451,1.0123384605907078,-1.091077489082208,-0.4591362602168853,-0.25708485478212795,21.036862399543104
223,-1.4487072145364237,1.9029480691582688,-0.32594817716393076,1.4795761305030644,0.3393946299466133,7.544328939926372
224,0.984667286695777,-2.739012283526169,-1.6816645941682533,1.4876563702024623,0.026328869066499543,12.281509311113423
225,1.5815232989415868,2.7097130838180186,2.7442261491977007,-2.3288827361429822,-1.1773271848956,12.304838090833638
226,-2.9849036392340342,-1.708144258630807,-1.9065150967510043,-0.44995400844581135,-1.2902501567480793,23.434953401514285
227,0.8187587594552799,-0.8433802221668554,-1.6439861701759508,1.4639703947755134,-1.9825887305897827,8.856059011789807
228,-2.9925258449386374,0.989904363328785,-0.3601499557617144,-1.4540901845312,-1.1101069086142292,42.920031079644524
229,-0.5297752177864988,1.6956445769895012,-0.17277744475719908,2.300294611522424,-0.7315066737016729,53.093109793428745
230,0.8772599348101824,1.5102129209755906,0.4346306127370815,0.0984664720505556,-1.3859950200581401,5.111513770021807
231,2.2015222705696296,-0.9596188153706808,1.4456403651226686,-1.6792223281152225,2.3261995614395774,58.33161536518304
232,-0.8141332521049729,2.6358556426022934,0.26023000431256127,0.7299025807759375,-1.2658948151606184,30.23249169309691
233,2.265630092499137,-1.0160840082648743,-0.7313283622457754,1.2674893994388132,-1.7128390685329558,53.001051144361405
234,-0.8894455951504834,0.5123026109378295,-1.2979005928093272,0.4819787271473913,1.005718946789078,33.3842565827074
235,0.4339982921297632,-2.016822020576034,0.3658733453553481,1.56204815365722,0.47598141048401116,52.39019452433254
236,-2.696197002234067,-2.886261734669439,1.0351780100789072,1.8744319314720919,2.337639528357542,57.56226875733415
237,-1.8121704556061748,-0.3287895984070451,1.417960565100554,-2.692608086752894,-2.4155293872974926,58.739781646548195
238,-1.9488030769555837,-0.41966021775439744,-1.474764702717357,2.453940031661829,0.9220825479145625,51.246876686525454
239,0.8980051137449576,2.8658297241899473,-0.608927782277438,0.20551848727025462,1.2521651775402673,26.168186697326508
240,1.3201733192595366,-1.3754637232058418,2.336740346859007,2.3484528690529816,1.335054151089544,12.320518034805586
241,1.2724007492510927,1.6601510551258916,0.4686069692357935,-1.3215588319411358,2.1723032238169897,21.837501185081116
242,-0.9583905283785009,-2.2035933257284213,-0.2486159353426421,1.3135933338799342,-0.7062175871141954,46.82330606534129
243,-2.6607160211190175,-0.5683371944727876,-0.48194712519808336,-2.336634312568138,-2.3132731336011694,23.119305895444246
244,-2.2697674957782596,0.8226686347372354,-1.2679607709822214,0.6050925063806349,0.6886822760970603,11.536119678997236
245,-1.2081173892983592,-2.3364773900771043,-0.5785875869091881,1.786751031219595,2.392090404982639,56.32949224949664
246,2.3058995617402895,2.808094972110578,0.10656678133839977,-1.9897012178700784,0.7037656975003918,7.820592643570841
247,-2.992159475496895,1.7529015876435152,0.7287122340502649,2.6673941354612256,1.793404588920159,56.39842406926914
248,-1.050223299135018,1.5444920411512002,-0.7641983309676637,-0.5039831276115482,-2.0262395327994205,59.632255974243144
249,-2.317940639727867,1.8746142202378446,1.386888736431388,0.41763142561752403,-1.7770245142484664,59.753571697591006
250,-0.29586048195973175,1.0234451110579432,-2.0934373555491503,0.4690680332060225,1.6875697312483902,6.220996589649613
251,-2.951587615491948,-0.6491170823562945,-2.1183008748465513,0.22651501454132433,-2.565387028257758,7.1737924160014055
252,-2.5675991450100786,1.2154109851442123,-2.143185936932476,-1.380059733260038,-0.41166486872300695,5.815247299730527
253,0.848985652581008,1.9497362744835238,1.365900670978149,0.8056268899467763,2.037474855062615,7.233046096609967
254,-2.441598189483704,-2.4273973417297845,0.16912765781911362,-0.10450191319387497,2.081048295871883,5.479660159209661
255,-2.7891092252479606,-1.5510711261309202,2.498783009394283,0.14946621776451935,-0.8471198332263472,5.806331224186323
256,-2.7355690837298594,2.7152524403761933,2.4758424015124967,-0.6838414727039963,-0.18853435801979038,54.452577263724116
257,-2.504752778664303,0.21735470449553712,-1.7893075731622903,-1.4951318650674716,-2.407997532611932,56.161388739225465
258,1.7293125010944426,-2.700296584104181,-1.8102422130438496,-1.9540911576794502,2.0007620114921933,6.098881933065181
259,1.1284497007957979,2.2301948647855965,0.9620694470781428,0.2557417446047363,-1.5843719522727835,5.099284401402597
260,-2.170614898733505,-0.7473680425442243,-1.4500016581645268,-0.12372174907094727,-1.665033955472237,59.21174064294864
261,2.854117944226717,-1.0417518444801612,-2.1630981358457384,2.1133259653108913,0.5082685525969649,50.914864824982
262,-2.7336156479273606,0.6347422515228527,1.5054416957920396,2.56741771740442,1.0163036918580333,59.60744727477216
263,-2.3717655177105366,1.2366988290845504,1.4786271652553469,1.5288605361651428,1.5681479508286125,59.92799255440624
264,-1.4497882599459977,2.35433582057753,0.9347235712347495,-1.2160145360708534,-1.994478114856687,6.109390982374853
265,-2.8884644742385848,-2.609979289895795,-0.5156732295331475,1.279992132690399,2.165197940806437,9.372796644126252
266,-2.611366839509254,-2.661883537934865,-1.5885481054960022,-0.7057580547470271,2.4711969570214567,58.8698797906884
267,1.5878740315165727,1.1510534640779981,-1.6057409057279934,-2.171562547895447,-2.0820294018411496,5.503684327834788
268,-2.6342120104160927,-0.7214094469222512,-2.508047369433166,1.586814433739514,-1.2409604543936232,37.95551045892388
269,-0.9242373063626019,2.5563732448359167,1.224923175618719,-0.6925548121273073,0.62346381146375,33.17326219625599
270,-0.943546583211524,1.89899403628312,2.2390398264505507,2.689174582705528,1.6445168339445173,59.22981616588155
271,0.4702050607670136,1.928817384746654,2.2680732303012827,-0.7266922046872791,-1.336088693597986,37.769682898290625
272,1.189286717627655,0.22732195556601067,2.3017899078111554,0.1952210497383763,1.4527449735835596,58.8355208145428
273,-2.821940470886623,1.151081608485894,0.5326756198465993,0.4442072453620529,-0.4894643837422499,26.76821106674968
274,-2.8065482468957623,0.9709238222622064,1.7762818089264234,1.98872729406586,0.3964413965700513,7.689423236490932
275,-2.727626845964288,0.6720502579056946,1.2000312115210372,1.3932545386274127,-2.395800680261697,6.102123517894053
276,2.996252158053909,2.5579937473745757,1.1805777841226461,-2.072732997247458,1.210470316372051,57.20317971508984
277,-2.668231900571942,2.6725901848547715,-1.8728717768524183,-2.1219528943357644,-1.1536759825814136,6.6018475456588686
278,-2.807520945567595,1.8514799491587355,-2.762307098573955,-0.17002329405970223,-2.139012630716814,13.444084719135212
279,-2.9929855412304947,0.8357147208907756,-0.09886253009384828,-1.1477063939691226,-2.464357036199785,5.164325479700147
280,-2.9464949659077675,-0.21737572054526416,-1.1561104496990864,-0.6803772064117073,-2.3752582709054404,11.22022567012224
281,2.920658292993945,-2.557518761166459,1.719412237663391,1.022301747306949,1.271341435564443,59.676766295564626
282,-1.3912445068347794,0.42438455762684557,-2.269469342807717,-2.234370706017486,-1.9968198985577175,10.765622683300487
283,-1.7229890188708445,1.688596114027226,-2.2924060488952334,0.0739881628411089,-0.937066253757087,56.33264178729427
284,-2.0082899564856076,1.5491160469229723,-2.243766877134367,-2.0391977324035078,-1.8183318136967621,7.8622745220159445
285,2.4914702189532556,-0.7721512156200374,-2.217432027781454,0.9425721936446952,2.5930980245934894,14.175085711889778
286,-2.977654933625597,1.2440321512533816,-2.315128986747292,-1.6900759611333578,-2.138504777753675,12.98130736056668
287,1.2516377768580604,-2.577052658007685,-2.3383688600475274,-2.1163979782178446,2.034962540128556,5.136540614082057
288,2.8814431368491107,-2.887924699339307,2.201597552068196,2.5710036705180666,1.2543235124183916,6.169791676424007
289,0.9082352770419966,-2.3821639099747522,0.8250830865865487,-2.65368883753835,2.0402922512678967,8.387940654141675
290,1.6126179359497987,0.40858001182498976,0.8440308307494101,-1.9975607551637848,1.9962961269635173,58.35916670907654
291,-1.5413553082922455,-2.7032886602046586,-2.7822985785165533,0.6627622554519353,0.6841743840762219,59.03926992728377
292,-0.9010117879051288,2.3981226020120254,-1.0562434393295093,-0.4937639494728133,0.689482015010436,7.131563427809849
293,0.02420673913521896,-2.5767509520901553,-1.0382724042423668,0.2728521735842783,-1.5058556372176757,5.593634013718493
294,-0.38518380922026213,2.0344564458206875,-2.068018172442927,-0.6370214083371577,2.461470480190417,6.077915047415139
295,2.572555737961797,-2.4904053634245145,0.7077666628900798,0.5174075677677098,-1.0625334648248117,5.1782453123848375
296,-2.094744364857763,-0.5797025692734739,-0.916051145766914,-2.125814876294864,2.433807484816771,7.907533937402459
297,-2.671639224644454,-2.31272668533959,2.6840817840969713,-0.3405762584363301,0.4589128524514682,52.7786221624857
298,-0.5420205544533532,2.3510811893718775,2.7083978230543866,-1.1011523271902943,2.443090992227325,59.93589209025095
299,1.684731094598422,0.5786074188495024,-0.12135981886071895,-2.4501886994767337,-2.383729027209394,59.182371890460615
300,2.0143746493117125,-2.8538549428975855,-2.7325158901609696,-2.4005337973202763,-2.377592825672544,5.648543390855271
301,0.6345594531755981,2.4608981182931293,-1.3661382943755849,0.5929118316827093,2.217383174139127,5.831891177264803
302,1.9924538026352157,-2.7021305738309866,-0.07914670476860057,1.495120304808981,1.4708544861434685,10.649756930354414
303,-1.3704122485095456,0.4760173134751733,0.18985756319723907,2.5150449286639653,1.5829821483104916,58.48152039834218
304,-2.9311735053597965,-1.653707472478876,2.609028945704486,-1.1521435085021978,-1.6232996231553773,11.276800592934075
305,1.3085023186146112,1.7492002487205562,2.5920193265432516,0.11194194790500825,0.02297336572203807,59.53395031335816
306,-2.253865671984581,1.1480005192217206,-1.4994710476070021,2.17317525923244,2.400119919024423,8.091205038040064
307,-0.17831318564083562,-2.118769190935004,-1.5187052305060422,-0.3166198662614407,1.7337293211626954,59.388461951219234
308,2.2336312625541987,-0.6798205016034142,-2.415867341138717,2.1849055221909284,0.2183816568430971,6.291976508477142
309,-1.6088896053315682,-2.267821207858003,-2.3979280714276463,0.07091588514765249,-1.4714793574130436,59.276212119172236
310,1.0532973871564686,-2.6511405254895033,-1.5355688745089748,-2.1202434691353154,2.553315352288639,5.837353648652574
311,1.6316563979562746,-2.598835305243454,-1.1280539905727622,1.5884278291796607,2.403773574503232,54.2110568496385
312,1.6563743097436525,1.0026113503431553,2.0004010605761344,-1.6615844773366664,1.8207653281482643,58.84603883715107
313,-1.478423502809036,2.2960162076471855,2.444730285055775,-2.334080651650878,1.3034357341568248,8.665425349604911
314,-0.0856498181524876,1.609695271040267,2.429886414111269,1.8246573999615814,-0.46273179755688854,57.8860117305679
315,-2.90626104519859,-1.8430605262397128,-2.619118945889647,2.027064049600125,2.297585042590339,5.538800422276473
316,-0.2908831497668863,-2.382667679170545,-0.6611940863160252,-1.56932827316468,-1.998315575576412,8.748729644771405
317,1.9839657898458172,0.5251374154397648,-0.679495233660014,0.15610977603538528,1.6778481741335756,57.04422139580771
318,-0.5065511916712352,-1.1256478991352858,-0.6388451089399325,0.5693946242231824,2.5111591476553845,58.063683052651555
319,-2.837557034688162,2.2463444732031324,1.6453778108092723,-1.2675056616928795,-1.8275422668901375,57.91982882807715
320,2.9110506905940574,0.5556863136344015,1.6290114106395177,2.213315570203715,1.3373597011337814,12.14988891686722
321,-2.1907138228808067,-0.0939746418513677,1.6581968894736194,0.6211174553306514,2.3244043088553084,6.492885188092635
322,2.9761000504779807,-2.3761914844275434,-2.484653779639422,1.077282589471014,0.7203887735025055,59.24921449690628
323,0.8243681242256152,-2.5809847179525276,2.5185298861479337,1.9757941237632326,-2.439571501090805,55.39654463186156
324,-1.5924036684251506,1.645553081408517,1.279099380278615,2.390337046864444,0.40850333873861,5.000652282799976
325,2.9167260694496786,2.418797296120147,1.2607309541729166,-0.1573692818753791,-1.9277833461511207,59.65941673306243
326,1.9131887393922526,-0.10419054516882391,1.5316145238825312,-0.008915098893306233,1.8362480880165977,5.771643465151898
327,0.46151091677748046,2.040032019037732,-1.1828747114863702,0.2651135492569397,1.055138029144117,6.19599316022223
328,-2.8569424878087784,-0.8007593250116521,1.5672492926867276,2.2998977755750016,2.5419775931539124,6.247631269950283
329,-1.1137874845187514,-0.045511913820781104,-1.3859022299153114,-1.6526462117916603,2.2966937634639,59.53404440454984
330,-1.3339169898424326,0.8497358048916813,-2.666785801020777,2.0736368838703183,-2.594219509510004,6.119823055944259
331,-1.874678622350969,0.5762116987894454,-2.652750267193166,-1.306343954067576,1.319808176123306,58.217760714712384
332,-2.2202233479558884,2.3013179399861157,-2.0139153884305006,2.628784821740803,1.4067890225731732,59.416012826419404
333,2.558072463122655,-0.013143359983542175,-2.0290003089614217,-1.7421281322502065,-2.162190622791192,7.915833762910445
334,-2.3914995595335835,-2.69114112425516,2.5515567917460604,1.742335356289891,-1.6484819098807666,59.67126470929969
335,-0.6545772279242189,1.8623363316696764,2.184967663727723,0.058122292787897774,2.2785648263526497,58.66410682635312
336,-1.0024386434987267,0.8089644389017185,-0.1461488418453483,2.4842554986240644,-0.13858648594414347,5.336150848168014
337,2.892790923827864,-1.0854128904353475,-0.16340592532556475,-1.3661181640343405,-0.24005553152835907,7.966053188674471
338,-0.9622276686393803,-1.5287568004613032,1.9836287008530418,-1.9069187399478604,-0.06535125313906295,59.71900440106195
339,-0.9094117414850047,1.1093977218003475,-1.236550471830481,-2.3937802312204917,2.2233635152280256,57.944936121645185
340,-2.965011498313406,-0.020569445456595614,-0.8205679815392848,-2.504297753588773,-2.56628924374625,19.637006940857955
341,2.305841161116585,0.04997905366852705,-0.8346137490810644,0.37981523581711957,2.354582813400892,56.4285833995654
342,2.023837808965854,0.5062070680195124,-0.8078418065307473,0.9808042742615042,2.5453756856006007,37.47913371739939
343,0.6454376005617607,-2.857769035393126,-1.9362396543986589,-2.1376374572709858,-1.4377465833587482,5.923447953244007
344,2.428759309283562,2.046234954704079,-0.0001969702761948465,-0.5834636575088529,0.01784852939415419,59.11806348436314
345,1.7996127250993184,1.5542392747146723,2.6649460658640844,-0.5999330786746296,0.8728173613922475,8.056132561387379
346,1.79415135885892,-1.7802785170833237,-0.18014303754371164,-2.215466714359708,-2.0510383432668404,59.61583773946459
347,2.5178054954157805,-2.3154956836329244,-2.4537739938168044,-1.5437375283942218,2.1429153371531635,9.5061575763864
348,1.244777124502924,-1.6170082858286914,1.152721858294438,-0.9104621275787896,-1.982665442716801,54.62892266970629
349,1.5360566610748578,1.2244100800727373,1.02707705812068,2.265027437141572,-2.1779925699472393,6.700793797760832
350,2.9606254457630587,2.574005237330362,1.0118093656915716,-1.5847589329731901,1.8885900200748513,54.16472473288467
351,-2.9907517899382285,0.15341049636197315,1.0415657691254512,-0.9975957888890896,1.1143040614661708,55.950984342820185
352,2.424789182283982,-1.1403525825987773,1.056024725339944,0.6251371711678089,1.6198220395961056,59.76901480959085
353,-2.0134130614998402,-0.9820547196552929,0.501972602733085,-2.3763181560805426,-0.9631737167684952,58.69099141587288
354,1.5107219643446097,-1.703171534051515,-1.3290163801859773,-1.77869882254426,2.512734452431243,6.7495556707169095
355,-1.6779360930328044,-2.2920445298450765,-0.019361689518889075,2.37219029632791,-1.5139996626636334,5.0423320513554994
356,2.2976866953005217,-1.4915342467755925,-1.9851610121430527,2.630805807115233,-2.380785118373176,58.41805375450123
357,1.9731291956176928,0.7790612895890002,0.5834295236519053,-1.3309555162968547,-2.238685392083329,6.717029282185263
358,-2.9954386265245234,-0.8050874327002707,-0.7391423237927978,-1.0637038105204693,1.1750067802185493,5.088940636356137
359,0.23719838721889708,2.088632167285146,-0.7259523031844705,-0.30381979027420375,-2.0929828349499617,59.26353136367108
360,-0.49769875985587897,2.3495165478508406,1.5926244733693926,1.3162408088084003,-2.29011671769749,57.60325687240808
361,-1.0871757576632548,-2.006098304870766,-1.564148054457639,-0.6168445672896034,1.9648890556866208,59.05870049257095
362,-1.648145847607353,-1.0825392409089334,2.5734642723037315,-0.6630251279350668,-2.1838985018483736,10.73641562264397
363,2.9820525647744516,2.8345654169121826,0.4005103183552281,2.67045388445844,-1.6115149185844742,54.7325414157761
364,0.22391066116619238,-1.9773462067069159,1.7431422727899786,1.9422445826147992,-1.5457747621468656,59.09142091850773
365,-1.4065103344148422,1.9783982734466539,-1.851970698290361,1.5623025054548323,1.3177136679842518,5.717414664036224
366,2.6195654958273806,2.678635177708484,-1.831783011069104,-2.021499227849964,2.4802452791443783,7.923759835188898
367,2.7629488641735636,-2.213823364501048,-0.6010519847673554,-1.4455099064601977,0.19000022160125812,58.505718408096854
368,-0.8604588318797168,0.8231427742420228,-0.6160542054384743,-2.58606707789846,-1.0539658844430022,57.821994448957845
369,-1.6895048829008672,-0.3465933974652646,0.22618580128326027,-1.488904909078583,0.9168090154714854,59.25195631097548
370,2.3415404604173524,2.0318047422821714,-2.197616308336588,0.1973543758466454,-2.55010299111149,55.379340797723444
371,-2.84702900813976,1.9236860854820725,0.9845061562953151,1.7455104471115863,-1.8245505897978531,9.035447573861932
372,0.6915390452613571,-2.3304515393400083,-2.3630928957718673,-2.5633336449868502,2.437553152455033,6.459844891333259
373,2.214195259738528,-0.021563494671431906,0.7929509479425757,0.9897043706448335,2.356757673942715,11.723086796368126
374,0.032975070560134205,0.41926544318869735,-0.9791720291658786,1.2202551889262527,2.5814200500758426,56.00426590158627
375,-2.5510531804191614,-2.39419506004321,2.6331038345014908,1.7291671099699393,-1.122978316502865,57.556849051043166
376,2.473010466284811,0.62096008490661,0.8642866937616964,0.9321549233284582,1.7138730917814655,52.392081932548784
377,1.3990062964088792,1.216419950616241,0.9694735687055449,1.1039842673389832,2.4450260117313154,53.00209116068672
378,-1.0528652117623234,-0.721150617843163,0.5597850171300244,-0.8190728329267767,1.2756023052970074,5.4755886305078185
379,2.6360050532583306,-0.6499679182633016,1.1077086344637705,-2.5231820204912894,0.7071847118064574,11.77209501784002
380,1.3486373002333647,-0.8302370419174198,0.46146307078387044,1.6675796695659078,-2.2137394846864864,58.89745174811838
381,0.27299401776427196,2.650927733541437,-0.45223449366874935,1.5206520828520416,1.906664655482454,58.50062290899154
382,-2.696962082809787,-1.5049912621382013,-0.29809755909006425,0.6353483597021745,-1.8957315970265574,56.29776209201335
383,-2.5174927878895064,1.2065025840867112,0.09886062477562906,-1.27047897428137,2.5726309211263643,58.881174365146606
384,2.9680719173751005,1.8500307488907146,0.11229205589000989,-1.115705003217577,-1.1888969454255522,7.1378033313392315
385,-2.8148649793671963,-1.1849843513830085,0.08345024322187816,2.6004764487088337,-2.2937930277356258,5.2158833377036915
386,0.8569575303652025,1.4186131067931065,1.8976562513129245,1.5678568642495658,-0.856429256661789,57.06699696379086
387,2.539796932087311,-1.8786571055234207,2.3984180220878435,-1.9046757624351134,-2.257729762073255,57.09171575363486
388,-2.2301190637421593,-2.040838248746058,-0.7008613845021979,0.8180749829079402,2.1992617453647836,58.99184112837479
389,1.015686176922649,0.7659772404568584,2.2603653598879,0.5277953677877516,1.8117664341069677,58.23478012661548
390,-2.992245210282244,2.1113368777268304,1.702476667457054,-0.9926013306421969,2.525658002552352,46.77708373482525
391,2.9618418016572066,2.4237347157242266,1.7136476281125672,-0.2892029546435112,-0.023771548814364114,6.269262991583733
392,2.672372805071739,2.3105766350868784,-1.2034949361757388,-0.1849237157442469,1.8849123411059865,58.87642088638782
393,2.6571602910900785,-1.0454032382374392,-0.8575466990679721,1.920442890826557,0.6118668421006662,58.52928957655568
394,2.007917100352021,-0.26630744080371227,-1.4168144836900416,0.8211798488362679,0.30737806760387804,59.98208576772818
395,-2.579318107085011,1.9844916999948505,0.3322419931654268,2.055928932441377,-2.178344232273491,6.460810386621691
396,-2.0671529516166656,2.4175441630425123,-0.39368161445146593,1.422230865932745,2.5056168515390405,9.747787965671094
397,-1.3951176722154568,-1.640519283097183,-0.42097617614078464,0.18492659306073916,2.483177805355899,5.296982820697706
398,-2.81946146935845,1.7172721237314814,0.12632357135862463,2.276647602367663,1.1622224034930493,54.649910792767045
399,-1.0505697907590736,-2.319843612982299,-1.7744638564921416,0.8791448905823197,2.3968780555211664,58.22894237027907
400,-2.923028553980328,-0.2640656490360722,-1.0032666272394906,-0.06495352594794775,2.436348081180062,8.827182734807213
401,0.4732058506915041,-1.4732729919242622,-1.9689231316728741,-0.14560901933507284,-1.9463385042501344,6.107644566947791
402,-2.5281360152411345,1.4831854515498497,0.44272815227251744,-1.9635203068804332,-1.2666850025497123,58.965808637449506
403,2.4685006440477077,-2.325555111125536,0.4288211356787606,2.1716336411699584,-1.6370187789858623,5.080150925236699
404,2.34850099560461,-1.4361940915240503,1.1215764417449308,2.4760878145068266,-1.7263046773778299,7.9253881217152236
405,-0.25877732869976333,-2.479463996060538,-0.7824381807340475,-1.144545798252621,-2.445505977036151,7.079409350301599
406,1.561069905883681,-0.23042028389197092,1.3060286046965528,1.9438817459495077,-2.1589271079159893,6.223633046890135
407,-2.9876764841922734,0.7088444835659853,0.14579671564110153,-1.0472219393655327,1.4619401586443852,7.0478309036411915
408,0.31536592220304693,-2.7475293283330458,1.3347488562079346,-0.8462506143751412,-1.3263572261478993,6.884428782214171
409,-1.376107159920698,2.5489400721379885,0.9082664980133245,-2.0487379667648855,-1.2745270983006893,57.42278638618505
410,1.7126281168791775,0.5253580398744807,1.956073031488804,-0.8314498626791376,-1.9046821792251538,5.5001792767014575
411,0.15187756086774892,1.7563793172566025,-0.1977790928069613,1.960121494820609,-2.337280670258714,59.15473528462045
412,2.4944289148031418,-1.9549351394862828,0.645192685884384,-0.6438792375409679,-1.7480137126857185,56.53009018304336
413,1.3086333740914269,0.2646180393421206,1.686075337269707,-1.7224284037964872,-2.284793529823984,9.291944418839398
414,-2.5051091760925623,-2.5485799454011975,0.8848125446810478,2.0473365702565665,-0.36510984526154194,58.814778449936135
415,-2.684111252223681,1.9951818840758766,-0.2550625609271846,-0.014374604751620671,0.899422094842215,11.291260428466972
416,-2.7518405575598845,-2.446561081627831,-0.24421694087292056,0.4387407570632698,-1.3785691518903949,57.12951227651819
417,1.4018815083421048,1.2907150963140497,-0.2757982383892606,-2.5524769931688174,-2.1398465614530084,58.77745760754152
418,-0.07544522638049628,-2.748649354648575,2.3698404849174857,-0.38416025859139824,1.1050628474512512,59.87724004254345
419,1.331734067097804,-0.960778667152719,-1.4859886579829886,-1.5638067737535981,-1.3498307914256409,6.464256401853018
420,0.12698826670109126,2.248341878071416,-2.68587881069169,-0.8587545349321234,-2.210702130750281,5.261282621976696
421,-0.8324350090726077,1.0700129958252398,-0.531245465414848,2.5375055549626073,-2.4607168129625263,11.235165832784475
422,2.0612741572148243,-0.09030628499626954,0.6738915577150472,-1.6892065697684653,-0.1767464366304273,58.34787956655087
423,0.07995900942423886,-1.3918630321665866,1.7247441660212335,1.9993998466603957,-1.935232767879832,57.06313439610543
424,-0.9632350277307887,0.7043661502066841,-2.5984364161226523,1.8663581930501967,-2.084955369727054,7.763321119423571
425,-2.7422907024711023,1.319446785217523,-2.5766552504724207,-2.0905861452402084,1.4357163737592438,59.43552397734079
426,2.2345998123507895,0.06233987921528315,-2.5619786228317687,-2.5313908033002694,1.227914641859754,5.909307797183678
427,2.6054701198519092,0.06709643404082952,-0.7533833610526021,-0.5834568335622708,0.8899833841078139,5.393729272342775
428,1.9683162911812129,0.20149106030679567,-2.125925607020208,0.010212732606319774,2.560449083381192,56.5336384728889
429,0.30267719747266664,0.48690479210692483,1.7967121430864388,0.6466640043802313,-2.5518215979404526,54.03701837533151
430,1.526657575847841,2.26692158095924,0.9547339253063714,2.186543993503429,2.208503085125542,59.62107245247165
431,-1.4617013662875722,1.8120261479128503,-1.121817945567475,1.1123655018728018,-2.2867811801458697,8.9301700667501
432,-0.05156159169389782,-0.12623374084561315,2.7364218946091197,1.0968201148855687,1.9749320797612615,58.55705170641674
433,-1.2201434658468873,2.470271747297472,-1.7331868076909485,1.5868148082524502,-2.04798677194205,8.961281702205435
434,-1.6637405635048306,1.4063417050409945,0.7452704093300558,-1.479206125962104,0.6817628881396575,59.686252910206235
435,2.565214234739275,-0.21331540686224446,-0.8876127292862817,-2.067912820184373,1.5334484907473158,59.500353462243616
436,-2.8804963483905484,2.7399196031699438,-0.046358018131870356,0.725129896209654,2.019875857008091,9.266721553382805
437,1.6361234534837328,-0.41476349422491343,2.55688904978971,1.3962409797412902,-2.1070169998087867,5.392539507763692
438,-0.2453587242190736,0.45748019570169796,2.5465732835815,1.7519686972635344,0.9415710663777466,56.51797861790953
439,-2.339673874630843,-0.5260751065489264,0.029479814071781216,-1.3778675140902583,-2.5448493725978345,58.801082251049394
440,-1.7826154329463317,-1.508104601799205,-2.502289298874961,-0.8707618760721932,2.543966232911818,57.865875777589565
441,0.10878999513194104,-1.6900676377707438,-2.512393258985091,0.8397147613420403,-1.6073154814185504,7.3848359282455815
442,-1.0212974292247332,2.231310615545821,-2.4909953152228956,-2.1634324569553893,-2.0086213421911556,13.946080117280674
443,-1.9745136605603852,-1.1597347349784062,-2.480263835527752,2.4644620824366217,1.3927645467300303,59.30711759699293
444,0.18410417238082954,1.0459773109035568,2.04448626170983,-2.0595662142135276,1.4817956279517186,56.02837467184344
445,2.5050653349615537,-2.8643739389616796,1.9269820998665113,2.354081544610369,-2.283532292981694,57.27057564889411
446,-0.3508078391689292,1.9387665482592287,2.0724354844687674,0.9277639071265699,-0.0590294603867478,59.870057679024384
447,-0.2702837939589877,2.6115536189399164,2.0874477764615635,-1.676664860720997,-1.1752802039533237,58.86816002533209
448,2.5690366934674747,-2.2981959117464146,2.0157909036293913,-2.222292852848192,1.4241140548907856,6.939644708814136
449,-2.1301790828185996,-2.738989853836258,2.135670376010546,-1.6865362437430473,-0.9681447087045602,6.228802480344459
450,-2.41443752862904,2.2915512879721516,1.875715695113239,-1.0372237898395587,-1.1103518217104245,59.962449424811496
451,2.4985159534647514,-1.7139638310233194,1.085965398714182,0.17138566089673923,1.8058522557386543,57.428136815369434
452,-1.6794228116015537,-2.354876228788172,1.254162765319721,-0.11049504242110349,-0.3603015031751156,5.179366554569842
453,2.661123682490556,0.6290253133558213,0.47493171919361654,-1.458982966575377,-1.967554081228609,57.01576870896033
454,-1.2921732965226653,1.486650423708939,-0.9343327979814402,1.38138318493596,-2.1154468053676463,6.953798422611719
455,-0.11481102467531364,-1.594586243771168,-0.6853546243165467,1.6683036148857857,-1.0259142446555083,5.4719178071990076
456,-2.694275003356462,0.5934241809469253,-0.6757641087221122,2.34017788729044,1.8345680570554663,5.2416146550760985
457,2.6739220954520864,-2.181758633902403,-2.1772032594883584,0.586609856881668,-2.4819006946945015,17.381420782597637
458,-2.1583967377180975,1.937723917868753,1.2182733951959719,-1.671206063213817,2.5446677511195603,58.45448542077943
459,0.6865312132897206,-0.5957613342337531,1.3916416235201465,2.2970016293907705,-0.9750531727965857,28.007197752813187
460,-2.0204697298996876,1.185219574579334,-1.0958579996145001,-0.6999544551820982,0.21685234882441407,8.679179984921749
461,0.18790810756937582,-2.471965352255792,2.754223844723743,1.2856172213830992,-0.21375633715290165,33.00431409444961
462,-1.3536983458713947,0.7562618700282369,1.5104405441084596,-2.4039218957143826,0.8409188705480086,9.976117386811776
463,-2.2909804925704758,-2.086304935605529,1.2721465877629372,-1.803415972943623,0.18339749371364666,26.95207754535539
464,2.5652362038483285,-2.815720367466707,1.2655425905492967,-2.2611074978014596,-0.8784816811053094,55.765624056234394
465,-1.2923964102709766,-1.160546573341497,-2.1718867732012397,-2.085372022392482,-2.1643996409015167,9.191740763820281
466,2.269690159891253,-2.192108449001458,2.113498257640696,-1.628524166502903,2.417686880129706,42.69444821200963
467,-2.7273293179625964,-2.174472271397733,2.1588319625616172,-0.21406594368769682,-1.9211283350064925,54.24257599234274
468,-1.9877593403249847,-1.9449264795345853,0.37236568159027894,1.3590165416763047,-2.5081241439178705,6.427179955201978
469,2.062169897253912,-1.6224905932136091,0.35969748426825604,-2.177629043764579,-1.37280559728812,5.942823683918749
470,1.89062907403311,2.4486902060801485,0.05620363293413935,1.0390749238335741,2.325964437028193,58.60911429209307
471,-2.636089869189332,-0.21065314452542508,-2.534322502556897,1.2302882254162093,2.4307174252767356,9.145768793554538
472,1.2861555347763978,1.0587963056651193,-1.357598052529967,2.3891256456828827,-2.0628872837662575,58.46197054295785
473,-0.9096095676121292,1.2066128420556625,-1.083055818121864,-0.7033975431832356,2.592976684402195,56.72449490151848
474,1.5198285619491143,-1.9792832356548582,1.8538428267653873,0.1080078213942226,2.0110324403518187,12.378781607517396
475,-1.0231643201736653,0.2831497818140934,0.5990586678738821,2.4930751014987984,-1.1262323845392903,5.3835088085366545
476,1.2960747854785242,-0.35963752408111177,2.5245926089456017,-1.5172250264969294,1.7943952123958828,8.06960825159537
477,-0.6219330820351461,0.4962655192551035,-1.029974483649929,-0.4961647998686532,-0.6665410946581058,59.04833318931856
478,1.5971464196742697,2.5696899111576075,-1.7115149641629384,-2.2951531877228355,-1.6194759171644748,9.62239095671743
479,0.8482909036004098,-2.2493140352971697,1.3580184549888683,-0.5293967618975753,-1.4238801174193607,56.06748550152932
480,-2.4345247939360335,-1.136249164071147,-1.7503477666895255,-0.18679533158091255,1.7504105350339367,6.355955459052552
481,-0.24174983912390544,-1.5873524748770658,-0.5525793057520811,2.215060830057224,1.3747820639227286,56.157996436846865
482,2.9840052499068777,-1.103297610840708,-2.7047803544395803,-1.6917082620247614,1.6733743268087438,15.118864005288387
483,2.0578655301139204,0.09661100165227433,2.7934833458858486,-0.472793725253788,-2.226243973114745,9.962306043449797
484,-0.8803664216546031,-0.35356954154444153,1.4066815794258598,0.7804994965678923,-2.534367537042465,58.94455055206842
485,-1.5605511281281554,2.046022346367031,1.1745644628954444,2.1930196904751673,0.8500508720876784,5.240493993418259
486,1.6522259655134475,2.464278025844117,-1.689961913456791,1.7902742123273612,-1.5769661100720809,59.68761368987503
487,2.8850798936011026,1.8577537581224912,-2.389194016219356,0.4100932780766313,-2.468795818638252,5.8662667841950995
488,-2.096807232252898,-1.8925402220807481,-0.33626096036411207,-0.8279170616132985,2.2529442290326367,55.598090861995246
489,-2.715795624978133,-2.761583471191526,-0.34892860381936924,0.01330643557517883,-1.751069310859106,55.81963301593818
490,0.22471794590644564,0.10459690362213518,0.7002210666524387,-0.6639555395256459,-2.2173765458183423,59.07226637107748
491,-1.5318411103245682,0.9922005369257035,0.26929814284551334,-0.006654141440833813,2.29945198011559,10.275443031977122
492,-0.23728653424255478,-2.7319304235800126,0.2860987131850252,-2.11350735217585,-1.5044075651101216,5.247180173755985
493,2.8390612459492197,-2.4999752746270447,-0.3156640446956059,1.6156523937541702,0.5851125196793072,57.693493788307194
494,1.2846761125226893,2.628144336565731,1.4358436595710171,2.23992113752881,2.2192212033178667,5.128218034927584
495,-2.3089436423993037,-1.1369053286499853,-1.133339446456718,1.7948465405743115,-0.12289860185606707,8.92357744409177
496,1.321612571144511,0.003274534984334469,-0.5877094288555285,1.7097218494413604,-2.3586385219898167,6.073974669522462
497,0.928200454875209,1.004807956913301,1.0059216340596022,0.6434330127289878,-1.910084408460572,7.88390559007521
498,0.42310910840731814,1.069275411930998,-1.9166153362893887,-0.22184533251795027,1.7064056157732146,55.50370596653375
499,0.49670891035273795,-2.543816969397644,-2.058676411885979,1.2546758611430562,-0.3647202803430935,58.99618077343675
500,2.4918261193226185,2.702642600318179,-1.4408363080694355,-1.6317361294172819,1.8602559062057205,53.72567348722979
501,2.6340625862003066,1.2761598811291235,1.7486530688835085,0.07410376207533742,1.2628088255739887,6.637878278313253
502,-2.480034558645802,0.1064796483938553,-2.0847289696601536,-2.194228523825672,-2.183261077522689,56.19465694712287
503,-2.5959295971878427,-1.5752096808489284,-2.1015341575959914,1.389245505646574,-2.5025346323850997,7.249164394922293
504,-2.3489248345584848,0.8245215973565954,-1.6737861534588632,-1.1120120770369328,0.8717495437189705,56.56607211659486
505,-0.0258070608436127,-0.6427823019059333,1.1842131857807214,-0.7353474067739192,-0.06415902101544536,7.933944394419564
506,-1.8565723394485114,-1.2387561018467212,-1.288163424057305,1.7003440757327968,-1.4468460732915576,57.88294431570561
507,-2.891108107999932,-1.2795936634568166,-1.4649534602243823,2.020368563033001,-0.9289128513812727,5.1790712806634565
508,2.565159881853363,-0.301469980777547,1.6191072571593617,-0.9572985836360131,-1.3839143224420665,59.01853547359079
509,-1.611202835005852,2.084639417920851,1.4555317867129185,-1.0629912489199713,-1.969430414863141,58.99014183224024
510,2.7582420982534743,0.31325751171633837,-1.8965768205090217,0.6920596532929921,-2.2405095187076887,59.352938203641784
511,2.2832521607548086,-2.1342306639698077,2.2746767399756207,1.4830573612006297,0.8876665878052878,7.032081659044724
512,-1.0729516504801513,-2.624512616515671,2.2952960284812276,-1.4010902783111363,2.3608713727640267,6.088035298264343
513,1.119055881052228,1.5341285241770748,2.3073143749928606,-2.3172068446275422,-2.4916584712792815,6.497462554526829
514,2.5460433512518206,-0.16884115818678688,-2.1117572707126855,-2.494819173648555,2.365735943662625,5.093373246312634
515,1.1414381627042078,2.431870574504905,-0.6687123150747563,0.09325768407191556,0.480483297883328,57.58595201487749
516,1.8203188019821241,1.656563700533802,2.638337769187039,-1.056274146239338,-0.7861396443695804,5.088864141889266
517,2.6408002442216345,2.552293755250813,-1.652139964341233,-1.7312792207255236,2.5851851550223697,5.469793486532626
518,2.474674875516969,1.95713058563984,-1.636136457364896,0.5985289767609471,2.033875531234571,58.01092412092737
519,-0.6160323639761534,2.6891056158921054,0.16045352504181706,-2.551342146524879,0.09219844095680133,58.142874916407145
520,-2.814432604989908,-2.2420995722468393,2.586927372895575,2.1426147099378476,-1.2652991929136643,9.524089186488558
521,0.27088868885738643,-2.887935795480342,1.5596442226957798,0.6889224422478233,0.26470374821068765,55.97570791901369
522,-1.4598154948061426,-0.9714956025268946,1.5390739806868112,-0.444507689308928,-0.18662841588917278,59.54235698920195
523,-1.8514707543554765,2.063722596776003,0.25236312788890003,2.5483175833321097,1.602389400568135,59.74101950762213
524,-1.4569278046570053,0.22211891032514397,1.2585795527110084,-0.9211618872468863,-1.4463433407413295,57.034125805528234
525,0.6818166118660609,-2.3850989906531272,-0.22001520682723305,1.9873744082053058,2.596587789967034,54.908010508074376
526,-0.7144134901282525,0.47458560496006175,1.0620733919471674,-0.25072799556111386,-2.1624823496952144,6.676429548468282
527,-2.361885089833848,2.093536429054565,-0.8629090958347435,1.1196035555404322,2.3522308728120995,7.913810136916246
528,-0.15314475150216203,2.861428992752088,-0.8537603359454807,1.705911817618546,0.5548324994493408,56.22974217184115
529,1.7364027707852714,0.5974950985020225,1.817656470260962,1.8199329468428456,-2.2826450733544354,58.83420052553838
530,-2.4387285352012746,1.1363149063333926,-0.9557562538801735,-1.7849358427956608,0.08344064917704214,57.18807837556199
531,-1.310402493990291,2.3085206671557708,2.4652480878096545,2.5716947532202505,-2.467249790518827,6.173896561644472
532,-2.5769856363944834,-1.6361226642676363,1.9031085438823252,2.017532952895546,1.305088597431064,7.709047253521718
533,2.3699362361904113,1.489081110120789,-0.07114432265255861,-0.8996504033140694,-1.2554755919804617,59.5209450034175
534,-2.1743318924252044,-0.968897877652561,0.39424161916205563,1.6547144336069302,-0.18358667540338128,6.913689403901819
535,-2.7329512205933715,1.1272127874202071,0.4063351063883792,-2.471425573078828,2.3954589847685623,58.25329578979731
536,-1.6354846060807804,-2.507783350911658,1.8931852672288814,-1.1778365488615266,-0.9841650369475714,59.19817905987127
537,0.41428043572153855,-0.7323906665729751,-2.4255791848045356,-0.1790586072479855,-0.6077822840313734,59.70250559709837
538,1.6168069483550351,-2.2327059772494304,0.30679776348373056,1.5674324562018673,-2.5726448853567487,55.88493999612923
539,-2.6111157984269084,-2.876724892342672,0.61977985367621,-1.6408584236073072,-1.3573305837677576,7.753611360507936
540,-1.19133034606529,0.494107403592347,-1.208766726881184,1.6805780838337057,-2.034453256862674,10.102030543862366
541,0.9140376940134318,-2.5814773349759372,2.2115674971389616,-1.4256469755263876,1.7077573565810367,59.27772473249496
542,-2.91147259445144,0.05152379085128622,0.006451354388693583,2.0329024761979104,-2.1512376749948707,11.104326471706532
543,-2.803153578965441,0.5055481211858833,2.717372486927767,-0.9436146094136721,-1.7727723611055597,10.262623416241267
544,-2.3941872293223594,2.180192463300585,-0.8399092427595081,-2.1018118890217403,-2.115952185910471,7.3691754419872
545,-2.595045216972973,-0.3984707234631029,-1.8179551693894205,-2.102192167452555,-2.1203786255302157,54.11565234845356
546,-2.947787494326423,1.2443353384683695,-0.5699794077301688,2.3566762868617244,0.14115154860181936,59.714678098407106
547,-0.6232137992795048,-2.275120731636347,-1.307243747359951,2.650376001551596,2.2254611576229437,58.696793142502166
548,-1.254749259333212,-2.1194058941471563,2.6585738875706357,1.979377099741407,2.0508624949115837,52.23846873467133
549,-1.7051474155741932,2.2037851000153994,2.773391476373713,1.8025730320155964,0.9689496116468499,59.003720442611
550,-1.4376539026727866,1.2814995967941576,-0.7721813307792312,-2.06782301921441,-0.8365479740868441,5.369362887591209
551,-1.3233492283907045,2.7974394869957977,2.248223740840106,-0.4511147596254367,-2.5023201272972204,10.098013856206759
552,0.03864168401288431,1.2636935134643312,2.5144256720992932,-0.9688252367482059,1.5997048854929428,6.386237010567661
553,2.71394277090728,-1.828134745474979,2.505441884032756,1.0500762460288164,0.8929992529989542,57.56871739837832
554,2.2966542117580286,2.7175683668685386,-2.7543882579509296,-2.617892997787699,-0.6287738424464698,10.356838243104123
555,1.8481890724352446,0.4422643702884006,2.7498411473023787,2.1839291058491797,1.7027163005384565,57.55876589089481
556,0.6002094120799305,-0.6962353946610164,-2.345715323531955,2.676663332904162,2.5155108350231377,57.179013169356864
557,0.05858521484553124,2.1556089535519636,-0.8318674521472259,-0.3693731246007713,1.8123097971959627,7.17402241287272
558,2.8947343878668743,2.678932697716829,1.7384607065382716,0.14210672773920935,-2.099885158213001,12.215263196231021
559,2.8216387614418457,0.697966943010227,-1.277418999200473,2.65913252748558,0.8145134444755666,58.59172726623536
560,1.7521608683415815,-2.5499974344197085,2.0049333672949645,1.3890651360726245,-0.36597263903497634,6.0523626390972645
561,-2.8881351434105196,-0.26852927483238,1.9962983813065815,1.7381820182390708,1.7939991871180772,58.206480423054984
562,0.46421457709928987,-0.12452660322281132,1.2501028267199639,-0.958482786814403,1.8106263102408184,7.790334502444706
563,-0.459019630668604,1.1633697237149245,0.1765919057238544,-2.073801181076655,1.8044640314697313,59.97000625654592
564,0.9406371570430996,-2.151884203786475,-1.3718893020236234,1.9774105316631223,-2.4008129252447534,59.27827859133922
565,2.441273620733819,-1.7115129661343196,0.1993501018649004,2.533506457691723,-2.267254860777229,5.34016346299547
566,0.11556041567756735,-1.9932280122438473,2.595347545038636,0.083846271838653,-0.12394253914505798,15.962864247009257
567,-2.15706521135276,0.8318102706954553,2.492123908250715,1.633239168246149,2.054155713870854,58.424692512539345
568,-2.6871620134192664,1.323774868456173,1.497374795913291,-1.6093765483324018,1.5484508607406484,5.507443437771347
569,1.849715975096152,-1.7120131647175871,-2.299852694370932,-1.00279002288087,-0.42529293809968943,10.909785388464273
570,-2.8680582164540294,-1.63417150789697,-1.4117327120273906,-2.695834070493191,2.074885839882962,7.549146903750262
571,0.02605902790266996,0.7273617237375327,-1.4208440423368431,2.131056067647625,-0.009836862973489275,59.6416566832899
572,0.5933844990971316,-1.0422838117441602,0.849210479481332,-2.669322842486121,2.385859600615371,6.993427886422489
573,-0.7733863860217469,-2.464820907083035,0.8597260498996732,0.39800509392216127,-2.2805628011762393,9.37277795650935
574,-0.9300589390817531,2.0633533223046774,-0.00526484491162463,-2.481774357058982,2.1233683630722107,6.129686139871144
575,-2.9527347194708753,-0.4452540083475508,-0.882760215238679,-1.3548271779069974,-1.4299954677219344,12.014639711322289
576,2.319673266286827,1.9806863795681775,-0.8911226768843172,2.439479197759179,2.5121594958865776,55.98257944057526
577,-2.484687050419156,-2.2265485292730123,0.8403574754320262,-2.3369389764918775,-2.4946774004370678,57.50424882177643
578,2.4452823781217954,-0.9181264197265903,0.8332506925279993,-0.561546580474659,-0.5736374517650217,8.491281187101826
579,-2.4921613976093413,2.485350948182664,-2.446185232122797,1.3873113533211834,-0.3989508737149426,58.28434267414298
580,-1.9319238663320795,0.6662300902417811,-1.9905721217351837,-2.4066464057973858,1.2844975394364133,6.424145999761687
581,0.11493394424160058,-0.6718074770999277,-1.9811960594521831,-0.4512729264829913,-2.0980767626823495,10.742073273672295
582,0.32152403111022326,0.2944436010608696,0.8156531108869289,1.2295253948275502,-2.116633920206826,6.656647359095558
583,1.6517374217831464,-1.9434094310319154,-0.4461622394402496,0.22349082933879652,-2.583912864107653,10.065994610793128
584,2.520652396274701,-2.2793290668466653,2.628862678715454,-0.32906145156395755,2.212902518939727,11.860744497751321
585,-0.5372832214887411,2.6079419484991835,-2.369081569456937,-1.5327187325186038,-2.590661914741237,59.17709793271329
586,-1.0695889536497012,-2.313763571577189,-2.3584445890789194,-0.8800925065344739,-1.2726639298091456,9.682052969322964
587,0.2048952259174117,-1.3051968219335894,-1.6155768473942536,0.8182418206275734,2.553546368173262,56.98806683754636
588,0.5769921426164567,-2.8580145932751253,0.7669569590166562,-1.5890728271559886,2.473173512201733,56.28926440764434
589,2.3955395679100873,1.294195537392589,-0.5072827854755294,-1.9011905850496316,-1.812877854344647,51.690126646355395
590,0.7252686721900721,-2.526184701690515,-1.1471429804911661,-1.7790537600746654,-0.23748268689342175,54.947027214941215
591,-1.9681507735856911,-1.8467306077253043,1.9506145525717697,1.6522777915314621,-2.2682297355188625,58.37544749817836
592,-1.0406485374161503,-2.3631253664844913,1.5739023794569802,1.336919385788137,0.6688390338078574,59.4289400338023
593,1.167483777454734,1.365618888858696,2.422966755467567,-0.27826392933406774,-2.157435631789355,5.324286787756637
594,-2.148494493110725,-1.5446799469981354,-2.556055949579223,-0.21983885936254427,-1.2898328700615342,58.065304578888416
595,-2.7960586943515238,2.3515433566987625,-2.07478413309829,-1.3456640391766856,-0.577406886103053,56.90746642722726
596,-0.9136292385430901,-2.7120552169720566,1.7856663508845225,1.3368926578521731,-2.4258559738754535,58.74628023082183
597,-2.9515859069827823,1.0442694176946747,-2.628982280833575,-0.07258425621644825,-2.449277377155174,52.438127624503814
598,-2.466815067016919,-0.46791610599334266,0.8687175732276095,2.327892086437776,-2.5799494747325986,59.76925825892554
599,0.2872179155706879,1.3337120320959255,2.4841666767065353,1.1770056193462213,-1.6239194954009093,6.2610331804722525
600,2.4447486642428653,2.2244370330148695,-2.7688337850906675,1.9457136972423517,1.9652126573247668,58.815589233674096
601,2.385324969928676,-1.0532795167380011,-1.1994572952975957,-1.3009232006148117,1.3697789916731258,5.159008740100959
602,0.6835394643119761,0.3952809745763699,-1.1885987389932438,-2.0915979858395164,0.7741211672618554,57.34265905031466
603,2.161216973681034,1.1564855890913261,0.5881919872284582,0.7043536583191823,1.8185194698155256,57.271351077393184
604,2.5866872720540375,-1.9806930269807541,0.9252094426081878,-0.08647389073483024,-0.20461347193838242,59.882765267931504
605,-2.185285001650306,2.1242825508567145,-1.5422496281213787,-0.4257398418434159,-1.5272425220205696,59.91363819956809
606,-1.1377545398865774,-2.044428376055771,-0.8029436047540641,-0.4951060649102213,-1.869385746738276,5.607187342173556
607,-2.351355985632238,0.4326215127964404,1.9222644988029802,-1.780028287897655,1.560074762780499,8.6700684162073
608,-1.8016363038706327,-2.7671460629310998,1.9307139053855653,-1.8065906287256777,-2.417898119285621,53.52664122455517
609,-2.427073267295189,-1.524995478889781,-1.336359228080166,-1.4363416396094502,-2.2884725852624177,59.3796418124717
610,-2.4415469317453633,-1.8208582562703357,-1.0650715737608774,-2.378847973628556,1.2880180098852128,57.81496823790323
611,1.2467420299217113,1.7161533858371374,1.4693085006680588,0.05746418690330083,-1.808458228969089,59.79227226356438
612,2.3836196715218696,0.1577368604314479,-2.791346949170994,1.3255462315897852,-1.464799894815603,54.694528831622115
613,-0.25164402688074133,-1.8561577326275496,-1.1773274002949894,-0.1525031193591528,-1.9160457035923586,53.83377888805472
614,1.140944879985452,-1.8704534607415289,-1.164932338911657,-0.17542169359850587,2.351463927226608,56.46711841587643
615,-2.3808591813141717,1.118321919028993,1.5258187118722157,1.446586781215695,-2.5850827020507205,59.097625088879454
616,-1.248160872393108,-0.711721345757917,0.5418229002365883,2.2566174032368225,2.3227205354986906,57.7470846179124
617,-2.722961408669313,-1.5889340096358353,0.5779746710788362,1.3226935890449152,1.8943900818272328,51.78692513300167
618,0.8336451302471399,0.3248774148214613,0.7368965423692829,1.3743768849757139,-2.119735720312078,6.778346821353535
619,0.319226671360637,2.883520520923797,-2.4608551009910182,2.5827389455196967,1.1825423862281759,56.72606929332435
620,2.594505070900003,-0.0905772779692795,-2.7227648256852324,-1.2994058498099252,-1.1480081427493858,5.186571526726619
621,-2.4978235466327616,1.8263416013769955,1.192210153763565,-0.9789098570381931,2.308403653748003,58.76121290902979
622,2.394900688330434,-0.7402464607204726,-0.36982676436597434,-0.32338172444938323,0.853169910967881,5.366308583332428
623,-0.5093102718300722,-2.664158382718403,-0.2021471656002466,0.6207017587279312,2.35038182951553,8.16642806102318
624,-1.8606118174898827,-0.8504781516009616,-1.3224818663481877,-0.8499144819688372,0.07367343262029115,57.5770696848881
625,-2.0950796131580773,-2.5653451711353816,-2.210666877622656,-2.129876983701391,1.8736549335170922,59.325914157094594
626,-1.7311681001496286,2.7266128996074968,-2.202646637478651,2.4669826643921393,0.3805705844908846,10.828467197434344
627,0.847265676647379,0.26298085681454403,-2.1928044875127064,-2.3755268995251697,-1.2594269608212478,56.7669400768667
628,2.521762924967517,-2.062031539830659,2.3284288362347554,-2.063884040919516,1.7981093256166698,59.817576360188696
629,1.9854701792244345,-0.22430641832050463,2.3449059938925334,2.1883270782471698,-2.4966513122114424,58.21379274133487
630,1.2874944136095643,-1.7346076800251282,-2.2234173908587556,-1.6684232897876705,-2.3449845649898142,10.236312876802902
631,0.6528772266793887,0.7913935211235169,-2.233872204332303,0.4434686153508694,2.0253872542570854,58.10370669869823
632,1.1614695130814527,2.884666467159595,-1.2588809479838785,0.0906804548502366,0.032563076707674096,59.717963070351175
633,2.9335674125846865,1.313083159085554,-0.9065483879306088,-1.7491235884402307,2.1315387857371713,55.94637052622895
634,-0.640504787927114,-2.2541183454622398,-0.4915070859380859,-0.7009067063337213,1.701101110150616,56.60896386929391
635,-2.9527655504129995,-0.1871153289183924,0.7860680916309567,-1.0292606582879675,-2.0175211344997335,57.51438057803978
636,0.5982937129321824,1.2582176851367608,1.487095075293226,0.343034725399867,2.1321663058505367,59.894898265743386
637,-2.174502122026586,1.792718640345804,0.7990773647049331,2.6316998867446175,-2.509368452445892,5.751652648570117
638,0.8065926291743608,2.776518312039898,0.8805975076129033,1.9466559308806115,2.3967824347824247,9.217061287457172
639,-1.7289437202381872,0.747530185227209,0.889025490226976,-1.264860388309313,2.567264415572105,7.777800252579833
640,1.611706983724377,-2.4419648858343255,1.2330594230730723,0.36542568197147185,-0.8759955291284467,58.196783615392164
641,-1.8822494853070548,-1.1592566671000344,0.4572479249317331,-1.0194027645998196,1.8686286953085895,5.217971555130608
642,2.9158976220868547,-1.7914373342184464,0.46446906476867933,0.36601940550319745,-2.409257297934227,57.586024411189165
643,2.735825651928225,1.0119608455711209,-0.4724532849403077,-1.764540550902822,2.374005767508293,58.06924654115443
644,1.4384471601231452,2.5941360712839927,-0.6316698007248862,-1.9179462879475901,0.7629246363172825,9.107293450155076
645,-2.585031624000952,-1.8493093258372786,-0.12819889259781664,-0.3011963401564308,-0.009718852658986346,58.69375918894435
646,2.990604677731709,-1.110563652375409,-1.4561623614962362,-2.0121466577224916,-1.6739823523926995,9.951222842984981
647,2.72494083535806,-2.228028267419883,-1.2280438768588464,-2.5977419439634524,-2.1263649569073206,51.48016042499267
648,-1.8539771873263413,-0.6724666786897076,-0.9729324428315727,0.8310943006829585,-2.1829584854402238,14.530533750487933
649,0.4494459807223992,1.295638613817408,2.256633605532675,-2.5593215825972955,-1.6282330615579332,10.511911604273983
650,-2.1187815939633134,-1.8414038466731046,-0.5221276843975163,2.586992426648837,-1.6708138595817226,56.51483050969825
651,-1.661657119591269,-1.362029841424857,0.5238602326041573,-0.4962534390406671,-2.467105048667436,57.62213263640969
652,-0.07200404392291035,-1.5958164291492367,1.4264365545042146,-0.13932911343985507,1.827428915885938,8.761974705417392
653,1.4925253936581038,-2.2822387459293854,-0.4575682629380287,-2.189989646528688,1.701821531624532,6.460899303616405
654,-2.3865203110889643,2.345365201380676,-2.1596493009973883,-2.0512629016856483,1.749405406309935,5.926583237365957
655,2.472985588540008,-1.4038409477470193,-2.153049011010011,2.0893087487646484,0.35509675421215625,59.64066079068619
656,0.4295415829159294,-2.857747150901056,-2.165122630769585,2.170126413117638,-1.2009633814336702,57.073678438547006
657,1.6014287113015249,-2.584948996900468,-1.3945728410007023,1.137310835535866,1.5144668790807987,6.661622534837905
658,0.2817931667964783,-2.8564325112835687,1.5999623412466708,1.8719546386900217,-1.5001937423068314,6.2106069820472545
659,2.404565990624981,-0.6196178833954146,-2.0381104405776918,-0.08487800623745358,2.5366899279087844,49.51101301705341
660,2.310648797355765,1.5315470662844786,1.1444569922329046,-0.2140846746213607,1.082759302898865,5.095142348538772
661,1.235798095297847,1.7810876609549926,2.230862547588758,-1.3334672629495512,-2.3989969585450903,9.749257095100567
662,-0.28352562349400295,-2.2427535262184897,2.691076411220704,0.400367463553491,2.367430922841352,57.97276447338254
663,-2.3442270646350134,-2.5212665747924823,-0.29313037154545857,-1.143687591150994,2.516517941974544,7.488950347976954
664,2.047159841433685,0.8481230104991893,-0.30217831317982563,1.5951105203014542,-1.6958436019396796,55.440083874124944
665,-2.4380338175688516,1.9214441864617462,-1.8820263398589652,-1.3792199365075681,-1.438761733123887,59.1200293824587
666,-1.3902355970828246,2.4020754084011227,1.9611211762588043,-1.564101504211821,1.385256868029076,54.22572915741247
667,-2.7551132896004886,-2.847458050445881,-0.9851292896186801,-0.7834255198460438,1.2575185348084568,5.02253709792604
668,2.604614100807908,-1.8201780093884197,2.038845937287891,1.7924583278544675,2.337780702668734,6.616027345319305
669,2.48864850745719,0.3884891919944527,2.0497852128962473,2.5859980637148823,2.310647398607068,10.334559738059605
670,-2.8922288268843817,0.4278502937079788,1.015452285482772,-1.3469753894455634,-0.45101051678653614,9.796696974946359
671,-0.8685040273349207,-2.686546723916551,1.0095979279982406,0.7640219429363183,2.4788334933973206,55.38878374808891
672,2.4779103215607687,2.5607552143394394,1.0210267322104687,1.4483292400884782,-1.3433606240643263,42.34213762766041
673,-0.24513994186312424,2.4956119335142057,-1.9449959917823232,2.5735136886318717,-0.755539555753562,58.092616811460424
674,-2.593146074337719,-2.0526175244436913,1.3782476336697151,2.322424100612359,1.213950460908688,57.172228639275865
675,0.21491091012980115,2.51501323521846,0.720096959141139,2.6606294449630616,-1.6496853753039125,10.09872835865095
676,-0.8924428141825651,2.3495757882352306,0.712264648331746,-0.2618328584584384,-2.488396569481334,57.45415379330229
677,-1.3387609270034584,2.1595339509475893,1.080982261568018,1.650304358109868,2.5224082939479975,7.4696221917210845
678,2.9302918880184277,1.724119648602891,1.0898811907279018,-1.709930044664964,2.4643789618771006,5.936867173216965
679,-1.659941791582794,2.845253742876782,2.7014410908681903,0.8807433382802773,-1.3734191100028468,55.700852058014284
680,-2.5724821529029107,-2.6221502028348653,0.9430967914226123,-1.287234868191421,1.4124945484695228,58.95938809527161
681,0.3678118384868524,-1.4032585030252664,-2.7412550548992916,2.058450660200197,1.53276347678908,9.318670827768905
682,-0.09026568569182972,1.0720248419720186,1.2874364748895024,-0.5547388511237834,-0.41305586648059794,59.923782556826026
683,0.35581404741643075,2.500133292246974,0.9513840333093302,1.8316857620385092,-0.11304556260463837,8.350502332259488
684,-1.933608345607414,2.677105004857293,0.9577101479163243,-1.841727042595194,0.983855187531202,45.045681856280815
685,2.9986254516471273,-0.4048096968085951,0.9652586535255168,0.12705331654264226,0.026811056222602082,13.958360102571604
686,2.9735388172234414,-1.3905450609646317,0.060218604058672964,1.3943291733470453,-0.44850980961504733,8.534981858084441
687,1.0697039092386318,-0.7987908085626645,0.05240198270477432,-1.3189134441720143,-2.5765808743987333,5.185900670361188
688,-0.28247561227133183,2.1218667720025537,-1.580007152811519,-2.3271761086644585,-1.826567083538833,57.86300577117082
689,-1.9415910760926085,0.49087093094962486,0.6800580138652526,-1.26895429279275,-1.562367556622815,6.962201748985335
690,-1.051646154846622,-1.0112953372621207,0.6682708382644417,0.7219865592419467,1.6951365910035465,6.706024283204526
691,-2.048631984059425,-0.15124253584967673,2.7320747532687464,2.039898601481253,-0.2111543375452398,10.84778362245033
692,1.2202256586399236,-2.0073723362188236,2.739753789569676,0.44911854521968647,-1.6377391662631817,57.03208936174856
693,0.7162765130307296,-0.7567498698643162,-1.8645332646936446,0.8432424600079128,-2.4351597727572947,8.626856621992044
694,-1.998740563670096,0.3527414298345384,-1.444656819255134,-1.376636820195354,0.9649647602728552,6.571416008561187
695,2.1200960750366566,0.8465196331339631,-1.437976514798861,-1.2500252459543717,-2.301389666525426,58.704466502571556
696,-1.5576990185079207,2.5220598083773416,1.6809874708739756,0.5354936320709122,1.4541786146121516,58.18564236651327
697,-2.6467945413777296,-0.8943329147365993,-1.2442263528874993,-1.3055391934745997,2.4599926121386977,6.96238077081538
698,0.5238663880175217,-2.3783010446600383,-2.13497778577352,0.29745919554258865,-0.7295604418507168,55.48989460990408
699,-1.627284711094765,-0.9451741012678428,-1.6863170249524035,0.3371272298003099,1.6353143514533148,5.090521662191196
700,2.7219476858940377,-1.0604464190278584,-1.692805922208361,-1.6856185616462607,-1.5157373342860365,59.338730925696
701,1.6211936449821367,-0.2831893978944306,-1.962700702856054,-0.03058467562912039,0.42612601963593605,59.35393622577023
702,2.9950776817771945,-1.5437076868600326,1.7677766809489472,-0.65898736223058,1.7303367119940045,58.80425795462347
703,-1.8959569030566454,-2.1821160257581096,2.6776892068940414,1.4723541854584417,1.3558011145484943,5.009386589752354
704,-2.6954902314614837,-1.0849414673201894,2.6696111555505078,0.8165020225630607,1.634786539644083,54.87654298781054
705,1.4371108206316627,-2.7090276500998716,-2.2610788818041554,-1.5676665236562055,0.6993083015171311,58.6715399093309
706,-2.020265415112781,-1.8498375391792565,0.11693240191829331,-0.377451548568009,2.326201252512376,57.09882700517419
707,-1.690888025741376,-2.669723005806411,-1.3614735747444562,-0.18655260971325266,1.7556377707667286,9.30870530638919
708,0.7402715336957758,0.10719156503268307,-1.354392966083942,1.1486998884582642,-2.115313660781808,58.62805190356336
709,-0.9378855926673803,2.1408319958033055,2.6170758942528223,-1.1656532483388886,1.7469075380035428,59.5775143468237
710,-1.5482297888016159,1.2238925386821569,-2.3326977291541255,1.9147845639695045,-2.0356506321791845,7.666987799629145
711,-2.352225651991396,0.09202915823036127,-2.3234056916159553,2.284960181024865,1.1698916939247435,6.118980934465025
712,1.1244550872565977,1.131202649849882,-0.2391236888739732,-0.4814903965318514,-2.45091319516051,5.482045622891897
713,-2.6470430911439933,0.736863936500941,-1.5244228517580445,-1.4880049126324133,-1.4486089583659951,6.846218590710098
714,-2.1052593823857872,2.557821791589402,-1.5307655436039025,-1.7257650688033075,-2.165793149110142,57.81206131379997
715,2.0526581960539683,0.5350339001083332,2.3631297139016456,-1.0637867845950406,-2.174734175530296,14.73963969596207
716,1.7769919620776415,2.685485415336448,-0.42810337249111047,0.38271481907044175,0.2015837117960206,51.6478153947723
717,1.2523596621242905,2.520316419974746,-2.0057288723776505,2.6450839387430016,-2.3944420551252397,53.99284624908204
718,2.150914502753023,-1.4468367885750417,0.07543806807099362,0.45328154197434,2.232920556975872,54.518062600019995
719,-1.0376110730064931,2.6253988769793706,-0.10706839020768011,0.493269417560404,1.1209154420984004,57.086840297755614
720,2.697692304540746,-1.251467005700085,0.49360854740617777,0.38572651817074055,-1.220681884688436,6.198297657437241
721,1.157293717756485,1.0613061269836928,0.21797884942560244,0.2371662915465176,-1.2573038367236689,6.212188238250756
722,0.5098554459139737,2.480977639109421,-0.1159357533310062,2.5306260561178653,-2.56129540385296,5.1184479090375214
723,2.8874857960050244,-2.3011364997947403,1.1601373719187449,2.48942193483314,1.28792147271707,6.12532984904705
724,-1.482047043799066,-1.8354194893728442,2.26407471724896,-0.7972781188682241,1.4572934878045463,7.351273720796584
725,1.6811992328478955,0.5257687900861331,1.5862518526470062,-0.47028496156482374,2.34275245748081,8.690289615506885
726,1.9674932633744189,-1.3193587255398276,-2.0624441565049887,-0.3711452423439816,2.1548928933871956,6.744662418246616
727,-1.4501993323191495,-2.591158420240667,-2.0552151436241703,0.0962519419609439,1.5210873652793166,5.122010523148566
728,1.3931702809560542,-2.736739447500497,1.975544350796441,1.3089839157879986,-1.2004298408649774,5.8926805312381205
729,1.8408183041717265,-0.5774765555070777,-2.2865288355151074,2.3316109042745046,0.21589163818304227,9.912751177060386
730,-1.9789904629304014,2.2750943507848405,-2.2778610151296785,0.0753050794049389,1.8785198758684767,58.5718441371205
731,2.8095079622501413,0.43505704191403655,-0.02706020505867007,1.3739082515444079,2.430783970920222,58.80283204890183
732,0.5820698569526899,-1.544318194704063,1.801271019448766,0.23751548407935671,-1.8771445655049337,5.198533848438348
733,1.7574848362031228,-0.1299757917694395,0.23422708860186253,0.7432284363594103,1.4796087206164328,6.334798806260038
734,0.5371720067713254,-2.2683916175953813,0.6382436699545568,1.2983970854882183,1.6649478007583411,6.714813314410699
735,0.06420044537708891,-1.914764110017369,2.177962465857233,-0.8371007625235204,-0.7834341443186061,5.113850570091307
736,1.4775465313956755,-2.031887681242883,-0.09109586747535267,-1.534092016895849,1.9540899901502664,7.429621810488142
737,-2.7110212860213525,-1.7997615154608981,1.3701297808488275,2.271410039782944,-0.8379011345229956,57.23723895921913
738,-2.328904496893456,-0.7719870618114207,-0.3193070889263719,2.124769664237439,-0.9977408683897926,6.814746294543986
739,1.6419323143482911,0.39337324060340156,-0.31272593228522383,1.5393918524470904,0.8696898346149383,58.67260002701661
740,1.673385230177418,2.552667447933278,-1.5957472237833645,-2.4008485410096685,-1.4825037247546657,7.423382343355528
741,-2.2573198652075064,0.09084945886804982,-0.2818319317207798,0.40627058439115726,0.21449154685667368,5.884325501613136
742,-0.836403889380612,-2.849971908558111,-0.7577123079775753,-1.0678760216868355,0.5856187318868623,59.1149660423416
743,-1.0705168188599365,2.0645199721939744,-1.8049669716417194,2.0827467726085285,0.28427136962743893,59.7921169020277
744,-1.2729514519124239,-2.6801586779493785,-1.7970220751521433,-0.7971063577478139,-1.2854499538486373,6.716731318668109
745,-2.0953528541579636,2.4638957635092926,-1.0425942301977633,-2.0866691127087664,-0.9953045634612504,59.63652354396143
746,2.7179870317692174,0.5866083378927671,-1.0487798513390438,1.614079856406498,1.3024000491823737,59.18425002091092
747,-0.14079937034913168,1.379842332760239,-1.6324849183862196,2.1005408898474047,1.4623784413531258,10.619515644508244
748,-2.2010344295848916,0.5535887680452259,-1.6391828171212686,2.4174530120340862,0.6956600199607642,59.526450116343405
749,-0.8423345599689794,2.3924555594344357,-2.708663099212051,-2.4974258823513953,1.7716511133980626,59.55614735938745
750,-2.6639200298350048,-1.4942563113779361,-2.7014582641854394,2.5140825022631414,1.921387094558955,8.561041932818226
751,-2.914776651423573,-2.036405360253793,0.510025540563613,0.14734317601249597,-1.9739482125919687,59.074227746760116
752,-0.357357507823479,-0.26951570028890276,-1.5566978167373635,2.6501296779242347,-1.6562443017423154,6.0719042170922854
753,-0.46512406461736366,0.5213222174524502,2.541970584882813,-2.198198529433249,-2.5881844446738937,32.37745744796305
754,2.618089571423522,1.4346660715547455,0.6520301009712905,1.3039568521514016,0.31952616182227134,9.460477977670894
755,-0.983582055185072,-0.21285455557362648,2.376175464427197,-0.4205349297839618,-1.8561950551759048,12.073026385961562
756,2.3789485880003554,-0.9130726544218859,-2.6112304950243246,0.6940753065904083,-0.9847851485858392,48.261947473152496
757,2.52571813468414,0.35007135470203077,-0.719956903778436,-2.218073247359393,-2.41974106815774,7.2259957365954115
758,1.5468309051456919,1.5040673368390742,1.664922690706594,2.2539641892697477,-2.431891948534289,53.68330806987493
759,2.5777806829131653,-1.6868787162624848,-2.1224160943858155,-0.4686601277739052,1.541216127467665,5.427159278212086
760,-1.0576655946267273,2.3393990835545573,-0.1946135479412504,-2.5606716837074526,1.8943560685530656,9.82882596012027
761,0.2847775323205711,-2.7011297621886543,1.3129065932741892,-0.6630293956033043,1.954145791643326,58.39301786011123
762,-2.863781760110965,1.54181498125312,1.3955491771746016,-1.810513155617681,0.9050082888634855,59.300632918178735
763,2.546684468171701,2.0065678665161677,1.4023403188320216,-2.270117766041632,1.375424958310041,5.371720783165676
764,-1.6688724777520008,2.0782873218049525,-2.517222268673418,1.0642946195236214,2.3433812361013464,54.93713294691009
765,2.5890682987441567,0.8930328421832642,2.1947602352649644,-0.06323430935372189,-1.1190352476898409,6.504766748108719
766,0.21236724909383764,2.634303147844218,-1.7825587986440061,2.5975232166590034,1.6161822528928043,5.587081624598354
767,1.6882631828827797,1.1659656473147093,-1.1168605663207198,1.212132890108433,2.2346935123168636,57.00966321926845
768,0.8729302109616506,-1.7081021849082343,2.0933248393184085,-1.4299712934740645,0.9542922462134896,5.276573034417327
769,0.43236675835815075,-0.07440038376566889,-1.8928623441793535,-1.5749972869411688,2.137793252881901,12.347151429567063
770,-2.139838889019808,-0.30668819443922224,1.0529889215328176,0.43192591293849164,-1.8432061912644153,7.0960878936116
771,-2.8947847625590466,-1.7074416699871513,1.3277992637655434,2.2694236999595256,-0.7762720787903701,56.411551513353366
772,2.559284432976837,-1.5127001282742287,0.3399057121254237,-2.382180925350131,-2.4033196088141056,54.211159370730414
773,1.8323358252128448,-1.178546621704755,2.6023036627769227,1.3962517757515347,2.4938200610629098,11.14123571948255
774,-2.676384924804008,-1.5892430559494508,-1.8261690031964979,-1.692792404508119,-1.5779828846944008,5.595002379036527
775,1.190830430518093,2.6555768186472752,-0.923630103037392,-2.6336162879287945,-0.05298077097425835,5.798441811755132
776,-1.4403140040512386,2.8620155575749617,-0.41442085224750164,-0.3921527534185327,1.107587281539353,56.56371138485074
777,-2.1172302005972137,-1.3240861235105141,1.2067033014930473,1.390838973845769,2.2576051488789073,56.05424636135708
778,0.5800695012941219,-0.47826495589882667,-1.0352910190365334,0.8575793095676503,-2.453626058394382,11.576316605717045
779,0.5286221700601751,-2.060424749827035,0.3247189380330882,1.1656885284382308,-2.5257827795438987,58.95934553602632
780,2.118632937022726,-2.7301194421487742,1.8143022834854305,1.2818493883779771,0.07259804175054875,5.23031230994057
781,2.527050186093982,-0.23698650213390193,1.8207927739806011,1.1091418077438817,2.369831018856857,13.258990783213042
782,2.36069690146219,-0.057273115401355275,-1.5143105307271907,-1.8685479316111395,0.8717094638926409,5.600329850715811
783,-2.884229866835798,1.9469360037947714,-2.4027000877428177,-0.41873273705582126,1.2044156501943346,7.889498922996769
784,-0.6004266107903321,-1.277232459774574,-2.4086333778739992,-2.5692534826786972,-1.050681058256984,57.57692536341759
785,-0.9444281775828607,1.948817024671671,-2.393823834521585,-2.6440698099222297,2.065078571311668,54.963084075686304
786,-0.8572125467614624,-2.6031029451191174,-2.3853692880890227,-0.24469375335503318,-1.0811096464287553,5.940663156240874
787,0.35958683759151805,1.6033676274020812,2.4060822104606134,-1.0806291847678848,2.011386487226559,5.793161413678168
788,-0.1857183701319885,1.1787300013418254,2.3907662280452096,-2.1581054563767204,2.3060150891507396,59.589544407454326
789,-2.889422225241124,0.7472122406633156,-1.1035584612674936,-1.9077650989670847,0.4597267775427019,57.12509853988725
790,-1.1023553042355716,-1.3172539592555128,-0.6537646615335613,1.8123192490277154,1.8647818938074923,57.364771665537624
791,1.698388819636599,-1.8082513024973828,-0.644703031014648,0.7420334748941384,0.5854211257686885,5.562338770711973
792,-2.4805304802725314,-0.1982946842240247,2.4521410117719737,-0.9387290743341561,-2.26133124471785,59.91840112757729
793,-1.8192880140872916,-2.6762761684714746,1.1013849354018013,-2.2698935803706504,2.0402498176336876,58.02397913614857
794,0.1261763259736821,-1.5906931141003022,-1.2916408645283113,-1.7387992657978404,-2.3347532209190724,5.458406998937251
795,-2.6469752546685608,-2.7748465753424205,-1.2858138874807166,-0.6632371450217156,-0.553765523641258,52.008032870514434
796,2.6037452976698545,1.492321527011299,-1.2805322368106122,1.6908390728992522,-0.13369502738257663,8.213526467629325
797,-2.341403105095843,-1.859128753188861,-1.27461216638357,2.5916677064030575,-0.8950921650020252,57.92719733723254
798,2.851178547471577,-1.8159195417714038,-1.0109810592734227,-2.2833685159611354,-0.5730095033376635,53.52070518587162
799,2.3320548038998137,-0.3691516715204792,2.0665515545205912,-0.6732600138631645,2.4481382069083875,6.411854054156586
800,2.328762598991383,1.8875059735290995,-2.2513014168060037,0.9442105741745804,-1.3887233392196927,56.534552934542084
801,-1.6090646612978916,-2.0599473076965493,0.4794661051442139,0.01039785265480676,0.9293653263838545,5.6653225561028675
802,-0.20784414206938562,-2.2148754804712967,-0.13908380699665607,1.829505561296322,-0.09283554435577752,56.605407270161365
803,0.4469926340701138,1.4008981134728336,-0.21643722266089074,0.039859219502179896,-0.5513068431829476,11.207120910706744
804,-1.5153791491581878,2.6580475858688626,-2.645147961903338,0.9542911743256711,0.03389421255281729,5.103342444175562
805,-1.6187282633615205,-0.8372396795779976,-0.2235396368929128,-0.7244579089622035,-2.0308752443069156,7.931602754855161
806,2.8143292269857603,1.2487902535288569,1.728070366395346,1.460523495321602,-0.11396042879498099,8.826549512534388
807,0.825885902159454,-0.1820758662201043,0.30349402050669005,1.2041301960864335,2.065382018742339,9.32976791259343
808,2.2780566161290605,-2.7970759479617904,1.5559204233982658,-0.01824651141439559,-2.5084507582834354,5.9825715131286215
809,2.0713484155184307,-2.5839438304061852,-2.6733934575932374,1.7092437985718387,-2.239343242975669,53.83454838142212
810,1.6132076735875953,-2.6351580014548244,-0.3861338035709834,1.3165346114038405,-2.4688801153964532,7.439303187746904
811,-0.7852317081843857,1.961256805798284,1.7222167874660326,-2.6008619372714072,-0.96555713578498,6.478198490573838
812,0.0909638283179208,-2.4658609216522898,1.7173614820638856,-1.5755481383482715,1.7512043780837296,53.146546711231025
813,-2.5981444391206345,2.1960710724999775,0.3101934025853257,1.549081183412535,-1.2065252448445745,7.537480958442674
814,0.6844878102204498,2.5790424748988423,2.3115213709479376,1.1743890653546956,2.557897813857391,58.38026092776216
815,1.8282605213432028,2.474417738350802,-1.9290609005644823,-0.11847622593129256,-1.978110280289318,51.03091277469628
816,0.1788318402209418,1.9971240038131028,-0.7074037223169909,0.41701717037834835,-2.4563297641873465,7.297986123552965
817,1.7518429953171442,-0.032154619098838745,-0.40108981231015634,2.09274285845417,-1.1026227742944283,57.16433477446228
818,1.815598598295633,-1.467192150203687,-1.900396374929577,1.785590944090789,2.1530929916069037,6.564214118684071
819,-2.5968088591250162,1.5787817902965233,-2.3082883839803543,0.6177218787628389,1.0833141416136651,59.20384819921089
820,0.8144194007275964,2.8013557791611645,1.341372063293787,1.4740528352362907,0.15259594055383024,59.044473262609905
821,0.9249078287721147,2.5224071190449817,-1.7277403467416448,0.45475290563759174,1.1865527722509535,57.95011905351265
822,2.1516055741175593,-1.548621507240419,1.4108675594361102,-0.4859325824646069,-1.9974634008276828,8.604978548546878
823,-2.9500614832715053,2.2705780503690756,-1.570592154157998,-1.2421683496581186,1.594625930587362,56.87360270226345
824,2.6742571639622716,-2.809960807128742,-1.91251169427224,1.321002249790806,-1.9025419838613207,7.6916913190054785
825,-2.584542379600572,-1.8355245069915973,-1.424532129098796,-0.04669487745315402,-0.717554919097263,8.545782430662227
826,1.484293741964102,1.6916641772317036,-1.9735212814895613,-2.4580416130752956,-1.8603620167040806,57.83372346575627
827,1.119304736357488,0.7866885633548041,0.03675303767401619,-1.119324702244553,2.1631027171251156,6.409504084559732
828,0.47886523135172,2.5434800602612877,2.6552877200914273,-1.9593402017496486,1.3194267461641787,7.75684368604625
829,0.8393436682642376,1.0775022305906459,-0.013130571591218615,-0.727036159413864,-0.52729585811851,58.57725733264442
830,1.4484485830185179,-2.5324575967055485,-0.16930542471214208,1.8144002619972006,1.2759890651171968,5.242474344288497
831,-1.6024640689322667,0.0633206312474201,1.8584735138162487,-1.3030307738256222,0.6907783876191083,57.48474509088319
832,-1.3428174268557014,-2.4787508686389157,1.849682635654456,1.0955569052015268,-2.496988697169838,5.354569355428818
833,-2.6214347037806536,-1.5983446136382025,-0.1868460945786275,-2.449857001012703,2.543541711582133,8.107797406204238
834,-2.152347669520671,1.3679097844221646,1.0023007755093731,0.19091119891884134,-1.3294656569893055,59.65903727374974
835,0.9699868812101584,-1.5123842995928911,0.9919970071877123,-1.2941837490291528,-1.7244762650802532,59.10727808810084
836,-2.498777238888112,-0.22192620972734212,-0.8103137594706069,1.7642912476884518,2.170967812176536,56.99517939134937
837,1.3707740550742162,0.5903321376298493,-0.8146142256707252,-1.0286184854821963,2.4766525281968117,6.018198957288893
838,2.5538964366747194,-2.800029886679644,-0.8064714821846687,-1.3013845745376593,-0.7906945328158846,18.284600583173475
839,2.2597960336475267,-2.08070776926061,-0.05357396571007046,1.5371452565485102,-2.4655209621090055,11.32891225465476
840,-2.7793820626811008,-2.014947815034582,1.1282051668464441,-2.1493369369510207,1.1197073076754052,58.850946582046184
841,-2.506686385772191,1.6453966727313143,0.5661869312371848,1.1070348181695127,-2.5654934563740013,54.03226671993278
842,-0.04777887654145442,2.2588507812276495,2.164176244916766,-1.8114981063897442,1.0587455921210123,59.87971877378014
843,2.4470868631354064,0.19214880547655708,2.1535404946769163,1.93992909469068,-2.3404542960255434,6.25365433011634
844,-2.999306468488931,1.516505912982719,1.2999584759886142,-2.3289234167630983,-1.9953976908325373,56.43755878881412
845,2.6258019417841445,1.5528414298446587,-1.506262499348186,2.0153075419982445,-1.0961096084517408,57.02780653077915
846,-0.6294924016425059,0.8335605733115844,-0.9395451250681635,-2.361912804887477,2.3145090802573174,59.9319542883852
847,1.712848208693069,-2.020963142392208,2.5673185984267892,1.3861598416761225,1.8125411260475162,51.011861375727776
848,1.6179590350095199,-2.5892496680281543,0.022603394012339746,1.8525370812413564,-2.595852154075112,12.055525321611379
849,-2.456271303712839,-2.5642096556587095,0.5535806905311093,1.4018856950275869,0.8959051059547873,59.089078853355964
850,1.6785100610267067,-1.574081132713856,2.789197257585288,0.5176044282890132,2.4895286289087557,58.56844651033589
851,2.0977417293747265,1.693768628768665,0.4224647586919519,0.6610739359149448,2.1875425256866916,58.87804761568266
852,1.012571840200365,-2.801954613693186,0.9016199518871265,-0.5515887242292755,1.7712906507430695,53.5671712416597
853,2.94136676243882,-2.5287465640161515,-0.5481746146214442,-1.5537883857430006,-0.8368531557412453,6.943201346404793
854,-0.17284105446597217,1.8789971586261922,-0.5565878411334062,-2.6077737798632126,-1.6557517803792217,59.40586111019671
855,1.799979481785716,1.2515878492127992,1.5629533356095135,1.4634119781797132,-1.9369760911127507,6.609770974212964
856,-1.1319862305466448,0.9789587971792465,1.0475568355099893,1.8630325544455268,-2.459048794224499,7.444521653208094
857,-2.528239533650895,1.526014915455568,2.348083469679912,1.6139744772300528,2.4216017791516222,8.163048105701433
858,0.6694584883913802,1.1022303723543576,2.3425035174194853,-0.5319565206116109,-1.2031589007688024,56.47252272289601
859,-1.4957736661670935,-1.7063171775413628,1.7527442994298936,-2.07930221626094,-1.4247616656650854,53.083974465495274
860,-0.14953760515395284,-1.000774984403056,-1.9202546378571554,0.1350450461096425,-2.3841389046724464,12.807019441239667
861,2.7912570783439667,1.198390999011718,0.18412095239010107,-0.216189207245638,0.8971326923746678,6.195451551155613
862,-1.5571007845524247,-1.8182943715158613,-2.661256258977038,-2.450455179389705,-1.4211468031070253,15.722724768138335
863,1.5086853539253127,-2.515911797290243,2.5791494599752585,1.2978295280833272,-0.778781891923922,10.17033455587316
864,-2.0463770328389694,2.372408438943945,-0.2707227193906687,-0.8040944540052446,1.302365638840043,5.195324295535843
865,0.30125097683991603,0.4264606730741073,1.947437193208673,-0.5216265626506423,-1.125062896109339,11.77225123796463
866,-2.1271320428358718,0.27136960514583347,1.9532668348683353,0.24035742661423556,2.1254664969337735,6.540207673190504
867,-0.43507620816097,-0.16654876465125215,2.0225486167748903,1.572807635301439,-1.158653865778759,59.28301692602435
868,1.050359171485966,1.7695479409370711,0.3774018240648196,1.3083968164464739,-0.08548452708474882,58.683324486033335
869,0.7555390587749167,0.5968447282217378,-0.15236898773297017,1.9716564006523922,-1.9396539485837971,6.428948583021623
870,-1.9124516625779495,1.1265733468395818,-2.788213439348265,0.024586318129948465,2.5441561272574926,5.260295365975879
871,2.4228232122146536,0.5929351456971392,-2.793789751089471,-1.1709610278778613,-2.430851210172181,50.977070700038986
872,1.725500762461444,-0.10758307545004064,-2.776508796223301,1.294046438135198,-2.511257434072082,7.205478691588054
873,0.9069893068836585,1.6320508936499072,-1.7681963301995134,1.3587109810282325,-0.23246384920152538,6.257476150040271
874,-1.5962649338663493,-2.0202530066362385,-0.08359762611217185,-0.6184191683392144,-1.6110443094536515,5.720850423707314
875,2.0273997994313424,2.467497359786286,-2.5927976975750386,-1.9426153167118896,-2.3877096273438174,54.17553675833115
876,-2.7500369008869487,1.517393390241167,1.7458570224858874,1.811452998342522,1.272671809282451,9.20490670191069
877,-0.8225573849495056,-1.480705760074176,1.7413392317939427,1.7722957564254678,-1.711219556593514,52.842025984590386
878,-2.77501015080178,2.1956676415207683,-0.9096911344192761,-1.7578216759053908,-0.9615108956213908,7.742713971321829
879,2.3229240245121763,-1.0959311550584336,-0.9042048603580708,-1.5920097936083162,-1.5285821692136647,53.602653622552815
880,-2.535667386368931,-2.725274059282672,-0.7887472754957026,1.2333636810413309,2.041491053686132,57.45293848504279
881,0.7060421166396277,2.3553485373382976,-0.3535073064438367,1.8585557218817774,0.7151592053900393,6.5589187558398905
882,2.4559972796110148,-1.6776636661330568,-0.4755751339162896,-0.04953907260732965,-1.5578812802137794,6.305781927338899
883,-2.1560954506825754,-0.2754598895587246,0.6954203377365084,1.1317563520477039,0.4398119557155975,7.875135870189571
884,0.16561900239732613,-0.17983367366393915,-1.3799151289814628,0.5589881342918189,2.196340294419641,5.55995056872273
885,1.1120074051643591,0.918829899337683,-1.8457562011724336,1.123441422337512,1.7240108252435031,5.547834012001498
886,1.1471750307109454,0.6266953154336319,-1.8371145080635218,2.347021295368457,-2.4168196078412416,6.943835441003144
887,2.830613485186144,0.7693112597196018,-0.9966147878383238,0.9290956578726607,1.862978393035723,56.62936837295652
888,-2.7424506853896338,1.0537850226432162,0.4714672085386417,0.5493542815263345,-1.871835404878422,9.473368260783325
889,-2.501064313015086,1.2586042674075777,-2.2373498801916987,0.10049961412841041,0.19024425456911395,5.456905569361552
890,2.684093585667073,-2.2144570440311186,1.4724849342554052,-2.3712877554632454,1.722562193769576,6.966366110090136
891,-2.72174926403306,0.16599042103388567,1.4671161408762448,-0.31493751228892264,1.4510256764655416,59.60932818379052
892,0.6545074364697796,2.4144125543953634,1.7825315561811963,-2.199722855073435,1.2462282545504446,8.470485643502519
893,2.608305975627412,1.1815667447234326,-1.1617858267120604,0.3504462312372336,-2.478859235127702,8.305470667499415
894,-2.6660554420231826,-0.3142245271248298,-2.0350795350123465,-1.4659020271237353,-1.0037133025847058,5.75450269836858
895,2.5502772608637074,-0.6067235665622713,-2.0404961702769167,-1.342916439664697,1.997178135795903,56.80803099082771
896,0.3896480711735552,1.779279527921034,2.6614661208486576,0.7175290897284312,-2.2477073503354656,52.980507523949576
897,-2.3545892144805847,1.5246014221354458,-0.46963250307118054,0.43690610720236606,-0.11978855752691407,6.288511269981047
898,-2.2524538398012592,0.8532992621510114,-2.4739162448739047,-2.1888727522886158,1.0807619082624036,7.463964640421483
899,2.498162937375015,1.3012311903210318,-0.6952569418346329,-1.831097036275806,-1.0345871638579072,6.280032598512064
900,2.588696717019225,0.2193509524887961,1.516462453006677,1.426846979385977,1.3217478914754484,52.65460861939765
901,-1.3426292942452989,1.0402614135661317,-0.605844035645415,-0.05915678351167435,-1.982925632064879,5.040282426324525
902,-2.1105063567681692,1.6302919352698524,-0.5964030717851049,2.6079391555159477,1.2483825385951646,5.7579506248604995
903,-2.507773983628064,-1.788336713655072,-2.1284132754157326,-2.6402888118534267,1.4969483648396944,5.530636054906367
904,1.2997452488159809,-0.47486627318637914,-2.132408404186355,-2.27694594085168,1.1321204227966015,54.80341245621185
905,-2.7469909710131937,-0.911444513156015,-2.149549108744448,1.509264136749375,-1.962862805730262,5.056300387876367
906,2.7151009877559558,1.6698240286257626,2.1420457086083395,1.3568879512250003,2.3358180185423354,54.721370092707936
907,2.44336684523499,-1.9588507020168866,2.4387952431372693,1.5220509894335292,1.6612022242678173,10.70891621276371
908,0.940375376800185,1.7734311557545699,2.757279204919428,-1.8217793352046983,1.8613838554475834,6.046153919069536
909,-2.9672119662987813,2.2545605678996994,-0.03986637651133257,-2.284228854542621,-1.6437946969399109,50.115036804572966
910,-2.518533569708378,-1.8868360445311734,0.9722185947027143,-1.9568524049480858,-2.300251911959022,10.70831416110889
911,1.3321492726823967,1.0533226394899906,0.977943897336482,0.10720773000477846,1.322723950865001,50.347115526413404
912,-1.2777841079500374,2.448173311804172,0.9679657411672782,-2.0898763868087853,1.7870963946982585,57.757665254161125
913,-0.5694319022992105,-0.7585825104540628,-0.5370614638388577,0.5452555731006006,2.359890016175754,57.470344143491474
914,0.09476627414115525,0.23922325866118807,-2.019684766965108,-2.1451381501038336,-2.2890613423000676,10.219533345492662
915,1.106728324271078,1.2525415245293445,-2.0242870231892534,2.444402530194607,-0.9890370304281502,59.86949254379634
916,-0.4541539053422116,2.619864187276665,2.107421238459151,-0.8132994223439601,-1.723612115131743,58.575659249238335
917,-2.2469557476395585,-2.5948635779487432,-1.4936246248061906,-2.007917923013937,-1.5905750412307287,8.478518103070211
918,-0.9758785742505346,2.7358596472783687,-2.6914772692993534,-0.8632767000307996,0.49395254846958314,59.47935268865314
919,-2.0606885161560085,2.834848275132125,-1.7378985096559127,2.3282419799610388,1.006724041459043,58.88008233642438
920,1.1419034463729925,-0.5140050319245177,-1.6007800392699743,2.4909877244623124,1.5686265516133855,58.63192954476406
921,-0.43383442057618227,0.6279449900545825,1.6143205542664656,2.6126924462224332,0.20017878017183358,11.325804318156361
922,-1.7759005489754127,-1.368915236269056,1.6236537105298563,0.5045860200567214,-1.7247948193920033,7.899511499522182
923,2.55756404628469,2.2006397517925413,1.571001453028838,2.1257885591047456,-1.2359103875815047,7.724575682126054
924,-1.9761195769213646,0.02205828441570438,1.5763728126879917,-0.6592042107177611,0.8101815276389587,59.97769467179658
925,-1.6059612628055577,1.6916705046585698,1.869451124572635,-2.5846139020071344,2.4755257061250195,7.278174448055878
926,-2.856189706267771,1.4544774759675925,1.989375483638995,1.3250792732480692,0.6385811232568075,7.991763134944315
927,1.1501609553378063,-2.72126163638179,0.7514223241979368,-1.4873893276290242,1.44856446458704,57.239251785256876
928,2.0940504513657383,0.4657807498881847,-1.0247191454092923,-1.963272663081789,-1.9661394396424123,12.669475280504289
929,1.9172705010630895,-0.10432239783922434,-2.442280037745467,-0.24853727139005147,-0.5908925318390885,6.523951286282141
930,-1.4113312713075714,-1.7289058167606726,0.7044239191495347,2.465876769038904,0.5468590809069603,8.118951942937738
931,2.5765370733784123,0.642691546199745,-0.06684420215048038,-0.25208641761167816,1.006623213676564,6.210189497342022
932,0.7363343951801209,1.3737656524396735,-1.3691499451208866,0.5730441410168621,0.6713293656521118,5.064348758534271
933,0.03571202903341149,-2.165494731391166,1.1125661327164729,2.483105622057934,-2.383008397030646,7.665548542904702
934,0.23176219484336796,0.23624493880942465,-0.6218715656830551,1.6095764585300103,2.3398813652299344,59.52857859842596
935,1.623673101427647,2.1859449691465054,1.0323798319948116,1.5823037254814398,0.37780463493685906,7.954911426908951
936,1.1719034795470868,-2.4792731975024,-1.1254349635069252,-1.7070313774570556,-1.5682657846933987,5.1324213378927475
937,0.29424928170079806,-0.43649257555261767,2.1194989910230806,0.4017580864625646,-2.039421159741738,8.250924079321885
938,0.5185291931767224,-1.1484861274779865,2.5294829666272696,1.3502469360908724,-2.53190799823441,57.61033810860763
939,-0.03821779787236225,0.8630942930616583,2.1295552780123175,1.6982857299665113,2.5966704148205673,56.706977559508815
940,0.9605729398063064,1.46165944032546,-1.129588661673822,-0.7543261804978646,-0.486362773134555,52.98414654085769
941,0.06839801649998138,-2.3792658597412,-0.36621705689769196,1.1939773345025915,0.5713904238513815,58.6766485769628
942,2.9986512324136494,-2.3457952611864035,-1.6116954374991894,1.6874964928986023,-1.1840708440771321,12.254135831631416
943,2.6352112349670915,2.7540137829628755,-1.6193451902776308,2.179967275048016,-2.315969956189119,10.86223411196236
944,-2.9023287121771366,-1.3610119910184044,-0.15856662123956589,-0.01589322470864371,0.3285305387164241,57.016054667890636
945,-2.688878995858483,2.401983950282913,2.4193081715538876,-1.4334789179402063,-1.008548940270451,59.88174161275769
946,0.31961594885048683,1.1839855896987204,2.425858821398148,1.7592805233704798,1.4864789026664897,5.721722721328203
947,-1.8742311186435816,-1.3700617111676505,1.793485277680325,-0.5827695690406991,-2.3965929553046514,11.419206712582954
948,2.9939059064036653,-1.1019749270825627,1.7882892681953817,-0.6636837603087372,2.2311014227650263,14.51707734120413
949,-1.5368567391463883,1.7809269893498474,-0.44238986793811297,0.7324249199007536,2.389285440799878,59.3796378478007
950,-1.0676874320311964,-2.7710166723233067,1.6394000885489706,0.8718624491468433,-2.50515488592173,58.04202186354524
951,-1.9076215659449327,0.41624931218728567,-2.5828312874899955,0.07339037681241276,-2.145264808522076,9.67130505898252
952,-2.1177509477802468,-1.3569880477840834,1.3528804030865,0.8125085712032127,1.8913329223073803,7.028071252461199
953,-1.6143026194960295,-2.030283910025151,0.9141555669521135,-2.079178478622457,-1.4429981631584474,8.540492081573802
954,2.498550271502572,-2.3873088451106854,-1.9481011873582548,-2.32381571296938,0.3386763165077961,6.713059314969191
955,0.5390940013283938,-0.6873750876693984,-2.4299405635231173,-1.0352682225593515,-1.4774664615727844,6.2112003953823915
956,-0.8446425875921929,0.13783906067123677,-2.4214525738746646,-0.6117521223606633,2.274137089870759,56.94304950942824
957,-1.7554423251505165,1.2247352968262668,-0.4490331649111632,2.387572848675945,2.331560138542267,9.050977847405502
958,1.202756918959977,2.6040818137312245,2.642727126153161,-1.911337580272235,2.492113384580865,50.3825959247722
959,-2.3890284454187816,0.22741714667806684,2.279342223671669,-1.9604795834626152,-1.8552914173839965,59.49800262407155
960,-2.0885285010766874,-0.5127686382987625,1.735629674929124,1.8659736085319696,2.0586972244343578,49.91063214097618
961,1.807610694784811,1.8545964568491222,2.2277180358796635,1.1393798266315236,2.442532377406163,55.82055252709638
962,2.190643999799056,1.2494021564048567,0.35370021832817056,-2.50009947330883,0.6296335320182501,59.74990247073229
963,-2.0045346420942014,-0.20845136301492836,-2.565317028937437,0.4373090201574662,-1.9474665427774522,54.98551970329578
964,-0.6609681297337519,-0.042347690130948946,-1.1192542638940228,-0.5634591490292458,-0.7996687857202885,8.852681962807573
965,-2.135313833857219,-1.2544031153589732,-1.114808243410238,-0.8243814696081119,-1.2274469424985628,57.64053106451245
966,-0.09114937041377977,-2.172312005242441,-1.9419304749415007,0.12530690755829518,1.6369150925072757,6.6542717520949735
967,-1.9245651379194213,1.2126107234847023,-0.26111714791165014,1.4011098695865984,-2.324429790200934,57.487780957149326
968,-2.040168968669526,-0.04131259847668052,-0.8942842767970606,1.7376473092470084,-1.0727301326803789,7.728872970286591
969,-2.8976713197137216,-2.191483757665811,-1.0775573812072257,0.18434901729989295,1.6887769008022622,6.264416850387855
970,-1.9260388796401324,-2.3740897038253097,1.6893051354020954,-0.4335395770834683,1.5254155347604048,57.40378233277509
971,1.60687318127027,-0.1319241016545876,-2.342327093350926,-1.8050978956280754,-1.7623412621825716,6.177552418345748
972,-2.4173803529576303,1.2542395180757135,-2.348600297273865,2.4440396769563315,-0.6598297764833064,58.6978294902543
973,0.8740721742424717,2.216885627463724,2.796995848228299,-0.23474798091450824,-0.8845349077949994,57.493240611623094
974,1.9297493054796637,0.2330671138065363,2.502553591116828,-1.280673216704489,-1.1521831050114704,6.172200070488875
975,1.9519851526884369,-2.756671070838134,2.2708635227243916,-2.1241529687763103,-1.9726626659053847,58.764862255311456
976,0.9584732490310937,0.9551642900280624,-0.3733604524442223,-2.6180152508719146,-1.932422295978041,53.9824967905875
977,1.579638343491714,-1.395421536887352,1.3811360722443569,-1.434287812915491,1.6153253083235513,7.884271857047457
978,-1.2164092057389466,2.460575062887634,1.3763451930537502,-2.360303013881541,-2.577624596593203,56.54468734236557
979,1.7767778168565915,-1.2088263988385273,1.37237811504565,2.307937589898708,-0.4965395170123263,11.442837029597523
980,-1.8694373273992018,2.0770061318077184,1.3685419529835534,2.6924583525953025,2.2331605551146017,54.461587648489626
981,2.13096124630738,2.114470526492777,1.3635246221936428,-1.8162236434879473,1.5904479517325627,8.181131071648267
982,-2.9314127609795717,-1.7783783753413498,-2.5403326807293385,2.502438261128916,2.4044179772779257,59.23160960756046
983,-0.806104866861319,-0.9404586036822158,-1.4802956197176118,1.3439475439646353,-0.6560817713576365,59.62454974028932
984,2.0824296596948857,0.04376320724249717,-2.528450500522667,1.4144597175328912,-2.489813709109679,54.54172504326705
985,1.5289082064682449,0.07608142780890267,0.1319412748033627,1.8642501095708492,-1.9837581304807597,6.6030034450707795
986,0.12947851561480733,1.6952596005294998,0.6046552743694802,-1.819053352197186,-1.8994219839825,57.90793559407398
987,1.0092475118062179,-0.4472972534395995,-1.3513855747754862,-0.970795221250958,1.870432547286606,6.974682940342652
988,1.9193357987140918,-0.3103362128984233,-1.2624490207662438,1.4389191113287014,-2.0963169198547007,22.86208138410894
989,2.820984447010264,0.31433436260170355,1.8815231505442727,-0.21860277897182,-0.593370640155963,59.964557545834246
990,1.707381646091414,-1.7432465228972716,0.4484767496155629,1.9986638176500993,1.111016601780144,5.221093183173161
991,-2.59932227664611,2.853325402898091,1.6967356991544154,-1.6163039361182883,-0.63555108729462,10.970051955860313
992,-1.6213786161432888,-2.5665897294093933,1.2365555536072546,2.007553720024566,-0.18770837930055725,8.81990722495559
993,-2.6616560491571666,-0.7349852759548513,-1.705927467507781,2.2505008582654367,1.6728371988821638,59.89570042456591
994,-1.235093738783176,0.41555126776575246,1.2299748925610643,-1.508317620457907,2.4704397358472994,8.125776158352496
995,-2.4505660484368263,2.882909603519047,1.4405747274201552,-1.5986514635591067,-2.316697471175732,43.87202646015997
996,-2.386180421093702,0.3760354166187618,-0.0751571238106376,-1.286853792888364,-0.7788220732880606,5.647766270975773
997,-1.261864555670285,0.009769179511594842,-0.8260017773886758,-0.22228562223576728,1.3364046598203565,5.630499667695263
998,-2.614221394196739,-2.7994277105067824,0.07821417664326935,-1.2494177015701262,-1.298461629923551,6.783265069315049
999,0.028861040485816142,-1.5731470641423462,0.07317309974149008,2.044586880225141,0.30054946928849885,52.37974190421125
1000,-0.47947611367249837,2.367936216478215,0.5380695332122033,0.9395178180960531,-0.7979502968780614,9.025297958575564
1001,-2.4855531820497627,1.3371670268426832,2.0768569526148584,-2.3330291972542994,1.9706232566909345,7.1476779623179025
1002,2.9253200561503525,1.0314201824154985,2.082899869566826,2.5126635608228973,-1.1281722722457035,56.04961375251256
