upper1,upper2,upper3,lower1,lower2,n,penalty
1.9921856898872647,1.9921856898872647,1.9921856898872647,-1.9921856898872647,-1.9921856898872647,19.96290918924933,0.372494605950936
2.9611240807461012,2.09383091743035,1.7096057851226445,-2.9611240807461012,-2.09383091743035,17.554074863673655,0.3370156429427649
2.119577478632703,1.8734595104893361,1.8356079417852893,6.285533994301575e-16,1.1240757062936024,21.321185872123806,0.27147340077467075
2.8922354396961674,0.45786434368291606,0.0,-0.13690936854931982,0.0,10.2637816025808,14.703586157939066
0.19102963186997257,0.6790338881222908,3.0,-0.04201575332445616,-0.06989838076920045,29.068476093207565,25.0
0.15912332933333653,0.22978743214862635,1.0516642902263242,-0.43090544151861715,-2.6995088670320144,29.871291928508516,25.0
2.789666776714011,0.3065336384421334,2.275004952806466,-2.5400996836068974,-2.2065815885179667,10.150685533433078,25.0
0.005771410555570946,2.9509976464777408,0.4621214218374912,-2.3466384203821056,-2.5762529397453764,29.420233647291404,25.0
0.0785222238659869,0.7476077231759567,1.510454220726027,-2.0584191615140526,-1.3051879381635585,29.990502383944552,25.0
2.965474621697888,2.2892154468007195,1.7604643829596522,-1.2290155239599192,-2.09139388576475,10.013223667496503,25.0
2.7598930636767363,2.4132162321515254,1.6566717152459447,-2.718187201933213,-0.49379369390021205,22.682948998195684,0.9225056843005804
0.03942541513331795,1.0422772291501579,1.9046645991888647,-0.22457995404342912,-0.2314761027648998,28.865074071561043,25.0
2.4063296275675023,0.21443376427940924,2.6374312025822593,-0.8040191930874361,-2.999688170902336,12.419345805308971,25.0
1.5035824012383516,1.8293054124205468,0.7571509536071535,-2.393463441764258,-2.244593728573875,27.798838446872747,25.0
2.574248862100916,1.9697269186032282,0.22750827454674627,-2.277088963251543,-2.428666260887874,29.040586099532515,25.0
2.339079293995113,2.5692189433143584,1.2810590237613344,-1.0931780695867521,-0.2243572063444466,10.825241992018176,25.0
0.0597911975961641,2.7824523953502736,2.0933778909204763,-1.0376148602959459,-0.9985426270500284,28.33416671176562,25.0
2.792105689150215,2.467412521043494,2.8187156010637557,-1.7766052430566548,-1.2601018927185432,10.104334693073536,25.0
0.07330529650281442,2.7749279981584247,2.456217633085368,-0.1281117034478559,-0.7056040799541234,29.59563220058488,25.0
2.750806176135065,0.11455376401403193,0.6096362013879387,-0.818034144247643,-2.9605831154664,10.035898490829767,25.0
2.5529729285157066,2.9127944684944795,0.904329811401143,-2.347792495723995,-0.6747803390475045,10.06346019549535,25.0
0.05606393188218638,2.9025023283752205,0.10579680579418906,-2.844944520731295,-1.7756715946072767,27.415513442188313,25.0
0.8435899457958181,0.5214721650810138,0.34421954514828085,-0.7547685917017196,-2.115948096344159,10.159196908162887,25.0
0.10994955802615815,2.9739787094798515,1.165481881087117,-2.966967941639747,-0.2651588958913228,10.450489368835298,25.0
2.751546186784053,2.6560416160681775,1.3941986805288455,-0.9855088912261999,-0.8676607603948432,10.134552813702467,1.8020784919230701
0.4359780974343256,0.10097754259573527,1.6867611478948272,-2.169639955150343,-2.2811676253940454,28.938581256878866,25.0
2.8643569667546904,0.04747413532842602,2.1841913889101185,-0.8754614135999247,-1.0397279100256034,28.54065528280776,25.0
2.057872355961157,2.9966932566971027,2.9093577607868153,-2.8089598150453776,-0.14422420283967718,10.271400500347053,25.0
0.24330033833263934,2.1589657483301554,2.728073457517534,-0.9529048464124616,-2.31115355957615,28.86240356175272,25.0
2.994482453006737,2.8456781714588026,2.5468246845854985,-2.791633859662326,-2.9250318440043075,10.56999773387435,25.0
2.8720439209253623,0.3552285214819445,2.3656112555067987,-0.8849112028511533,-1.3677803388769867,29.479954323704035,25.0
2.8599891064795053,2.386607996574764,1.5977576433619325,-0.35470997157853434,-1.441157541842299,11.309045328163538,25.0
2.7752674117405975,2.7213397594451267,0.5358788119927965,-0.7337616773795852,-0.8700547088616118,29.965507596062764,25.0
0.4826493122112236,2.3323116932258103,0.6833934681430529,-0.15550125758213768,-0.13771898173827782,29.955853143710513,25.0
2.9709080807263764,0.025826990854099507,0.9779970519280492,-2.432956888652056,-0.4459521011091429,29.320325567498895,25.0
0.20890782144027092,0.3777396893303083,0.8307403868976602,-0.35580463870259055,-1.80563548871155,28.992168614990927,25.0
0.16967031683749237,2.7876672680578545,1.4375647946717194,-2.7963884088648774,-1.3085793255926557,29.348693228861066,25.0
0.42082584810787327,0.8936882565216938,1.3570405390209728,-1.4711922554481265,-2.2029610529783636,29.82845592897474,25.0
2.834474149187923,0.6229102231923044,2.0271782459808745,-0.18233664742898179,-0.6855479858881005,11.019186732172692,25.0
2.937731139748651,0.10502668602526044,1.9662676263319006,-2.9761244662376223,-0.2927026385755157,11.020029053533438,25.0
2.644785285509444,2.969678105519274,1.6402619608757694,-1.150966694094218,-2.43817127373656,10.687148174644811,25.0
2.7298356868362443,0.09562264150826426,0.16665254012656727,-1.8330590411444776,-0.2671621822379062,11.106574774120983,25.0
2.9899770148106333,2.6106737182115856,0.40317048723146703,-1.8181764637955087,-2.554577331020788,11.053719531619556,25.0
0.02296597837450877,1.0073884053502085,0.28586394588017733,-2.6078758257902503,-0.2968725773789229,29.658102339137915,25.0
1.4430435520681435,0.0515180260712067,1.2232704564966677,-0.23326981637542543,-0.8347075420819973,29.50307180492673,25.0
2.9714019298735788,0.13022939593811358,1.1085733846852988,-0.3843332892264464,-1.2703856926151924,10.152863754566619,25.0
2.6379130281735303,2.9885315283226492,1.7230454757668117,-2.856159701002905,-1.178563951584119,10.255140322443374,25.0
0.008532056793360073,0.17122316292234221,0.05205100228616488,-2.4205083767765294,-2.9156343345792237,29.635413496155923,25.0
0.004032288522942755,2.084760041705444,2.2295981235902884,-0.5453962817186864,-2.836369802435242,11.069703963835602,25.0
0.29598514479343124,0.22023333563821465,2.1387846617884025,-2.845708676255,-2.578985188526049,10.124068564170008,25.0
2.888946349123562,2.123880318492467,2.682752333136935,-1.0973774747374485,-1.6537582714535004,10.841678217037924,25.0
2.937733696122916,2.9958637090344657,2.9546789080658575,-1.8232344731329149,-0.6258645699336491,28.9078656372905,25.0
2.324465135814127,0.32837423390146603,2.8640367196568377,-0.18736811488565858,-1.7076058914285517,29.917659990734748,25.0
2.906102852650959,1.1262773767998444,2.7733945448027173,-2.837274010283311,-2.0599335088209147,29.91118488207648,25.0
0.14175070110336355,2.1854260209134675,1.8070976283532754,-2.1690798714406747,-0.3810063025417473,29.798407095720474,25.0
2.9214098861637585,1.044805598330119,1.8570414270662752,-1.5087956598721444,-2.2789568127099322,11.168711329130076,25.0
0.27087695554362223,1.005472688385697,2.592737341249296,-2.223181908502767,-1.4046105313057355,29.559670025523715,25.0
0.25630332668588596,2.79728147001177,2.319685176767969,-0.7350969239955331,-2.7899017732227276,28.620933251955183,25.0
0.10334725178578592,0.28479239241296656,1.5557334149010675,-2.2241745464163416,-2.310442966155757,29.770619325700196,25.0
0.0166111627466605,0.016463141922035858,2.5021562014561636,-2.0182431967323953,-0.7042919723930777,29.069405410741275,25.0
2.861485751192592,0.08387436797152044,2.4109136551255697,-0.19108882578885042,-2.9012685582609428,10.179920540193935,25.0
2.995194477204229,0.5577881311604579,1.317892264067405,-0.0635943889905981,-0.05766100467309414,10.447829233158233,25.0
0.7243738097195644,2.683469952830985,1.0150475453612153,-1.2655619232420632,-0.4397738685604201,10.111097239037683,25.0
0.01931166703562953,2.9856100486772794,0.9415420497691465,-1.494733825270446,-2.035450146395747,27.897393251180333,25.0
2.9919071786410867,0.6670367742826668,0.8679117109111992,-0.38265795754077914,-1.7939052518074299,10.272488529011955,25.0
0.11410649436865092,2.7790122959098897,0.794306359458657,-2.6766973765870365,-1.0920020135542543,10.38461496897665,25.0
2.8653882942698026,2.0005232220741878,0.7206168284774148,-2.8694789322042116,-2.7556931142572645,10.259361504996454,5.782624034455493
2.595299776344841,0.12543919241523385,0.49881036713690025,-1.5758220373418326,-2.7865222313942914,10.775715512803037,25.0
0.3524220365739172,0.13275006804614375,0.5724920293188555,-2.669633250903255,-1.1449116226211722,29.911663416133138,25.0
0.20197050391811594,0.41723617019965964,1.4071603240515722,-0.2583101455314691,-0.2134158952839347,28.694563281563056,25.0
2.9644988914391397,0.5982749594091656,1.3842745649673485,-0.9489345930906231,-1.4130150805447639,10.586742893129498,25.0
2.772515231095297,1.3404193865899352,1.4718644800555312,-1.7143556942716245,-1.0297706658595203,10.06434742775369,25.0
0.3258604265997761,2.72117350429956,0.6457954567041159,-2.996687650941859,-2.331801327366045,29.92752508488051,25.0
2.845926741814355,0.7325263827786634,2.0612297977170915,-2.8405272589565485,-2.54410838328474,29.804997095265726,25.0
0.03065252396788695,2.3239047085257276,2.0021038661126136,-0.19981596075248106,-1.9327949009474419,29.927089231391715,25.0
2.480779714315211,1.0662708706863537,1.9859315173613068,-0.3308577005628296,-0.16905454847708712,10.337856078855905,25.0
0.653091900424581,0.6403723656989553,1.7280759368121545,-1.4047236986893887,-1.873815775807978,13.047729506380147,25.0
2.8869118970489946,1.0909335469624137,0.7702158890083375,-1.4999883152969835,-1.8665612139604175,17.87193237570733,25.0
0.6729663419713556,0.832242224717175,2.6999416367196414,-0.4545468309182179,-2.902569932526947,19.68933674318086,25.0
1.802417569053221,2.9827877126343276,2.565017587905292,-0.905824152111987,-1.0347276866484192,14.658928869451127,25.0
1.676481335444171,2.4709360769687576,1.7708810322226813,-0.3465755207140542,-1.2547766583689477,18.770878055023736,25.0
1.371514562839529,2.1084179874392803,2.4003818573433637,-0.10067456082625714,-1.3602840327923547,11.796683156824294,25.0
1.7015865083005322,0.8902137169182098,1.2683734151961652,-1.8786535195026952,-0.3830483303274046,12.825416176335015,25.0
1.7663389236277656,2.4167180485939026,0.7993403483273251,-1.646736562555541,-2.4481907428848704,11.636390191042544,25.0
0.6797122477692199,1.8751857317359903,2.9280603249466033,-0.025463213969652898,-1.069231872176165,12.360304948041975,25.0
0.5575766608699193,2.289057975282323,1.178751403209575,-0.717622081125799,-2.9058114525066387,15.596611679905031,25.0
1.3896119434740413,1.4217422404986741,0.9923949132874714,-1.2715320068952967,-1.3659089123220884,26.383133801200064,25.0
2.6859544074387465,0.39161163886906536,1.5480915146274115,-2.983290160773394,-2.608464290328593,14.933381029468231,25.0
1.5544221729842407,2.442806999623807,2.8786680897385004,-0.6997152936756801,-0.6084707337618029,15.464024859883242,25.0
1.9067303193123046,2.2197037024521133,2.666850238605874,-0.4747625675814988,-1.40127586144504,15.534329884866072,25.0
0.27175863274537027,2.2730767559254423,0.8877620164251447,-2.3779423842465235,-0.6962523711461133,16.91463250600004,25.0
2.001227450337713,2.0351252741092036,0.2409234207811446,-0.9128748242788909,-0.41976752453594557,12.569386518296657,25.0
0.14585436005913932,1.025236160873891,0.8132939855075956,-1.9603638473044147,-0.47637595351818307,20.981013233669916,25.0
1.428979869548592,0.5535183936719639,1.8692906428839633,-0.8859140986002463,-1.8775794035946025,25.932390561142782,25.0
0.26174318648645745,2.4013485984234784,0.4857427613938996,-1.956936862519154,-1.4301790908450636,22.45731486519016,25.0
2.176918796983907,1.6594517033911302,1.37110619884846,-1.281104349632092,-1.5182736375814498,22.828859579042092,25.0
1.4664091181210825,1.9147607440355192,1.7395269487757266,-1.3604034174103001,-0.6318539215669272,11.351101766351173,25.0
0.45991242697097157,0.33675461319952693,0.2328772294092074,-0.1093826755785492,-1.59619494792894,19.62727734213649,25.0
1.7031235979461141,1.1705248704008384,0.017938540580406448,-2.1461534105774627,-0.7177080751650822,17.935935537671472,30.9588632600089
1.8190006664516294,1.0362501577127283,2.872961667866833,-2.5444224307458803,-2.5201914795208644,19.83629733242957,25.0
0.38208884684110145,0.8062912374546458,0.1366948983702696,-0.15725521458118452,-0.049972888107922664,10.661824807494842,25.0
1.745962704318631,0.3831927455565012,2.746778750566701,-2.408834223857295,-0.815911517301684,27.68223891696355,25.0
1.1221289402216807,2.2908570272107482,0.6645321841452216,-0.24666947840322795,-0.8389719467811005,19.63057400465602,25.0
1.0466339954050956,1.1862258108775032,1.9520769645145377,-2.5748954571608653,-1.9535593892522587,10.364538802274566,25.0
0.7523804645458527,1.4079198423688448,0.9362272777043854,-1.0049360388896111,-1.7673015706434652,29.429313722504435,25.0
1.3724191115424034,0.1208429497099539,2.245958629211544,-0.2873671408175422,-0.9112530155018437,23.156428817530067,25.0
1.0523325633949852,1.2339976105133714,1.4556473667845642,-1.007707860815339,-1.3023744640490686,12.266787383490275,25.0
1.034708587583537,1.1041484059121542,1.2053889425849782,-0.958598481023758,-1.230392744783532,22.85597811277229,25.0
0.2829959055850071,0.8055987259654573,2.3352262493659657,-0.2503964886671355,-2.5653549354075675,22.93464277276311,25.0
0.048538983899620414,1.8131298597116168,0.8375256050493551,-2.10010540684177,-1.6508374861557389,28.492177153848104,25.0
1.8755956408674077,2.7067500660311463,2.8928185302567284,-1.4797868480171468,-0.9063932874722385,13.263168542764054,25.0
1.1594094958228969,2.564298360169639,1.0943616340089866,-0.9796852997974108,-0.005203474690453014,13.73294697091563,25.0
0.2539794911202049,1.6934171058301823,1.335524036741793,-1.0826630419993002,-1.797899462812847,20.985138293874996,25.0
2.1390539848002614,2.8669697177342637,2.629373785394051,-0.8918206453494717,-1.9748987966889262,26.138006894698815,25.0
2.9922138411616253,0.4904891610675044,0.47811540517350815,-1.9353229061950261,-1.8376592785849448,26.928197831291012,20.916327986608096
0.10342901277147454,1.7209262194584447,1.929281158393535,-2.182540258483588,-1.8120699097557287,29.239936992756775,25.0
2.8807857434824973,0.15477280702221674,1.2600679645269408,-1.1459804923839245,-1.3242557737064293,29.647467062936684,25.0
1.1987825503192369,0.5006331219114384,0.6944923610495319,-1.7053240034589605,-2.4636364332009446,23.85079110675452,25.0
1.8246190671823326,0.41084067297571214,2.529232011542679,-1.0585962579865755,-0.719336936655369,20.802483562135304,25.0
2.584342209129084,1.6800712949197913,0.31221018186238814,-2.21064791649139,-1.5371751197319654,18.452757628631172,18.371199708218956
2.55672624025809,1.9752832991506222,1.2360090622752293,-2.347982441907642,-2.7731666493278024,26.098679491191202,25.0
1.79472891943445,0.8444491583672098,0.39188725463150953,-2.619680490933683,-0.2512404376947144,24.7138299458302,16.60908528812845
1.0599626515624638,0.516894811609669,1.6608346431976762,-2.8640707233885063,-2.6176971001703535,23.75236529002123,25.0
1.1727444910117408,0.18743226007186053,2.973406216140618,-0.5319153804839205,-2.807855244817747,26.5120646587884,25.0
2.9697327571108803,2.3853074834706574,1.5824081957081517,-1.5369021484807486,-1.8233084020202899,15.125590046708961,25.0
0.1347372129280915,2.7873246362283677,2.7344641449279115,-0.3554039165548879,-2.8735481381185917,10.957711843192435,25.0
1.5194322692910838,1.4692663387006548,0.3633048645220305,-0.4675600958542079,-2.917347965865288,21.237949438158715,25.0
2.416568940411887,0.871808404426091,1.5014132563803786,-2.7396170488450005,-2.9202820554387197,21.698989244724146,25.0
2.6752632376308436,0.4330377746174763,0.44111797636972283,-0.14912664080886984,-0.03312155178904774,20.789204531406263,25.0
2.8525300725996656,1.8445845691451774,0.18607349981135268,-2.1484248962305657,-1.2133213271376182,14.273603703099763,23.315196815798775
2.1301463191004677,0.49823650820223975,2.825400812877464,-0.18166418233996495,-2.257522487259955,27.744515635819265,25.0
0.10992430415792676,1.2745994625954906,1.0741510125854714,-0.6365498371463629,-1.3239739619673307,20.293075448873267,25.0
2.4548963022085664,2.0815503672812077,0.5131540772674295,-2.7890262045490397,-0.3772245837632644,25.043455227322127,11.335249611191918
1.4207319920207127,0.49569036255314347,1.2274937360121836,-1.1357201152050032,-0.10009173204214417,15.428505411011537,25.0
2.05038634724961,1.9005570736690693,2.832526325013961,-2.6993226522765834,-2.9025917974661066,15.055601017273116,25.0
0.08319425091353527,0.4858772556387261,1.0838486121370323,-0.8855314065839623,-2.363891326498747,15.050328753638095,25.0
0.23779736959205833,0.4742483325961504,2.2596723881230387,-2.892378058989058,-2.8605331248409236,29.98681777394716,25.0
0.2028502050171126,0.5052387970376209,2.040194297532863,-2.7560906630210655,-2.715114181406836,12.748637551523402,25.0
2.2759281732999153,0.850063848170888,1.292364792192121,-0.12738787326084822,-0.1719042631819363,25.994479778485527,25.0
2.422588442197723,0.7434551437760035,1.377232024294334,-1.275785606317191,-2.9183888226553183,25.821136637133165,25.0
2.9883359312872986,2.309201204637998,1.651867534530879,-1.5374133098443257,-1.520414717150818,25.76894046776129,1.3327284828257315
2.7819028358483515,1.4961216209327022,1.702344810419667,-2.1659539670350005,-0.9161297154200043,29.064062023599238,25.0
0.014304702165790772,1.8577825698515926,1.1371820886681498,-2.439923611306993,-2.888125660919022,28.967596559099057,25.0
2.12619778613763,2.9557425237661743,0.07887578093577682,-0.7407590344822894,-0.43635098127232214,11.426661434622954,25.0
0.2256692089932039,2.72147756873867,0.734585099238858,-1.0124835394069507,-0.006689444388323055,29.82473635563461,25.0
1.2316775811247365,0.24197726129400224,1.8270344717365352,-2.727534741117482,-0.7445569543694945,10.173595424290589,25.0
1.4087167685469664,2.6099710236434936,1.84090370748164,-0.7467901215094443,-2.7747020254849932,29.718846921996278,25.0
0.10616063724363423,0.06342897300240874,2.2974640707622385,-1.1979128753923036,-0.22365590022742546,29.631841417091778,25.0
0.06798556702071452,2.281951246920805,2.433226383961151,-2.867292868608439,-2.069115478367918,10.938643986789167,25.0
2.9515920553687214,1.4875546700619167,2.479082702378617,-1.532038986615047,-2.223117973535753,10.762505944330043,25.0
2.870963858564255,0.5315123128293977,2.207200271607173,-2.6673029941844075,-0.43406991441622417,10.395042616446425,25.0
2.041145268425294,2.9769002022641455,2.1618108627488968,-2.342325360576152,-1.381943880122551,29.87083712880902,25.0
2.7755304036150714,1.4147647402297825,2.116255517102017,-0.3000915190223365,-2.043826762712155,29.02284636465426,25.0
0.6411179220566031,1.0687896625362008,2.7954075812988397,-1.412219341602627,-1.449793603834842,29.94122537097676,25.0
2.277990439203389,0.4916735666243076,0.26388830549135356,-2.8570942540643,-1.7030946056464842,10.324198999880178,25.977373439402534
0.19053711208800778,2.6708272039278014,1.6180993144982279,-2.171872338724523,-1.3919863039608866,29.04036811445159,25.0
0.21588203182768648,0.3133979798660521,0.20555643088628403,-0.5161337796046653,-0.8324957292110094,15.056820226453393,25.0
2.958339470021106,0.43832661383771093,1.7904391342237878,-0.1845843304497839,-1.779000449388085,28.95490253119321,25.0
2.896025209993129,2.9889107553917533,1.6545479448344709,-1.707826038540128,-1.0216116823888277,17.594536346031585,25.0
2.422447768971252,0.5897690746016206,1.6489600949930314,-2.707734564699722,-0.44558182914159944,29.362773026784023,25.0
0.17258693857639457,2.3614638078269348,0.4221369295280151,-0.9355076058258142,-1.1425609597668922,28.673038189855586,25.0
0.11448264880588672,2.7568525281516756,1.5293028300356497,-1.9276023786146563,-1.6550797169516736,10.156751619407592,25.0
2.8034908603486133,2.5671055055176586,0.5910641153743077,-0.05571115890044115,-1.133956696075868,29.67367657707404,25.0
0.4142760614250431,2.841121172080853,0.9596159142663739,-0.41573231985474224,-2.6972550442624996,10.14316487345456,25.0
2.105097316865286,0.15137165645727899,2.611109166370139,-2.5474700634976544,-0.5104505604709658,10.077595859919017,25.0
2.763318478973096,1.7827128355554123,1.0333559192062878,-0.9460398025549948,-2.6590215908513373,29.496935498272485,25.0
2.3659001197763603,2.7878772436420896,0.5541856217539807,-0.30963890728372534,-1.4835765190612191,10.631887316495957,25.0
2.81088234568103,0.37388741230827727,0.6277158101501159,-0.24958321038474512,-1.3411047154410976,10.134326974697595,25.0
2.677631460186253,2.8477184332016856,1.886970695875315,-0.8931022472074328,-2.8213859613381955,11.656259842723186,25.0
0.23782480045933932,2.9661884183917557,2.383013372385965,-2.6558313625420173,-0.014251497852512372,12.284859872771932,25.0
2.7603317779319196,1.2812608521826627,0.035186260336194,-1.1765112435536338,-1.5078882814277348,11.102036114598151,25.0
0.0033456693938996866,2.793343752935175,0.3279353777709692,-2.686054695978108,-0.5890809809262969,29.015371779211375,25.0
0.11928997048337628,0.5819762705303334,0.920436845208745,-2.0960544380914077,-2.7213405441235055,29.126207550699075,25.0
0.15975421821309319,2.98371353097515,2.0773038087011075,-2.626140550224716,-1.721008119239678,10.779057918729453,25.0
0.05406583197688265,0.20645226653193566,2.8482399386669894,-1.2425361489367825,-0.761334201897424,10.37158523558405,25.0
2.7022170867790005,0.24980757204359838,0.1212458504569951,-2.6293471705922733,-0.9431768764996529,27.903815011362074,36.19355139944058
2.699832919457706,2.956043770766312,0.8526223308707831,-2.1677769305280035,-0.43215975425424025,29.06054875244503,25.0
2.753651892323424,2.165493466001121,1.4223626610829985,-1.358447232025338,-1.68465745452693,10.7112764268274,25.0
0.29887031503596617,1.5802583456619683,2.3504178946920753,-1.314946653045427,-2.4710531689368316,10.537950269506526,25.0
2.2446329169691026,2.921439415699937,0.15167179932954292,-2.002324371674888,-0.31313000246669925,28.5713504908909,25.0
0.8006254116887799,0.04365836197558054,1.486675982882237,-0.33649252797175727,-0.25912501536424853,28.446963711990502,25.0
0.18150426322713312,2.4573047996570105,2.652082290331463,-2.9066562315548707,-2.4533438731656028,27.05119135880358,25.0
0.08546366174384153,2.50090481020329,0.3780035220396532,-2.167046172835706,-2.830825639949417,11.688267936148684,25.0
0.22301913274049778,0.7336010360587737,0.7089472492280924,-2.010772458723171,-1.7316463337632908,29.96224228981949,25.0
0.09194168454610159,2.6191489290675776,1.1228747267002173,-0.013938415056591921,-0.8891037622715225,29.362696778749154,25.0
2.255639933800563,0.21478402299485924,2.7141258265667547,-2.0178358389978066,-0.09541120215530682,10.237517624830076,25.0
2.815561027441409,0.5130741900158711,1.151334196431072,-0.012619682423994994,-1.220653413549683,12.514745956406603,25.0
2.517165563089646,2.775871795923185,2.5788774289744305,-0.13953807282418282,-2.5843706609545434,10.516952986117916,25.0
2.883351584009051,2.281143913372413,2.5156946508857856,-0.7665967748705655,-0.307103341534131,12.007325729745109,25.0
2.91493408686237,1.0338046068644329,0.2993436560489934,-2.928027823734749,-2.919049397758619,10.20459925340388,19.22659337086664
2.140502070112357,0.6982991149708392,0.09233909716297015,-0.25991617094784203,-1.8479830694092003,29.23894628054922,25.0
2.8356014622198167,2.919303150817682,1.5689912377535695,-2.1807934946862177,-0.2806192642470303,11.14300987726448,25.0
2.8631151771795254,0.35945043391000564,0.0654681687669626,-0.2577610181788688,-1.844962083132215,11.394169662983613,25.0
2.611997709226153,0.6272646242375621,1.1920640293929856,-2.3180579559950423,-0.31124313244986546,28.281049799685416,25.0
0.7052779328470935,2.7892352995036758,2.7600770754509845,-0.6151134493209046,-2.880158918518602,10.545801014713541,25.0
0.020588184999418814,0.27748017175219936,2.9413696113375725,-2.7412453255290954,-2.4891869793700523,15.177501284613584,25.0
2.7931613693758126,1.9495846161830073,2.986702638111877,-0.8578559974564033,-0.5858579107109505,11.149494326571375,25.0
0.4180744221971509,2.784809514322914,1.3051097401851162,-0.15516098328235678,-2.8543669277376136,26.85691477098212,25.0
0.21950738205409764,2.9798054674330863,2.0146581462199533,-2.744913630579274,-1.8555432997163668,10.867626077817665,25.0
2.8555213546766534,2.688353588626544,1.6743285659484075,-0.46340631183332437,-0.24047380322037074,10.293854517621384,5.323539191821888
2.9613989159945957,2.8686405491848066,1.9169719288048395,-0.0548409636506185,-1.510405778257598,10.979493327225823,25.0
0.8499841776801249,0.2264219536654351,0.7824683927231687,-0.5419777497059228,-2.4486815447869925,29.84082269626996,25.0
0.012516665785134164,2.8122200145590543,0.5236494180644432,-1.6545458586385953,-0.2586491150529899,12.024426043681272,25.0
0.13223824042055965,2.351044164831401,1.2480627142377856,-1.9936339808186814,-0.4831950730586726,11.913457885145757,25.0
1.268393698764472,0.03581898573783132,2.807192352564731,-2.4855395622501777,-2.8126363533375964,10.208953304947627,25.0
2.9656566946268126,2.6241564048382098,2.490630111287126,-1.9628445469767193,-2.8281862106172877,10.518469461447989,25.0
0.5822176248989582,1.0270532712950313,0.25227831748708246,-0.9694765460916861,-1.1645292262988554,29.657665450835562,25.0
2.93795153878869,0.6606857475375536,2.150297776964925,-0.7467574378162707,-1.89413599191839,10.458831661165863,25.0
0.07481216557504806,2.0269379491945956,2.1956958342183595,-1.5763189235546444,-0.8839360653148516,29.015153584324977,25.0
2.657748998201509,1.0970265550652873,2.4447219497631774,-0.18321300136007215,-2.7719521906972595,10.779447898479095,25.0
0.3049712588992151,0.5666365399301703,2.4676494980603065,-2.016136519627459,-0.7729321106390683,10.53834095982445,25.0
1.1199666489622357,1.4108620448967488,2.104811181163113,-2.1236516735826,-2.8783445506469656,10.109277111948149,25.0
2.9561724819064197,2.5415684276171473,1.9406641497564117,-0.41832016680346173,-2.7821754837369346,29.44663083680905,25.0
2.6499490035034756,0.966711941657843,1.6294533764079049,-0.3433078811495252,-2.9162477271104548,10.013650399688549,25.0
2.5585301466334283,2.3523396274406765,2.1275190494239413,-0.23920533604719693,-0.7010419129227535,29.566793107459464,25.0
2.864775670797915,0.12859094530702483,1.0037088637524267,-2.5754252081115623,-0.7814901343726073,28.955845713158762,25.0
2.7810598976925154,2.642385907560229,1.06298877184899,-1.5797610253626122,-0.9007614745561741,10.94838586264657,1.5727895014325572
2.62353123877718,2.714735858210811,0.745891268393966,-1.5851720380282261,-0.35305005548003937,10.871992232567434,25.0
0.4886888305593495,2.977074845229796,2.1730011758717183,-0.9818826120511824,-1.6934695404888283,10.448199385244516,25.0
2.6253871071799724,1.3604109527173194,2.422047790881928,-1.9973479621302352,-1.0755370367354178,29.55572766747847,25.0
2.8443907580322,2.0611535489040693,2.2183553313831426,-2.794453087172926,-0.809087730064051,29.50651770295634,25.0
1.1081256988474242,2.8785375752281515,2.286221267287026,-0.06221461749708803,-0.11797066589917438,11.689466075117398,25.0
0.6980443441229691,2.863410369558012,0.2167556621943108,-0.1629553975864757,-1.4424230013035122,10.812560873432638,25.0
2.5255738282484734,2.8593484474955333,2.308525754170616,-2.1711536880395257,-2.187432465922678,10.437119047352413,25.0
1.229599000011121,2.2101216591313295,2.7844229580830024,-2.089519758248265,-1.5676605231513676,10.090732008094015,25.0
2.142708149488613,2.781608721959803,0.2748961272399379,-0.9485477307143649,-2.870200602933887,28.574726953628293,25.0
2.765265025844948,0.368854861512623,1.3462988958150564,-1.985703305290176,-0.8710510811184501,10.893644102017404,25.0
0.292387917243542,0.33728537345192505,1.714187432575982,-1.0662529504478584,-2.0865884913679498,29.136326272697858,25.0
1.452295089219853,0.07127761339862297,1.7500340273729558,-2.0050192849943653,-1.7689835234255733,29.57891073273185,25.0
2.4346332539248143,1.997577148884681,2.0506851631973366,-1.0867321994185122,-0.3823059720463625,10.05894817444642,25.0
2.8953729216145603,0.010973971488504672,0.45162526470682096,-0.7638360740690836,-0.7353817090926794,11.943219320255285,25.0
2.834700813315837,0.07496501299312984,1.6079813139358365,-2.606197742647751,-1.2902694919563806,27.166251904393953,25.0
2.7949700038266823,2.6711586684278084,0.8778290849707328,-1.5185514280581895,-0.7798630872472985,29.579949014824223,5.049623979765787
2.9784443840979034,2.5490211854605307,0.19578734392312527,-2.5221499828406437,-0.08103143007765477,29.16828230815256,17.84972227792069
1.2907152169534302,2.7311220539910854,0.17651044737021732,-0.29033488011488323,-2.7119721610382603,29.87348791374027,25.0
0.3746086244585863,2.522912697420996,1.7805785675143984,-1.895451055605325,-1.0978465211885104,10.411975307702608,25.0
2.7184061077900963,0.2827732678377237,1.816934038079904,-2.3360831047438597,-0.7715251289674382,28.420855516335887,25.0
0.4374717618714473,1.504045149463798,1.9758784278049222,-0.6064394736819634,-1.5258480248994224,29.740346431024992,25.0
0.3380730300543277,1.7448573148830233,1.5388785980348982,-0.8543496824579616,-2.1137906092477863,29.980946509997395,25.0
2.807219761480251,0.19271487749885655,1.519850602889487,-0.6012150071795046,-2.096597886539509,27.6565199451565,25.0
0.15467796251496632,1.5236078999743576,0.431719779491567,-0.03461813885614276,-1.968050617062856,10.150759549782165,25.0
0.6844552333224447,0.2546633893249129,0.41272298979874134,-1.7919818670306886,-2.1009782160945,29.877544046376663,25.0
1.9081389312521855,2.2436489992327147,0.3537756834054564,-2.481921519076496,-0.3387722318475425,29.78495445622025,25.0
2.645711124862642,1.0236038852946134,0.6740494805748106,-1.3181642047977753,-2.6954575553394307,10.918385437273283,25.0
2.9369901470215227,0.014209212648105015,0.655278430498253,-2.974923064686311,-1.838840848679522,13.593284865763358,25.0
0.45914883594494565,0.07806187252302921,2.964042729155439,-0.07832318891882502,-2.0479860582673797,11.207345913173794,25.0
2.9180358063236738,1.635318570110395,2.9187430234403995,-0.07168890932362655,-1.8431839985578466,29.359181541970855,25.0
0.46571757585935203,2.8235425526726603,0.007940510836772075,-2.94453941038434,-2.349182955934865,28.3396584914792,25.0
0.21448589476481045,2.891199517665062,2.620414679083337,-1.4739712739511002,-1.715822975530208,28.990146502740686,25.0
2.726764283490077,0.8575375717721191,1.657742847235669,-1.8894404411194834,-1.961575830906378,29.668554060736717,25.0
0.744948744382662,0.20470330515330346,0.6002873565885243,-1.7941259082282428,-1.3210717159227343,28.862456240097938,25.0
2.071118215057006,1.903466811456504,0.5818428824882638,-0.44089829506228095,-2.920539281527733,19.843418679390176,25.0
1.1714049312886112,1.9083128095145374,2.601901023495524,-1.0363624211152305,-2.8615912574125715,25.743491114446936,25.0
0.08312316447744439,2.975426301608667,0.9688701717838761,-1.024655222900215,-2.1712880139890833,21.620768147628574,25.0
1.804953572857284,0.6509872818227012,1.0424883530390787,-1.7747557610694151,-1.8159913293918912,14.703825368323301,25.0
1.07967552107526,2.1465326508076803,1.0242011078498041,-1.7243005536463298,-2.726456755320385,25.667514563446364,25.0
0.39766154476697774,2.066206877219269,0.5633219668032415,-2.241288485656289,-2.5228155164802812,20.350859057862973,25.0
0.6853598574972558,2.975642678260237,0.5449619198174126,-1.8763148272138903,-2.1179317127208677,12.090041724802493,25.0
1.6264201930083064,2.983509750564492,2.5558493222926715,-2.023212734806863,-2.6883165332710823,16.71165408468799,25.0
1.4644667489366086,0.54177423232316,0.9506176460332112,-2.463955285414693,-0.339397594703879,16.306172228662685,25.0
1.8158552880061152,2.642261182839923,0.6367410966429565,-0.2102167889415174,-0.5553290492003589,23.78280983900496,25.0
1.067486356491652,1.1930713596155857,1.4466336112386136,-2.288630021603801,-0.9400695231014895,24.870018891037414,25.0
0.07994710587973941,1.563149012622499,0.6187251790722683,-1.1566369023734069,-1.748772099034845,12.111183871950558,25.0
0.7170859618441332,1.5763973423890356,1.2143564494364214,-2.14654847640589,-0.513926099629388,27.404197686808747,25.0
0.5516501189119565,0.8023474997315769,1.8781277158044964,-1.7469766315985242,-2.2946646313957237,26.094453053087125,25.0
1.0475266516491608,1.4499109543829303,1.895827529674215,-2.3141372592507286,-1.2371722309350384,15.261290749120992,25.0
1.7229139696893303,0.5614047027936526,1.326676273010833,-2.1782080388701113,-0.9617138348660316,26.97285682468919,25.0
0.16418165641546686,2.7767400896425873,2.53808803297415,-1.106443003313565,-0.5120317754824834,10.013566554402578,25.0
2.421480874298088,0.5046007290601271,0.8220283780710049,-1.4353294772151337,-1.7358270997150744,16.406172572463024,25.0
2.6144437062405594,0.13226278740362526,2.3743317626797062,-2.249103254440037,-1.9340245228916124,24.21859974124332,25.0
2.5239504299006974,1.5065620766506898,2.3916539977177464,-2.9744250340639486,-1.2958767544891956,24.790538200006445,25.0
2.891454936916942,2.4625936602266116,2.6913339557092932,-0.5617065033452215,-2.260401559133931,12.483745652591281,25.0
2.697290675332635,1.1922728062441021,0.026562403418998338,-0.3561744109453789,-2.1821545321005242,25.88193536465416,25.0
2.562557119084506,2.6278504133342673,0.04364178272458711,-2.0559099636889777,-2.5904387395445463,23.62921520186837,25.0
1.65257765754232,2.9186976358908527,1.7987503564459726,-1.5894211548153914,-0.6394609193907902,22.218753482305132,25.0
1.4198705238266813,2.9212697747977137,0.8960845112670425,-2.887915050662724,-1.8894019376735722,16.73194469426668,25.0
0.4659981831695725,1.2328944335431302,2.9011401528344614,-1.2967201612516095,-0.8552888522966225,21.5288707020874,25.0
2.7969829624885105,1.7884428981447305,2.237825308340351,-1.1365544247350616,-2.873598246927271,25.294302225258182,25.0
1.710964073851757,1.719503430742609,0.3360381393558457,-1.5193024890287035,-1.0728393541241845,24.11526383586894,25.0
1.1045136861827825,2.4527729272716257,1.4637575525475328,-1.3335874572508812,-1.1207477809444435,21.28916412853438,25.0
2.6081060552668007,2.9775851782371032,1.8490038901576191,-0.5752571787701607,-0.8135792466480238,12.799840555443573,25.0
1.4195675741847593,2.8701207641856694,0.9123850906603114,-0.8097764158000147,-0.8326309333636772,17.718863221525233,25.0
0.8142232783459534,2.112781885368105,2.0853926212388414,-2.946461350574274,-0.9705032354619068,21.680756026728094,25.0
2.589256217636604,0.12354865871397644,2.0692934697040326,-0.472266364364332,-2.480484286184881,12.294760893422847,25.0
0.7205786658141775,2.4889088830887784,0.47015674800283924,-2.4596099389997086,-0.7171202428441078,18.093521911827278,25.0
0.31401185722931246,0.7387010799170883,2.6747479381797246,-0.7563659561432168,-2.052558150072059,15.190062430204797,25.0
1.4526269618502072,1.2636126282633682,0.3199889647718618,-1.0746897855989814,-0.8619671617802562,29.91274084046158,18.677503022753832
2.8626771218930323,1.0639070042331127,2.856156959201973,-0.952930636614794,-1.4041495884550435,13.24259338299771,25.0
2.756331324273452,2.1549744686078265,0.9283917215576649,-2.1868213344543226,-1.0568285217228657,23.156561483102447,4.28150281161601
1.4419585468941825,0.35125407013848686,2.840376942135023,-2.0130391450949423,-1.4406046245111657,14.294191203721617,25.0
2.6522787417929035,0.3876856051621984,1.694546581421598,-0.7735442751975865,-0.599314785792052,24.42155175983895,25.0
1.8162899997134287,0.2603323877137605,2.327445200220267,-0.6782468568451896,-2.977886930504812,18.983946961449284,25.0
0.11224725886875649,1.3356442874766405,1.5901049961081852,-2.4737156952634396,-1.381619310394564,13.151864644936893,25.0
0.5854523472036747,0.6041283863547581,0.12901226723119644,-0.3854963227165804,-2.5706972728716515,16.32298620676189,25.0
0.25920474385079095,2.0954222830340328,2.2673634632462187,-0.7372304026027505,-0.524887802701429,23.76893105940833,25.0
0.4989008906169113,2.38407646084964,0.1134659505248015,-2.577760410076058,-2.365661320652726,13.715623851955561,25.0
1.4112962802664784,2.3519235377944585,0.860232683699393,-2.4965137918630744,-1.7940191936181986,15.747710022481705,25.0
1.6208700723840317,1.391948439810254,1.4147477330096032,-0.1383082458576748,-2.7651973573252295,23.534119774843347,25.0
2.62976365549512,2.437667427151686,1.429965549406332,-0.8546713268024022,-2.276947365812809,21.638848090475733,25.0
1.9853341888034874,2.554815276156173,2.358001707921743,-1.607452175780341,-0.29059868940761335,25.408691764816275,25.0
1.8309646429711595,0.8441580893725753,2.342849192416094,-0.6079040518147718,-1.7505517094671696,14.368819492217106,25.0
0.45209317904099017,2.514779240268624,0.8450734915859155,-2.935130120490812,-0.11683038495606117,22.582905797110605,25.0
0.8940242571307808,0.4029190836768145,0.1591557053547963,-2.7649199446016466,-2.907621936210345,25.21920842409021,25.0
2.031597849553446,2.2678220452117364,0.14419616977657304,-0.10729873907836841,-0.7634405182189936,11.99974396443226,25.0
2.949764912726804,1.6917444613191612,1.4792749450693934,-1.832571969855691,-2.7988177987851692,27.22966175022545,25.0
2.145710560525769,0.09793602890373136,2.6594674690583577,-2.3135012346706234,-1.7475339675002426,12.654150348297062,25.0
2.655080742565348,1.7550725652297219,1.494046163011351,-2.613979549993692,-1.681174488625537,12.237192739131775,0.7955488692016217
1.5006656574025135,0.8105099699789085,0.3706540111652614,-2.2370412639529627,-1.283393984717591,13.153779971662015,19.376001915219813
2.689489478260794,2.274911849724604,2.6447588722728894,-2.956929576294178,-0.9966295804874532,10.476607795661096,25.0
2.714166381725289,2.5069859208875607,0.5061092878965434,-1.368934391407868,-0.3089583278479962,24.18740615831594,11.127007471453078
1.331901356173617,2.2674358060070356,0.7017187356561584,-0.6965247674016951,-1.2004564388009338,20.755342267728437,25.0
2.0819611965676508,2.2405958058900524,0.7273655416960924,-0.6848505939334586,-2.767372294643649,29.65533513706757,25.0
2.6691056833426368,1.3903806303936934,0.9851937612123395,-2.7448159701124486,-2.6882937980731416,29.848744380502993,4.669166041713163
1.577695928741847,0.777712647191363,1.1300283952286085,-2.126746314546807,-0.029204392716936266,17.893572170439946,25.0
2.9699883748711104,2.1701955974375484,1.115724051692542,-0.8065204583894721,-2.8102989168857917,14.652618086471065,25.0
0.7165058615700068,2.636646825903928,1.1014675556151758,-0.43246434531192257,-1.3459805345994555,26.576114695410688,25.0
2.1555871013303447,0.5281909800075913,1.959172864635423,-0.8687399416601307,-2.489329743398842,21.95840740226185,25.0
2.365329789071564,1.2649334910051997,2.7070337977696664,-0.8634206123210859,-0.9118398397629566,10.38569977255706,25.0
2.5196974594395614,1.7845166159608086,1.1442582597402067,-0.9436723990662017,-0.07682649561486561,29.905554266257674,2.9111549468271543
1.0507187400141271,0.6125401274906765,2.8857438312342767,-1.5282472958315128,-0.8656954483835246,12.56557697677614,25.0
1.2306638188736174,2.628316298535128,1.1584077340115995,-1.4628068648884684,-2.638457161030912,26.807958693486693,25.0
1.000472790719708,1.977688164119063,1.3640739872500725,-1.7911732404726872,-2.273370862342162,29.910168188229548,25.0
2.7263394295362566,0.02656454772364696,0.3850117357862196,-0.48843108822160086,-0.2978315504167748,21.379528292904553,25.0
1.7965799156456117,1.4192700519652375,1.6678333913463184,-0.1829769056889003,-1.6912655263822165,20.904322514874934,25.0
2.0380798224045913,0.4320591414812486,0.806316708659926,-0.5146433705787635,-0.4983318373737108,17.91613165154883,25.0
1.4622601579405312,2.2736773147293436,2.7210991633708037,-0.6874985748490434,-2.35922633099249,23.489426015884508,25.0
2.234675374351843,0.9355052447205726,2.585807480808974,-0.47088625971376435,-1.901426343521081,28.254332695419127,25.0
2.7373705078417268,0.08986485874440794,2.5719473247880416,-2.5662024996935884,-2.956003372341221,19.745967596572083,25.0
2.317508403298682,0.40792653656773475,1.4002490316509013,-0.2253807064725641,-2.8222932103574454,14.8578948528308,25.0
2.321169867655924,1.915814087641909,2.252815760864624,-2.414594096644552,-0.7987323004792404,25.62124084110242,25.0
2.739227996762445,2.866545163922831,0.292646718948562,-0.8994756929550443,-0.24666801548045011,22.742852397393186,25.0
2.5398240881849214,0.8580329919641045,2.508925256820527,-2.4957625456150203,-0.5855620054066352,15.253823570318257,25.0
1.2255588531855488,2.609468098541906,2.5224634545272235,-2.030840607636627,-2.2530318643136122,25.23088299017691,25.0
1.2263962463901026,2.7236457506535,0.08560753585854329,-1.1514569085942357,-0.29881512983208525,11.91470265374852,25.0
0.2538165625774132,1.8066823306715496,0.0990681433128183,-0.540160448364374,-2.8506080580381417,22.43053185563879,25.0
1.5141724090686086,0.18762133675708453,0.05875950218216299,-0.8957935647736935,-0.4911841353358022,26.94886678847661,33.79844333640639
1.036223707434961,0.907472755082723,1.5756996705221746,-1.2409369830580819,-0.8595535673527719,17.01302595113247,25.0
0.018697688085089793,2.698006767177439,0.07217206627707518,-2.3340777633946055,-1.2576003647456242,24.474191562630086,25.0
1.5200690591432326,1.3248686472380613,1.1987265268755618,-2.023876275571023,-0.053551748994487364,13.145191275912875,2.580060274940254
2.1380965357120285,2.5716167151835707,2.7667358657462184,-1.6788493314900361,-1.3571099882873396,19.8337203369528,25.0
0.5608144368310913,0.119018577359927,1.1854076571252845,-2.725283794499507,-0.8502103442984521,28.265340031798758,25.0
0.534835132919619,1.1647800742937613,2.9480242876350986,-0.8591387846315318,-1.9674946494093666,22.410976641654,25.0
2.3659728848824546,0.9269787542986818,2.9347148867239143,-1.246160797216878,-2.3410595461007655,23.86552986221002,25.0
0.3194127697468662,2.926626886610755,2.7534278360694064,-1.3860630770289961,-1.3359884974271703,22.002719529424926,25.0
0.11366303179988715,1.7075400811076655,2.993351358332443,-2.1359069493969014,-2.7358971227853583,29.94646284471804,25.0
0.24257771368048492,2.859630651476029,2.9800543710331673,-1.3749621588080516,-1.9040269826322163,11.311191894685,25.0
0.5417968421137925,2.8458802592151695,1.1721166873173778,-2.4661404728474823,-0.10513920695631589,27.761869790853886,25.0
0.16746307469753985,1.5791881709431208,1.562362331812258,-2.4339972025764083,-1.0753009864947238,22.35916308055668,25.0
2.545490035464087,2.799160888471373,0.49227658768832777,-2.9311350693633975,-2.991453399762099,27.13268452599018,25.0
0.8928760933924663,0.06544033861663949,0.7636833940826339,-1.5913227742827514,-2.124888302164002,20.83292806106633,25.0
0.15286766588983186,1.8033841357969227,0.30578436250761365,-2.5854801966718695,-2.3179193345621654,22.273625152837337,25.0
1.313837222688091,1.3509163086366855,2.0336862592922293,-2.0235274068895333,-0.42572475334283855,25.311846685884998,25.0
1.9997453224917183,2.5924474649775826,1.6802908199607793,-1.700898123158713,-0.9719994247483121,26.789479952409003,25.0
0.08141875036408422,2.0865325313298344,1.3115010141167878,-2.1425392438551407,-2.7037458364574065,11.325506953271912,25.0
2.4046488005415063,2.404511817626322,1.298737274150105,-2.0160902984710227,-1.8215349213220813,11.928446552801573,0.7125778683970954
0.7772197413973929,0.4872540595294026,1.2747161910629043,-2.6194736947612607,-2.99835149998483,29.118768781550173,25.0
2.993930060712437,1.9483362837788787,2.008381035575863,-0.24763495754131382,-2.5004661699154314,20.423791836525282,25.0
2.10893578838111,1.6255799503234563,2.020918227400473,-1.60671773302934,-2.9477309005139487,27.047939574148266,25.0
2.682021069231724,2.6113989636930324,2.7406214392117896,-2.948014301929373,-1.61305504789614,13.898959010727275,25.0
2.57147025768544,2.108087609449125,1.9231265377278834,-2.8943497353042043,-1.8863575272260775,10.892737603201272,7.510201448627828
0.9592691071398102,2.476409753487422,1.9108182563090519,-2.0359243357309333,-1.91456039066642,29.744645853373832,25.0
0.7614559925408586,1.640191985565728,0.7763421325286073,-1.992332173356436,-1.6627405574765306,12.723191883321023,25.0
0.6499256577681249,0.13085680611532902,1.8631660312190248,-1.7771502724197559,-0.04238145177347204,27.497814860934277,25.0
1.3134689907000623,1.0361508158381396,1.0577854446907322,-0.736552596092477,-1.0595165350521174,10.6048374185126,25.0
1.082867822357404,0.3975121012540389,0.5297641133141658,-1.591629092903777,-2.5719060857334464,10.603653973158034,25.0
0.19127682279977196,2.9186249257999615,0.7150240920551437,-0.9683016376994469,-1.622376051441123,27.39181259568789,25.0
2.868250268784371,0.2839140168848106,1.0681102256047517,-2.5727656449291567,-2.2470785389551873,28.26549724312786,25.0
0.7173983050078018,0.19438898534552876,1.24203589891364,-1.2401518896417267,-2.641626110482984,10.233649334033794,25.0
2.106585860905266,2.6639872900459847,1.2540653375996202,-0.10815766906786027,-2.7774850154156923,11.115109377698824,25.0
2.8335344778007996,2.335162329429967,0.7883873783690514,-2.2918540075253695,-0.9299711167288283,28.927879798297138,6.259679153818521
2.893109293542842,1.9008019353794843,2.8012999616739354,-2.970806787171676,-1.3271910920648045,29.198392856650827,25.0
1.5583921323870347,2.0326674387913184,0.25807697361168347,-1.0501527110431224,-2.3606166038857923,10.584345402932321,25.0
0.4787203591972005,2.8728610350501653,2.4848564073978965,-0.2472013517965794,-1.5800845039350977,28.72290652458553,25.0
0.5313912241374165,2.193910806045166,2.4963931563918647,-1.3694347085290342,-0.25887011605785565,10.84414176340869,25.0
0.08356500798604137,2.992179030529549,2.8129539792427156,-0.42293190095535704,-2.6957050891434706,28.633285695549503,25.0
2.8456084580580328,1.2765864931831756,2.1445412152745265,-2.3594188162659733,-1.6607983109738074,26.975935574735814,25.0
0.15729538895072015,2.9085399202934887,2.15605431932304,-1.512390053957777,-0.6209526691923755,28.796274197968625,25.0
1.8805247053903353,2.8898865210230893,2.1899436113093507,-0.49744532367358013,-2.328381563640752,10.249473382340275,25.0
0.23641286078649723,2.0837140455240006,2.20144805240605,-1.0239094531849342,-1.2491740983626312,29.805559370855295,25.0
0.7403307155514494,0.4096252525937247,2.4504697907773583,-2.2861650500900286,-2.3853131021364384,11.34047901711959,25.0
1.684157226657757,1.5384222002053822,2.438974164967622,-1.0294312672884163,-0.740095271599846,29.118707512885553,25.0
2.873613115333322,1.411597893286976,1.733801442129057,-2.722731361567505,-1.0801389545658593,29.481686636173283,25.0
2.3645985305384483,2.7741364432267126,2.1105333483118383,-2.8065210081399337,-2.019902915728278,29.279435794099506,25.0
2.0743125640469846,0.09448079008791804,2.0990945359171063,-2.5639292684663735,-2.7783587210561653,10.394803304847194,25.0
1.9927760527095437,0.0009452143079771265,2.4733661007174765,-2.9479898267054194,-0.7782650838602596,29.912660107732265,25.0
2.9862256239690295,2.68391851049804,2.4619335643867015,-0.009697308405610568,-2.344214129735752,14.062847495368374,25.0
1.4283992428923842,2.3465773014495754,0.3974610148036153,-1.2469717121412591,-0.23517092162946215,29.431135280443037,25.0
0.39049956052935286,2.8621609229837652,1.9463705574386088,-1.9106072770927072,-1.0816125759906987,11.122865573450962,25.0
0.5547550032016072,1.8397349811176165,1.934972648560621,-1.2078907373232968,-2.179024347860742,10.937357739637513,25.0
0.02811118257185433,2.8367716341949722,0.24660086939762366,-2.1179569426532767,-1.7722222531112903,10.459664741407742,25.0
2.7570041300932755,2.2696191094872713,1.6237763452934562,-0.21290102641168152,-1.1717290966640004,29.299493101910304,25.0
0.2445656305687063,0.8474135683295917,1.0093782045479374,-0.5631053385682642,-2.1880351541369643,11.52018054708389,25.0
2.935278908884538,0.07765038620992673,1.9964357327112414,-2.4745854913516743,-2.733395003747796,12.273530528383155,25.0
1.1726177547568892,2.1534705089200146,0.9980518890024623,-0.11727711278948058,-1.6331279872668036,10.5692793268191,25.0
2.8218553666403814,2.3472849476472963,0.740238182767954,-2.5403419927782473,-2.647255138889264,10.7389423813517,25.0
0.6489618127536351,2.810791761812184,1.2867119178227588,-0.20326418065920715,-0.4016490038458479,26.370634022554174,25.0
0.15182877938897052,0.3794180637259006,2.1331518555785562,-2.449811310867076,-0.7090091125960521,10.309781489535025,25.0
0.8431682198157954,2.7552926190916365,2.121887296019952,-1.124024118626167,-1.2199151933727543,11.026971301226343,25.0
0.25324693441117846,0.24767099495346528,0.7515211024299582,-2.9608528980586613,-1.370600180259289,29.83832467456474,25.0
2.8307728452347085,1.965327417315224,2.2918426679196857,-0.44072195093538036,-1.7062786572266426,28.783707484735846,25.0
0.11251741135889871,1.2935542214702076,2.2239767289624672,-0.4787491581974718,-2.350151164821399,11.729940378184583,25.0
1.2725699092532063,0.1739979547402206,2.280613110070867,-1.3687796481149026,-0.08680028779770324,29.678854732539175,25.0
0.2906993259699712,0.45321286830369345,0.211156045074518,-1.9716399165031193,-0.7936529485525851,29.73441391093367,25.0
2.8001768028539655,1.628357788902809,2.1674060193956053,-0.613407944110962,-2.691432587208245,11.054784120215688,25.0
1.5908144649620073,0.05547468690713993,2.178596293445437,-1.5323685630779538,-0.11970348799193302,29.80274761611773,25.0
2.882389986048079,1.3433078519305173,2.427637102102614,-1.5349940642973527,-1.9812037782051264,12.984316938964193,25.0
2.329672686238691,0.17701416112957488,2.314105465669252,-1.714607101734331,-2.737931155726716,11.847462847923577,25.0
0.528315367370189,2.4040256029938463,2.2127778163328182,-0.022432141980133446,-0.5428741422126432,11.953795013188161,25.0
0.3114918176121405,2.781888638816167,2.4164807220294957,-0.3728297665885928,-0.668912462973644,10.737624369846191,25.0
2.7828679228744617,1.1899067460705903,0.6889429146561205,-0.5515105857950072,-1.7459335704215129,11.092498310849997,25.0
2.5761319934860274,0.7755050027167426,2.302994912308076,-2.7721428333655074,-2.3160948599524547,29.827586924650436,25.0
0.30675369054994417,2.4774601095421493,2.7789087515133,-1.771599761696256,-0.46432478202522365,11.476898849010006,25.0
0.12795440208745845,2.8723792837730637,0.2693986005317343,-2.9999657421414803,-0.4894314864676507,29.84731224033619,25.0
2.980109555232767,1.1373177832810115,2.7899152694527807,-1.6235332472692332,-0.4109470416909738,25.67311676715801,25.0
2.886693071643845,0.9919596970009037,0.28038003022191144,-0.09475499846346119,-0.416456538630242,13.472098035074103,25.0
0.15677098635817174,0.5070257133405681,1.6348576684563219,-2.155711069061343,-1.9846945929772313,26.372272376783737,25.0
0.06679503861019695,0.5554118111342803,1.3896799095004055,-1.2222149205697406,-2.3720911449088686,29.735777097023668,25.0
0.7924110159692415,2.514539032588702,1.3409114663609858,-1.3229833325472984,-2.154768907432731,29.474126203161582,25.0
2.655170184812165,0.16781454160292628,0.518269383763455,-2.6063594376004176,-2.6104439467468916,28.178151508818804,25.0
1.573937223221411,0.014315052776207605,0.22213196015024886,-0.17892381255217146,-1.5010416005116,29.352288135443036,25.0
1.4072298486975994,1.7803929904128517,1.3516697159942241,-0.12399773725091941,-1.8736756334799856,10.911915248429072,25.0
0.6093605475942687,0.033445621488551014,2.055957477632317,-2.3500395947935915,-2.8553121728236763,29.238042813522846,25.0
0.47549683959099237,2.715800139434099,2.4056477568929386,-1.1581391449777483,-0.7538968132189526,29.773544350337602,25.0
2.332466062427668,1.384566020948534,1.0891051239524507,-1.6383977361648452,-2.2531685873353586,28.657530610420647,25.0
1.4697962573186263,2.882214225853024,0.4463716205229981,-2.076322077642032,-0.6489366288161742,24.330350917651693,25.0
0.5895162558803493,2.7160920574710525,1.7447804896025205,-0.9504377172366931,-2.585493648229338,28.346843498562993,25.0
2.675392267383699,0.34748645231251873,0.45687334023657195,-0.6555187982216006,-1.0362368306530425,10.692919610201479,25.0
1.9466292339350304,1.3351580537575114,2.0454397336072914,-0.7226293868607296,-2.4708984762174753,28.93743156357791,25.0
1.9087140289346256,0.6280980757524104,0.8825260082715798,-0.30436129831580616,-0.3757219890353847,12.061077050055587,25.0
0.24093382479104475,0.28653705409322644,0.8731400188566781,-0.6907052069833596,-2.2739209802100246,10.292547563049185,25.0
0.09853778355237867,0.6024277429138132,1.7552492047938484,-0.7606227277948406,-0.8426707654085396,24.361758308788435,25.0
2.9100695925760354,0.1940300137541103,1.765672698304479,-2.917479185038772,-2.7529114032829085,28.84226555491832,25.0
0.0784035216230414,1.2308855889700476,1.6028694749434815,-1.4980370000740242,-1.9200695393536305,10.332518569103355,25.0
0.7117192807308068,1.3101335485699512,1.8321329597812024,-1.7963468860776792,-0.9199158479240825,28.756552231120935,25.0
0.4724902242745756,2.4187421275591827,1.6130403127521022,-1.6212134435497711,-2.4482105746387606,10.578876583033358,25.0
1.0567298858346545,2.6991746373877077,1.821984256348352,-0.5123887625581138,-2.019784192444715,29.310037128386153,25.0
0.11411536105400448,2.2940171418603255,1.7075341528418895,-1.3771866199033096,-2.8560996542590753,11.197672868829443,25.0
2.9795873688080947,1.4674737799511586,1.7106450371586368,-1.0317648666011616,-1.799972879446299,20.097525472265616,25.0
0.41823748666958876,0.11913912939645167,1.7178789353677921,-0.5159079900918727,-0.05229641229866458,28.671593314487406,25.0
0.16359315866326393,2.4759621316356606,1.49167215367179,-1.4311190935576574,-0.3068519353665462,29.291174809857537,25.0
2.8554218018744173,0.2948780701545864,1.4961144762212109,-2.911680634012808,-1.351790451294876,10.954153029072236,25.0
0.24869409647814297,2.6509411270877394,0.9313035450905878,-1.5729559110743265,-2.9666666223613216,11.365674413931357,25.0
2.9350078593579045,0.842703916246329,0.9256984385911764,-2.6629382942978777,-2.9044215194507683,13.775009568475829,25.0
0.2803212051827201,0.8549776954328192,1.9903972006362682,-0.5635139350807445,-1.6950908392048571,29.088009004396774,25.0
2.71465266393894,2.5133022453955873,1.993193060759101,-1.3873790253981504,-0.10669946684670903,10.205574875457167,12.824279982873362
2.339313829875162,2.155154147294259,1.981423097200537,-1.6427364428838591,-0.8740402553184207,10.165266744596039,10.80475411133626
0.5736149962784508,0.5227610568860519,0.200423830571041,-1.9006528555038575,-0.8179366841547321,11.66366037012661,35.22113856572717
0.43483774211524523,1.349621801696277,0.19138083559622945,-0.528750919317524,-2.0549096339572803,29.601019060940985,25.0
0.2646618097516758,2.1877173232388745,0.5096663546495319,-0.6864036698551526,-0.4418899964806347,10.12523597532287,25.0
0.03771972141180273,2.612160370612908,1.146732888859902,-2.700552048314446,-2.310633851104448,14.466963051356084,25.0
2.9803340522065866,2.5316075164674205,1.1420212204484554,-2.021085687977524,-1.5148200399870655,29.929362140622246,2.931090562189306
2.2166818426628283,1.1286779135802434,1.7091673310492237,-2.6825141179931076,-1.4756318810828186,27.625879719684246,25.0
1.5986607254227354,2.3485601636141578,0.6507737399218856,-0.750660347910018,-0.6744660021415543,25.749999615697895,25.0
1.1887856122177993,0.7765666547936549,1.0793323338302683,-0.8418795610006455,-0.43225228267555593,15.570624397095486,25.0
2.0306555519156095,2.033443969666332,2.9592457205207,-0.8413135344913343,-1.5398889047979518,17.425714111533015,25.0
1.8857839981168696,0.6651769055159875,0.43661507830362556,-1.3571061965751667,-1.546078150639863,29.77933177456947,25.0
1.0919530345287976,1.7446906950397867,0.41758611972370696,-0.1289266819966235,-1.6001968708168364,16.647516418469444,25.0
1.864750992168289,0.7148436453235252,0.18120610469582288,-1.6101960577791794,-1.6738767920272906,17.026933189599042,25.0
1.0114689340536898,0.10259541872271849,0.6050033185698096,-0.4086110747459646,-2.60901750505908,29.798927344851695,25.0
0.1094875478467281,1.9341943811574103,0.17135498180350117,-2.0005451403083394,-2.5504796042663136,29.1604159335334,25.0
2.848758027850585,0.6251719759105334,1.7852098439164419,-1.9285237833212618,-0.08966344299279516,22.21711952090615,25.0
0.6440608244268136,0.6625772298133767,2.9141879320678914,-0.7626552372316509,-2.4391719530350082,28.058517612930864,25.0
2.334974570035832,0.5177577037712389,0.42682756450399695,-2.5341652739032527,-1.7806593026577335,16.38511278616811,21.291124975790446
2.8128079456328816,1.4325475252438284,1.5340424732056888,-2.327810246108665,-2.2970241441918997,24.16571005841253,25.0
0.8270449274914407,1.0461453912700174,0.6598852726480526,-2.906544194302981,-0.8011808720987084,19.84669753839875,25.0
0.5085201469564904,0.5190272228355246,0.013246572816791646,-1.912756411015474,-1.4425719190444115,23.919300276273493,25.0
0.2555330081234717,2.672370751492382,0.34887616569533497,-0.9984347430622602,-2.6146204274048515,16.20541423753897,25.0
2.894660825983604,1.313200059787802,2.6158752607300464,-1.2433347706312545,-2.8417184218272062,28.940223833882644,25.0
0.6049900226327183,1.9615074694793202,1.52452102218022,-0.5034340316539887,-2.4954895365961454,23.207240254216735,25.0
1.610584663220067,1.2656657575776329,1.8118184404373494,-0.8046702606335874,-1.6676330061302838,13.495237941025788,25.0
0.668685375300293,1.0911201353062427,2.9687136738102895,-0.8743843367409063,-1.919918143491066,18.758551210703594,25.0
1.1604757661372715,1.162643801945747,1.775924517843856,-0.23260524891243062,-2.0964288838093568,20.856074873912462,25.0
0.8167903587192982,2.477026325846907,0.5863912778848706,-0.31844824186085896,-1.4110745019625117,22.222355935282444,25.0
0.19751315936512248,1.419138341749381,1.9710808683567824,-2.4812923523362347,-2.8525023202438007,10.11919735081641,25.0
1.2913389740309196,2.736827564069239,0.6690790346948929,-0.6543148984037295,-1.9999833904621784,15.230416822246667,25.0
2.5629551612222325,0.7691915948406447,1.047119772304485,-1.486573550970928,-2.442932531989647,18.0998528839768,25.0
2.8119999153303508,2.295844663707907,0.5957269377533683,-2.6447293224933026,-1.0313294909661768,10.230404051352163,8.457059255346723
2.306789116460667,1.6147658837368255,0.35828695010577327,-0.25773075637805754,-1.9617519363824765,14.656058739157345,25.0
0.03920889419883444,1.4782334312778858,0.4078989962108239,-1.68201897348479,-0.7852808868023899,29.568166692397334,25.0
1.816192784390811,1.8684380225703223,0.9641672749479935,-2.613792180816879,-2.7221817539310695,19.544625004760043,25.0
2.8250779959070824,0.10938673110994657,0.5496253743139141,-1.4525726844912603,-0.16837376798757475,18.28420305917913,25.0
2.517459852932064,1.7358464285155402,2.560462929377632,-1.8815535620044657,-0.91915016531284,12.35552263010744,25.0
1.019786914252067,1.84069991825627,1.515059119306803,-2.535414339137753,-0.0895620328437543,11.805706840488842,25.0
2.619732580292011,0.391770312829435,0.6785179962353278,-1.9932952116516658,-2.1457702247197945,27.41025089272872,25.0
0.5561603458905897,1.2247469635659884,0.5770180842372954,-2.187367060343264,-0.4816007138600163,19.463649702774262,25.0
1.396299714351923,1.284489715730056,1.54347305405993,-0.0005685321464077298,-2.3365537834026986,26.70600974538591,25.0
2.4515150062330826,2.608471960177408,2.5972576666602873,-0.6165185634402803,-1.1405559048814418,11.103004629804069,25.0
1.2692889691064808,0.5046505455305007,2.923426885126825,-2.9156096806562615,-2.7042426618769593,23.213102878946263,25.0
2.8513548084223057,1.4649067928183723,0.6231661166075242,-0.2346823220061225,-1.873006619818952,24.43072234852052,25.0
0.04294689608735269,1.9435227329945293,0.6411823780231682,-0.474474063704613,-0.9836210694697405,13.381201740596254,25.0
1.8604474419519368,1.3595056337042977,1.028774276957664,-1.7759686738857703,-1.6894433276741623,21.51131541937147,4.277961669237997
1.113715364543945,1.4094297822967847,2.6066263483605514,-1.332787877965419,-1.349317907520114,11.422858408166071,25.0
2.5449808304568684,0.4094754540724496,0.5678739243094333,-2.5225983611417875,-2.0720222070623056,21.255195326983237,25.0
2.664405731686596,2.904606166567712,1.5058601679064985,-1.7592709268284745,-1.598968348816914,28.749256615998796,25.0
0.14451578207385718,2.914697270345978,1.0196932099395524,-0.5798463864948786,-0.7777291294686095,25.42286444578014,25.0
1.5048938803334533,0.43262997702864836,0.6321308438643582,-1.8965515758668137,-2.895244537941635,27.896861901062056,25.0
2.8155843128050684,0.1469262814145358,2.551263637672098,-0.7401550253157074,-1.900433141952026,13.478314871064097,25.0
0.2908178675587152,0.2952315050320553,0.5589134728690202,-0.8760706704576622,-1.6596831231584794,15.336572795607388,25.0
2.492829486180633,1.40488686337075,0.9460201773383599,-1.2826765728693625,-0.8061195411963897,29.601692024146896,4.891815270757781
0.9328104615583701,0.21570793130949673,1.0379413534072794,-0.1879731094348953,-0.9780041127366754,28.531633726197988,25.0
2.2360212680709206,2.680485932660651,1.209926975026699,-1.4174132156703059,-2.3941062724547657,23.45644597984668,25.0
0.7917831256762098,0.3112571348915689,0.6140473419941759,-1.1095881531610032,-2.4237667684717197,14.248971043887671,25.0
2.752024323739126,1.977630867036668,1.451181557204125,-2.5174945177445176,-2.4662991768937483,18.407617881832547,0.8077159243875551
2.563431509141477,0.582567926461145,0.973538305825894,-2.378328910584822,-2.073042616910736,28.90228932175894,25.0
2.963183549383686,0.36830776983770863,1.4419963136036975,-0.8805684738474149,-1.6602749455303987,23.266049396897852,25.0
0.7894694300867529,0.8612827998830144,0.955024855512375,-1.5697991179055075,-2.663952831650625,26.044840840359118,25.0
1.779227592194709,2.9776918909524484,0.5403710794705475,-1.339079033433313,-0.9117974361780113,28.452653411720146,25.0
1.2972519800193438,2.857684981968439,1.9002959059228985,-1.9165631247956854,-0.7668290733017065,20.693974566568457,25.0
1.141560582100235,1.707408423076284,2.6248464907824927,-2.265864256008362,-1.7079438180243403,12.714784498757451,25.0
2.189839807642609,0.13391442659979536,1.2187370663310408,-2.872736744218378,-2.417517904886366,17.371530039458598,25.0
2.483021814722923,1.0964433935641598,2.8684293181711116,-1.7818922728340632,-2.490424156790276,21.969661832129223,25.0
1.1367910328206792,2.9771966515772306,1.8825534068880416,-1.2085292534226877,-0.3041435674294006,16.49032400894729,25.0
0.4948081905973438,1.5317507467530642,1.3222202088900503,-1.7917197005643637,-1.5932907215809953,20.013425582799936,25.0
2.9727270788935973,1.3719720927531915,1.8737766979476165,-0.6910536621109873,-2.1822806041450913,13.18375462482186,25.0
2.3834831927911155,0.024329795673762256,1.3310439263255622,-2.627985096178055,-1.0287463521539117,25.208718530227397,25.0
1.6885308458664492,2.4776426262850126,2.53361185896113,-1.5937363974940262,-1.7474663061278208,12.422130807137837,25.0
1.7502108699350032,2.8668000353561314,2.3699428162564002,-0.2500319321743616,-0.21281029777301486,10.929002091431364,25.0
0.858018893370504,2.6560062485898124,2.396022502930446,-0.120982054697647,-0.06581661997557825,25.42637510017969,25.0
0.5488924534098987,0.3716434741002448,1.891517864797716,-1.9693476126028506,-2.6516575766964188,25.49394209728434,25.0
0.921467659572691,0.8175287172605248,0.817710898562447,-1.3135263071911354,-0.10154614736033052,24.27019168577775,25.0
1.0461302536991586,1.9988954971250594,2.37862289248171,-1.633458459141493,-2.3200753945984434,17.174408378061177,25.0
2.6451288692050436,0.613626513416496,2.542363218483177,-0.1448145646923873,-2.4728811433256244,17.597265065554947,25.0
2.2633471081366814,1.521440102700581,0.8264376415326881,-1.9362827585085076,-2.7581893491047182,20.5701444121663,25.0
0.6682449717038805,2.9474004166380765,1.644541491951907,-1.3445780923931225,-2.2270624956605705,23.753572161198658,25.0
2.9401003981984286,1.8720748442819621,2.3873436738774965,-1.242800976297854,-2.929887694188889,18.61731576681294,25.0
2.6396646067156713,2.181389235114954,0.030879274325391413,-0.9284051282800698,-0.9139368743505702,14.842000167094245,27.135594244273094
1.0005865258767173,2.448857490707846,2.6870401192599083,-1.0000086005507214,-2.5096891721497974,15.111003714105502,25.0
2.8924246506176674,2.542298938981214,0.02228767217500351,-1.7876818776862893,-2.633970149901198,17.369878341191935,25.0
1.724713904348877,0.9539939496883456,2.695671746289546,-1.987209329526472,-1.1360974359276068,29.712417328870625,25.0
1.3863506779686159,2.192511882745111,1.231720175684167,-1.4201889379566428,-2.202873293729956,18.656822399834237,25.0
2.6474493069249365,2.363711581580945,0.03939601103737278,-2.18396711495586,-1.780635699327294,20.58783721493854,30.91920687835753
0.7464506193580039,0.49666273474727124,0.04794718765812113,-0.8891955293973237,-1.4388650172094688,11.075466151290511,25.0
2.9021573203563835,0.10867902031914799,1.2642003603159022,-1.143393078755901,-2.1984288299441537,18.15629420425113,25.0
1.7293996529187041,1.0169491199788034,1.8028239697872086,-0.41692346168778377,-0.002381211386804136,18.850110076459945,25.0
1.7399523953079497,1.9161047133475972,2.896990400378055,-0.6809258119430031,-2.396908583302492,28.755837786563127,25.0
0.48652392966418256,0.827466935657265,1.7946136362698075,-1.788943610761391,-1.4733099486776466,15.781885847437046,25.0
1.5582602326580348,2.6698683517744817,2.233728321525931,-1.955807658949168,-0.5218268748406247,18.357658423710483,25.0
2.5657755306269348,0.1836844640551898,0.8919038591861783,-2.6736984650723032,-1.7284305584381008,13.92775496058475,25.0
1.5871924013204721,1.8987108317837613,0.9002487879790255,-2.470680545673307,-2.267960979827789,23.507276359479214,25.0
0.9150752103000231,1.2370634613643008,2.9052470027605923,-2.8324849697187764,-0.3531294441965578,17.806707603938005,25.0
0.4219049804280025,2.1016337623594157,0.33199091408460646,-2.8392566671006962,-1.8814594888571463,20.423313949594384,25.0
1.3930710166801699,0.42642573206038054,0.340178690241686,-1.5692885484231884,-0.086489256893284,18.80380818619331,22.0103432269597
1.3679260390486738,1.1988321823593,1.8449375716712582,-2.222589542248624,-0.8824200253460583,18.692551479999015,25.0
2.392112805522293,1.135953293123977,1.459730416248713,-1.9087640239604282,-2.4921633621470463,22.4193296463663,25.0
1.9046668884180555,0.819589866343903,2.2419075514483895,-1.7276203809297623,-0.02521817945654887,11.902759904369415,25.0
0.4437796866939594,1.4746405746541125,2.081314108188777,-1.3904476291614711,-1.8837847060905761,27.24419916306308,25.0
2.11286350036025,0.039418384269126534,2.0652435210579605,-1.178131210932557,-0.505329263547654,27.912756023183064,25.0
1.0364322712997645,0.07861853475259217,1.4678516018776038,-2.0182742478776206,-2.953309543659825,26.16642175448104,25.0
2.1706227368784914,2.52816695880676,2.6334053336265857,-0.3653427051448954,-2.28790468074442,21.6684700451433,25.0
0.06179909197515854,2.27515498256526,0.9083167684614046,-1.3663598614033423,-0.7707315820715293,11.042640846190341,25.0
0.9330237219159601,1.0978672447137283,0.2369026566137702,-2.347690184274815,-2.271115309698041,26.02882282553859,25.0
1.7228387721194238,1.8071786118517263,0.9164137094533809,-0.740182469730752,-2.3111533375160374,13.054540323113484,25.0
1.2932223064830795,2.1668402420317094,1.853024234917278,-2.069335922150726,-1.5168260431183826,12.443890598363026,25.0
2.142458184833209,2.4520243053826696,2.678720407824558,-1.9204838301822458,-1.006855935563131,23.340872464998768,25.0
2.41460733961285,0.7681029093634841,0.003897037510884882,-2.097118630605044,-2.422230811381129,22.029583954822485,25.0
2.8910680707359284,2.7729250279609414,0.46612628796873645,-0.4002169725275173,-0.8250753109513119,10.828629631152097,25.0
0.841779314532483,0.5176428003310416,2.0894197763062667,-2.630745434321372,-0.7597145586685556,24.24408777229662,25.0
2.4135142397950635,2.461286967551006,0.4742295564293304,-2.368688448001427,-0.22627280448762033,25.63344483265528,25.0
0.20585283081890438,1.5279306009878963,0.32384207334264015,-1.9975666224436301,-1.5196899944202464,13.672103193487619,25.0
1.6873121415492953,1.1785711078842003,2.0733354200538288,-0.7910955304172305,-0.7446770877979869,21.25204096980243,25.0
2.623117426463429,2.327845018091786,2.8521950272156658,-0.019539486285262638,-0.9156651469734608,26.39984843042583,25.0
1.222455695827398,1.5708012578876962,2.6707860655773183,-2.3651220418585996,-1.5032031984061336,13.345930347351004,25.0
0.4122328424789555,2.114397844748632,2.860107726572947,-2.3542904812270606,-0.3854817224113289,23.72708575688356,25.0
2.999928560571709,1.2677712907149319,2.8442684128105773,-1.0007893413117823,-1.9826836040120095,24.641654469279356,25.0
0.1593595441790034,1.8292446875273345,0.3161038782085036,-2.210173700590693,-1.5536484033697897,12.121147182280158,25.0
1.1453415697109879,2.978716355462894,1.6984805618693637,-1.5991065780386928,-2.0018562698184326,16.12399540609307,25.0
1.5523953971250004,1.136455723794427,2.3313397185172287,-2.1214478720577796,-1.6676921992028426,11.302131877754062,25.0
1.8281653008184449,2.3097169469694667,0.12510954403064403,-1.4206313242457664,-0.4306136641233931,21.53142155151403,25.0
0.9275264236248482,1.932285609167483,2.8365974043957665,-2.525215846989848,-2.1053707046545567,14.158975117118185,25.0
1.3844205065037436,0.08100950454698938,0.1173515969071468,-1.4876667924697242,-1.7271039966018025,16.550350511413182,25.0
1.6350441445794852,0.23000180619038774,2.323546003885934,-1.7701351592316752,-0.5020924236476745,10.794815443994771,25.0
2.7078504644465653,2.8211391530231626,2.263490111549813,-1.9331600245241147,-0.265328643204485,27.838473327409808,25.0
2.4282586195430023,0.6489529241211258,1.6907434549310412,-0.5064192836501562,-1.603374407798574,16.061820975741135,25.0
2.1905608684913496,0.46838179581510603,1.586203428818958,-0.6721973966959945,-1.9900728081644423,26.526370631215887,25.0
0.1369913540454353,1.1411549355636188,0.10964010485544448,-0.7478889318418797,-0.7475972098984354,22.007676982229263,25.0
2.9738383487814595,0.3924838208208753,1.593917165657866,-0.7336009874544356,-1.9696915517413023,24.449454771118244,25.0
2.62120894190074,2.323332114684842,0.8640241618567988,-0.18113174020855372,-1.1832251656456616,20.83502272760978,25.0
2.1155056529671996,2.086552702057303,0.4818664449869103,-2.8773676277525784,-2.768980337894271,14.666058205492938,12.46025336517895
0.1832445710129226,1.7434687792860537,0.1328830380966468,-0.40539368264224024,-1.9355494163785252,18.90510310990471,25.0
2.3937608574675515,2.6331971510780687,2.271192110960781,-2.332638504489425,-0.3364204601464303,29.305344134021233,25.0
0.192073518758943,0.18126224069933508,1.5519500034603766,-2.3648409663546217,-2.007421655890066,29.76488099043821,25.0
1.1785654335529252,0.2052245664746428,1.418635011750638,-2.5226440389445233,-1.180363776700176,22.21816450669782,25.0
2.7307975332920438,2.9615188093498186,2.3390747774998917,-2.323594690691703,-1.9597588443192793,22.620684406791163,25.0
0.5592767267603462,0.7426631744320711,1.433775850405571,-1.1559684084143664,-0.8210976081698425,14.817504408257024,25.0
1.820168329217991,1.4773648393845193,0.8564118140578296,-1.501099076220188,-2.5150455181479843,12.206808685035098,25.0
2.3380226495759646,1.1684998572699827,1.426145884092101,-2.601891539325845,-0.18403812006214693,11.581097406792336,25.0
1.2983095911545641,2.9151235116168053,2.3541929352138453,-1.144656310516708,-2.756501901410071,29.950237244667328,25.0
0.5338753255243425,1.759997691227175,1.4109731628008069,-2.4824389001432694,-1.298023301517569,17.190458047504336,25.0
2.8160744527144805,0.3316603680363892,2.361819075165636,-0.8054202036750682,-1.119322274278818,20.443481882946443,25.0
2.4201401821700737,1.9670769445814795,2.3466407947914822,-2.0805728160375323,-0.09403419166198024,18.549979081145818,25.0
2.7821896790463527,0.19225801281015387,0.8413642230936715,-2.7946259027445186,-2.0576187769097323,11.148755255432881,25.0
1.377113516385585,0.1925081298325606,0.8488342275138363,-1.5159438720382699,-2.073599226131524,10.313657695283677,25.0
0.2892925681899854,1.5834589280835922,0.16288440452282904,-1.7929733957191687,-2.174151766835943,29.556040320362655,25.0
2.5949976861211637,2.9611122943866857,0.14798654149865298,-0.2347593350523276,-0.09156912435106879,18.133225716683576,25.0
2.534650421468116,2.338928232825908,0.14045066381759574,-1.4848065723114028,-0.408981034250512,27.241247015608128,22.803291055610536
2.601777847902833,1.9608380638844631,0.1553683472128031,-0.1242449240205203,-0.7300438898390453,11.154033138553494,25.0
0.027803624742382516,0.618690822068571,0.5025044096106153,-1.1992578625210844,-1.4877538854130643,27.6956019285562,25.0
0.375209344409812,1.412087469025254,2.663179709376717,-0.6328371420791689,-0.5365303145706349,23.991273216916678,25.0
2.360691148912606,1.3528080638780642,1.4829766168487046,-1.3492914105147276,-0.19035369645358635,25.93117976409421,25.0
0.11481243425144236,0.08539006563831907,0.37428178962866093,-0.02012832898890088,-0.3594344101035482,20.359673431342124,25.0
2.9121520761311723,0.28630486281794426,1.4755139885879878,-1.4511242210257775,-1.9825806295776138,12.906778906268043,25.0
0.20955510372212416,2.437480081849742,2.655815711463285,-1.4018965648380146,-1.059583428394983,17.454372648179618,25.0
2.9307038247331914,2.935025142165053,0.98162903493052,-0.5959378815777537,-0.13425048354109062,27.947685022721434,25.0
2.5195894967011876,2.4168360259072452,0.9886343798135495,-2.6376233599568804,-1.6826900286391948,24.54855621228884,3.795258428755542
2.0321687842508247,0.2937088818867935,0.36688580414708405,-2.509164348572666,-0.9541828948140845,26.416450863453782,25.0
2.8821478928273314,1.3805000913212377,2.6483883838302127,-0.6461508763409073,-2.532698084104209,29.08327582005022,25.0
1.7022946909670356,0.5432780362628384,2.6410752028547604,-0.48235465833446867,-2.7027106209729173,13.97430093874291,25.0
2.332854838564547,0.8559234600321878,0.7053100381474714,-1.9821607662138783,-2.4677193742010664,27.94553718399955,25.0
0.9444001461626113,2.858756744090118,0.6980770879856527,-1.8343344734555727,-1.1677094749876422,24.44429024727894,25.0
2.7035620804028317,2.177367442140574,0.7309844662683177,-0.37066940402118054,-0.5554631798849211,16.55037092182815,25.0
2.154605828946994,0.045756256435452336,1.1192936266845546,-0.3038078565907796,-0.21343227891429972,23.0628778582702,25.0
2.5531290263236386,0.70433395754633,1.112176955372574,-0.6545093750921185,-1.0966034210080646,16.61005093097089,25.0
0.6831229891456105,1.4712669226399235,1.1264257974895084,-1.406793375221587,-0.5528148324715834,14.368114069648993,25.0
0.9913199835675959,2.014173027505226,2.8290024061619974,-1.8071793845464978,-1.475918475013729,20.492732520656237,25.0
0.29008054195750116,0.44976836702205664,1.1335720931023698,-2.4807176423946475,-0.97848067174317,26.27772680958653,25.0
1.7523970066192285,2.21561884786139,1.1049958759404177,-1.544655240359563,-1.2571002587853353,11.626851426063203,25.0
0.411643617618361,0.0742712160920254,1.097892361274214,-2.5207882973347746,-1.3737693965635642,29.128407278307805,25.0
0.8432090894297367,0.5322488065996893,1.9556276616063073,-1.3556349119884101,-2.412504355172787,25.435277116165377,25.0
0.4207363965655051,0.2125293947208925,2.710587877129349,-2.673269448617207,-1.5304588442981677,29.737757795457377,25.0
0.013090946497686858,0.0864024881001034,1.9627409206133501,-0.18554709371285336,-1.1962245703335626,28.736639973569044,25.0
0.04103626453165787,2.14617808923387,2.703499268630224,-0.7938172421460581,-0.6434714747096475,25.391510756988186,25.0
0.3946209275026977,2.271276280690357,1.154884075517648,-1.2656060184032691,-2.8815146968286576,17.058752641357497,25.0
1.5457162159640037,2.1970627830272416,1.3808016785918376,-2.5090728569946714,-0.8275224729299636,20.90661659969316,25.0
2.0018376376851768,2.866183930110668,2.8821784025716792,-2.213081985165192,-2.916380271289156,11.272368138222868,25.0
1.3345344246409785,2.014654925609644,1.162003827593017,-1.7470076324936206,-0.3605749729379468,11.747281804538039,25.0
2.8010509233999894,1.1290558153111336,2.889274059971772,-2.7912791741172414,-0.05998323655640555,24.27794484626886,25.0
0.16126687683319085,0.8835136275836182,0.3814578728521598,-0.4716287158100778,-1.217304740936366,10.847212436731631,25.0
0.4712157467411942,2.497691578196796,1.3605017669294235,-0.8229329831173968,-2.267112749653436,24.003177041388884,25.0
2.143058836455755,0.16081820365563326,1.3676646821338392,-0.1978518315252385,-0.7499658530750642,25.381763963625794,25.0
2.196394387344491,2.8460910073117995,0.80980178324472,-2.245417356972342,-2.3209106226492953,27.413424489802217,25.0
2.9288758638795063,0.5892701536295756,1.664328861295073,-1.5835766947397902,-1.8139509275895842,17.541841825337585,25.0
2.4324893943338193,2.8912961907772687,0.802823386495528,-0.7634768026972569,-2.786665834069702,17.046083444799507,25.0
2.1982090347919074,0.14218410987475755,2.7245732706602324,-1.7505500800905356,-1.320557107572855,26.477908638361704,25.0
2.3857474922346187,2.3515808019667785,2.717585077156376,-0.9561052402418229,-0.5303380203272613,19.384288801088527,25.0
1.8800829849556406,2.301439270422812,2.589268309065396,-2.529521936165038,-0.5477820138907301,27.421679427192377,25.0
0.3180887586506748,2.7440142435176207,2.5684802593265146,-1.9700275891857584,-2.6797408496807344,11.149405687622764,25.0
0.35380148705994574,2.8406359529754615,0.7239017684858846,-2.4195962399898905,-0.3966019761367849,24.3270502900098,25.0
1.9600757022633468,2.5697247788928816,2.5823494489767005,-1.8262384973756396,-0.7383051251839823,15.657341571465551,25.0
1.8369201642121196,1.8560274313142386,1.4037264389401147,-0.17347695567079838,-0.594595656837247,21.784951674203654,25.0
0.5638325596691014,1.5115649775209745,0.3884498101723046,-1.4763134213562843,-1.086058882278209,19.82723925943073,25.0
0.3386290730808015,0.344232912333375,1.1955461057325765,-0.6310464239257105,-2.654291899741364,17.179587385643316,25.0
0.2991289287687336,1.800922064609749,2.5753969757081534,-1.8314821495296423,-2.4197073540296126,11.756083965343667,25.0
0.030099939126513764,1.5683253183826236,1.2019227453000263,-0.7649627965336028,-0.9821869056627683,26.982295870488223,25.0
1.2803119658967992,0.5447354138715104,2.2493824166109837,-0.6037340165775846,-0.3292368589300943,11.705273055496068,25.0
2.9738641798355365,0.9914503921105204,2.2563311669066657,-2.8263735299822637,-0.3425623572717811,12.742879087459432,25.0
1.8463118844394018,0.49069884632110683,0.8341210273163355,-2.1614404699078054,-2.567806287490079,24.06587735064484,25.0
1.0188530573966306,1.7215183146935593,2.5123075263548875,-0.9917454125671012,-1.92578630712972,14.532235362364613,25.0
0.11129943386710041,0.8012258029382103,2.5055248987213843,-0.5649770604833958,-2.209050554255437,26.7932869484173,25.0
2.620094796709769,0.19848893048910785,0.28925830427149435,-2.3054822642872352,-1.710525131293661,15.588614324766505,25.0
0.4409781534978221,1.9486560244698625,1.295754924318206,-2.76084206387341,-0.8361228865491706,22.291251172943273,25.0
0.02916252767356387,1.2777508931789363,2.525827603747092,-0.19517537218764658,-1.671222414940679,29.658705679579334,25.0
1.0262788251316777,2.5357439539235163,2.5191186934548777,-2.5114968599025,-1.881210917490908,22.808531041064935,25.0
0.07358012081987683,2.5101508025299695,0.09567721157254956,-2.8552510732002157,-0.7732788550685888,23.713340376345066,25.0
2.124117877237874,0.4108712970177517,1.3017407070297728,-0.36864041972957917,-0.5747370498090865,17.51926339907921,25.0
2.7449276833394265,1.9862870056286501,0.0822334499035886,-0.6576842125380044,-1.5190070548198762,25.52617095018519,25.0
0.995847688743691,2.995144133739376,0.10246845006523521,-1.7480073349752032,-1.0373144744338192,21.040397542943868,25.0
2.6484576990815207,1.3129177925478883,1.5790609021360291,-1.7612747436149438,-2.237338237868902,28.527465175488075,25.0
1.440612869588963,2.9646044036518293,0.08900311601026462,-2.774374568756161,-1.3746956255028353,15.708788779710826,25.0
2.9046457297694204,0.6489104524807126,0.2960165419250059,-1.828896510090194,-0.7390283328008538,25.094459025762895,22.65613184625482
0.2033730564226734,2.3742636587662345,1.5723894650697443,-1.4039846268257612,-0.7145647406031337,11.345651972426218,25.0
1.9039113676429669,2.682697612843606,0.055392810286223185,-2.8374994027410754,-2.544978430228646,15.63508576995115,25.0
2.6652426434810006,1.8521090533193654,0.07551479773128733,-2.685251037506729,-0.003561819930602894,29.255960575690754,19.533139856332088
0.7551852189126935,0.7313048624357881,0.06874797786142504,-2.01391213436721,-2.5882881730656564,16.89978493675488,25.0
2.39044373337066,1.948034613413543,1.1887329527001216,-1.9842030930875216,-0.32163540639000066,13.080091043320431,1.077762300912364
0.9429269900762268,0.7225893631512047,1.182092087197021,-0.7390801835745239,-1.0299574439280055,26.06863028988097,25.0
1.382927901235548,1.2891913229548582,2.8220552405401245,-1.680521071002341,-2.7933157490777916,19.929796003957605,25.0
2.4425083281675124,1.7714344019737933,0.06208382427969036,-0.6508335062188917,-1.0435098941138705,14.690244149197099,25.0
1.638959478917358,1.0439241802522101,2.770080536388446,-0.3058564493057725,-1.2305623412930595,19.57252112630642,25.0
0.043054069848010024,1.4920315913197162,1.6711937791780456,-1.1762017483547234,-0.4736951748395053,21.383220611966557,25.0
2.1996016141093357,2.3748112705331184,2.763371510911883,-2.6469093570856312,-0.5351309717635222,12.592205934359338,25.0
1.0478495716120417,2.4404003380944514,2.9313769465904485,-1.5607032191059338,-1.5763556191676082,10.28393128366313,25.0
2.4393185113840095,2.3202710246567024,2.7501133465280376,-1.697515467171196,-0.42311134206540846,19.507986941232787,25.0
2.5230911768596274,1.6321384400927477,2.9833810735911146,-0.9412439403787732,-2.6443156061064585,14.517853633286496,25.0
2.0282931195552676,0.0563086897100772,2.938074424959518,-1.9683080274753761,-0.3692173698588856,27.173783744978458,25.0
0.8938011582751259,1.8679587381317755,2.97671266810418,-2.4043848179229195,-2.214401192026267,23.62232387762676,25.0
2.2626644270173584,1.21907006455404,2.9513692708712065,-1.0420857260817862,-1.8165942690144579,21.448898266651064,25.0
0.8925551589404616,1.0892740754771693,2.756774839482792,-1.6423984993170024,-0.6738019058977986,23.697948371216526,25.0
0.10983987619799672,2.8813012441240913,2.944694321608698,-1.4218592287979115,-2.507131644237078,17.05314308062467,25.0
1.1940517571510403,0.16654967481032573,1.1754265382067448,-1.3727205817541297,-2.07870795034911,13.796581742326781,25.0
2.139832721089646,2.5110457460666016,2.9966389000397022,-0.0635794789279327,-0.7526695698878987,17.666140601631326,25.0
2.4087374556625774,0.07400831526798,2.990040466677348,-0.8616748341211325,-1.254003073575133,21.350790854618765,25.0
1.705987326858914,1.9552687394606967,1.1687738565149377,-0.14693210283274372,-2.0811154823007767,19.27433872894328,25.0
2.2600077206123843,2.4163652152425867,1.5656982671976167,-1.589471105521132,-2.012133696788019,15.718495305846044,25.0
1.386886628996112,0.38797644854637453,1.5590640520412193,-0.810440599832281,-2.2648022709121203,20.63694996577277,25.0
0.5168066122479515,2.3773450069648216,0.7669491914948909,-0.5773283398870674,-2.619090583816735,26.610982687302265,25.0
0.34242353869918385,1.3976226250246984,0.7603835122197058,-2.0463673856103437,-2.6431092961043823,28.114452822949435,25.0
1.8864779510070993,2.840735157224934,0.489008816359778,-0.07738025909722775,-2.4259442065769123,16.07348954564271,25.0
1.026770464024328,0.4769656668530167,0.49559635989689554,-1.6767275777861772,-0.7465859459935809,14.093185676042527,25.0
0.4673852409684261,0.44992337401846116,2.0369933436902445,-2.2469983831147244,-1.6961296865951323,17.4069618757405,25.0
1.1200248772349823,0.38675795645418254,2.0304323164528713,-0.03526433075788659,-1.9244957024560978,12.669445944629913,25.0
0.0036699890961571315,0.06375863937713558,0.3025027391447108,-0.3222422664179331,-0.42119564832472894,23.860754348565493,25.0
0.2560113458789109,2.627514577477565,0.30900205421244614,-2.9219293482139257,-0.9750769930778511,27.044049371220495,25.0
2.5748618400962444,2.1726813208535023,1.6834515993045003,-1.7280360303896574,-0.8388392608732986,21.957852378669674,0.8006600110114624
1.5401792689291163,0.7179190415063261,1.3146698836150184,-0.4461334153188092,-0.9101929651010339,23.388143366635685,25.0
2.3273465854147113,2.464373396381414,1.3082910715124392,-1.3216870142861334,-1.2130996013481927,22.538500846083473,25.0
0.8413071764084744,2.799553889827224,1.2715096622853113,-2.2349727752595387,-1.7975013803233593,28.348425998268436,25.0
1.3511178186628423,1.771653583399614,2.7313332565443127,-2.0782887391286216,-1.3673759536666248,12.66845916862135,25.0
2.319000177972544,1.9852034958243927,1.2778819472040646,-0.880820112696269,-0.711939965951097,26.59947015533144,2.20562879570974
0.6160546835104086,0.9456728576759231,1.3970870612521857,-0.005138475159836389,-1.9993934960608724,22.151913131478107,25.0
1.6759462302273764,2.6554401540878745,1.9200918865330134,-2.389756530909511,-1.2034804208408318,16.834021295460495,25.0
2.0873300771100807,1.8150113401936794,1.9261142559644866,-1.0741242654550756,-2.6752317080672237,16.439520831687247,25.0
0.9754554596198388,1.2823032592041133,2.017799957283811,-1.856113019088065,-2.653812819607639,28.895026077936894,25.0
1.540898221318612,1.087612269831756,2.0115628159762524,-0.6346804826199879,-2.020779083714043,19.492588909001793,25.0
0.696092511745538,0.6457482765857016,2.005203395081088,-2.445704806675714,-2.6739452058149706,14.780331220617056,25.0
0.38583247865220244,1.6552361145209062,2.0241299076172927,-0.14659866765306795,-0.32105469966943584,15.756333126793812,25.0
0.7524786339798647,2.0992148466870617,1.9077415784106473,-0.08658454385194948,-2.836938573009137,26.44483453202282,25.0
2.502018420871204,1.9858136110319093,1.9138918323968235,-0.17596298189189108,-2.038304999512347,11.89387875294182,25.0
0.2530231976646957,1.2057669049029596,2.743694925687636,-2.026515199274993,-1.1943634064300754,24.052461373866073,25.0
2.1874728917748607,2.2661064813888547,2.7375290578856744,-0.46529459920106664,-2.56573515907243,12.241116107726363,25.0
0.5297231942033664,2.1430478818334375,1.6772546545358062,-0.34892296883887525,-2.6894990963987357,12.944244697890845,25.0
2.84350013469952,0.23763097762886642,0.7732749119797524,-0.5093785584894648,-1.3163443228786156,15.615674738728416,25.0
2.9258218199689945,0.8891731090374307,1.0547404638921443,-1.9945591429803093,-2.1474393428934317,16.400283785701365,25.0
2.7810039032783838,1.8350862187501524,1.374158694404039,-0.20117912562697304,-1.9680786343360177,19.933324526169276,25.0
2.953230809283871,2.8833160091087384,0.5267017425012533,-0.63978173124599,-0.9423089352085379,13.002767563060024,25.0
2.357147081611782,0.6708042197261816,1.8600681851040477,-0.6539574328349487,-0.35625643157154485,13.6507125158413,25.0
1.7873594832995618,0.0019945026830434534,1.8662229841739464,-1.6780534168038033,-2.291767038605347,17.495593034012373,25.0
2.221133475007807,0.05463395486069058,0.5328424371491227,-1.5113983134165467,-2.684882423440552,17.951285661148763,25.0
1.2193186122110187,2.0210152446497958,0.7794674753438321,-0.12156964505879746,-0.899778062192738,14.696193710459212,25.0
0.7121275224263595,2.315773008075598,0.7855155581760609,-2.8424114109706404,-1.2180541239226421,24.09592100106293,25.0
0.07093574376890954,1.369808771259184,0.7120010482582217,-1.7899163419196629,-0.8611772165000682,16.12535654518792,25.0
1.1754385206988114,0.20329554373886646,0.7912938430366784,-0.00439110087334867,-0.9881590469014814,25.946323398630113,25.0
0.32512422249536804,2.9171503264977763,1.239003414167097,-1.254795793245471,-2.528797117062142,21.65631353635545,25.0
1.6124324429631351,0.7093497514492089,1.0710907573473407,-0.2733801665612585,-1.185544672682689,29.413323841255966,25.0
1.0729881061089306,1.221806667542778,1.2450293580290976,-0.7010304942915946,-0.8082167963433173,25.370743365474723,25.0
2.920808947345521,0.5463139462427451,1.2510193428816092,-2.01048751491903,-1.6794583011730788,10.155937277221373,25.0
2.596769987639388,2.5862334462536882,1.2570746666303734,-1.6064149765254054,-0.11333008926108068,29.73963468438605,2.3940772250968467
2.219820222225436,2.561770933450836,2.798353520027163,-2.9365094790858643,-1.750768279414259,16.995846968083423,25.0
2.5691238679773547,1.174193908926505,2.8042388848165194,-2.57548717370641,-1.893537123333406,29.667399809826982,25.0
2.1389126724094236,0.7819235345975888,0.26095887899860726,-0.7673272232930117,-2.1155534881451388,17.452491366712522,25.0
1.338907183999555,0.401748722224296,1.8379881195575252,-1.0260212630508803,-1.5892779183869468,18.696898979104986,25.0
2.2203217631843413,2.5663442000299406,0.25519908135065106,-2.025897854825362,-1.9250197396662632,17.108820311056263,25.0
2.8836520296488835,0.14280049712795562,2.48196969368859,-1.9265853249767577,-0.0710889554459588,23.79421781454583,25.0
1.4325623967454815,0.39583201640320126,2.487747360100655,-1.9914147108674343,-1.5058317928569152,21.6186432649964,25.0
1.5650089368099924,0.7592733392241873,2.4935162630949996,-1.5388327312163106,-1.4809101172141184,29.255886596894573,25.0
0.824111786705283,2.551781885248457,2.4992847783673704,-2.1594879169459027,-1.783628014858934,12.189391793705141,25.0
2.7121765834263276,2.343250761449018,2.8158400457967554,-2.284669538907705,-1.226411629106125,17.353477601062146,25.0
1.1709692534201448,1.8957455725298282,2.1589189447259907,-2.221575393379501,-1.2426598155101594,24.013869006931525,25.0
2.7529749620428614,1.004069246944256,2.8100776888695895,-0.4995890784343997,-1.6300154074306896,20.9358237266607,25.0
0.4479073766056897,1.7807147957891343,2.14166294707869,-1.528019160291608,-1.3792944589015166,16.784971897350506,25.0
0.9361859564664792,1.7017809836559528,2.147415402147031,-2.6549819870042,-1.1133260491718766,20.45523702524393,25.0
0.557940617097983,2.3617861942365947,2.1531741546351904,-0.41301479977895944,-2.8495143099023195,19.174505975068055,25.0
0.4582651074111499,0.7767422540510038,0.7178819001136578,-2.6375238114450807,-0.17849864496328927,22.760107658778118,25.0
0.2859429851027331,1.9498828260149657,2.198566591244712,-1.0136431940247133,-2.2630343373238855,14.497640237689087,25.0
1.6786021012067964,1.9584893026992936,2.192823397030867,-2.175765358247209,-2.4026783505464575,17.539626429649907,25.0
2.335631829221321,2.8049566113536804,2.4476007720662185,-1.1819025057502024,-0.9457751777434638,28.22389488364601,25.0
2.5390889720242313,2.1137303182191642,2.204341442870146,-1.2675588376420728,-0.041195279607336044,17.503561928868812,25.0
1.1283743275759144,1.1650964351217457,2.187049889088638,-2.6899883224943824,-1.7917135680339555,13.174481789869184,25.0
0.16509224235051437,2.5381166505661836,2.453344665170019,-2.4111171239951728,-2.846273407674252,19.54809429313466,25.0
1.4431100323932424,0.24647718727409917,1.7366537895230723,-1.022435251949977,-0.07911138459641887,26.37059912996466,25.0
0.7012059056924584,0.40475051995206246,2.4361200167708863,-0.157931922890028,-0.16304642523484958,29.737095672915107,25.0
1.6701908908173138,2.8149246599928572,2.441809548631095,-0.6527448800680459,-0.5981285709693175,17.207045886144098,25.0
1.9905925037990533,1.7256019559410203,1.7309517917796486,-1.5092763078054217,-1.187810050062736,19.766184443243134,25.0
0.3284354468661993,2.7138592336410188,2.107691173315039,-2.594335978106436,-1.3995924479655604,27.307017884125116,25.0
2.4348067957223973,0.3525786984945676,2.1019499080709685,-2.4053890397450353,-0.6223053543638679,29.11815964098562,25.0
0.05618800887359585,1.4837641829601984,2.11340115582524,-1.136788686501404,-0.6724573321888654,28.979929988436552,25.0
2.945442510764305,2.396998990490286,2.0962279198811897,-2.5170532768257496,-1.9857372839357252,16.439623803826585,2.304432348435778
0.32219398399184473,1.2750021548323143,2.4705001333819427,-0.2801440017387861,-2.8121481321237596,14.651724520520359,25.0
0.019956262971683247,0.26389653852764045,2.4590867060339883,-2.182717343564285,-1.3070655150686488,20.222008086929733,25.0
2.8768531233831154,1.078543536825795,2.4647959312083514,-1.4174396857598495,-2.7988055587701903,27.746031661873904,25.0
1.818643857742687,2.6751358977281097,2.4762223889373534,-1.4240548642174076,-0.3705088108990702,20.676269260465624,25.0
0.1807010944042646,0.5643655768454923,0.4003254337604904,-1.3000945603718754,-0.7853582932324539,25.078235366093278,25.0
0.9037386775041424,0.6784515726061161,1.9435284405938558,-0.036979202478259136,-0.37424409303529416,12.960426975173963,25.0
0.08325871690974336,2.6399718729424357,1.9491937376457393,-0.7125211210114115,-0.6584881928641526,13.074790861532136,25.0
2.004599226447806,2.034962470446919,2.8758010232712943,-1.1943584944446124,-0.21294356851609875,25.985699599466336,25.0
1.8711405734208577,0.39132542883784616,1.932114645562813,-1.2677459768413337,-0.8825681728586163,16.01804462346491,25.0
1.3365554150155052,1.989571779156073,1.9378064529867522,-0.3819264840209504,-2.036100423283106,20.40371114229352,25.0
2.70341808812086,2.3340062709452654,0.2437585547540447,-0.8583990154240444,-0.20690701242498777,24.80098071385615,16.49264657190568
2.221790195479241,2.9101509733597917,1.626620157798987,-2.90092997865018,-0.7309039705086646,22.238062802569868,25.0
2.3077177336731047,0.38262364970159485,1.6209183327292151,-0.40216584934345523,-2.61084156755276,25.639429454880847,25.0
2.2060008900408423,0.017481702416295854,0.24942232443851522,-1.9251818368035496,-1.354026761056662,23.44676384888061,25.0
1.5424927003819953,1.916975243096371,1.0122084182775122,-1.2381761476577409,-0.8003140692955544,18.864611517318963,25.0
1.217405879709224,0.2944577359619862,1.0065574085417464,-1.3380488956231782,-1.0395868043614582,21.169939033172582,25.0
2.9323370018950174,0.31045551743231314,1.9992901652833688,-1.6287251312503712,-1.8169264878408444,21.757704128858876,25.0
0.324521688387692,0.4357709211822536,0.9952444676531244,-0.21116902762737588,-2.233432566183778,12.346281140557217,25.0
2.5910400055848273,2.930144642643473,1.0008851203647524,-2.3338544367362264,-2.218539286591766,10.72381435979028,25.0
2.0720962697697294,1.7517680745840887,0.7374193756664253,-1.622880505386353,-0.17190997707219857,18.80618429867536,6.454785472062197
0.5152119188971684,0.3030213817693218,1.283871282856733,-1.189574706524638,-0.5231265368857345,13.84471688272843,25.0
0.7299077536891734,2.705848524142205,0.7430602283873574,-0.3915826627025471,-2.376120528830717,20.244025535165576,25.0
0.5811623734995364,1.480401389315652,1.2895366587346508,-0.644453151897403,-2.9056280762368916,15.268159649152441,25.0
1.3305650249618723,0.18880371049736588,2.1359637944524,-0.029529905708091757,-0.05802911509733866,19.048482521539228,25.0
0.3748251951651535,2.537085424731165,2.119071005584241,-1.0219999611285706,-0.4858171228740833,12.352585999084273,25.0
2.5710156390966317,1.9565154039790467,1.9787019021599483,-1.2927103795639592,-1.122020629251247,25.544079571341896,25.0
1.8610889368271664,2.8202528316717794,2.130323696138107,-2.9761795710270773,-2.6993237199953364,20.95225697202658,25.0
2.905518545052332,0.7934879514286872,2.1247040498041754,-0.34989278586854766,-1.8165683350703707,24.516448496641207,25.0
0.938892300151559,0.1740646531202623,0.7543442427821231,-2.8468461984045277,-1.2914704272235813,22.282283853956034,25.0
1.3729077305166753,0.45530246689931136,0.748710865757785,-1.533501212141285,-0.4919378994144614,20.902964204621615,25.0
0.44936173718629696,1.2651944925193523,2.294653153123849,-1.3361287007695524,-2.31090865681915,22.330856913843405,25.0
2.857229479299658,1.7418745292934668,2.2267959985135706,-2.2527981605074423,-0.09288443145991021,22.714482133841404,25.0
1.8262120781544227,0.515992191029812,0.39464280839272914,-2.391167326374128,-2.2735882214694296,29.738968244261645,22.70138208931179
1.8286137638933442,0.7241709859775056,2.2778065423543277,-1.8583955826094085,-2.8601781885955004,16.230334778362216,25.0
1.494920081274699,2.94977051638738,2.2890344051672558,-0.6601818970716877,-0.2925903210349814,13.888882226759351,25.0
2.864238602289751,0.0034759123073350644,2.221148039752531,-2.1113184681418224,-2.833489836310413,13.05087318233415,25.0
1.2993880206437698,0.43823200625323877,2.283419496475594,-0.7435687177651111,-0.2005108858806781,24.703899533108743,25.0
1.8317950642339154,2.457015573919797,0.21396367906059405,-1.1941775425909265,-1.1835413990905193,16.727065320313482,25.0
2.173701868654106,2.591542367569994,2.164607855973818,-2.204306163842773,-2.2452708925059763,11.229956963072517,25.0
1.6059965338407627,1.8852079804503548,0.2083528997520824,-2.5437007513267504,-0.251258677860724,22.497232198037512,25.0
0.6998476788561248,2.2898278587004084,2.1702010791605204,-2.3493325032428443,-2.371205625096694,11.670200414035023,25.0
2.6992042833783136,1.9102746616280077,2.175807862975346,-1.448330470977385,-2.549732083029415,22.29860725350828,25.0
0.8858936476309622,2.475573634039423,2.181376192902042,-2.8538335900118494,-0.6531142500165378,16.414878357762017,25.0
0.8495610978754032,0.8367172182236011,2.430438629410355,-2.7072843786170027,-1.8451900152732414,18.66287360357331,25.0
2.4978256381164092,1.0461843753629885,2.4248425579896784,-2.394741869969307,-1.8273357354036042,13.521185024697688,25.0
0.9216534250092623,1.1483514575506966,2.2099918042521405,-1.2216372445286439,-2.4053226212336343,20.44279340897389,25.0
0.4518533927309226,1.0142582363650439,2.311316133462596,-2.9056098212994828,-0.9033932366648401,21.927440482067603,25.0
0.24954667728104085,0.6148920162775771,2.3168910109683747,-1.0099655479241578,-1.1855899063514257,15.922475798041802,25.0
1.3688507467293585,0.7271268985458226,2.21555990038831,-2.9817212225727374,-0.9807561688234783,10.085428093338887,25.0
2.9170228451953046,0.7281703943443988,2.4136904786120352,-2.075264099564824,-2.8166240228949264,12.38918077969883,25.0
2.1995395453486957,1.288906780472113,2.419267818369497,-0.3737977409805353,-1.8009741177896852,20.19819177089049,25.0
0.2812710494709416,1.3139444320011062,0.6861692277359469,-2.336843956435723,-0.9847690899265169,20.294701637749057,25.0
2.701280904979121,2.1553479599602925,0.6917311433851888,-0.11314152459564042,-0.12371592361662696,14.541710049064328,25.0
0.9596737311067968,1.3483267941405717,2.3057507201678313,-2.038835403880192,-0.16397898946137568,22.086946257527323,25.0
0.24206103472636697,2.993009414173324,2.300250254874362,-0.014821830401297009,-1.0925759502733328,25.821582162233074,25.0
2.5962688795820226,2.861637521536828,2.781663793135993,-0.72438589091227,-0.6294224471566343,29.82053787953918,25.0
1.2132001080815766,2.9957065599916683,1.0605371243882742,-0.7744628627781065,-1.7580427344252634,24.160010081017454,25.0
1.270688797683417,1.1617072462150646,2.7761476501291997,-2.790580361906377,-1.7803664836494302,12.559847041480271,25.0
1.4954926729629128,1.7712193706044759,0.26664057873040575,-2.589652184315584,-2.063341007004119,17.216963538130873,25.0
2.623344404775039,0.1375162375345097,0.27213992967337963,-0.823235348288792,-1.597976376437499,15.256592697638599,25.0
1.9312996615295455,2.4331797837781908,2.7871693915775553,-1.7090723233662914,-2.761698795863257,11.023655203556517,25.0
2.647044061515987,0.909347452172254,2.7926433200339864,-2.609577647469109,-1.724595257029064,16.764128760164482,25.0
0.7208367895011439,0.12279371759586492,0.27766217832403844,-0.33464826694017064,-1.7259362534240044,11.865835405787966,25.0
1.480328810186757,0.9459823976341575,0.28312222949523747,-1.0163102568975926,-1.929712308611418,29.92158042140939,25.0
2.6089694210434287,0.0404536252747256,1.065394713022969,-0.6811344422907482,-1.7240958295272721,26.656393701348726,25.0
1.9319086012682094,1.0325593769069523,1.3869737975292968,-2.4014919067365073,-1.6809021094633072,24.81240703552804,25.0
0.23333418705042885,0.6312860361208554,1.6375732265800513,-0.9412024534353662,-2.716328822817541,16.51838133321148,25.0
0.9727432542328581,1.8293523663026652,1.6321646696472079,-0.27375437487940957,-0.22595827947886926,14.566711846136378,25.0
1.497304226338782,2.4740187690587145,1.3436031232300034,-2.3462463574836256,-2.7115392312584206,11.668348438520702,25.0
1.6173498210100172,0.5342771465888859,0.5209666991353168,-0.27577691390945847,-0.419091242674678,11.793929994077827,25.0
2.9093474143451865,2.2308552754094024,1.3381924901280577,-1.6493380107072761,-1.544285345963721,12.909799159590374,0.5453377000506611
0.5961318471756188,1.490910553980598,0.21944503265046414,-2.0071754133581674,-0.6533554371280608,23.316970372186734,25.0
1.5970796291842384,1.111776492723742,0.22482226059617053,-2.241692105531316,-1.4058753587750419,14.690108106242361,23.05887420978305
1.0272438720453214,1.5385932018690909,1.348994570514578,-1.309594150646472,-2.4970415002987254,21.91102173173134,25.0
1.5075313231159335,1.7810324005955729,1.3543579404445603,-2.2224033914039145,-0.5934293661965584,21.161815216211703,25.0
2.9358631862477615,1.0420114683808988,0.230191679531473,-0.6053905031205948,-0.39765256668116056,12.964549325350077,16.57500896031391
0.19852478922260014,0.17554095355727348,0.18871760384301423,-2.1493551235113055,-1.3835755384345891,19.378128545541923,25.0
2.9693255484878764,1.0511904818030906,0.9388683682514884,-1.3499964163600495,-0.13218537087628282,15.596757588381283,5.257931391138904
0.4930815878296759,0.6309236113226875,0.010594738187558956,-0.6273180314938118,-1.1421172084373092,26.37508681479035,25.0
2.6548861030316133,0.8098661523465613,1.4987654529439516,-0.264938266862385,-2.603354577039405,20.756577239094078,25.0
2.8081171188159457,1.1592729128959853,2.053321257713647,-1.3209618345843095,-1.7677405555225274,29.352132474384142,25.0
0.2828927055349094,1.0582841811192867,2.0585923346337265,-0.26958923485998415,-1.4061368094442623,20.783261582146242,25.0
0.7225196542057726,0.030405492459363206,2.4030123572667748,-1.4787091507265335,-1.1991725341369246,22.099229266017772,25.0
2.72823266046914,2.0636763616194305,2.4082848265511405,-1.521407688409506,-1.2506872491826795,14.295108145260723,25.0
2.948810887266728,1.850658966846377,0.9230625953598692,-2.240630654066398,-1.22520745437646,27.54997604908672,4.601000111086651
0.4243788421501026,0.05218374962973137,1.0917416885044833,-0.9565001387050573,-2.553560232331418,12.110059350914097,25.0
0.7063113192491873,0.6897313336562023,1.0864756816318024,-2.406260143506295,-1.766913674459313,29.093678188546832,25.0
2.7075779749869753,2.923436725337133,0.44899797936848923,-0.8684731011619098,-0.42653470520433423,29.78705869853034,25.0
0.007901604698529761,2.5785530392978364,1.7421532713318866,-0.12730853127071648,-0.5220599259175778,18.179980305921816,25.0
2.3447619468972034,0.6027151294940085,0.4437350238201893,-2.9080662017551173,-2.8113027013142817,20.691292735189744,19.557292036866738
1.6845843363439428,2.03785119816616,1.747399410208326,-2.1163189247166065,-0.7424313800230982,26.797536261507283,25.0
2.2184197368933756,0.9742533266620994,0.4542534893361169,-0.8686588171111551,-0.3402082874407979,15.954796489574768,13.002418095474686
2.59349269474678,2.64214826918837,0.4595109580834073,-2.872585572936211,-1.558526929346209,29.267605309148074,25.0
0.12580818347318087,0.6825694174753628,2.048063024685741,-2.5953257773291094,-0.05419166583124716,25.52355147520942,25.0
1.400597577605507,2.1414697083996432,2.042822882072966,-2.1070915159412644,-1.1618780326129776,13.10985183276486,25.0
0.699504473820908,2.8997912103739627,0.8851403706610766,-0.25007248061258824,-1.2508065927876992,13.144469277746719,25.0
0.7805085204187577,2.0779309045709327,1.7878140143542627,-2.9534364376954243,-0.2928303683905029,28.94704066866021,25.0
1.8284531639434756,1.5778869998880156,0.8705193150988672,-2.023639429300404,-2.4141110581794543,14.259378891825563,25.0
2.003799403952629,2.5011549230031744,1.7578607143700171,-1.259787174220215,-0.5173051662138617,22.644525808851842,25.0
0.06780760802249587,2.010418642307949,1.7526343701324125,-0.12550149611716532,-0.7771539689095093,29.74814824143492,25.0
2.2809084352714324,2.1822778745386593,1.7682755746355385,-2.2799119350415005,-1.6868882347620962,12.185459773647294,2.7584103492554384
1.2566105548526758,0.9866328813983216,1.763069731848422,-0.25516597507622724,-2.863932433989409,29.104500235658367,25.0
0.48417245709209217,1.6883506588449682,0.515661306051396,-0.5384627904926501,-0.2950840115345706,15.604169862988073,25.0
1.404383118662399,2.546301810560519,1.7049386338487134,-0.2930069490283157,-0.9843192227316829,25.47448682253135,25.0
0.8005259495692878,1.2213386709075855,1.0767415568629237,-2.847548856295191,-0.056199470120944284,29.04086956561331,25.0
1.1631662541587244,1.3199143467521248,1.7204604829450574,-0.3243805271214373,-0.6074602069098258,27.80246210821456,25.0
2.7855785262474217,0.5492551202272972,0.17393365373486463,-2.237778359493147,-0.6364347568978364,11.858240387699919,27.093083162051343
2.7107934973761783,1.8915208700474277,1.814375873323969,-0.5160068243103253,-2.650721395346731,29.17347266089856,25.0
0.7247483039948581,0.9268248865311857,1.6054265935695196,-1.6336552641966988,-0.6993043175370235,16.708364709527167,25.0
1.7463219097524616,2.026267402617256,1.6003129980379238,-1.0437814301189818,-0.8995089112776073,28.814878165084615,25.0
1.3827097343623498,0.8210514212612011,1.829584311544997,-0.6388089246187274,-2.188963699588929,12.948287095043263,25.0
0.9988935487542729,0.5805048366096308,0.20300901000425706,-1.1150294359269217,-1.3021527539436646,20.347265070239917,25.0
1.4942087325247482,0.7285503232664421,1.139723838609375,-0.7476315681558837,-0.8835413922201276,12.475483829504775,25.0
2.2188682796144947,1.6910786403384035,1.6105092629351634,-1.6362437721953824,-1.7912307507212357,16.94417786131358,25.0
1.3360324900015628,2.3774265704149813,1.6155684116823013,-0.99133149944083,-2.0857764875513918,15.843725399266027,25.0
0.8559978754537161,1.6791810808171925,1.8245110152214077,-1.983856132428173,-2.1250551043300643,25.013922076638767,25.0
0.4478100409213368,0.380661092114988,1.8194583573838965,-0.7731300826595708,-2.6696704819567234,26.464546410252435,25.0
1.1131576268703967,0.23449497463831495,1.7734041779007557,-0.7542744309846637,-2.408264929276139,18.712973642584526,25.0
2.536612987283295,0.17957136442421226,0.7968237847490502,-0.8771786537208417,-2.322321832105966,17.97508133463014,25.0
1.082694313176091,2.654702352958921,1.725564067445062,-1.9010785186151642,-2.8197509511116263,18.7843164042672,25.0
1.468153060928212,2.006849721629067,0.36079479498480316,-2.6188876312816154,-0.00889597497134586,21.84470219064196,25.0
2.036144623459372,1.2794300247811377,1.489174606948655,-1.262857966506403,-0.10193551856354686,29.443991793659197,25.0
1.0279722107608955,0.5299406733815742,0.6482868836089144,-1.1581636570913865,-0.38048769285534956,16.444294740530832,25.0
1.281437364623546,2.1616292141433293,0.6715668004353528,-0.46186922073850223,-1.1612919199047584,19.351902598204695,25.0
2.7111993528558416,2.0126447479839955,1.4491010550910535,-2.109122349928091,-0.6063390526637233,26.721012982988146,1.779070413619135
0.03605807166099255,0.07364814422717111,0.9337652365365333,-2.272722031404643,-0.8154811145703587,22.160819274694173,25.0
2.5110320093536,0.750865093053506,0.4292643454979397,-0.8501164520112572,-2.8498524567543866,13.639647915554612,25.0
0.2743095417641972,2.8488177261249326,0.3513263460995922,-2.2408125876364355,-2.8290726444456196,19.866553543240897,25.0
2.7631903581471513,1.4259074846002937,0.43416747419200097,-0.908841656858816,-2.604079291139791,27.722302658252733,25.0
2.8071102481777688,2.4536934429726585,0.8800870835194052,-2.0745414046337656,-0.7108395084558561,29.944321688334583,5.051230072814654
2.4600251432605673,0.7450866783896728,0.6809561793355188,-1.6756524009001676,-2.9524808445689206,16.834626694177537,25.0
1.078830479959076,1.474223795838836,0.18364340856859498,-2.079451922676457,-0.527639147170235,17.174415998909566,25.0
2.987146710539304,2.276937947076788,0.8755745795942496,-1.5216325249222298,-2.107968914257938,21.48596656383816,25.0
1.4018347298830423,2.373357054807833,0.41515435212904395,-2.2671252470653673,-1.5770237558557934,19.83158321131826,25.0
0.06020050284489246,1.5219033238187636,1.4532197990918452,-2.0619211929418046,-2.132031693278156,28.10556486002948,25.0
1.8391480356399164,2.67807710046148,1.5364608257930252,-2.9863935915754345,-0.8316112405365104,29.897029937208885,25.0
0.6869151508035165,2.46236202828212,2.911772776954278,-0.154706690749989,-0.6539368764547451,26.998195654486352,25.0
1.7504985410237621,1.7184013890594676,0.5794310002314708,-1.1164812845324685,-2.8956284695151644,25.826682459566513,25.0
1.2620645031746318,2.5123653792776635,0.4103108216252587,-2.766622961595086,-1.2706939707067826,15.827201996763085,25.0
1.4087042780295977,2.667065886892673,1.3920882857877834,-2.1116803097259043,-2.8761704693400967,23.252983574568788,25.0
0.5481444481713437,2.546479509058358,1.9686745743235274,-2.9721258409816,-1.9282615091958548,26.76183718546268,25.0
1.6574735258248259,0.10327658014570029,1.9734790932120962,-1.389217849688214,-2.1778880818009116,24.972078056033666,25.0
1.3426104729526311,2.2961484540506354,2.9616440946340017,-1.0815442525914707,-2.2193225437924493,11.955416451536411,25.0
1.0677420599500835,2.1763825364876728,1.517454819285665,-2.1663605058925923,-2.7529796562344213,13.216326410966847,25.0
1.6331104509865761,2.746484971876194,0.5934565226609717,-0.008538461973524019,-2.633790789415201,24.38411308072684,25.0
2.745649660515623,0.6173481809453573,1.5269118302622726,-0.6498358646199489,-1.208091632491539,12.978429393770563,25.0
0.04964548933417582,2.699687559341575,0.9482268604096856,-1.6011550476799312,-2.9272378407007826,29.089428776328358,25.0
0.4371243811824545,1.148469838647813,1.030965465026704,-1.0405887017157684,-1.4560452077750716,11.384493440771646,25.0
2.0785701400552785,2.911705211133773,1.0265873325197408,-0.23062860738188062,-1.917204488907994,12.943334169972633,25.0
0.5651165756036736,2.874804751484574,2.6134923814881414,-1.0874005627772774,-2.525306110203729,28.271493480895685,25.0
0.7179995148578766,1.9625408985690502,1.531671523363889,-2.2756433432410215,-0.3268171788449979,29.137021956412152,25.0
1.064137607114366,0.2278177989818056,0.40553463096889303,-2.3466216049117614,-1.907601595892846,12.797775141413222,25.0
1.1232577287659788,0.8602696324784086,0.5565496273140544,-2.243867099147679,-1.6380052787820552,10.229829232615492,15.319439464818164
1.7401295355804423,2.1091559621280203,2.604263753573449,-1.2126748795836584,-1.2638190228828203,27.84056771351043,25.0
1.425263448982729,0.17798895082316835,1.8094579206024815,-2.6796948868990427,-0.45795276033433696,27.177860430834375,25.0
1.3517064763098368,1.7297761911512495,0.6026452452954334,-0.9948416391268595,-2.0194692371601906,29.09040879962823,25.0
2.485317630761677,1.5919181222666972,0.4244912477288197,-2.27061144329528,-0.6657370185611025,14.918990374864105,13.905459553687717
2.7944521603547137,0.4342297026189489,0.9665186059585698,-0.7191224021769267,-1.1275255291178665,22.03332465182454,25.0
1.7124166458820038,1.871782779032773,0.16900382634590247,-0.704501413282927,-0.1590809818014205,27.892314157462224,25.0
0.4168818523376114,0.8109551749924065,0.17885830185928356,-2.4932188915243887,-0.5594597819055357,15.076988889718056,25.0
2.49349871119389,2.935976626368179,2.971059825168859,-1.8776488188174703,-2.0988645021539396,12.824807752198627,25.0
0.40336433781168,2.994014459321344,2.921084935693823,-0.8838641936024403,-2.539329190309209,25.425044916134762,25.0
2.0642617908443497,0.00031372848460777897,0.5979458270162267,-0.07957276615643373,-0.1921940678960037,29.84709007937324,25.0
1.3442826098493184,1.362385291917159,0.6163862237612974,-1.099199500075314,-2.8769780022770837,22.643324058044353,25.0
2.979009468545848,1.6164945732251104,0.5887276996488928,-0.5823793604395204,-2.864644049914161,26.962299285117048,25.0
2.711397340542004,0.16827833480295476,2.966378257090769,-0.39691379797696674,-2.960503481940236,29.006027641224406,25.0
2.9948183300237092,2.5122315226840817,1.522185766178194,-1.3893378705284705,-0.4552740485874644,14.649473573892209,0.35135114993524946
0.6015081038330047,2.5543990607683575,0.9712041483885268,-0.6977376419404567,-2.6622387390962685,18.456832357466816,25.0
0.1218553733658018,1.911015096214825,0.015580498598078713,-1.292250700361975,-0.008226179616740652,19.014143075795104,25.0
1.1563716877148176,1.7048128962464868,0.5472936499393989,-2.8893132898262577,-0.6403261066635162,19.295867210752135,25.0
1.5717180355033415,2.8233217673459365,0.9438734111888383,-1.7933139722272096,-2.9115671477460436,20.542801501074834,25.0
2.6564729234938302,0.8098277134110896,0.346547837855393,-0.366541006170848,-2.206179004105928,23.282221539794104,25.0
1.8347112403830008,2.9339932586166397,1.7782514994372836,-0.04347180409422813,-1.5466682401597225,13.14142698368579,25.0
2.373410188467665,1.649560228178124,0.6622088336199089,-0.34995004845918615,-2.4156282051113305,28.014561895981576,25.0
0.24508597216850272,1.7529035010441327,1.0173704094429894,-0.10316255342414814,-2.911758435098223,28.97537664787121,25.0
1.7496421657660273,0.7461277309281769,2.599579313197993,-0.38788010765959635,-1.515216614913514,26.723572532047484,25.0
1.8327265718232892,2.099077543101173,1.444315005444424,-0.8540078656990113,-0.14289439229988132,15.876287388767498,25.0
0.3989804736715484,0.05990032528629521,0.1980671804357087,-0.7870459873259358,-1.2497911669727224,10.273381345952792,25.0
0.2546238090713983,1.1046921235928056,2.9257437138309843,-0.727455271261645,-2.4572507052208374,10.523807802872156,25.0
0.8737356672723992,0.5181709325794731,0.6073197295493035,-0.0750280059857863,-1.0490985795472834,28.891567959213887,25.0
0.19763885351620553,0.1645442711380019,1.0448040286257592,-0.19385474376293382,-0.27567750078182734,25.604365868865546,25.0
2.9292300679699066,2.408952886695389,1.7828944936601436,-1.9626146876158932,-0.8081293290836049,28.37913924307406,1.458095988735164
0.4498094784082943,0.5423908454378505,1.5457823129709225,-0.03948338092382103,-0.7427223360876551,20.64527858336744,25.0
1.616607935661352,2.6493101740234564,0.5701830047554366,-0.46987817044177366,-1.945317282045438,27.07433125232953,25.0
0.6888427944826567,2.039855823136631,2.5581561022611043,-1.891698219050822,-0.2287324311964521,23.757866949323258,25.0
1.7489315143097577,2.3298756702328927,0.643488885674775,-2.849813671025916,-2.8767794071891712,17.9267023289134,25.0
0.0034764391764864223,1.9013214676049102,0.6344359497146769,-0.007853000506372535,-2.1392960833209345,16.180340314821976,25.0
1.7696749793022581,2.9377668179559824,0.6575818280209013,-2.998519893923773,-2.5648258287955215,11.663715968022217,25.0
2.6313568737663457,2.4474442897126627,1.5127566484029664,-1.2452921862397306,-1.0359622587440314,11.929150622271344,1.1310063844365317
0.3865343217652131,1.753569135156723,1.9836297759414563,-2.370414134632407,-1.9457563741425847,27.845475236764376,25.0
1.7960796502193555,0.6506221781454031,1.1490335839195889,-1.8020463293979168,-0.5068033598200241,26.076388483307223,25.0
1.7327487499594703,0.3704582770266908,1.5411758434750757,-1.5698522085687998,-0.3696778085032064,13.659628951350538,25.0
1.513220327325237,2.4285081980513317,1.5081571971130743,-1.275084680402351,-1.0930522562960632,27.68938206136586,25.0
0.5904280951923384,1.5870877051613288,0.9573204415510842,-2.1476765816421612,-2.9706921850847263,19.621942290060872,25.0
2.7204971245621037,1.3714134866822985,0.5426665190740277,-1.5548938425682188,-2.445816373906964,27.888673468055796,25.0
0.4961424661977468,1.446187767083805,2.553556533022878,-2.975602434474884,-2.938945666841203,17.042222174183586,25.0
1.9538468616204192,0.2072791632310358,1.0356486149827389,-1.9032548931307762,-1.5080439317840235,15.385342873765655,25.0
0.5027394400981011,2.7743966830624873,2.956962276782259,-0.9388274722919859,-0.7830699067559198,17.323716678061185,25.0
2.6053101566305594,0.5747798053613599,0.551905514138269,-2.468040043516616,-1.3745737376759464,15.401767485710725,17.28480176788127
1.09746872785954,1.8978935640030863,2.916465462202504,-1.2480915031089497,-0.6196308820373827,29.71739912249406,25.0
2.4769171152684555,1.0646630662676948,2.562740275612487,-1.8421062204216674,-0.6395311939824553,22.99232564541455,25.0
0.3353878039403957,0.5128957384438441,0.5655979349137534,-0.6488521913035987,-1.2125461399246371,17.299566235213046,25.0
2.8169635142330396,1.3270655061665333,0.9618916130643045,-2.1030101506782244,-0.2275871426138538,26.738532617628064,4.768464781802345
1.8570031484427236,0.22784076178266593,0.41986154048058316,-2.4258488812630223,-0.6689409109666867,14.4803435363144,25.0
0.18291747322946317,0.5098628167861498,0.6254409422430606,-2.7163166329592423,-0.33945111591640104,24.69989550216949,25.0
0.6316699979767469,2.7295103283830917,0.5841170971872323,-2.6995386675720963,-2.230412091187171,17.280665151318043,25.0
0.5866877406498957,2.1002404128750203,1.8892442841726387,-0.24597036291837732,-0.9855827956688122,29.615063334456615,25.0
2.5547354003639735,2.248026124609187,1.0402148316442872,-1.3264496391663667,-1.2664334879076287,21.460254640974693,3.1069015617934936
2.8390841797016453,1.8719228256192666,0.666805623656599,-1.5345481460455357,-1.3377699531832967,28.808595541586314,8.36272342922789
1.9798935865636584,1.502522029464856,1.0493920197917086,-2.5388731463343537,-1.3717140140025126,13.591248382462645,2.6768402135423806
2.0819785863165743,0.8290534553330908,2.618144983794851,-2.745560656992231,-0.941768728792371,10.533553306428246,25.0
0.9410497109347464,2.8130650260497494,1.2076579437680168,-2.237944139246263,-0.5409743795627835,25.36770332515044,25.0
1.3022703873583266,1.788023054925829,1.221003765072723,-2.566236032669568,-2.938770220008221,12.859001377816378,25.0
0.742242506213421,0.1788958577702843,2.8706954888296954,-0.7093865704558534,-0.9867665634381861,28.406912371446104,25.0
1.7989468619853712,1.0693780122554184,2.6271101170452376,-2.608525066790345,-2.439468535684592,21.53220084769989,25.0
1.793057898044104,0.613687777362667,0.5747550252834432,-1.4839054326232193,-0.7813442291429468,15.827782859509684,16.12520013945173
1.8994954121094627,2.7565549249406067,2.5949975306211943,-0.9349724929348676,-1.7920229271004142,17.17269142377288,25.0
1.500712392014328,2.544352927785515,1.0815905038740838,-1.7332326000343314,-0.06319625586417622,10.120385970618416,25.0
2.288418656432095,2.586766102851685,0.35603140495169083,-1.9910437468299647,-2.2507513996665365,11.163554727219202,25.0
0.18053217973842145,0.852856479048746,1.0219471424044624,-1.876473131309162,-1.9072123654262974,16.638019671622143,25.0
2.4912344091718936,1.667762348973247,0.6530260752443862,-1.1360393207810149,-2.919086094977959,10.575249156798895,25.0
1.2733476189523383,2.3381698926357783,0.43886653546498267,-0.5364270134547175,-0.504825732728373,19.51730638727072,25.0
0.3812664057531079,1.4685185616221819,0.5381249371971335,-0.6154231236876548,-1.9315419188187035,19.661450273782147,25.0
2.332558068041436,0.5008980515463969,1.8715336820241713,-1.5287023592930638,-0.6263831594603082,23.45501368206882,25.0
0.09778427489073964,1.8475095592080328,2.6088677525997612,-0.47765422086331794,-2.12969002691287,15.88298374245904,25.0
2.840594828111079,1.6245847830565308,1.333283988772951,-1.0253579006910896,-0.2294572020859276,15.905222831238817,0.9490844285088704
1.9826689236912973,1.8315217957808194,2.5358499092524185,-1.7449360939064102,-0.9777240830992784,17.279649591354143,25.0
2.245933637057892,0.11573274103075552,0.6762837465056565,-0.3363906806378265,-1.6806208508299545,15.45241054685726,25.0
1.7751620270467914,2.5610922415996926,1.8980617526669894,-0.7182177386930625,-2.2079822681860577,14.247444482165944,25.0
1.7373625522371197,1.2621566850444785,1.9881643673477982,-1.239634013075818,-0.4891667480246187,11.355590135205828,25.0
0.7250643806526014,0.1365555231474764,2.5445939415182823,-1.1190219649265367,-0.6762782788479942,29.6677747903929,25.0
0.32695242221863813,2.8617091619076103,0.975767701286109,-0.3935314853217293,-0.5585794393261256,23.70251126206777,25.0
0.7336366058630495,1.0938103497164124,1.3244482478280577,-2.577316991853717,-0.6994218393701196,13.624656563123466,25.0
2.4909579381617193,0.03923908851601707,1.5036367242376178,-2.2327808406552103,-2.138364248772011,14.34927048125194,25.0
1.0435538614399387,1.5902830159847219,0.19360320572084738,-2.6037262312860188,-2.617290263389228,23.045537339313025,25.0
0.6045694090002747,0.907245628479241,0.63896174159064,-1.4699676798311467,-1.6757579239437022,29.90946188386955,25.0
0.437329708780467,0.8245459805079779,0.6209456427918889,-2.1525590465388023,-1.943733896638589,18.7234043643361,25.0
2.5455035975034974,0.6207468117282486,2.5490441757658138,-1.8475072464443236,-2.6117689818601733,28.73836552409251,25.0
2.263438519053572,1.2720309564600818,2.6226306022656902,-1.0764523858042365,-1.684909869349971,11.522014628693732,25.0
2.324828236091106,1.873134542631177,1.4397805487128514,-2.7473186694652334,-1.3834340558308433,13.20034044991688,0.5277864692109024
1.3272364383472235,0.01725622908765125,1.2121417012477087,-1.2028398229927635,-2.6573655874809585,10.276339170496213,25.0
1.1817660999082353,1.5628448795543906,1.8803405620348945,-2.4525058233426567,-1.9999602413568152,22.51670850377831,25.0
2.7869330080934245,0.05117913803972817,1.6467508007917095,-1.657716786950449,-2.015231441958887,19.23647822681679,25.0
1.9524743371329594,1.734930272023508,1.8847620479778773,-1.9973453567224937,-2.9976392427569096,20.967250386226258,25.0
2.326823622906645,1.6031706589022625,0.815502433810594,-1.736477686586551,-2.9709088290412087,14.055646377922722,25.0
1.6800800678168328,1.5301693460273125,0.6299233244125185,-2.4615481112535025,-1.7303125036926899,11.36802892399988,8.870167173462043
0.5333002971090073,1.40337854804121,0.6118417583896948,-2.7435188382080424,-2.9385493931386395,29.94701606877626,25.0
1.3100584136247861,1.2294597628940294,0.824233013809532,-0.2862655794424187,-0.5174129307619575,17.895174353595635,25.0
2.3425855285121058,2.9806091544238367,0.5611177139414979,-1.2719655061730892,-1.3941172076892445,26.22963883127506,25.0
0.593068180474514,1.473381633816863,0.9528212536222247,-1.3655132118266031,-0.8817734565245178,24.49216678518148,25.0
0.570801467770319,1.418348869780601,2.86623301114902,-1.381644938349037,-2.3203206044272107,10.600109028966537,25.0
2.183714051917952,1.7466582285934404,2.3808181006560685,-1.3655955528093788,-0.2629550303857582,26.682335531133923,25.0
2.8707642967914024,1.7212108892161764,2.372137284705643,-0.6643367568262688,-1.3006118942825788,25.794039935130936,25.0
2.0700844219762544,1.343080033602803,1.216546757379632,-2.3424939114081065,-1.7287622600151995,11.4675782204134,1.702653324228308
1.1121684449616407,1.3853409420644358,2.531421938834283,-1.5459681047026594,-1.42358816422506,28.188501280714874,25.0
2.565614080707465,2.3543520223872845,1.9024802563252932,-0.3737871563800012,-0.8818199988702337,18.991574981771304,25.0
1.1278234639959133,0.8328989319512421,2.3938382483578526,-1.5670618303874413,-1.3484045195964238,12.637235991386566,25.0
0.268205853480793,2.169367656868618,1.3288601025729974,-2.624391389866489,-0.822075235048599,10.478499245887487,25.0
1.9763608680208624,0.996552654839589,2.398202175704705,-0.6043352352908244,-2.352988806362393,14.020404462530195,25.0
0.4799578845743224,0.9468173894419439,1.875952202882021,-1.317051299574319,-0.5627004023818574,26.786380434591603,25.0
2.5734362876880654,1.909705062451717,2.6935028588894996,-1.722698208593004,-1.1828609455501633,29.303531656569163,25.0
2.8504314468100955,0.07153806374942223,2.367777034187728,-0.22549597561138082,-1.0336986950108698,13.861138440578252,25.0
1.536955970083398,0.4704271101053853,2.385178523831278,-2.1984105441671975,-2.1398907733916386,15.110381761417157,25.0
1.8814831833330317,0.8609540456161118,1.320056234159555,-0.34960717973426353,-0.7938963974232158,23.702742087957496,25.0
2.6315973857572255,1.3104496522774391,0.020125251609876885,-2.542228661917811,-2.251252423689146,14.90083894527813,31.982874384221955
1.714753251490503,1.8641709978221406,0.819869635714107,-0.9352170214746582,-0.7085211989045863,10.694175903854743,25.0
0.2629136967981392,2.0566335820829202,2.389498830604609,-0.26741149738365133,-0.1989761530879195,10.99984401283314,25.0
2.1636598966656897,2.0834327628853018,1.8936726944841107,-0.8500882371645269,-1.1860712065581598,27.637640920716144,25.0
1.1419801360212956,2.328281592618324,0.028716181758871837,-2.5314950387813524,-2.014265075746888,11.603615132679854,25.0
2.172426010970325,1.180547723231099,0.045794482658763624,-2.1244328194879687,-0.8745220812587303,24.08963077335399,30.166636153573986
1.9684862084600998,2.6425600989412437,0.8285890088908997,-0.039873601004645653,-1.6128677232593853,11.296756526872635,25.0
1.3579003444496303,1.0807019907091049,0.03303742886949347,-0.9221230739604831,-0.5290242619539062,16.861187443240606,27.04310407693392
2.6672004487920997,0.6337085520575881,2.68918703976894,-1.8260694429729218,-0.3131896833450821,29.99451416231631,25.0
0.5202785521473973,0.09762475372229314,2.3764773194772912,-1.5072477013754921,-2.0795679011687573,29.73206910747534,25.0
1.2570991855828688,1.7165229425547754,1.233864616766265,-1.4159120992583665,-2.7581285177897525,18.647104894072797,25.0
1.6435834457700529,2.2253556250606543,2.6848962307303617,-0.7237321200371652,-2.2994764558148395,28.589962280824878,25.0
1.5228240756750717,0.5361865403465298,1.6424017267400304,-0.8716817071661884,-0.7174589321157505,23.72824523620065,25.0
2.8972463958121266,0.046638560056229905,2.5402256166363366,-2.976457101762751,-1.1809388652401338,15.760928614048748,25.0
0.10501589947567437,0.016391862334761625,0.024425043981315644,-1.2489955321248059,-1.515105381594106,11.036420109492076,25.0
0.43199699565708527,0.0012134930075831732,1.8049608010668428,-1.4659498388954857,-0.9486570012410374,10.256116969360445,25.0
2.7946308241440265,0.7952170715879859,2.697806688591412,-1.4119747386447543,-1.7543867919026597,18.971376430267416,25.0
0.15140619721701928,2.4880175617955103,1.229606962630284,-2.7450201060171406,-2.332704434990178,29.215324804384284,25.0
0.27958821241994186,0.34198316347206315,1.2253821021061575,-1.8988666934102978,-1.1774735577066553,14.63297373374397,25.0
0.03372955717805035,2.435013996702086,0.041530995202468286,-1.67176997212406,-0.1739949059427834,20.381216275138332,25.0
1.8246333527142184,1.3213356592663015,0.03727902775126547,-0.899810590486624,-2.8923152790786606,26.592657880044616,25.0
2.4879971618041354,2.4822836732220757,0.8939941844983273,-1.5439548734726551,-0.7269061293458126,29.44535822530524,4.889569909532803
0.06623114641936613,2.1488181539881923,1.7925263873822286,-1.3495807061280298,-2.57255448501234,11.944113697320029,25.0
0.37968449622342215,2.2332201767043385,1.2662868845892161,-2.039957610037969,-0.04002198283510516,26.00983298808483,25.0
2.7139528364186396,0.36769899768362885,2.8949044676183378,-2.4520604803710215,-0.6906866312782115,10.883334632763791,25.0
0.3464294649740984,2.7643197260811716,0.8981666491824813,-0.926634659149121,-1.363039162998572,29.75747993781257,25.0
0.964910538695789,0.8845897467151287,0.33811568765324457,-0.30015682196169835,-0.39120857289012145,29.980038459940758,25.0
2.583017386977229,0.945466887728806,2.899065278652577,-1.999358244313344,-0.7443033931383554,13.13886197747694,25.0
0.906863556046093,1.238329656483915,0.8898329363119398,-2.023691569591648,-0.4008101719130831,28.54095865551289,25.0
2.633127444679312,2.8018316843746156,1.7966819933784581,-2.741761291991153,-1.6103721197541623,28.740986954479716,25.0
0.7534957273921395,2.830893543799996,1.2621341630385863,-2.9771529066918547,-2.110511895869764,12.23081013607175,25.0
2.6129909384001797,1.3234448582093827,2.2316632263621297,-1.0083270454752213,-2.973102677148934,19.251700415711365,25.0
1.789475241661556,0.12339109355849796,2.9073023811367036,-1.067305795129929,-1.6423933329692089,15.34969177202849,25.0
1.6490455522966732,1.818825392606776,2.903193578336076,-2.16093105398663,-2.42302480240379,13.185449942528278,25.0
1.9141358057450502,2.7950119620787612,0.049999093308810534,-2.6054160845732732,-2.0071075252755595,28.264862844480067,25.0
1.3672821228836523,2.1114817457970045,2.2357768146326475,-0.9283857024141677,-0.8894100210099719,18.06360687159888,25.0
0.3554795046819235,2.085164424884638,1.465804576204299,-2.0995751310133017,-0.5930011088061848,10.443031593322793,25.0
1.9655234292069472,2.5833626315657146,0.32588872602645247,-0.7739151610705822,-1.25996088646445,10.747232267048386,25.0
1.9681697206207533,1.180287760943243,1.4576888924882418,-0.7339995525057781,-1.1510799584732048,28.644409566337355,25.0
0.4992349212623484,2.4373438681290183,2.2398664300513453,-0.22720294818966785,-2.8823897822908937,15.397529746298172,25.0
2.3469995179993783,0.8963306581429022,0.9022893014397094,-1.7021862706209105,-0.633064521871592,28.880051489492068,25.0
1.5461301231673843,0.8610116575776126,2.0833533640094917,-1.304494493982888,-1.495759896253984,12.492674546028606,25.0
1.1734969818827685,2.707763856400545,1.8007871712004024,-2.5798718167704386,-2.0814368557104634,11.92635684123816,25.0
0.17470981396656163,1.1771833805836995,0.4721931517213631,-0.5739635181080953,-0.9913454231465055,20.052641459070326,25.0
1.1575092443400166,0.9648208008439396,2.834561868895674,-1.7348307784329844,-2.9509035442238885,28.442295913738867,25.0
2.943568645406054,2.92009237909484,0.910350928041079,-2.2839226324632884,-1.2561011549129009,29.48244727185886,4.718348311567805
0.6353912776718476,0.4257478630869314,1.8469707359285832,-2.425531798846354,-2.8506951954502306,27.58367511213053,25.0
2.1980315025234107,1.7937707092587012,0.32996314568506513,-0.059240416860609914,-2.4196631542614457,25.817741506349556,25.0
1.5860375903212427,0.8986164686609492,0.3421918282440744,-2.783620323958233,-0.448325460576408,27.451342629314997,18.853821698503005
0.06335399411647309,2.030435946497426,2.243933081447791,-2.275006688622043,-2.097299049473037,28.702940237497142,25.0
1.7079630087251125,2.163997117192702,2.067268495168703,-2.019869649420371,-2.804445602301592,27.18789228496814,25.0
0.4258953215421689,0.10304610728832274,0.33401452345160915,-0.8698008646198162,-1.290707904613808,11.528349005039425,25.0
1.4563740004724948,1.6647537837498372,0.005918773890940258,-2.424673866661003,-2.0646416563046794,10.624429422741665,25.0
0.2528630024709744,1.3109802366242704,2.071314445036235,-1.9535412893307038,-2.6548424821845686,26.592781066032394,25.0
1.0331229565888733,0.3492617997075435,1.8429206305365726,-1.2006767951971504,-1.7930502383047953,11.465300845572411,25.0
2.927457329056273,0.9536189272158486,2.680736370812427,-0.9548773932529173,-1.87471016507401,22.772337710137034,25.0
1.6224085956985235,0.089531228227098,2.6313895489390506,-2.1647560361755924,-2.447995499648063,15.385758844825919,25.0
1.4375566939675748,0.34492532917185464,0.4681415210459212,-0.17618321659271552,-0.26688071786224826,26.360427747286536,25.0
2.0594490142212973,1.1839399860788842,0.914399404630696,-1.9461779770103917,-0.6365145216273814,28.227398618661297,6.043015719106717
1.5063868551377364,1.1432012542525778,2.087406200618614,-2.363084661378819,-0.88010329135527,11.96717613222519,25.0
0.04308829253950683,1.6637585887351385,1.4617439840398547,-2.6254803277617067,-0.5307271527656969,13.246968722185649,25.0
2.9962020729817054,0.395098685128232,2.63541826671845,-1.551749128878312,-0.3760960948825095,24.40676609372012,25.0
0.4345832701002723,0.52622502643063,0.23488994209216488,-2.829063499270197,-1.1194073538376126,10.305240305272802,25.0
0.2396624151290585,0.6100478399836335,0.9184252834495018,-2.56796876527613,-1.5101228983297486,10.354797674495632,25.0
0.0012690025818921729,2.0391683276887838,0.2389130366005356,-0.7710945180604725,-2.6625157678022697,11.496876076088999,25.0
0.4755078741773424,1.5592313657082069,1.8510140612994281,-2.5795861414205397,-2.8068919437312725,22.405399681446678,25.0
1.7256816921031377,1.0901457618937795,1.855032825681135,-1.0199349186588031,-0.7010484121576472,28.36919671889928,25.0
0.9487386657714046,1.2728626336276534,2.063236658552883,-0.13675106410625434,-1.6061436294296347,10.236983344774826,25.0
2.5506574656404255,2.992888667905633,1.469858045632903,-0.22362620347000647,-1.4884591085295598,12.20298906481769,25.0
2.443444202466458,0.8602780520426582,2.0793089580063313,-0.7404724221007836,-2.9866145918937397,13.62308102016371,25.0
2.4608217118158624,0.05104366455707298,0.46412385838569087,-2.8148921997882117,-0.010781084459939824,14.64930487465772,25.0
0.45488091007250253,2.1520570272314044,1.8341339515363233,-2.3532151991029466,-2.5245719624039022,10.488870031484334,25.0
2.1691950396182884,0.33112625136995644,0.9063232901860214,-2.5405848757806444,-2.9520782018795284,26.877167077067945,25.0
1.55778939378983,2.6161098963326106,1.68875230202246,-0.17838346685828027,-0.16737644853539901,28.77259754550161,25.0
0.16771480736884645,1.2340683513643125,0.9904058696602035,-2.4321446022642714,-1.5235836883473861,11.604198305920672,25.0
0.543784213093887,2.6314334446339562,2.6767341721578117,-1.9387438781528008,-1.0449600337110931,13.120553089639264,25.0
0.02059058743585013,2.643043361601153,2.846254171787855,-2.585745555595154,-1.0799045261357871,24.307255587861025,25.0
1.6537225266146531,2.6552035320447005,2.0753196159309377,-0.8444414753696659,-0.28176568797157014,16.99130109579261,25.0
0.909585125323513,0.6292508509275727,2.8541759931794926,-0.6489959186103853,-0.3159093400561295,24.82025591412715,25.0
2.793548410977258,1.7027325669529003,2.672767014194673,-1.636533784405059,-1.4530084451388494,29.138675046847997,25.0
2.9889771767652826,0.542051258869869,2.0913988249571096,-1.2219259808326672,-0.5548896307773815,10.778603425745416,25.0
0.5512307675770063,2.8300096603626725,0.0019180186840004557,-1.4293891483272918,-1.1702258711409115,10.262434562174926,25.0
1.4642903165513754,2.3161281694749705,0.4837645661645762,-0.9537019004893168,-2.6588847071707646,24.381004987262045,25.0
2.0073685704293975,2.2123047810981147,2.8502174826896867,-1.2353970653208757,-2.9378742561083335,16.908118387742,25.0
0.13895983659022193,2.5739913528472664,2.8581323431452357,-2.5988336125104317,-1.1022754355104711,10.473448832067518,25.0
1.4127970712966025,2.5219244959603797,2.6688181525147123,-2.3205931003512785,-1.5654031714659107,23.431300645024336,25.0
0.24486780498214167,0.19102500420778426,1.696513564840224,-2.5460818076016616,-0.2049781245659272,26.151502658294813,25.0
1.8065209359100105,1.0954066776401847,2.8620722239496525,-2.822118941094032,-0.782477511982397,10.641164944846722,25.0
2.6232380640694433,0.8154513004185852,0.314139315252526,-0.1828414464591822,-0.19398105228871906,28.445272003592024,25.0
1.4166644671709008,0.8063593737323265,0.3180631807649254,-0.5761249490423246,-1.746638292751951,28.97331922109385,25.0
0.4563921512666703,2.9871500865344935,0.4761827318968458,-2.4880087383035843,-1.2618097595323459,16.38338319516828,25.0
2.482368337538062,1.4769822314492007,0.12706090544243107,-0.4048853226135727,-0.7984551733716215,26.93093324554648,25.0
1.9510626217657707,1.3973851481702297,1.5881542129260795,-0.10423218992972359,-0.19168470530515766,12.808302262758751,25.0
2.9801819866946038,1.1561230469178978,2.325495596465708,-2.486877205769385,-0.13072587675700192,28.57928680436188,25.0
0.8929718351658025,2.5657112826986777,2.329392459280577,-1.2416163238295093,-2.4424479631783615,29.838661598183414,25.0
1.316615390630854,2.9489935027315037,2.8423226775858006,-0.9573929044432399,-0.03782926433546671,12.072128407547936,25.0
2.4911647793717258,2.2676376276967822,0.8659679361504903,-1.3716494169537878,-1.6626812263194586,27.500310773060995,25.0
0.22695195175377136,1.5502004651383507,1.416691374008139,-0.4702767102484896,-0.7518412633362987,16.27102272634681,25.0
2.4297217078742555,2.833369416805096,2.333282982738381,-1.692910363165775,-1.3807021138072528,17.545286671080866,25.0
2.9658059236760668,2.466022830764872,0.32189874395047574,-0.28098567544931985,-1.315697708884397,13.01756028618119,25.0
0.0716294819022121,2.4229530217919972,0.11540877310863779,-0.26685667093608206,-0.4375985898056367,26.261700996863166,25.0
1.7590917071431464,0.8418085554004973,2.265426784829468,-1.6812675853733503,-2.410634903389732,10.047758173020805,25.0
1.6164795737861437,1.8977663677987036,0.13094765170116432,-1.8883013129169528,-0.14874475044365906,28.017536957785246,25.0
0.49053705846428536,2.211177915381865,1.7004126869644351,-1.7494501340611612,-1.877748501314771,11.592472362319079,25.0
2.3588348935691155,0.20634786950511838,2.3216155900870072,-0.46941627791407814,-1.918667005948218,28.97751736686626,25.0
2.921571122980717,2.7475296959157403,1.5500207545430034,-0.6539211690183014,-1.4485590497870144,13.918666904529688,25.0
1.0778412493466645,2.7492162368309128,0.11927746085677066,-0.6609451096473459,-1.6229569065442424,13.676795194207742,25.0
0.21348507908216302,0.33852181516961255,0.4800208201439398,-0.1947971982918113,-0.11373998648261213,17.091974935848715,25.0
0.7344400016519209,1.2537418292653033,0.9869261565396764,-2.889372778356077,-2.44105937048848,14.616251853752154,25.0
1.7182075317626218,0.9446082267254069,2.3371505132611925,-2.464492685894359,-1.9498557223385538,12.753276647253626,25.0
2.091995606628456,0.7219852369713099,0.10771845566577866,-2.1730934320980464,-0.002846120322299831,10.092049222901911,19.488263710315714
0.45899388170383504,1.3165417976664469,1.5958374055122444,-2.313155333825271,-0.14813827370679242,28.692916703262032,25.0
2.576307085939354,2.64013012936413,0.8394449140081903,-0.31048360446314255,-0.6732868254127614,28.278059929735786,25.0
1.3561970899674058,1.9039608736861813,2.2692777870028173,-2.8208158397941334,-0.7322954108946669,10.745888557745388,25.0
2.333084557659865,2.2609743170704024,0.11155302777550453,-2.462608184068967,-1.5696808921665122,10.292796366276171,26.6701621846642
2.6002110741714803,2.4129826343589027,0.12319897861820156,-0.6160743117435842,-0.9816683978651101,11.680660293411735,25.0
1.7871586513581441,1.5019318766630312,0.8583222506545201,-2.5773836878627163,-0.7628303489157562,29.51462089678605,6.137685636484093
0.3469880695375492,1.253915388794682,1.428055716778715,-1.1743142864679819,-1.4559494962698896,28.985385801379763,25.0
1.2025748320063907,0.07775707784829484,2.261581254842224,-1.8184913666855624,-2.8634246035849293,10.11071202853438,25.0
0.05381710754304817,2.8016280970121947,2.35991039376851,-0.5268066672706126,-0.010441856786250144,16.738860856283395,25.0
0.6014085896482879,1.4967067137355161,2.2730985288293506,-1.284468122675628,-2.666897683093903,15.099266675983857,25.0
1.7174752037995826,2.535995443370137,1.4090667435126727,-1.3533525421029728,-1.8929098436279665,12.61902917564799,25.0
0.8655194473459329,2.0719580108163016,1.592011082623264,-2.6711438454865846,-2.8955099336950014,25.474369534037102,25.0
1.7375218701062212,2.4823943908705264,0.1347889734335904,-1.6497497961431355,-0.17877263786413233,26.329413607697084,25.0
2.045536655057358,0.09191773407543666,1.4318706997859163,-1.3813456324335949,-2.910372363842513,27.39903528024311,25.0
0.685349047539339,1.1046693010123538,2.3560973216529066,-1.8853405841575341,-1.3628151859162285,13.234711745447033,25.0
0.06724638648958879,0.004859157884042432,1.6926450177785082,-2.796952100649065,-2.8813870125586223,17.736659853035206,25.0
2.6764462720737865,2.369329900261769,0.36878460752512404,-1.3124874350498077,-2.395151808666457,29.841497817586635,25.0
0.06851859214859221,2.0737385324799966,1.5843058121603684,-1.8879194130594625,-0.049231509606898954,19.101942129888904,25.0
1.6115895442426704,2.3173844703645172,2.3637151648729198,-0.5364026976395593,-2.2798204353153726,10.697275338472831,25.0
0.15844862292772868,0.2520084726971682,2.3447449938763034,-2.0810711297525475,-2.3347040270433363,28.70789314119038,25.0
2.9919603402586783,2.862886418189825,0.8621284236401203,-0.99864847334445,-0.3743354086459823,29.367006005743825,5.026810668597953
0.35785710741036114,2.370383898845279,0.14609135540959806,-2.692275954399255,-1.1995750807832475,20.54664237026464,25.0
1.4285967011907705,0.32788838079366356,0.8545170699947445,-1.7536377120068134,-0.009409676979239905,10.664152923844695,25.0
2.7901230158985983,2.1780373764583856,1.4356703206260917,-2.3553312810516354,-2.354676744399062,27.575911183759686,1.8727568686040375
1.703014984393749,1.992672932448282,0.8507282764101782,-0.5429042590996448,-2.134210310576485,28.30207302557192,25.0
0.5439925252748915,2.4937337184824924,0.1572620248146233,-2.1923416989392286,-2.8921997092776404,29.993712962386827,25.0
2.095571995766194,2.9150506654880495,1.5538417095314916,-1.1680643677913278,-2.309159262190692,13.762517566750644,25.0
2.7695179281430335,0.9006450268254416,1.4242542755405043,-2.0038340601794156,-2.659549290712187,29.2203743235458,25.0
2.250043898481487,0.9095552136498296,2.838487180731978,-0.8129418280071038,-2.766864974176072,18.17217600276446,25.0
0.8851634665058523,2.788621690197237,2.348529345132198,-0.5710311220052643,-1.595161414397524,26.95929415267276,25.0
1.254719644141222,1.177317139148013,2.3523054132569725,-1.2341696174888923,-1.584055782048202,10.781638838991455,25.0
2.8145446788734816,1.665703738520098,1.4128604509117655,-2.1226194780174734,-2.8989940071932923,22.508177256728857,25.0
0.4675014135996172,0.14022256476962858,2.3409619809660263,-1.025893077990786,-0.010077994763042887,25.505268497656537,25.0
0.07222245617205071,2.826148693434439,0.16476847396143698,-0.6564684450316469,-0.1901778652054853,29.47543619966176,25.0
2.843854302334546,0.18240432706399223,0.1385780882326239,-0.6711437325332013,-0.5834189820677818,29.293919456144817,30.309156583120192
0.2904297015629955,1.759107959952709,1.4773944664146175,-1.6197542206561837,-1.3876038540736826,11.754893897282335,25.0
1.2401011439704441,2.5639139559497437,0.8469538669732862,-0.774068666569014,-0.4902156837297141,27.78928683434374,25.0
1.6020635812467958,0.1978703885476633,0.9835088406134586,-1.5760611436348686,-1.7690333207243036,11.15708054775839,25.0
2.099605520907645,0.25830604519091666,0.14231810797255115,-0.03157269984844072,-1.528973983301803,10.621024816702667,25.0
2.2567507976918475,1.4846784364966312,2.653949000892152,-1.1191176766331463,-0.6144916128388643,29.122424513334067,25.0
2.865902501123522,1.972462382743078,0.16102005077343914,-2.249017795604541,-1.5611195533341289,11.198967829255114,24.293356835085113
2.0529231208932517,0.7130545556533818,1.4204988347411647,-0.490526857462319,-2.947409618185712,29.610253882179006,25.0
2.7888525712660654,0.9592537773781987,0.3761426553453011,-1.609278921831011,-2.4363108219496112,28.993691920177984,25.0
2.76150038821634,1.3887102988584528,2.661323590595301,-2.5832900260392164,-2.4257975984612345,28.664169418606413,25.0
0.6998225789317958,0.8584224591733766,1.6849045915161613,-1.9243619155126301,-2.47345843532959,13.385647474362061,25.0
2.7041388046534194,0.2573492951285536,0.8432188572889755,-0.11705079504920388,-0.4585097162794139,27.417591743977525,25.0
0.0854037657582957,0.13921522362353278,1.4811257808463272,-0.3251824388706535,-1.1490846420591194,14.901177249070416,25.0
0.6189133358393999,0.6167301332707507,1.4848262998533623,-0.9972628125355847,-1.5056752564340259,10.472783960650037,25.0
0.03820577345033835,0.30576347767522033,0.5043537892399013,-1.7425596242461663,-2.167908697834064,13.528577602193526,25.0
2.6740933220796403,0.2043237300585625,0.15352007312453006,-1.938117787129273,-2.972420426341061,28.99142858586773,25.0
0.16606342859510118,0.38717525240168127,1.1902142890154808,-1.5767230304873407,-2.235147903659912,16.621804330941078,25.0
0.7928622971111509,2.3899250205855065,0.5006573884871665,-1.9766568549719565,-0.19179000207240013,26.91290379883337,25.0
0.2709056570941943,0.5097459793334561,2.6502353369047906,-2.0116511618101627,-0.6940466070431377,15.17400453418126,25.0
2.4446834530158377,2.036680373635252,1.7160331846015462,-0.425037601565982,-0.8232315339990626,17.884412843572793,25.0
0.05399023190833087,0.8843283963964161,1.1872546112303597,-2.635862898278258,-1.3589540708906591,13.145848840876365,25.0
1.4027967385389795,0.4106896604308703,0.14982917045293342,-0.4458388543196851,-0.7970369519456714,11.417304921152994,25.0
0.8110904987535009,1.6109436215842001,2.6429170375805207,-0.7072140383964672,-1.6912803206449802,28.932509227512927,25.0
0.6030399671426813,2.8882948973599243,2.665014973826967,-0.9722312684684279,-2.58352583708528,10.02671950889165,25.0
0.35550558496604306,2.6372442822779028,0.3724531341192277,-1.4961769811236387,-1.9465803428376587,28.226182143091886,25.0
0.613508089010796,0.20488805588308842,2.6576415902649906,-2.9301012861116207,-1.6010265820173037,27.457603119919256,25.0
0.5838236821825696,1.7843963927492272,0.5078408015154179,-0.4615030144418162,-2.9938713388759295,26.575906446112413,25.0
0.03682127512302265,2.6328271912106334,1.4736892304799505,-0.9727141235819821,-1.9343382085194156,28.314954750435405,25.0
0.6563183812525126,2.139345427025055,2.6392532023306985,-1.6051426457752302,-1.265038217715195,20.053743902608016,25.0
1.549962792203374,0.3630357563437903,0.6998979144179569,-2.4694404629385036,-2.5502126635928386,10.327221473819023,25.0
1.2212137147269495,2.508628968242576,0.707128644398907,-0.4612647332527962,-1.3062303661514647,10.646207082671511,25.0
1.6359848335377098,2.956934522542578,0.9798130432469649,-2.402691906210799,-1.4292973648503202,12.927766104850827,25.0
1.1750368570442746,0.048417312630588044,2.6465736270539937,-1.5428425807687192,-1.0321741228150245,13.832464813362789,25.0
1.398701638615734,0.3837182659603238,0.7291750032832996,-0.4870829056841194,-1.329394735292894,11.942468460255686,25.0
2.6953196958057393,0.43951483632768595,1.1353770908906549,-2.1835820204083136,-0.3481720503810984,13.816632625062908,25.0
1.3242614456835278,2.7076697541920915,1.1103751698745672,-0.9294352315496041,-1.9456460712901396,23.90647261630531,25.0
2.708137299123272,0.6287734223989473,1.1282270960053913,-0.32673518853924777,-2.1273855498508767,29.440841078634797,25.0
0.1619449096093375,0.9962635740817386,2.827201610612979,-1.238469788429018,-1.1248704194630024,12.024089683757179,25.0
0.6812566957297961,0.728665972540129,0.7327847850444598,-2.369087343739401,-0.8942525323899221,19.60923467348049,25.0
2.724323199472403,0.1124041610941526,1.1602057805915285,-1.9070690156666874,-2.3376294920837983,22.377004961934148,25.0
0.6846067001924231,2.1821840329067417,0.7035143869134693,-1.8021935500766884,-1.7615283140026303,12.036289232664725,25.0
0.20758230977250697,2.600879422110409,1.3658693354279245,-2.8048121171690092,-2.996267485849174,11.16480502917403,25.0
1.5952256336214377,2.863772639465256,0.6962847247599757,-0.005557089441107794,-0.9222436358272711,10.982350715063564,25.0
2.9939306190915156,2.9707413489891925,1.1210841758142676,-2.163655553781436,-0.06546352546748932,11.508851563737313,1.1837740401364296
0.8532489397561202,0.2941383382436027,0.3650953362836913,-0.24984516216682276,-2.8532906365949504,10.034913359037013,25.0
0.941653928864429,0.9725588390322358,0.5114562718958292,-2.9223762018713524,-2.0384456085112634,28.6112275681713,25.0
0.22109876043172363,2.3880956844384142,1.1067846302551934,-1.4455462361318645,-2.4681714173077562,26.459898712087035,25.0
1.8136015099783256,2.971355260372988,1.0996799619880306,-1.9932364077784104,-2.822655944205,11.537313626538982,25.0
1.0935276641965757,0.6854471163852185,1.3622878772085327,-0.7911932797107809,-0.6075986971840975,12.011718124381973,25.0
0.21215775805094117,1.5864803535701046,1.379016850993857,-1.5329692285699759,-2.7036088848597988,12.563534219902293,25.0
0.10086617458900539,1.4895395283469834,1.117508839207515,-0.7008781967395485,-2.603006322942636,11.655706361489987,25.0
1.5125291662123972,1.461406204616861,1.9609568927177299,-2.3243924274907664,-2.463662480331778,12.000242093782598,25.0
2.864090262069733,0.2545818318901143,2.8839611167237313,-0.8234746373979511,-0.9941402611439862,26.177214612777895,25.0
0.029707241317015357,1.392785610057831,1.6820743337643957,-2.5366664666298524,-0.8379264499747509,14.317656628710026,25.0
1.7924151026595045,0.5559520361445455,2.7017204526494147,-2.7203511045039375,-1.756522071697308,10.62702281948632,25.0
0.997521277433538,1.5071667525694052,2.7088108337662704,-1.7334907588511015,-1.9007646714102917,23.12339707571355,25.0
1.521248739535119,2.802743549178403,0.3832348043159537,-1.6729264180456085,-1.5373077568732403,29.253078161061573,25.0
2.8823860952868023,1.7069850013584196,1.1246502623301442,-0.19523775988522285,-1.098049076177724,28.495885976283972,25.0
1.6124345514391392,1.6946206887192095,1.953852313067815,-0.3832105227817305,-2.924368929460884,28.090118328285204,25.0
1.879765697124714,0.4489401616795005,1.1531091359744683,-2.437556472023244,-2.470142610563113,24.14408804024378,25.0
0.17178310407167074,0.8853063905550695,1.1139505035622028,-2.6728975120543006,-2.2630941564665057,25.345187333982146,25.0
1.519201993689154,2.988284378974425,1.957400259849122,-1.9837172214828358,-2.573476635477623,13.567796596396967,25.0
0.3125923036526151,1.3270384246303697,2.891046295178558,-0.17039331535146507,-2.146806284767234,29.771001112525134,25.0
2.66555851518788,0.10985959003917796,1.1318002449471294,-2.277300920189943,-2.6755053220975626,10.68652510869921,25.0
0.46873143686226487,0.019433699667935324,1.7124162474435416,-2.5094723956090093,-0.26437149240473445,11.246440655705232,25.0
0.48790781495430136,2.870984467532073,2.7123568515754384,-1.6255580290189875,-2.8078491547624504,10.155940335091007,25.0
0.555565122632383,1.1664877508356366,2.7052665334232717,-0.27966528755837683,-1.1678275303964285,23.60310647338853,25.0
1.1714963756457064,2.77629660554231,1.7098606764898188,-2.262125659351506,-1.6160790656099013,29.74372219509319,25.0
2.980250174702644,1.7794517403673888,1.7113758795726424,-0.6070427820691155,-2.9307667727265416,18.398677651522714,25.0
0.4881985096502451,0.08401740923024505,1.450185814844993,-1.665976776563323,-2.1571091041492783,11.625240413714637,25.0
2.470248860215082,0.18690372292181082,1.4483838349881633,-1.1915449780491432,-2.6293588300038837,27.92992800410742,25.0
2.8089168267301696,2.4989090924181077,1.4517274718352162,-0.0499305174766714,-2.8188265941893427,27.30864799724512,25.0
1.8223089269718629,1.3489929864561103,1.7065157292654087,-1.1549548564808445,-0.021511298701810712,10.027621698545135,25.0
1.0169267762094552,2.7160217992545252,1.1431332052170358,-1.5686380338710886,-0.30191593584419196,10.680590060793607,25.0
2.787274364895226,0.7440341065092977,1.1450287830364798,-0.7662962417576928,-1.2233990123704956,27.98407168164461,25.0
2.0526038847730614,2.479838909569098,1.1413255737747334,-2.010809141244631,-2.8116607502809283,29.83446459858579,25.0
0.7176554082222961,0.04188663258622026,0.8789532021859665,-0.3802055084819942,-1.9010949339046619,10.334166092876156,25.0
0.28965101014171657,0.2690751892171253,1.2790189849976619,-2.277019640564542,-0.05625029983759069,11.129916907476305,25.0
1.0369183106596846,2.8091705693742695,1.276868196254055,-2.4729955608047387,-1.5701570933459015,10.115989977017772,25.0
0.4916333663482952,2.238782130861959,1.2997421665585118,-0.16249456924943007,-0.8540134938436132,29.386757184689305,25.0
2.715274940180866,2.2426460282624543,1.2978618209649522,-0.31619982648029743,-2.326447929216431,10.197610012087628,25.0
2.8163015012247574,1.041719182315338,1.1998739063204855,-2.1919015835387308,-1.9099215704198909,29.669544594704536,25.0
2.30573796527769,2.6762103347482733,1.1976964302335387,-0.2979254887620233,-0.06317750252664499,10.42803497737841,25.0
0.46421206330669834,2.643067065067385,1.6508834430536738,-2.8905115261563314,-0.20052957402002222,11.860226788340325,25.0
0.8561394977287954,0.01653848403385354,1.6526213717452574,-1.4789947231193108,-0.117365524768322,28.587605412980544,25.0
2.7679101286494485,1.4759967450535552,1.6560253218247627,-0.9325561505123472,-0.4574765104545067,10.242885540193708,25.0
1.7827810140979627,0.19108386849956888,1.3951715286420086,-2.6662359281882275,-0.3729136074117622,28.413587382050093,25.0
0.06404237317564505,2.1604916505750658,1.2581482416929994,-2.7687868818972037,-1.1538833009923788,10.492489532267333,25.0
1.899280946629875,0.1511187106331453,1.2561127902583364,-2.758831632056165,-0.21974514836223724,29.901295791329936,25.0
2.0351389282320533,0.20127979816070388,0.7218836033477265,-0.40182165074742826,-1.3678696456665902,28.2011561851041,25.0
0.7770161604265104,1.9089748866518648,1.339074946727895,-0.4630620127036728,-2.666508507135885,28.862988504788714,25.0
2.3797005021285487,0.009160832211222263,1.3374614801276268,-0.46615436471472643,-0.8982225828655682,10.85300757064503,25.0
0.5544849724466925,0.19269148084679213,1.8363079400883928,-0.7532284653708012,-2.517955476504796,29.59126869165877,25.0
2.332225364121519,0.7352902203266384,0.8809135178340851,-1.5169527517639485,-1.0747580465786035,28.836303102202955,25.0
0.06537128033863647,0.7104520338113436,2.0952180246454244,-2.571698812704663,-1.752965097849216,26.27982687028442,25.0
2.6747536415829543,1.9145505834409413,2.097132941382321,-0.7000498208742879,-0.2584371896576257,29.66519372268433,25.0
0.15954457795499719,0.3736916037756885,1.6731290486519352,-1.1282420537665285,-2.906443266436765,29.39737661962424,25.0
2.34265839036525,0.8859018532493247,1.675372485073848,-2.6973016381662345,-1.889247461333044,29.873782235393584,25.0
0.21146999983808715,0.044195791273051496,1.393573028173041,-1.7020332811715704,-1.4817478511594677,15.303343438591943,25.0
0.5094056030558499,2.1932618354371036,0.7196216139210776,-1.0020596319645265,-0.1299486885917542,28.85032959622722,25.0
0.6448681067640026,0.47661826626078047,0.929472484940364,-0.4261768516591747,-0.6815212574324789,29.037980610622906,25.0
0.14102550048686893,1.6120916196809658,0.9274879686610618,-1.3392837205773425,-0.011497748423909505,29.198639897558355,25.0
0.034095731476664407,1.8174344807731908,0.8770778741095125,-0.7112976661744017,-2.282997327097106,26.250207017906735,25.0
2.8975275970712087,2.573365287768664,1.8352658041090786,-0.29728424197576175,-2.2799801275415668,28.10142941688861,25.0
0.11795196686169307,0.5911650024239914,1.9219052328331911,-0.480776757910137,-0.08488537692159082,28.240168203805446,25.0
0.3557645459131693,0.2519523042291823,1.9242652920722292,-2.9729751102684228,-0.7931554500566907,23.59375867486907,25.0
0.3116662073072533,2.7093880884552064,0.9240826378738729,-1.0323800799795344,-1.2600037212363477,10.971616980344479,25.0
2.3033694492094066,0.6204940158776336,0.922154295150831,-2.3381568615544155,-2.579444395441343,11.060168680614382,25.0
2.907824395804811,2.4630482703198644,1.4932919521788848,-2.06492433087469,-2.742271894772091,29.103134139594843,25.0
0.4779106708760836,1.358268708303701,1.4946132117834872,-2.5044332675073457,-0.9370433072441139,13.695084718978423,25.0
0.8828189119435427,2.6640151055214836,0.789523815499277,-0.6446980931933444,-1.2983979720886019,10.761524780547514,25.0
1.0046073194735945,0.2691586098616392,0.7873323117545175,-2.2377619133157545,-1.1420513870832394,14.382135469041684,25.0
0.2568263669699738,0.4714291334563696,1.3340439861142601,-1.4307182354117063,-2.402657186326396,28.894601095517352,25.0
1.737459125422192,2.7420608489320517,1.3326518396642684,-0.6422854991184491,-1.971390772627781,12.194376082903407,25.0
2.7785421191712905,1.882363786612263,0.390305031691687,-2.9186046222995903,-0.7745161085020712,10.250484325622384,14.419338069286264
0.5258389534837175,1.67897431062393,1.7691991961776,-0.5404635471334918,-2.9722475363792755,29.63204710854734,25.0
0.14770592130557528,1.9834780340562725,1.7674422781348182,-2.1436929413667105,-1.4618998594177848,12.297375912384153,25.0
2.8105824017358256,2.3860902932259487,0.7362954973393667,-0.7692831019692641,-2.273993528996433,10.445688772365031,25.0
0.38938904341581404,0.6100084467536648,0.7384607532133552,-2.1356943346974737,-2.6573897551846697,29.92668388830544,25.0
2.5364876760753585,0.9464415121860027,1.1938086605857219,-1.1531517749996505,-2.65941540536639,12.400050628824014,25.0
0.7300462781768339,2.5126506258810335,1.5229238773731932,-1.4572989369830673,-1.4405027100720804,28.108915469128124,25.0
2.569295537341167,1.711683472540937,1.5215423765299931,-0.43132099225862985,-2.776147055598383,13.140045642519151,25.0
0.9585724751962859,0.59564608648876,1.0621673094348982,-0.11538327279815148,-0.8225616021519125,29.965403637149638,25.0
0.5804209476883729,2.082552435583765,1.0637038898036233,-0.34456522658192656,-0.6724808144253415,10.0595087191735,25.0
0.08950254407498924,2.220516669894475,2.8875099981351506,-0.37783421673507633,-2.617409551372297,11.135218405460673,25.0
2.746299747876852,0.15209787241638772,1.1032329801913603,-0.023715401095346172,-1.0833913669142148,27.469450345052145,25.0
2.7560185277955123,0.4898445968619364,1.1566450231855754,-0.45160064675886613,-0.19730423075163978,14.46213013349465,25.0
0.8156968123553281,1.6260795037565237,2.8307636812441492,-2.022273733879399,-0.06591557341972097,28.65708571289781,25.0
2.796179252966423,0.6714041448706337,0.7256172390156221,-2.1003077821203617,-0.25546001021540815,15.792786308630587,25.0
2.2950769188087916,1.777948446829177,1.2036290864062755,-2.3152419691858688,-0.4559883477855632,11.382924038122757,1.0781779008070027
0.30013682061835645,2.240950358918849,1.9644970677264242,-2.295730327219954,-2.82885215010828,10.536503667965901,25.0
0.015668515503011723,0.5698227025558271,0.9398915490213307,-2.5300399853943363,-1.5785251237027809,11.646212537129756,25.0
2.5529132654317617,2.928510108230303,0.9379308065947732,-1.7391029419117192,-0.76422419914104,29.711391183590102,25.0
2.890946823642067,1.8772459844482696,1.0961375532225923,-2.6221161466983935,-1.056822533623466,14.696963959844402,1.8818512916410597
1.429120845038498,0.36969457490566865,1.8357597198394033,-1.1832966974504022,-1.3934917514342005,14.330165544511095,25.0
1.140682600700817,0.3568620216314754,2.880431416088247,-2.963549718474794,-0.48911484698839364,28.872467469975412,25.0
0.04375764290295618,1.1960101759734314,2.2545735019906177,-1.0859526068212704,-2.708066120218479,26.945937249140666,25.0
0.03276853943555436,1.2744844412027785,2.719342120880135,-1.8028977355098423,-0.2637995177291233,29.18152318275108,25.0
2.5560943946435373,1.0462418833443996,1.8369376230879004,-1.3669999046956298,-1.973508487940382,29.411151662310292,25.0
0.06688473838621171,0.8583609991496898,1.6660811682054617,-1.1127508705702809,-0.012814376935100864,11.111599168557813,25.0
0.15907761726306907,2.117911777182508,1.6625901327781325,-2.9642217811515152,-0.12930170196660262,29.952813629152274,25.0
2.2759656593780417,2.763469141220551,2.7263234651118378,-0.3049406916139095,-1.5461385060825434,10.62808849044713,25.0
0.02631319727752587,2.5819776623876414,2.7228363426485482,-1.3046862492969968,-2.4124380854220164,16.161559316737783,25.0
0.6938758507795166,2.467515615901868,0.8115511619477065,-2.177146990765234,-1.6867953009826038,13.734545985686266,25.0
0.36259547922876184,2.6436452948961064,0.8080685626019765,-1.745910330811506,-1.2230580791336207,11.569013004362297,25.0
2.4116646739342915,0.035165998543939966,0.8045794641320053,-0.40367527944229953,-1.9160768841045097,29.389987037030686,25.0
0.16186632815857233,0.9991649406390725,0.8010897261074044,-2.5200053107481057,-0.39269563536175,23.66601783340076,25.0
0.6425418632730397,1.2341039749058431,2.715855680005298,-2.804062124831163,-0.5015638271947509,28.74990849600413,25.0
2.8375979930361463,2.3739993743537866,1.1637340022370029,-0.5295131130849292,-1.485038948850846,28.944848867214024,25.0
0.00020602861708719281,1.4759016522339434,1.3825298713860519,-2.4803391041724865,-1.986433825817951,25.133613857669353,25.0
2.9745278616997872,0.27909654405216,0.3797321674754928,-1.2993248140745275,-0.016855059124227145,22.512387965804745,25.0
1.3580404656640461,2.6715754868551302,1.3587795328157704,-2.3379232051265464,-0.7972983374595215,10.421242802764093,25.0
0.4386452296718674,1.3437713697919473,1.9946978077211497,-0.570433253606523,-0.22786495042448462,29.232364515294332,25.0
2.8219060009054053,1.5588927551079377,2.5771371910289997,-1.717496391411087,-1.3623266816129609,29.78864897270217,25.0
2.6993943164110528,1.4297968770176794,2.580602700231579,-2.1276789086576082,-2.215490106544198,28.0487857084531,25.0
0.7881409337343307,0.49597842494369504,0.2977151257033925,-0.4168768845863732,-2.1747170385716803,27.17181679480906,25.0
0.9912975441978134,2.7936806901090603,2.5840676414883994,-2.7619701490298487,-0.36190479355700905,12.637802719643938,25.0
2.152506849041488,2.9611552176575358,2.587526804781858,-2.0515690767609605,-2.1611271431361927,11.056349381622152,25.0
0.6121599009495441,2.769620694437454,2.590995409253752,-0.41159834707819914,-0.0371721063169935,10.30129782736416,25.0
0.005102409326261157,1.4239650657829492,1.4019875119157084,-2.6964412211226296,-1.14477092484979,26.589947121805775,25.0
2.2590226268564604,1.7687049066976115,1.4054402628537752,-1.3187314558614411,-1.392483583339535,16.248294720032337,25.0
0.3563106343090615,2.172222411303992,2.5736836647829895,-0.3109308069830422,-0.1822650304741858,29.158933089842634,25.0
2.0461731119097637,1.227014811018429,2.570225479480242,-2.287125086370919,-2.378085440043776,29.12725937090949,25.0
2.704365144220609,1.2729038082615785,2.5667566705754927,-0.37264482851971675,-2.7519624170702697,28.60017763136755,25.0
0.5353727093854781,2.9926095298943456,0.3867244670373983,-1.5824051534518644,-2.9876602825932275,12.570035962523669,25.0
0.5065617926205384,0.4106414531963228,0.07714132787604808,-2.8600291345624,-0.7560279786944428,26.719504761731248,41.940389843539094
2.993607497351321,0.43895983420947626,0.07393180937759936,-1.0789073782255372,-0.17766026427039053,10.17240582129295,25.093248541392896
2.674019369473224,2.7296387930057757,1.3693749385842355,-2.3422411634555966,-2.2573055756764715,10.59064317210594,25.0
0.9249586697850495,2.873764369481281,2.2511108514751696,-0.6720694173300821,-2.3451732943824726,12.05932174350628,25.0
2.3350292542975297,2.200426562484581,2.247675923651884,-1.206671565845461,-0.03137752218479839,29.269249373831897,25.0
2.900121626185157,0.40551847822929854,0.07047195164258134,-1.5872929118778327,-0.3569732617782232,11.29963072888767,29.610212960122674
1.354726264135401,0.37445707858840205,0.29436834904623665,-1.5668751520419086,-2.3431655604947874,14.186397696452328,25.0
0.3414982497132209,2.6195244342137283,2.517406710515489,-0.7237096884909987,-1.8320241191863291,29.87266171965622,25.0
2.7508073276672533,0.39706680634240044,0.8358323438688845,-0.5235798040604968,-2.516814189002534,14.43408838819674,25.0
2.5574091606566,2.168138903600958,0.8324382681801094,-2.146820617181836,-0.3636524936282628,10.32038243218748,3.8061633788094222
0.21084007575432476,1.6681785836153966,0.29096555195340695,-2.8459822981672467,-2.307120954170757,24.2619089392339,25.0
2.1178615621427976,2.8498166976804256,0.2875732075955097,-2.3057391170032635,-2.0558695089305856,12.640361800387101,25.0
2.6198569380808934,2.298122183344632,2.527535094441334,-2.725385182735589,-1.800684989531406,11.449927191837725,25.0
1.463225270277081,2.2261318440535987,2.5140145233380435,-0.5130470017503154,-0.6122373902515064,29.59863919738593,25.0
2.5545703261103183,0.15045514768768856,2.5106300545015663,-1.6847956214122217,-0.21320733078231102,27.500260598840853,25.0
0.497948249116284,1.353910336637538,2.5072387964551153,-0.9676420145291131,-0.2481165977704755,10.916186371800856,25.0
1.153556404907439,0.3542485922243339,0.08052971564927777,-0.43812621383836203,-1.2144771115569364,27.570072589806944,25.0
1.2517926610600805,0.13827597905943742,1.2940674466349096,-1.5492469041057244,-1.0576484316534887,11.67509875920376,25.0
2.4235205924442247,2.171360820938261,1.6695110069785517,-2.036010745853771,-2.74179320588415,13.31763375355524,25.0
2.76065111546351,0.286708573225955,0.08390636162482246,-2.872406430704293,-2.6009105867413815,28.282779881208835,37.25182329878337
0.9738732588152144,2.389213881361855,0.08728183735189032,-0.2617381958750568,-1.6100513644696153,26.725738880818767,25.0
2.41720103494681,1.747488455182212,2.5038535743898547,-2.4530155395870925,-1.951542943786091,12.039481641788244,25.0
2.7253635318361233,0.5618240637423041,0.10076834915260943,-1.3489267454348537,-1.2325483154414616,12.115972899347588,30.130785447381868
2.554473104848367,1.4085538643765763,0.09739106538463362,-1.581735017338625,-0.33710587364077316,10.556124706668024,22.938986054909247
0.34762478601632346,0.18335534408077586,1.570690328621212,-0.12049469335087509,-2.4477898992505223,29.149179557657835,25.0
2.820483652782515,2.8381975334844607,2.524159970460168,-2.06856860146588,-2.632419602981009,11.912759519014127,25.0
2.7123339226664296,1.134547451011807,2.52079136652036,-1.7608269000296746,-1.0726245237186571,11.181960751148866,25.0
1.9300440904030502,2.0841250831318736,1.3034142263705317,-1.1804723025441508,-1.8713231763476725,10.403994065303436,25.0
0.3788165703932529,2.9611790074256823,2.2579986365888316,-0.8657122801020193,-1.8946095663165006,11.661942543993737,25.0
0.4495294563659295,2.515220074666892,0.06377579805551377,-1.4146010628169268,-0.20402657138486543,26.476120429523522,25.0
2.834711767410432,2.3806915039470753,0.10412117415750634,-1.9441717901187996,-1.5215612076714848,12.716905805997628,27.11775117870473
2.3915195623541075,0.10489110391410728,0.3106883732646585,-0.7905318027505991,-0.832558099381252,13.536791272430463,25.0
1.4500341321608174,2.412377369085919,2.8237408229222822,-1.9375503561529985,-2.9509669219938286,12.064199546614704,25.0
2.865516694637953,0.012558902691239176,2.8203997595355874,-2.814707768080274,-0.5361185000570438,29.965052111832343,25.0
0.3395103652398674,0.2451741197228491,1.5807454891502604,-2.480134591199823,-1.3327122086626646,10.186982151860642,25.0
2.595978893336895,1.1136224015395526,1.5773958907802372,-2.020397567043486,-2.104386561444826,10.272501927790504,25.0
2.238533860830423,2.725567372479983,1.5740446781765356,-0.13454839655498826,-0.24283073442638586,29.642420922222392,25.0
1.0118643725699465,0.11660259182721483,0.09065622530001627,-1.0685290578970381,-2.8997681981795553,11.389054933961923,25.0
2.8394711928204197,1.5180675253536358,0.0940057931318865,-1.616133131892109,-1.4020718853897658,10.84189403170372,27.170343991665973
0.3612534020741106,1.7470165403234494,2.765053614440404,-0.621161545531604,-1.5647556126205495,26.01270025049591,25.0
0.13378548961749592,2.77876709179142,2.76839234634315,-0.7738462972758497,-0.47564723116790336,12.4968736649486,25.0
2.7614885327396377,1.5817631038848952,0.05371357278940614,-0.194961105000043,-1.332254525669885,14.846593472819183,25.0
2.359342308552676,0.5625289843474156,2.9983187180581035,-0.20210169303095935,-0.711798358049642,13.363672804127265,25.0
2.7842907776954853,1.3766182348110187,2.9363947223333637,-0.5343918978595045,-0.4988914911078,11.410653304588685,25.0
2.501565907735706,0.49751026459711456,2.9330620024146508,-2.9034104469300446,-1.67823657183484,26.94817822291295,25.0
1.6213092940284457,0.5248685534998866,2.929729667948806,-0.9940875975317177,-2.259528766589289,26.711184165196297,25.0
2.8200520846504897,2.7137593001246136,1.5573871973434705,-2.8551948389229516,-1.7650632576667962,12.005275465192897,1.3620349325158267
1.2982432287417145,0.9605965017341723,0.06711114246627489,-1.5252037261144866,-1.2505051930234299,27.90049312023425,31.172605630487755
0.37332632651216063,2.0709828096962464,2.7717231566810123,-2.130996057901317,-1.0161720439601547,13.26740085107083,25.0
2.289142509346187,0.7866919461549813,2.7551013578063106,-2.330505294802055,-1.6251281612778674,12.454381876365048,25.0
2.9574310724128985,0.06489388267956728,2.7517871110535452,-2.481807024524577,-2.6051788992957494,27.78475768038931,25.0
0.6976864691418686,1.2007779464847284,2.7484622131992507,-0.5837795371732956,-2.923992634720902,12.039590318533072,25.0
1.4473047746399,2.692959800528998,1.1837642061024716,-1.316688346458405,-1.720355853954047,12.375930738632942,25.0
2.3263219228742327,1.5303538280724858,1.1804385702181457,-0.3731833073770242,-2.440357350889486,10.053674274585113,25.0
2.693010938755818,1.619137497943712,1.1771054230119578,-0.7595158032890984,-0.06257154360332973,27.977470534322297,2.742343999578375
0.247429386899977,2.4844753753180417,2.9496967920495147,-0.1585207372139181,-2.4909286949846248,29.960100240879783,25.0
2.8702722908351332,2.472986834665219,2.9463760857451446,-0.20481302376333277,-1.1717030013128735,28.837349759780306,25.0
0.5327557930829585,2.2748799310165335,2.9430486935477433,-2.007697680477842,-1.546006054098869,29.431725321738007,25.0
2.7402353926189185,1.569024448914728,2.9397219236150915,-0.030916289398278795,-2.875783159414098,10.538043139921223,25.0
0.27310779255689294,1.3807766344257373,2.9530127945752533,-1.7177864858918084,-0.8798487115286953,11.07013942131838,25.0
2.0081786680757023,0.4880398500301661,1.170445315360792,-2.2477135455575574,-0.1674103046525449,12.115863293739018,25.0
1.483938493137709,0.5147241774885325,1.1671295789100762,-0.4432718458761107,-2.59749414957707,29.230031115067256,25.0
2.3763353872485173,0.0722697163006268,2.9783835040065396,-1.8501040671848967,-1.8419065152551244,24.09873333322488,25.0
0.7619051597917,2.1558389989791595,2.9817005217397425,-0.22673877411780685,-0.21268973206897965,28.78660425673055,25.0
1.1634215571994622,0.49926634567513195,2.985024805637598,-0.7953649326777903,-2.473599364625684,26.60526231306813,25.0
0.5656120325508396,2.5619639362825963,2.988354337144981,-1.187406361229184,-0.4575952582394188,11.58940833959056,25.0
2.739521188879989,0.8086186694838348,2.9750716731130225,-0.21535065413626528,-2.4489988367000066,13.730874068973735,25.0
0.8777277062629307,1.1151650982376091,2.9916789066671403,-2.8198155933573648,-0.044393736141214474,10.01335158394762,25.0
1.3807495325392296,0.07285745470711791,2.994994877949168,-0.241762855762485,-2.41532968701537,13.564897191052806,25.0
2.144336503029508,0.3104574384141859,2.758408414559495,-1.302445646373707,-1.2080955982059114,28.488193551186615,25.0
2.647023231646762,2.5703159064095145,2.761724077967066,-0.666460155266366,-2.212905221508098,25.781899138129887,25.0
2.6524619368754574,2.3957302621266003,1.1737500597530357,-2.8342296222581562,-0.6664260545025117,11.62386558327909,1.0121554920449642
0.26557760841255845,2.830606219096313,0.3008381845870594,-0.23782824582655926,-0.6494157089920298,28.291195323821356,25.0
2.5835289809105597,0.3426020795154298,1.5640302111620366,-1.1202538126033843,-0.2391360222100518,25.79603552933156,25.0
1.9151718556150814,0.43325472057630926,1.5673441961167756,-0.30365634304872224,-1.728696966731661,28.7531203390341,25.0
2.7158396520255854,2.483410470405601,1.5607362596543237,-2.964580042656071,-1.118919913195563,12.528834159043862,1.0374214089507308
2.4199514454648114,1.7457941811689224,0.3041255852440712,-2.7948219136880477,-0.30730133979151153,12.012422420535609,16.076032353844436
0.14886009887966842,2.022179855833102,0.4939365215414639,-2.21760914244233,-0.6708565162939351,11.133411918441206,25.0
0.10505656178515946,1.6997653136664796,2.0353399101034086,-1.7859131796059042,-2.617679124940837,10.785714937661648,25.0
0.4023052575347326,0.10680534755983043,0.49066048826918923,-1.6553544201515848,-2.45492853566441,10.1622021632696,25.0
2.268542508616967,0.47533575105432446,0.4873824687322167,-2.800981663958236,-1.636093613046533,11.42477870874739,25.0
2.909706081397569,1.3098216779435432,0.7620333859248395,-2.084874128904594,-2.8993105266025054,10.370268532590975,25.0
2.0519586595567434,2.691306624521501,0.7652982134081883,-1.0609060054292332,-0.7021526027341038,13.061118536482804,25.0
0.27315593476427985,0.05686320025312408,0.7685649153497224,-0.6509502964849287,-2.546005318017069,28.842807399422174,25.0
1.1908168552537557,0.058485355600309395,2.729687740786186,-0.3551448928030924,-1.980365589437448,10.041306052343879,25.0
2.515867146872516,0.8724585733275452,2.03207732395527,-1.880047695333262,-2.7657313111531048,28.770259700622884,25.0
1.7707382772956188,2.79290057675134,2.028823032035146,-1.110368963608279,-2.6412016626530628,26.957779570056978,25.0
2.1545557990680084,1.198584597106492,0.49719906269351094,-0.9613004977975026,-2.2222585477570918,29.58463650592116,25.0
2.801256993392604,0.3513145977858868,0.7587839614029359,-0.4767095537942712,-1.679562560809055,10.764295885802975,25.0
2.379787279496239,1.5560192582840529,0.30740231364909876,-2.197081285719242,-1.1460075334098045,10.718551839644057,17.916155580159632
2.759832364652198,2.2142582933645767,0.05698169561339366,-0.05227727119208227,-1.288078580825891,10.614698524739751,25.0
2.9290912846610597,1.9880242239239052,2.038578365191841,-0.25924757814204463,-2.000720121339188,12.273880914218957,25.0
0.6319261873112197,2.230156865351877,1.3162889014690544,-1.369715169894074,-1.7195397322658081,29.438209197487662,25.0
0.2831109157729572,2.9866804939926808,1.3986656861925637,-2.084374500857301,-0.46009518379567255,11.172900137520122,25.0
0.3538033354010376,2.011145679259858,0.06050464891323929,-1.3321071860282176,-1.999302319089,29.189197060442524,25.0
1.802601427074049,2.013967474388455,1.2731233416915342,-1.7371296416578625,-0.2647761547157048,11.582296249181917,25.0
2.016153971709163,0.9105543918660965,1.3066832897997795,-1.081226840031034,-2.5024528929578156,10.740205388195331,25.0
2.6542783222129005,0.7071550011927157,1.3098766899825207,-2.7376916513844636,-1.0034492139775182,27.184122655211723,25.0
1.7215694170729263,2.358902728945994,1.3130854903368157,-2.9061107193261626,-0.9634462832994456,28.802549691350958,25.0
2.8552948942051684,0.17846522344660531,2.0225241449744575,-2.5310219666327334,-1.5434147118859802,27.272080589850884,25.0
0.7004701401765915,2.4950096966088955,1.9276830545548265,-2.0916625644817355,-1.2698801652589735,11.092340336819046,25.0
0.9040207415122867,2.7569871357013005,1.2699511913502652,-0.9133291818159553,-0.20839686124883872,29.20773640727625,25.0
1.8635978067600436,1.099702707232086,1.5119325547504157,-0.49495699544684557,-2.0925509469345296,29.081559147247177,25.0
0.25660522256401347,0.19292516880140886,1.5134861898170953,-1.6362758083655662,-0.897945200960056,10.357515319765053,25.0
0.016217425505211887,0.3498983464693521,1.7820578625007573,-1.556568010838909,-1.5696556238525803,11.354458202385441,25.0
1.8769366239535397,2.642423510896545,1.783637483523112,-2.1506061275624426,-0.12520597354785343,28.596846006734054,25.0
0.6206153249892717,1.373753725648697,2.009972185456517,-1.122698549742953,-0.8291312675181508,11.727975975482062,25.0
0.11387168829128684,1.3014504807645062,2.006811472427581,-2.9769513321255627,-2.9507942345441083,29.687530895427404,25.0
0.5582003849229349,0.5431222913015873,2.7328808704508796,-0.025861657524369783,-0.9194729712652824,29.716913134835586,25.0
0.5886878049689387,1.0499677688020113,2.0193779277531525,-0.6481308429971362,-2.72913007507506,13.0344229072497,25.0
2.494017938403088,0.6026368562052569,2.016248829927679,-1.7195159071953026,-1.0997696049823975,29.07377528583449,25.0
2.515437337489691,1.692480905723065,2.0131103245502,-0.955259404643776,-2.9920089020791063,28.889201253557417,25.0
0.15332778083595958,0.2763830607386404,1.8393695193273232,-2.6330120058950333,-2.173137793052093,11.867411775692029,25.0
1.360653488386641,0.22824275716179543,1.9185486552108633,-0.9162805979204657,-1.5263048402333645,29.514318354362434,25.0
1.7572966415143307,0.5909047645669985,1.4405529214587351,-1.2867723541844942,-1.7638543283945431,29.627119348875002,25.0
1.2037613816507542,2.94279019494173,1.4391077815882958,-0.8324439094648288,-0.27090892970149405,10.437993735677484,25.0
1.9424263120924394,2.0862657591815013,2.0036711590521206,-0.7791100574224992,-2.4842761170140277,10.951459954421704,25.0
0.06756212858331268,0.7377140659031215,1.980243242437014,-0.8811785032470949,-0.7259949891090934,26.638901169468017,25.0
1.4339837716635468,2.050400531519339,2.025653043855205,-2.663946498291655,-1.6240763226623676,29.783559244230048,25.0
0.5696838956199978,0.4892683629010426,0.777905064050521,-0.8686037121225573,-2.85120317436482,28.789665294658132,25.0
0.11109188956410142,2.9463525052232247,1.9154512498473062,-2.8685995276388248,-1.612578561107567,20.171280762063528,25.0
2.560447064061427,2.5434241979373193,2.7452539118426,-1.9945318515030066,-0.574372733241809,12.618663722205737,25.0
0.19141476461400123,2.188730804285503,1.9123748199415034,-2.006805367311949,-1.9648293507624992,29.469324571619495,25.0
0.15925514344059932,0.16700491921276991,1.9092998985808183,-0.42724288420787143,-2.481803009999795,10.127156437866544,25.0
1.0919244457137984,2.9422511392370243,1.906215463187062,-0.872552948693155,-2.814414139545092,13.256136394599602,25.0
2.3962470607122284,1.1574100397509945,2.7421780929492674,-0.7242693298463725,-2.34582973714664,29.846594709030324,25.0
1.5428043572809216,1.189106709314182,2.739095452313448,-2.5287302255780792,-1.4586200296803837,29.204288722810603,25.0
0.7107139276967067,0.7979360653292343,2.7359969915045608,-0.536144092158115,-2.3301030060439976,28.298641441113535,25.0
2.9731062956185137,0.7933003442052592,1.6787744601656807,-2.728760644595871,-0.6401232218519328,28.429895017417536,25.0
2.828745313345224,1.8948428918730817,0.7748282577729224,-0.6483817177192964,-2.3704515782577276,29.650348312477306,25.0
0.013371914019389565,2.703446511129917,0.7717475342315455,-0.1441404819723331,-2.146527766236672,25.61896321255351,25.0
1.5730603070372333,2.3526963985663776,1.3757105643637972,-2.8423263758953996,-0.3290546231598555,11.158483903883882,25.0
0.5637495348579786,2.885545136977295,1.37263627934067,-2.6137531296821512,-0.5205454070173409,11.789991421622323,25.0
2.952413895286255,2.8588748554602916,1.8616170992589867,-1.839403502784439,-1.8683006954938075,29.45367210919924,25.0
1.6266045246620613,2.96669645711968,1.86467451499986,-0.008421651831846065,-0.9954780985383551,10.061127701340087,25.0
0.019843026436013524,2.7975481651020995,1.8677433886632346,-1.2570302490321372,-2.633480488098954,10.780444608607239,25.0
1.2005561611541906,2.7192067883133664,1.8585644438910855,-1.361459491560605,-0.06524788442418426,28.799280425034205,25.0
0.9083474694671535,1.6357296514770694,0.7840102219914038,-1.9341604666546353,-2.28795820178244,10.816613805807608,25.0
1.6504740659701138,2.964524158291629,0.780968131245953,-1.150160452445492,-0.6423605738423472,11.863066485271139,25.0
1.9446918499002626,1.0439901547704509,0.7104598214534519,-2.037389780095909,-2.596914891658066,13.604242484132877,25.0
0.019698625240598917,0.2898798877502747,1.2525559092864158,-0.7561360680166888,-0.650506355780998,23.024939829583932,25.0
1.388865095239436,1.520605705006426,0.531303308520977,-1.1036690615500968,-0.4993234370489808,29.795633003891734,25.0
1.4631779627773516,2.6937052741643406,0.5282531775158184,-1.6020654880620904,-1.4723281616477057,29.632001134980033,25.0
0.13085510291173316,0.7087044424481995,0.5251936377619705,-1.637728890920473,-2.1023417390467722,23.223316744716822,25.0
1.468581054758782,0.9432775933453645,0.5343468903236303,-2.4985007665770116,-0.5308486478422995,10.965217237469574,13.18097913660418
1.610709028252336,2.449903144777792,1.0485528448720418,-1.3558042746752186,-1.8289555758399825,29.949938996863192,25.0
0.31919320179901983,2.994440182473833,1.050147168462762,-2.338272043617639,-1.4613607943225773,10.42316960980026,25.0
1.0384388406372906,0.2976877325686577,1.0531632807084128,-2.944153683234489,-1.027077812532275,10.273018124517417,25.0
0.5266637690205982,1.4680991203707763,1.056244128975304,-2.929482586042982,-0.3667618277034711,29.964047449716915,25.0
2.74645453449167,2.985691852448191,1.8333371799656593,-1.4511545179164418,-1.812462920797086,10.068562622889559,25.0
2.15304095597466,1.6659048793823505,0.713493073912021,-2.8045439320704855,-2.7187848187766033,10.473929442643596,6.248987855618928
0.20907406329964948,1.162785822231648,0.2424272484452411,-2.454693867712118,-2.8575137974715688,23.476126479435813,25.0
2.5248030308865532,0.1205009307929544,0.2450503104796261,-0.6203471419275269,-2.632638311771193,26.845459546309698,25.0
2.4235099903109965,2.933709589944742,1.0726234918147712,-0.7586084575889501,-2.8087711975428906,13.801879357406492,25.0
2.838874327226184,2.698216096571821,0.792784218993002,-2.0562245137407666,-1.8741918835469276,29.152861437184917,6.21432521675002
0.015233517465981753,2.5250119260275543,1.2157620748121065,-0.393804095480021,-0.5181460832139365,25.302694963076355,25.0
1.7089576412548342,2.9608104134463793,1.2172470307581378,-0.4717296937474077,-0.6175341360592486,10.526481316921057,25.0
1.6783830681957146,2.449824488216167,1.0393660205282218,-1.7421107887480294,-0.041133609596807105,10.15489732062934,25.0
0.362784776345798,2.3857823669868363,1.040986199209513,-2.4115388989366386,-1.692436385268746,26.53760078972885,25.0
1.0563287985036816,2.975626760172513,0.39318632192984565,-1.9615987054203563,-2.5096465896931157,11.46095657776647,25.0
2.958458853087668,2.45874438996943,1.2465459378118111,-2.6133585569853635,-2.558578581911707,28.66126279037552,2.4291074568966184
2.0688614904237577,2.859204232222537,1.240519895349176,-1.3591201557699926,-1.0988746971039531,29.401908975578266,25.0
1.0752460406566366,1.0401839342931671,1.2375182167467926,-2.8644262922873542,-1.3362220166158223,10.320911490128687,25.0
2.4138236712324286,2.545397121778331,1.0696192014358412,-0.5520176538968385,-2.5918286845633096,11.096682361379237,25.0
2.695543394601969,2.0797019946647883,1.2435000717839828,-2.331729597407419,-0.10578411191142814,10.921251441258137,0.9390434776751375
2.0845563898146633,2.318644730980773,1.8355189430518568,-1.2418126913665044,-0.16546997255663193,24.07437659761525,25.0
0.44845194764788654,0.11664511568256164,2.6878400964668554,-1.36698454047987,-2.0067368662224023,24.12683460810714,25.0
1.3718406541325026,1.3999354855427706,2.4781032311800075,-0.4859883185849072,-1.227247680898293,28.209111031907387,25.0
1.8087591501668825,1.845706249674633,0.16396878028563555,-1.5909507091226975,-1.9250419907145426,25.806261375499258,25.0
2.205137071615968,0.8820470661843347,1.8973198979575798,-2.7684259777844904,-0.5235554902226687,25.74185131997772,25.0
1.3473414624048963,2.625841481113838,1.3074977377225072,-0.11043166388611159,-0.5770646855981161,20.151455584578677,25.0
2.120616723458242,0.6389280068076839,1.0756108330924898,-0.17330755337220438,-0.5719057959190277,18.72800652071389,25.0
2.815856371118039,0.37889710902539986,0.1319852738024334,-2.9628556823518,-0.09207613187046837,21.089344897190454,25.47639598450307
