21.7811 3.13269e-16 2.13029 0.547392 1.89983 1.84489 1.84489 
62.2271 0.600673 3.47829 1.12976 1.88293 1.84489 1.84489 
124.95 3.13269e-16 2.13029 0.673977 1.94332 1.84489 1.84489 
80.774 0.903335 3.88089 1.12976 1.88293 1.84489 1.84489 
82.1863 -3.46556 3.84457 1.12976 1.88293 1.84489 1.84489 
92.6035 -1.12492 3.14826 1.12976 1.88293 1.84489 1.84489 
50.5517 3.13269e-16 2.13029 1.12976 1.88293 1.19943 1.19943 
33.6973 3.13269e-16 2.13029 1.74244 1.99149 1.84489 1.84489 
35.0677 3.13269e-16 2.13029 1.12976 1.88293 1.73177 1.73177 
75.8833 3.13269e-16 2.13029 1.25805 1.94812 1.84489 1.84489 
91.9603 3.13269e-16 2.13029 1.12976 1.88293 1.22951 1.22951 
67.821 3.13269e-16 2.13029 0.193891 2.10631 1.84489 1.84489 
91.4696 3.13269e-16 2.13029 1.12976 1.88293 1.63222 1.63222 
36.8532 3.13269e-16 2.13029 1.12976 1.88293 1.26639 1.26639 
107.434 3.13269e-16 2.13029 1.38312 1.93219 1.84489 1.84489 
50.5914 3.13269e-16 2.13029 0.288746 2.04531 1.84489 1.84489 
44.8938 -2.92717 2.84305 1.12976 1.88293 1.84489 1.84489 
46.337 3.13269e-16 2.13029 1.12976 1.88293 1.52434 1.52434 
101.419 -0.672857 2.2876 1.12976 1.88293 1.84489 1.84489 
34.7862 3.13269e-16 2.13029 0.968349 1.89403 1.84489 1.84489 
63.6576 3.13269e-16 2.13029 1.12976 1.88293 1.85494 1.85494 
73.2102 3.13269e-16 2.13029 1.12976 1.88293 1.57561 1.57561 
46.769 3.13269e-16 2.13029 1.61425 2.12243 1.84489 1.84489 
64.9445 3.13269e-16 2.13029 0.694757 1.88565 1.84489 1.84489 
14.8045 3.13269e-16 2.13029 1.12976 1.88293 1.19547 1.19547 
94.71 3.13269e-16 2.13029 1.12976 1.88293 1.70622 1.70622 
112.01 -1.34949 3.39151 1.12976 1.88293 1.70622 1.70622 
121.315 -3.40449 2.96675 1.12976 1.88293 1.70622 1.70622 
121.096 -3.40449 2.96675 0.268646 2.59007 1.70622 1.70622 
129.704 -3.40449 2.96675 1.12976 1.88293 1.22321 1.22321 
146.076 -3.58166 2.40114 1.12976 1.88293 1.70622 1.70622 
109.952 -3.40449 2.96675 0.116288 1.8434 1.70622 1.70622 
124.816 0.0674746 3.31725 1.12976 1.88293 1.70622 1.70622 
114.545 -3.20388 3.87105 1.12976 1.88293 1.70622 1.70622 
77.3942 -3.20388 3.87105 -0.699336 1.71702 1.70622 1.70622 
130.315 -1.48206 3.02451 1.12976 1.88293 1.70622 1.70622 
134.228 -1.48206 3.02451 0.415664 1.82754 1.70622 1.70622 
153.405 -1.48206 3.02451 1.12976 1.88293 1.28227 1.28227 
147.721 -1.48206 3.02451 1.12976 1.88293 1.65382 1.65382 
121.862 -1.48206 3.02451 1.12976 1.88293 1.47939 1.47939 
84.5079 0.246642 2.48211 1.12976 1.88293 1.70622 1.70622 
94.0776 0.246642 2.48211 0.788614 2.219 1.70622 1.70622 
38.4578 0.246642 2.48211 1.38395 2.13856 1.70622 1.70622 
120.77 0.246642 2.48211 0.788614 2.219 1.3628 1.3628 
110.346 0.246642 2.48211 1.09254 2.4489 1.70622 1.70622 
139.883 0.553439 2.45359 1.09254 2.4489 1.70622 1.70622 
140.126 0.553439 2.45359 0.665128 2.10127 1.70622 1.70622 
135.017 0.553439 2.45359 0.665128 2.10127 1.86591 1.86591 
117.169 0.553439 2.45359 0.665128 2.10127 1.04079 1.04079 
98.4059 -2.48005 3.35456 0.665128 2.10127 1.86591 1.86591 
100.601 -2.48005 3.35456 -2.02642 2.24762 1.86591 1.86591 
87.292 -2.48005 3.35456 0.665128 2.10127 1.41599 1.41599 
68.184 -2.48005 3.35456 1.19121 2.47152 1.86591 1.86591 
64.1896 -0.090404 2.85624 1.19121 2.47152 1.86591 1.86591 
118.297 -3.38944 3.86468 1.19121 2.47152 1.86591 1.86591 
100.938 -3.38944 3.86468 -0.748354 2.89358 1.86591 1.86591 
34.0316 -3.38944 3.86468 -0.587252 2.61112 1.86591 1.86591 
73.432 -3.38944 3.86468 -1.91085 3.15627 1.86591 1.86591 
96.0913 -2.47571 3.91722 -1.91085 3.15627 1.86591 1.86591 
125.527 -2.47571 3.91722 -1.91085 3.15627 0.0214856 0.0214856 
89.8792 -2.47571 3.91722 -2.16934 1.90971 1.86591 1.86591 
98.0786 -2.47571 3.91722 -0.554971 2.83798 1.86591 1.86591 
111.63 -2.86662 3.77429 -0.554971 2.83798 1.86591 1.86591 
107.616 -2.47571 3.91722 -0.597552 1.90072 1.86591 1.86591 
101.142 -2.47571 3.91722 -0.597552 1.90072 1.28596 1.28596 
106.73 -3.92199 3.16319 -0.597552 1.90072 1.86591 1.86591 
83.6098 0.246642 2.48211 0.481504 1.71525 1.70622 1.70622 
107.978 0.246642 2.48211 1.5996 2.3732 1.70622 1.70622 
108.292 0.246642 2.48211 1.5996 2.3732 1.69217 1.69217 
129.043 -3.6143 3.42177 1.5996 2.3732 1.69217 1.69217 
82.3129 0.246642 2.48211 0.577922 2.41336 1.69217 1.69217 
80.352 0.246642 2.48211 1.53549 1.89686 1.69217 1.69217 
123.151 0.246642 2.48211 1.53549 1.89686 1.74714 1.74714 
73.8131 -0.886716 2.29321 1.53549 1.89686 1.69217 1.69217 
101.827 -0.886716 2.29321 -0.280784 1.85667 1.69217 1.69217 
55.8596 -0.886716 2.29321 1.53549 1.89686 1.78703 1.78703 
83.0712 -0.0640759 2.11423 1.53549 1.89686 1.69217 1.69217 
107.753 -0.0640759 2.11423 1.53549 1.89686 1.81471 1.81471 
69.1664 -0.0640759 2.11423 0.901531 1.90587 1.81471 1.81471 
107.409 1.42385 2.01228 1.53549 1.89686 1.81471 1.81471 
69.3743 -3.79887 3.10103 1.53549 1.89686 1.81471 1.81471 
103.811 -0.0640759 2.11423 1.53549 1.89686 1.62674 1.62674 
97.006 -0.0640759 2.11423 1.53549 1.89686 1.64065 1.64065 
104.71 -0.0640759 2.11423 0.692183 1.96436 1.64065 1.64065 
64.1466 -0.0640759 2.11423 1.53549 1.89686 1.67301 1.67301 
31.4432 -0.735528 2.59791 1.53549 1.89686 1.67301 1.67301 
48.312 -0.0640759 2.11423 1.53549 1.89686 1.8137 1.8137 
23.0681 -0.0640759 2.11423 1.53549 1.89686 1.64978 1.64978 
25.2761 -0.0640759 2.11423 1.53549 1.89686 1.65306 1.65306 
18.0486 -0.0640759 2.11423 0.263862 1.81474 1.8137 1.8137 
35.2107 -0.0640759 2.11423 1.53549 1.89686 1.82968 1.82968 
42.3842 -0.0640759 2.11423 0.631212 1.83142 1.8137 1.8137 
71.9788 -0.114327 3.34818 1.53549 1.89686 1.8137 1.8137 
70.197 -0.114327 3.34818 1.53549 1.89686 1.55268 1.55268 
85.0721 1.19427 2.03624 1.53549 1.89686 1.55268 1.55268 
80.4518 1.19427 2.03624 1.53549 1.89686 1.63922 1.63922 
98.658 1.19427 2.03624 1.53549 1.89686 1.65983 1.65983 
105.771 0.463657 3.35203 1.53549 1.89686 1.65983 1.65983 
76.778 0.463657 3.35203 1.53549 1.89686 1.54383 1.54383 
92.6198 -0.886716 2.29321 0.473484 1.72175 1.69217 1.69217 
51.2181 -0.886716 2.29321 1.53549 1.89686 1.62555 1.62555 
14.0242 0.152448 3.13942 1.53549 1.89686 1.69217 1.69217 
91.5327 -0.886716 2.29321 1.53549 1.89686 1.73295 1.73295 
67.6117 0.10615 2.59014 1.53549 1.89686 1.73295 1.73295 
137.85 -0.886716 2.29321 1.53549 1.89686 1.84219 1.84219 
135.321 -0.886716 2.29321 0.19303 1.93382 1.84219 1.84219 
152.697 -0.886716 2.29321 1.53549 1.89686 1.54136 1.54136 
123.875 -0.886716 2.29321 -0.157136 2.09747 1.54136 1.54136 
130.863 -1.99582 3.61235 1.53549 1.89686 1.54136 1.54136 
143.817 -3.3478 3.27689 1.53549 1.89686 1.54136 1.54136 
151.455 -3.3478 3.27689 1.53549 1.89686 1.84725 1.84725 
83.788 -3.3478 3.27689 0.598474 1.59306 1.54136 1.54136 
123.983 -3.39034 3.71592 1.53549 1.89686 1.54136 1.54136 
103.557 -3.39034 3.71592 1.53549 1.89686 1.83138 1.83138 
80.8273 -3.39034 3.71592 -0.133809 3.35725 1.83138 1.83138 
94.8524 -3.39034 3.71592 0.406695 3.62316 1.83138 1.83138 
81.4442 -3.39034 3.71592 0.406695 3.62316 1.22158 1.22158 
112.669 -3.39034 3.71592 1.23581 3.04948 1.83138 1.83138 
119.779 -3.39034 3.71592 1.23581 3.04948 2.35798 2.35798 
54.5771 -1.54848 3.93412 1.23581 3.04948 2.35798 2.35798 
124.885 -3.39034 3.71592 1.23581 3.04948 2.56684 2.56684 
127.964 -3.39034 3.71592 1.23581 3.04948 2.26099 2.26099 
105.841 -1.6566 3.62444 1.23581 3.04948 2.26099 2.26099 
127.054 -2.66109 3.30344 1.23581 3.04948 2.26099 2.26099 
77.6452 -2.35042 3.10492 1.53549 1.89686 1.69217 1.69217 
109.28 -2.35042 3.10492 1.53549 1.89686 1.53794 1.53794 
62.403 -2.35042 3.10492 0.0620975 2.35989 1.69217 1.69217 
50.7819 -2.35042 3.10492 0.278284 2.12196 1.69217 1.69217 
82.2231 -2.35042 3.10492 -1.43918 2.02753 1.69217 1.69217 
66.7322 -2.35042 3.10492 0.0620975 2.35989 1.06867 1.06867 
91.9166 -0.678417 3.2552 0.0620975 2.35989 1.69217 1.69217 
91.06 -2.35042 3.10492 0.0620975 2.35989 1.5455 1.5455 
77.0524 -3.16697 2.96959 0.0620975 2.35989 1.69217 1.69217 
78.0368 -3.5144 3.58681 0.0620975 2.35989 1.69217 1.69217 
107.652 -3.5144 3.58681 -0.599668 2.14509 1.69217 1.69217 
58.605 -3.86265 3.48417 0.0620975 2.35989 1.69217 1.69217 
101.748 -3.86265 3.48417 -1.74704 2.48687 1.69217 1.69217 
82.127 -3.86265 3.48417 -3.38287 3.14768 1.69217 1.69217 
147.093 -3.86265 3.48417 -2.52158 2.32462 1.69217 1.69217 
83.3611 -3.86265 3.48417 -3.38287 3.14768 1.85448 1.85448 
84.1639 -3.86265 3.48417 -0.429797 2.42186 1.85448 1.85448 
106.415 -2.45398 3.79628 -0.429797 2.42186 1.85448 1.85448 
77.5905 -3.86265 3.48417 -0.429797 2.42186 2.01599 2.01599 
125.492 -3.86265 3.48417 -0.429797 2.42186 1.91381 1.91381 
128.106 -3.86265 3.48417 -0.429797 2.42186 1.18758 1.18758 
73.3002 -2.75758 3.82668 -0.429797 2.42186 2.01599 2.01599 
65.972 -2.75758 3.82668 -0.149629 2.15198 2.01599 2.01599 
78.1381 -2.75758 3.82668 -0.149629 2.15198 0.352103 0.352103 
96.376 -2.75758 3.82668 -0.149629 2.15198 1.52026 1.52026 
80.0944 -0.886716 2.29321 1.53549 1.89686 1.56406 1.56406 
42.6748 -0.886716 2.29321 0.951414 2.2445 1.56406 1.56406 
100.875 -0.886716 2.29321 1.53549 1.89686 1.64181 1.64181 
59.8286 -0.886716 2.29321 1.53549 1.89686 1.60495 1.60495 
95.942 -0.886716 2.29321 0.0634534 1.602 1.56406 1.56406 
108.194 -0.504932 2.24147 1.53549 1.89686 1.56406 1.56406 
84.2363 -1.90828 2.58276 1.53549 1.89686 1.56406 1.56406 
83.2214 -1.90828 2.58276 1.53549 1.89686 1.78224 1.78224 
71.2467 -1.90828 2.58276 1.53549 1.89686 1.58849 1.58849 
82.306 -1.90828 2.58276 0.347305 2.33547 1.78224 1.78224 
88.6682 -1.90828 2.58276 -0.435045 1.85436 1.78224 1.78224 
25.3481 -1.15505 3.52953 0.347305 2.33547 1.78224 1.78224 
123.054 -3.46473 2.72246 0.347305 2.33547 1.78224 1.78224 
90.0941 -2.5172 2.71138 0.347305 2.33547 1.78224 1.78224 
124.521 -2.29114 2.4889 0.347305 2.33547 1.78224 1.78224 
82.1887 -1.90828 2.58276 0.347305 2.33547 1.20155 1.20155 
82.8363 -1.90828 2.58276 -1.69725 2.56375 1.78224 1.78224 
58.1446 -1.90828 2.58276 -1.69725 2.56375 1.54607 1.54607 
134.262 -1.90828 2.58276 -0.983121 1.97857 1.78224 1.78224 
74.6429 -1.90828 2.58276 -1.69725 2.56375 1.73338 1.73338 
79.7718 -1.90828 2.58276 -1.69725 2.56375 0.638246 0.638246 
129.608 -2.46396 2.6156 -1.69725 2.56375 1.73338 1.73338 
108.681 -1.97028 3.17598 -1.69725 2.56375 1.73338 1.73338 
75.5021 -1.90828 2.58276 -1.09969 2.02475 1.73338 1.73338 
65.4475 -3.9092 2.96022 -1.69725 2.56375 1.73338 1.73338 
97.0518 -3.92838 3.66334 1.53549 1.89686 1.69217 1.69217 
66.949 -0.448795 1.96384 1.53549 1.89686 1.69217 1.69217 
61.0329 -3.92838 3.66334 1.22301 1.88229 1.69217 1.69217 
89.5107 -3.92838 3.66334 1.22301 1.88229 1.79733 1.79733 
88.8905 -2.22457 2.89605 1.22301 1.88229 1.79733 1.79733 
119.625 -2.97241 3.00264 1.22301 1.88229 1.79733 1.79733 
94.0736 -2.97241 3.00264 -1.41058 2.91193 1.79733 1.79733 
99.4083 -2.97241 3.00264 0.499134 1.92724 1.79733 1.79733 
110.949 -2.97241 3.00264 0.217756 2.32519 1.79733 1.79733 
93.313 -3.14569 3.2469 0.217756 2.32519 1.79733 1.79733 
114.345 -2.51944 3.69157 0.217756 2.32519 1.79733 1.79733 
116.104 -2.51944 3.69157 -0.889587 2.01627 1.79733 1.79733 
87.9904 -2.51944 3.69157 -0.889587 2.01627 1.02699 1.02699 
119.303 -2.51944 3.69157 -0.889587 2.01627 0.578821 0.578821 
81.2691 -2.51944 3.69157 -0.889587 2.01627 1.51523 1.51523 
123.397 -1.2084 3.06797 -0.889587 2.01627 1.79733 1.79733 
121.611 -1.2084 3.06797 1.39541 2.40143 1.79733 1.79733 
67.6614 -1.2084 3.06797 1.39541 2.40143 2.0127 2.0127 
140.926 -0.141616 2.80387 1.39541 2.40143 1.79733 1.79733 
125.327 -0.141616 2.80387 1.57287 2.33496 1.79733 1.79733 
132.374 -0.141616 2.80387 1.64994 2.02905 1.79733 1.79733 
147.793 -0.141616 2.80387 1.64994 2.02905 1.70175 1.70175 
117.382 -3.20232 3.15296 1.64994 2.02905 1.70175 1.70175 
112.164 -3.6898 3.23628 1.64994 2.02905 1.70175 1.70175 
149.765 -3.88247 2.92985 1.64994 2.02905 1.70175 1.70175 
42.5033 -3.47866 2.23104 1.53549 1.89686 1.69217 1.69217 
59.5874 0.349206 3.94205 1.53549 1.89686 1.69217 1.69217 
78.3495 -0.886716 2.29321 1.53549 1.89686 1.53941 1.53941 
68.6036 -0.886716 2.29321 -0.531517 2.05844 1.53941 1.53941 
79.971 -0.886716 2.29321 -0.0782731 1.56168 1.53941 1.53941 
83.1806 -0.886716 2.29321 1.53549 1.89686 1.81377 1.81377 
73.0966 1.36922 2.57155 1.53549 1.89686 1.53941 1.53941 
91.1418 1.21032 2.96033 1.53549 1.89686 1.53941 1.53941 
76.585 1.21032 2.96033 1.53549 1.89686 1.65279 1.65279 
73.6979 1.21032 2.96033 1.53549 1.89686 1.76606 1.76606 
32.541 -0.36704 3.8069 1.53549 1.89686 1.76606 1.76606 
29.0028 -2.24761 2.59498 1.53549 1.89686 1.76606 1.76606 
17.8471 -2.24761 2.59498 1.53549 1.89686 1.77055 1.77055 
44.3197 1.37428 2.67791 1.53549 1.89686 1.76606 1.76606 
16.284 -2.24761 2.59498 -1.32566 2.36008 1.76606 1.76606 
2.10706 -2.28013 3.81625 -1.32566 2.36008 1.76606 1.76606 
11.9329 -2.24761 2.59498 -1.32566 2.36008 -0.639153 -0.639153 
76.076 -2.24761 2.59498 -1.32566 2.36008 2.17929 2.17929 
75.0912 -2.24761 2.59498 -1.32566 2.36008 1.94799 1.94799 
56.8119 -1.64507 3.30776 -1.32566 2.36008 1.94799 1.94799 
105.134 -2.80243 2.81689 -1.32566 2.36008 1.94799 1.94799 
101.84 -2.80243 2.81689 -1.32566 2.36008 -0.149376 -0.149376 
103.265 -1.61944 2.51478 -1.32566 2.36008 1.94799 1.94799 
82.3507 -1.61944 2.51478 -1.07953 2.00381 1.94799 1.94799 
97.3921 -1.35749 2.48657 -1.07953 2.00381 1.94799 1.94799 
128.86 -2.52003 3.26564 1.53549 1.89686 1.69217 1.69217 
111.08 -0.886716 2.29321 1.31347 2.25207 1.69217 1.69217 
69.8028 -3.98078 2.23323 1.53549 1.89686 1.69217 1.69217 
77.1744 -0.886716 2.29321 0.65894 1.98746 1.69217 1.69217 
43.7609 -0.886716 2.29321 1.47546 2.0219 1.69217 1.69217 
98.3035 -0.611496 1.96955 1.53549 1.89686 1.69217 1.69217 
63.7485 -0.886716 2.29321 1.53549 1.89686 1.68439 1.68439 
123.329 -0.050487 2.53122 1.53549 1.89686 1.68439 1.68439 
106.633 -1.37445 2.37163 1.53549 1.89686 1.68439 1.68439 
134.781 -1.37445 2.37163 1.53549 1.89686 1.86128 1.86128 
117.561 -1.37445 2.37163 1.53549 1.89686 1.662 1.662 
78.4827 0.448221 2.11542 1.53549 1.89686 1.662 1.662 
106.2 -1.37445 2.37163 1.53549 1.89686 1.5691 1.5691 
92.0389 -1.37445 2.37163 -1.08151 1.66109 1.5691 1.5691 
106.531 -1.37445 2.37163 0.419087 1.70403 1.5691 1.5691 
95.6986 -1.81949 2.10507 1.53549 1.89686 1.5691 1.5691 
84.5844 -1.37445 2.37163 1.53549 1.89686 1.89234 1.89234 
50.453 -1.37445 2.37163 1.53549 1.89686 1.54104 1.54104 
45.9778 -1.37445 2.37163 1.53549 1.89686 1.75167 1.75167 
56.1974 -1.37445 2.37163 1.53549 1.89686 1.79803 1.79803 
74.0456 -3.67172 2.06715 1.53549 1.89686 1.79803 1.79803 
100.378 -3.52027 2.7238 1.53549 1.89686 1.79803 1.79803 
96.4123 -1.83145 3.39331 1.53549 1.89686 1.79803 1.79803 
98.4571 -1.83145 3.39331 1.53549 1.89686 1.65521 1.65521 
95.1062 -0.889141 2.61817 1.53549 1.89686 1.65521 1.65521 
77.2526 -0.886716 2.29321 0.200974 1.86444 1.69217 1.69217 
55.6629 -0.886716 2.29321 0.619856 1.69713 1.69217 1.69217 
51.3461 0.245066 3.85314 1.53549 1.89686 1.69217 1.69217 
90.7604 -0.886716 2.29321 1.17281 2.13295 1.69217 1.69217 
59.6275 -1.1754 2.58612 1.53549 1.89686 1.69217 1.69217 
74.6193 -0.886716 2.29321 1.53549 1.89686 1.72406 1.72406 
57.3919 -0.886716 2.29321 1.50832 1.99434 1.72406 1.72406 
103.748 -0.886716 2.29321 1.53549 1.89686 1.79466 1.79466 
76.237 -0.886716 2.29321 1.53549 1.89686 1.61655 1.61655 
54.7884 -0.265234 2.29497 1.53549 1.89686 1.61655 1.61655 
101.34 -0.886716 2.29321 1.53549 1.89686 1.57743 1.57743 
49.9257 -0.886716 2.29321 -0.414729 2.04063 1.61655 1.61655 
79.9315 -0.886716 2.29321 0.922626 1.7159 1.61655 1.61655 
85.3556 -3.31521 2.20023 1.53549 1.89686 1.61655 1.61655 
125.628 -3.31521 2.20023 1.53549 1.89686 1.86875 1.86875 
80.9447 -0.944262 3.0672 1.53549 1.89686 1.61655 1.61655 
92.3347 -0.944262 3.0672 0.900331 2.8072 1.61655 1.61655 
98.7355 -3.33668 1.90312 1.53549 1.89686 1.61655 1.61655 
81.0432 -0.815596 2.81441 1.53549 1.89686 1.61655 1.61655 
93.4497 -0.815596 2.81441 1.53549 1.89686 1.53888 1.53888 
69.6839 -0.815596 2.81441 0.848222 2.03124 1.53888 1.53888 
123.409 -0.815596 2.81441 1.53549 1.89686 1.54105 1.54105 
123.147 -0.815596 2.81441 1.53549 1.89686 1.67582 1.67582 
118.189 0.899066 2.45178 1.53549 1.89686 1.67582 1.67582 
150.152 0.899066 2.45178 1.53549 1.89686 1.55365 1.55365 
81.7803 -0.886716 2.29321 1.53549 1.89686 1.74352 1.74352 
110.374 -0.886716 2.29321 1.53549 1.89686 1.81853 1.81853 
112.104 -0.886716 2.29321 1.53549 1.89686 1.75658 1.75658 
126.029 -0.886716 2.29321 1.0781 1.96918 1.75658 1.75658 
130.089 -3.78428 3.29205 1.0781 1.96918 1.75658 1.75658 
106.902 -3.78428 3.29205 -2.16038 2.69323 1.75658 1.75658 
77.2501 -3.82852 3.35939 -2.16038 2.69323 1.75658 1.75658 
60.2137 -3.82852 3.35939 -2.16038 2.69323 -0.56403 -0.56403 
69.7983 -3.82852 3.35939 -2.16038 2.69323 -1.01438 -1.01438 
102.773 -3.82852 3.35939 -1.61283 3.23605 1.75658 1.75658 
69.5962 -3.82852 3.35939 -0.376283 2.79868 1.75658 1.75658 
94.9748 -3.57726 3.199 -0.376283 2.79868 1.75658 1.75658 
92.807 -3.35267 3.84931 -0.376283 2.79868 1.75658 1.75658 
78.179 -3.35267 3.84931 -0.376283 2.79868 1.78905 1.78905 
75.5702 -3.35267 3.84931 -0.376283 2.79868 -0.219105 -0.219105 
78.8832 -2.27831 3.18481 -0.376283 2.79868 1.78905 1.78905 
75.9763 -2.27831 3.18481 -0.105134 2.04673 1.78905 1.78905 
65.4504 -2.27831 3.18481 -0.105134 2.04673 1.70902 1.70902 
90.1111 -2.27831 3.18481 -0.105134 2.04673 1.77863 1.77863 
90.139 -2.27831 3.18481 -0.105134 2.04673 0.349268 0.349268 
127.373 -3.46441 3.43072 -0.105134 2.04673 1.77863 1.77863 
65.1008 -2.27831 3.18481 -1.19173 2.65284 1.77863 1.77863 
80.3424 -2.27831 3.18481 0.962174 3.14913 1.77863 1.77863 
33.1155 -2.27831 3.18481 0.962174 3.14913 2.63509 2.63509 
96.9734 -1.91873 3.3221 0.962174 3.14913 1.77863 1.77863 
115.385 -0.886716 2.29321 1.28866 2.09331 1.69217 1.69217 
71.9963 -0.886716 2.29321 1.28866 2.09331 1.43624 1.43624 
71.9795 -0.886716 2.29321 -0.490218 2.10591 1.69217 1.69217 
107.082 -2.27853 2.37929 1.28866 2.09331 1.69217 1.69217 
112.599 -3.01899 2.94979 1.28866 2.09331 1.69217 1.69217 
118.597 -1.65902 3.73419 1.28866 2.09331 1.69217 1.69217 
88.5465 -1.08994 2.67489 1.28866 2.09331 1.69217 1.69217 
69.4014 -1.08994 2.67489 1.28866 2.09331 1.49913 1.49913 
60.5297 -1.08994 2.67489 -0.923809 2.09957 1.49913 1.49913 
107.156 -1.08994 2.67489 1.28866 2.09331 1.46069 1.46069 
55.8989 -1.08994 2.67489 0.73151 2.6011 1.49913 1.49913 
75.8602 -2.17865 2.34511 1.28866 2.09331 1.49913 1.49913 
37.1621 -1.75499 2.85546 1.28866 2.09331 1.49913 1.49913 
82.9589 -1.08994 2.67489 1.28866 2.09331 1.80331 1.80331 
74.5273 -1.08994 2.67489 0.345818 2.56808 1.80331 1.80331 
101.009 -0.596464 3.13085 0.345818 2.56808 1.80331 1.80331 
61.8236 -1.08994 2.67489 0.345818 2.56808 1.05358 1.05358 
85.1947 -1.08994 2.67489 1.74054 2.53739 1.80331 1.80331 
77.3213 -1.08994 2.67489 -0.460988 1.8179 1.80331 1.80331 
47.9271 -1.08994 2.67489 1.74054 2.53739 1.81716 1.81716 
96.5226 0.524608 3.2187 1.74054 2.53739 1.80331 1.80331 
114.106 0.22858 3.95333 1.74054 2.53739 1.80331 1.80331 
88.5173 -2.50899 3.25858 1.74054 2.53739 1.80331 1.80331 
29.1963 -1.64167 3.70171 1.74054 2.53739 1.80331 1.80331 
96.6639 -2.50899 3.25858 1.74054 2.53739 2.10905 2.10905 
69.2544 -0.886716 2.29321 1.53549 1.89686 1.84108 1.84108 
53.668 -0.886716 2.29321 1.35101 1.82195 1.69217 1.69217 
65.511 0.0949345 3.81466 1.53549 1.89686 1.69217 1.69217 
118.74 -0.886716 2.29321 -0.183679 1.74001 1.69217 1.69217 
107.55 -0.886716 2.29321 1.53549 1.89686 1.56317 1.56317 
67.0207 -0.741396 2.28652 1.53549 1.89686 1.56317 1.56317 
128.94 -2.0082 2.23583 1.53549 1.89686 1.56317 1.56317 
96.2713 -0.886716 2.29321 1.53549 1.89686 1.82982 1.82982 
75.4608 -0.886716 2.29321 0.739132 1.91535 1.82982 1.82982 
96.8318 -0.890473 2.11916 1.53549 1.89686 1.82982 1.82982 
106.366 -0.890473 2.11916 -0.146888 2.02876 1.82982 1.82982 
81.2334 -0.890473 2.11916 1.53549 1.89686 1.87469 1.87469 
81.8637 -2.21036 2.83875 1.53549 1.89686 1.87469 1.87469 
72.2416 -0.890473 2.11916 -0.773777 2.00739 1.87469 1.87469 
78.2538 -0.890473 2.11916 -0.431275 2.05177 1.87469 1.87469 
78.185 -0.890473 2.11916 0.997902 1.93451 1.87469 1.87469 
66.2332 -0.426627 2.84488 0.997902 1.93451 1.87469 1.87469 
96.5227 -1.19394 3.49675 0.997902 1.93451 1.87469 1.87469 
37.7508 0.886581 3.04495 0.997902 1.93451 1.87469 1.87469 
53.6728 -0.426627 2.84488 0.997902 1.93451 1.37553 1.37553 
63.7428 0.852197 3.03591 0.997902 1.93451 1.87469 1.87469 
52.8228 -0.426627 2.84488 -0.189957 2.21268 1.87469 1.87469 
48.2574 -0.426627 2.84488 0.564003 2.46675 1.87469 1.87469 
89.9764 -0.426627 2.84488 0.0112823 2.70823 1.87469 1.87469 
102.361 -0.426627 2.84488 1.2322 2.79086 1.87469 1.87469 
105.621 -0.886716 2.29321 0.114367 1.84206 1.69217 1.69217 
98.9345 -0.886716 2.29321 1.53549 1.89686 1.58588 1.58588 
81.9998 -0.886716 2.29321 1.53549 1.89686 1.63651 1.63651 
36.4115 0.60596 2.51859 1.53549 1.89686 1.63651 1.63651 
87.0453 -0.886716 2.29321 0.45921 1.79815 1.63651 1.63651 
112.839 -0.737504 2.24217 1.53549 1.89686 1.63651 1.63651 
137.056 -1.64501 2.38003 1.53549 1.89686 1.63651 1.63651 
143.805 0.315649 2.49862 1.53549 1.89686 1.63651 1.63651 
145.793 1.18155 3.35491 1.53549 1.89686 1.63651 1.63651 
110.986 1.18155 3.35491 1.53549 1.89686 1.79397 1.79397 
127.115 -0.0204821 2.19259 1.53549 1.89686 1.63651 1.63651 
118.836 -0.0204821 2.19259 0.0680386 1.83529 1.63651 1.63651 
91.7419 -0.394203 2.8516 1.53549 1.89686 1.63651 1.63651 
94.7109 -0.394203 2.8516 1.46515 2.61791 1.63651 1.63651 
98.043 -0.394203 2.8516 1.46515 2.61791 1.7055 1.7055 
89.3436 -0.277107 2.82497 1.46515 2.61791 1.63651 1.63651 
115.854 -0.277107 2.82497 1.46515 2.61791 1.52834 1.52834 
142.087 1.28552 3.70316 1.46515 2.61791 1.52834 1.52834 
147.289 1.28552 3.70316 1.47953 2.64739 1.52834 1.52834 
89.5487 1.28552 3.70316 1.36207 1.53019 1.52834 1.52834 
141.665 1.28552 3.70316 1.46515 2.61791 2.0024 2.0024 
114.084 1.23879 3.31686 1.46515 2.61791 2.0024 2.0024 
110.389 1.28552 3.70316 1.49805 3.15638 2.0024 2.0024 
130.295 1.28552 3.70316 1.46515 2.61791 1.77243 1.77243 
121.281 1.28552 3.70316 1.46515 2.61791 2.36251 2.36251 
93.0313 -0.886716 2.29321 1.53549 1.89686 1.69589 1.69589 
59.4658 -1.80957 3.46503 1.53549 1.89686 1.69589 1.69589 
116.41 -0.886716 2.29321 -0.232813 1.96354 1.69589 1.69589 
69.9445 -0.137252 2.79291 1.53549 1.89686 1.69589 1.69589 
119.315 -0.411236 2.82967 1.53549 1.89686 1.69589 1.69589 
151.074 -1.08202 3.62163 1.53549 1.89686 1.69589 1.69589 
132.877 -0.411236 2.82967 1.20322 2.35056 1.69589 1.69589 
126.108 0.400025 2.5866 1.20322 2.35056 1.69589 1.69589 
113.608 0.400025 2.5866 1.57173 2.38518 1.69589 1.69589 
150.932 0.400025 2.5866 1.57173 2.38518 1.8576 1.8576 
124.571 0.400025 2.5866 1.57173 2.38518 1.86026 1.86026 
125.593 0.400025 2.5866 1.57173 2.38518 2.15102 2.15102 
117.211 0.400025 2.5866 1.57173 2.38518 2.28855 2.28855 
114.723 0.400025 2.5866 1.64065 2.4796 2.28855 2.28855 
119.115 0.400025 2.5866 1.68592 2.5516 2.28855 2.28855 
117.531 0.400025 2.5866 2.14443 2.48525 2.28855 2.28855 
116.149 0.0825329 3.81379 2.14443 2.48525 2.28855 2.28855 
108.712 0.0825329 3.81379 1.40479 2.34743 2.28855 2.28855 
114.602 0.0825329 3.81379 0.841097 3.23761 2.28855 2.28855 
92.6402 1.16932 2.84073 1.40479 2.34743 2.28855 2.28855 
84.8443 0.0825329 3.81379 1.40479 2.34743 2.04729 2.04729 
83.1873 0.0825329 3.81379 0.875128 2.2163 2.04729 2.04729 
101.1 0.0825329 3.81379 0.875128 2.2163 1.44442 1.44442 
110.858 0.0825329 3.81379 0.686634 2.63284 2.04729 2.04729 
66.7176 -0.464747 3.95345 0.875128 2.2163 2.04729 2.04729 
40.2654 -0.886716 2.29321 0.367876 1.95634 1.69217 1.69217 
85.1542 -0.886716 2.29321 0.542319 1.83089 1.69217 1.69217 
76.5717 -0.886716 2.29321 1.18316 1.86248 1.69217 1.69217 
68.8528 -0.886716 2.29321 1.53549 1.89686 1.57086 1.57086 
45.1282 -0.609917 2.29609 1.53549 1.89686 1.69217 1.69217 
71.4154 -2.51085 3.19783 1.53549 1.89686 1.69217 1.69217 
62.0745 -2.51085 3.19783 1.53549 1.89686 1.86931 1.86931 
68.225 -2.51085 3.19783 0.97202 2.33953 1.86931 1.86931 
80.6396 -2.51085 3.19783 0.97202 2.33953 1.98267 1.98267 
59.6313 -2.51085 3.19783 0.851299 2.80831 1.98267 1.98267 
86.6164 -2.51085 3.19783 0.97202 2.33953 1.71788 1.71788 
62.4148 -2.51085 3.19783 0.97202 2.33953 1.76738 1.76738 
90.7006 -0.499683 2.93542 0.97202 2.33953 1.76738 1.76738 
105.806 0.326758 2.59707 0.97202 2.33953 1.76738 1.76738 
113.444 0.326758 2.59707 0.97202 2.33953 1.47841 1.47841 
76.2414 0.326758 2.59707 0.97202 2.33953 2.23243 2.23243 
43.8155 0.326758 2.59707 0.97202 2.33953 1.10256 1.10256 
59.514 0.326758 2.59707 0.372785 2.25578 2.23243 2.23243 
57.8454 -0.505342 3.41806 0.97202 2.33953 2.23243 2.23243 
88.1348 0.580496 3.72007 0.97202 2.33953 2.23243 2.23243 
71.6842 -1.55199 2.51178 0.97202 2.33953 2.23243 2.23243 
72.5519 -1.55199 2.51178 1.78436 2.48778 2.23243 2.23243 
62.055 0.802505 3.15391 0.97202 2.33953 2.23243 2.23243 
42.2112 -0.670878 3.301 0.97202 2.33953 2.23243 2.23243 
71.2659 -1.55199 2.51178 2.09131 2.41908 2.23243 2.23243 
67.31 -0.0638635 2.12563 1.53549 1.89686 1.69217 1.69217 
118.254 -0.886716 2.29321 0.602629 2.2522 1.69217 1.69217 
81.0707 -0.886716 2.29321 1.21761 1.83598 1.69217 1.69217 
93.0507 -0.886716 2.29321 0.156401 2.19913 1.69217 1.69217 
61.3525 -0.886716 2.29321 1.08763 2.26406 1.69217 1.69217 
75.3509 -0.886716 2.29321 1.08763 2.26406 1.95924 1.95924 
89.6922 -0.365894 3.53438 1.08763 2.26406 1.95924 1.95924 
87.8875 -0.886716 2.29321 0.443492 2.272 1.95924 1.95924 
67.938 -2.70983 3.76586 0.443492 2.272 1.95924 1.95924 
63.0031 -2.70983 3.76586 1.89524 3.5701 1.95924 1.95924 
53.031 -2.70983 3.76586 0.0731505 2.1879 1.95924 1.95924 
75.4021 -2.70983 3.76586 0.443492 2.272 2.00271 2.00271 
74.8353 -2.70983 3.76586 0.496336 3.25864 1.95924 1.95924 
83.7261 -1.06441 3.86944 0.496336 3.25864 1.95924 1.95924 
66.4391 -1.06441 3.86944 0.496336 3.25864 1.23961 1.23961 
72.9053 -2.26212 3.26896 0.496336 3.25864 1.95924 1.95924 
86.8654 -2.26212 3.26896 -1.22283 2.96835 1.95924 1.95924 
96.8413 -2.26212 3.26896 0.496336 3.25864 1.4702 1.4702 
81.3262 -2.26212 3.26896 -1.23683 2.95108 1.95924 1.95924 
117.603 -2.26212 3.26896 -0.825511 3.24265 1.95924 1.95924 
139.971 -2.26212 3.26896 1.86236 3.14263 1.95924 1.95924 
134.063 -2.26212 3.26896 1.86236 3.14263 2.10028 2.10028 
127.351 -2.26212 3.26896 1.86236 3.14263 3.09319 3.09319 
137.958 -2.26212 3.26896 2.88762 3.14125 3.09319 3.09319 
134.399 -2.26212 3.26896 1.06372 3.2543 3.09319 3.09319 
151.223 -2.05153 3.50113 1.86236 3.14263 3.09319 3.09319 
132.308 -2.05153 3.50113 1.40784 3.14662 3.09319 3.09319 
134.859 -2.05153 3.50113 1.40784 3.14662 2.88291 2.88291 
144.021 -2.9636 3.74029 1.40784 3.14662 2.88291 2.88291 
140.337 -3.14004 3.39642 1.40784 3.14662 2.88291 2.88291 
72.1464 -1.10325 2.48401 1.08763 2.26406 1.69217 1.69217 
57.7109 -0.467291 3.43354 1.08763 2.26406 1.69217 1.69217 
66.6292 -1.10325 2.48401 1.08763 2.26406 1.82815 1.82815 
42.3551 -1.10325 2.48401 1.08763 2.26406 2.14298 2.14298 
56.4624 -1.1672 2.74279 1.08763 2.26406 1.82815 1.82815 
43.2728 -1.1672 2.74279 1.50121 2.37823 1.82815 1.82815 
90.7466 -1.1672 2.74279 -0.631463 1.98256 1.82815 1.82815 
64.7236 -1.1672 2.74279 1.16258 2.68808 1.82815 1.82815 
44.045 -1.08749 3.01066 1.16258 2.68808 1.82815 1.82815 
41.9463 -0.283788 3.91936 1.16258 2.68808 1.82815 1.82815 
69.6976 -1.72675 2.98719 1.16258 2.68808 1.82815 1.82815 
64.5514 -1.72675 2.98719 1.16258 2.68808 2.08677 2.08677 
51.2091 -0.791356 3.2701 1.16258 2.68808 1.82815 1.82815 
92.8051 -1.73928 3.48494 1.16258 2.68808 1.82815 1.82815 
39.5641 -1.72675 2.98719 1.16258 2.68808 1.94076 1.94076 
106.168 -1.72675 2.98719 -0.918803 2.35392 1.82815 1.82815 
105.858 -1.72675 2.98719 -0.918803 2.35392 2.03683 2.03683 
87.1669 -1.72675 2.98719 1.17259 2.53215 2.03683 2.03683 
74.356 -1.72675 2.98719 1.18682 2.915 2.03683 2.03683 
66.5264 -1.72675 2.98719 1.18682 2.915 2.71918 2.71918 
78.6707 -0.822418 3.87805 1.18682 2.915 2.03683 2.03683 
84.9131 -0.822418 3.87805 1.74015 2.28892 2.03683 2.03683 
85.049 -1.79688 3.49249 1.18682 2.915 2.03683 2.03683 
101.003 -1.22672 3.34302 1.18682 2.915 2.03683 2.03683 
104.277 -1.22672 3.34302 1.18682 2.915 1.33687 1.33687 
68.7181 -0.881203 3.51768 1.08763 2.26406 1.69217 1.69217 
39.8785 -0.881203 3.51768 1.08763 2.26406 2.0417 2.0417 
68.155 -2.22624 3.35696 1.08763 2.26406 1.69217 1.69217 
47.9865 -2.22624 3.35696 1.08763 2.26406 1.32386 1.32386 
104.137 -2.22624 3.35696 0.560918 3.26496 1.69217 1.69217 
81.8044 -0.654035 3.58993 1.08763 2.26406 1.69217 1.69217 
72.0794 -2.22624 3.35696 1.08763 2.26406 1.44929 1.44929 
82.8004 -2.22624 3.35696 1.08763 2.26406 1.24594 1.24594 
68.4642 -2.22624 3.35696 0.155251 2.17764 1.69217 1.69217 
63.9445 -2.22624 3.35696 0.155251 2.17764 0.853255 0.853255 
74.3788 -3.45804 3.92899 0.155251 2.17764 1.69217 1.69217 
64.9512 -3.51129 2.87507 0.155251 2.17764 1.69217 1.69217 
76.054 -3.51129 2.87507 0.119671 2.13208 1.69217 1.69217 
67.4765 -1.15061 3.69156 0.155251 2.17764 1.69217 1.69217 
71.5292 -1.15061 3.69156 0.556332 2.92344 1.69217 1.69217 
43.4944 -1.15061 3.69156 -0.849225 1.94627 1.69217 1.69217 
68.3836 -0.00625663 2.99493 0.556332 2.92344 1.69217 1.69217 
102.83 -0.00625663 2.99493 1.21287 2.80199 1.69217 1.69217 
85.2049 -0.00625663 2.99493 1.21287 2.80199 2.54157 2.54157 
114.099 -0.00625663 2.99493 1.42742 2.12169 1.69217 1.69217 
113.596 -0.89424 2.38585 1.42742 2.12169 1.69217 1.69217 
89.9866 -0.89424 2.38585 0.381262 2.03938 1.69217 1.69217 
63.0793 0.275808 2.52247 0.319962 2.31181 2.17701 2.17701 
150.233 0.547403 2.3897 0.873829 2.15336 1.69217 1.69217 
80.6643 -2.24152 3.84048 0.0516491 2.30118 0.198484 0.198484 
75.8236 -3.6386 2.8897 0.971908 2.39262 1.44218 1.44218 
96.4144 -2.66869 3.27931 -1.97268 3.24537 2.17764 2.17764 
41.8053 -2.95893 3.18258 0.30009 2.62793 1.69217 1.69217 
93.636 -3.01784 3.10377 -2.27196 2.87506 2.03116 2.03116 
63.2526 -2.49554 2.37614 1.30992 2.30681 2.03838 2.03838 
95.3915 -2.17072 3.30173 0.952683 2.4197 1.64241 1.64241 
47.0394 -1.62313 2.7593 -1.28059 2.52859 1.47941 1.47941 
59.5294 -2.49554 2.37614 1.08763 2.26406 1.86126 1.86126 
58.3565 -2.26625 2.39306 1.08763 2.26406 1.84993 1.84993 
69.5099 -2.49554 2.37614 1.08763 2.26406 1.4498 1.4498 
81.0661 -2.37462 3.09801 -1.09025 2.75405 1.62242 1.62242 
51.6963 -2.72052 2.39739 0.922715 2.34297 1.938 1.938 
66.4089 -0.860371 2.72034 1.10912 2.51719 1.57881 1.57881 
74.8462 -1.54479 2.73237 0.347498 2.37825 1.63936 1.63936 
59.8914 -1.55256 3.70521 0.788023 2.48317 1.69217 1.69217 
50.6572 -3.17189 3.29765 0.826547 2.33612 1.39244 1.39244 
57.3853 -2.57895 2.84161 0.564182 2.14395 1.72463 1.72463 
62.4893 -2.0268 2.76164 0.826547 2.33612 1.18358 1.18358 
64.4784 -2.17474 2.47349 0.730001 2.06764 1.69217 1.69217 
55.0223 -2.18918 2.64127 0.825883 2.25927 1.72798 1.72798 
54.7667 -2.49554 2.37614 0.826547 2.33612 2.1257 2.1257 
56.8422 -2.34343 2.39703 1.00406 2.08081 1.53683 1.53683 
57.6247 -2.15104 2.83287 0.971676 2.37811 1.6768 1.6768 
62.8488 -2.21743 2.50123 0.946259 2.1656 1.75764 1.75764 
55.1308 -2.41067 2.27057 1.00406 2.08081 1.6768 1.6768 
60.1315 -2.88027 2.37804 0.887725 2.13817 1.79972 1.79972 
58.2898 -2.34343 2.39703 0.966667 2.10816 1.81117 1.81117 
60.9988 -2.71016 2.81102 0.966667 2.10816 1.7672 1.7672 
56.6088 -1.9613 3.1321 0.968716 2.06002 1.65918 1.65918 
62.4486 -2.3616 2.78629 0.61448 2.2584 1.74712 1.74712 
60.7858 -2.50916 2.43839 0.86115 2.3489 1.50814 1.50814 
60.5425 -2.29663 2.29146 0.950085 2.18427 1.74277 1.74277 
62.5172 -2.25933 2.61961 0.860091 2.35372 1.75978 1.75978 
57.7056 -2.02157 2.58414 0.967025 2.14626 1.71639 1.71639 
59.5827 -2.41977 2.43424 0.830473 2.24627 1.76658 1.76658 
57.6836 -2.27929 2.50493 0.940162 2.20188 1.69656 1.69656 
57.3165 -2.34364 2.33851 0.906425 2.18964 1.67864 1.67864 
56.8735 -2.23832 2.5746 0.911797 2.05259 1.6768 1.6768 
59.1169 -2.41265 2.40933 0.882751 2.24423 1.78626 1.78626 
58.3146 -2.32891 2.44322 0.995337 2.06706 1.71567 1.71567 
56.8288 -2.42103 2.32039 0.987191 2.11611 1.6768 1.6768 
58.384 -2.53957 2.25432 0.882592 2.14548 1.71774 1.71774 
58.7112 -2.36779 2.36262 0.999672 2.08522 1.68749 1.68749 
56.4342 -2.34095 2.37683 1.05937 2.08859 1.6768 1.6768 
57.4969 -2.27403 2.42607 1.01812 2.09622 1.63659 1.63659 
57.859 -2.38285 2.36372 0.987191 2.11611 1.6768 1.6768 
58.2841 -2.41648 2.31247 1.01121 2.09065 1.68557 1.68557 
56.6321 -2.3677 2.40327 0.929441 2.19238 1.71132 1.71132 
57.1506 -2.35676 2.33613 0.987495 2.14873 1.66308 1.66308 
57.2769 -2.32343 2.36369 1.00171 2.14648 1.6768 1.6768 
57.3486 -2.31833 2.36058 0.987191 2.11611 1.64118 1.64118 
56.9461 -2.38354 2.36304 0.994476 2.11365 1.67655 1.67655 
57.2073 -2.39218 2.37577 0.99011 2.12244 1.67655 1.67655 
56.8704 -2.3778 2.36325 0.992881 2.11166 1.67655 1.67655 
56.7488 -2.38122 2.35868 0.987191 2.11611 1.67655 1.67655 
56.8999 -2.37316 2.36231 0.987191 2.11611 1.67655 1.67655 
57.1149 -2.36201 2.36478 0.977246 2.11037 1.67655 1.67655 
56.7494 -2.3778 2.36325 0.987191 2.11611 1.69155 1.69155 
56.93 -2.3778 2.36325 0.987191 2.11611 1.65315 1.65315 
57.0328 -2.37323 2.37713 0.987191 2.11611 1.67655 1.67655 
56.961 -2.3778 2.36325 0.980571 2.12568 1.67798 1.67798 
57.3342 -2.38542 2.38851 0.972032 2.15208 1.67202 1.67202 
56.8696 -2.35694 2.37787 0.984538 2.12211 1.67569 1.67569 
56.9631 -2.3634 2.36325 0.980767 2.10708 1.67853 1.67853 
56.7882 -2.36984 2.37323 0.984577 2.10116 1.67853 1.67853 
56.9111 -2.36984 2.37323 0.982613 2.11042 1.67853 1.67853 
56.7977 -2.35097 2.37183 0.979233 2.11151 1.67853 1.67853 
56.8838 -2.36774 2.37904 0.978119 2.11093 1.67853 1.67853 
56.9249 -2.37954 2.37771 0.980767 2.10708 1.68764 1.68764 
56.8611 -2.37104 2.37219 0.980767 2.10708 1.68058 1.68058 
56.845 -2.37033 2.37583 0.980039 2.10863 1.67853 1.67853 
56.8975 -2.36543 2.37412 0.986366 2.11259 1.67853 1.67853 
56.9049 -2.36673 2.37323 0.983603 2.10466 1.67853 1.67853 
56.8545 -2.36421 2.37169 0.980973 2.10819 1.67814 1.67814 
56.8437 -2.36442 2.37261 0.981229 2.10697 1.67452 1.67452 
56.9737 -2.3655 2.37253 0.977341 2.1103 1.67853 1.67853 
56.8681 -2.36359 2.36797 0.981229 2.10697 1.67853 1.67853 
56.8529 -2.36462 2.37371 0.981229 2.10697 1.67853 1.67853 
56.8814 -2.36421 2.37169 0.980227 2.10745 1.67853 1.67853 
56.8431 -2.36649 2.37195 0.981229 2.10697 1.67853 1.67853 
56.875 -2.36413 2.37112 0.980918 2.10699 1.67853 1.67853 
56.8708 -2.36418 2.37366 0.980781 2.10719 1.679 1.679 
56.8599 -2.36463 2.37211 0.981203 2.10841 1.67853 1.67853 
56.8454 -2.36233 2.37273 0.979207 2.10771 1.67964 1.67964 
56.8979 -2.36389 2.37583 0.978625 2.10778 1.67931 1.67931 
56.849 -2.36549 2.37191 0.981338 2.10777 1.67873 1.67873 
56.8719 -2.36475 2.37308 0.981391 2.10729 1.6781 1.6781 
56.8467 -2.36438 2.37151 0.980648 2.10693 1.67854 1.67854 
56.8527 -2.36319 2.37197 0.980821 2.10599 1.67879 1.67879 
56.8607 -2.36577 2.3711 0.980821 2.10599 1.67894 1.67894 
56.8717 -2.366 2.37151 0.980821 2.10599 1.67917 1.67917 
8.15043 -2.36463 2.37211 -1.35965 2.35555 1.67879 1.67879 
72.1998 -3.73859 2.44591 0.980821 2.10599 1.67879 1.67879 
106.354 -3.73859 2.44591 0.980821 2.10599 1.86602 1.86602 
70.2567 -3.73859 2.44591 0.980821 2.10599 1.2886 1.2886 
57.4889 -2.23801 3.89006 0.980821 2.10599 1.67879 1.67879 
60.5504 -2.23801 3.89006 0.980821 2.10599 1.54176 1.54176 
66.7298 -2.23801 3.89006 -1.49577 1.7829 1.67879 1.67879 
30.165 -2.23801 3.89006 -0.667644 2.2684 1.67879 1.67879 
82.9645 -2.23801 3.89006 0.980821 2.10599 1.87057 1.87057 
69.0437 -2.23801 3.89006 0.980821 2.10599 1.70443 1.70443 
85.0323 0.609646 2.10735 0.980821 2.10599 1.70443 1.70443 
65.371 0.609646 2.10735 0.980821 2.10599 1.96205 1.96205 
62.3343 0.609646 2.10735 1.1747 1.9407 1.70443 1.70443 
138.475 0.672434 3.89243 0.980821 2.10599 1.70443 1.70443 
36.7288 -0.367074 2.34094 0.980821 2.10599 1.67879 1.67879 
29.7086 -2.36463 2.37211 0.980821 2.10599 1.61483 1.61483 
55.4382 -2.36463 2.37211 -1.4427 2.03678 1.67879 1.67879 
15.0796 0.319634 3.10522 0.980821 2.10599 1.67879 1.67879 
12.0862 -1.96728 2.13434 0.980821 2.10599 1.67879 1.67879 
83.3602 -2.36463 2.37211 0.980821 2.10599 1.91063 1.91063 
37.0023 -2.36463 2.37211 1.44423 1.96062 1.91063 1.91063 
94.4423 -2.36463 2.37211 0.980821 2.10599 1.60492 1.60492 
102.102 -1.57599 3.44571 0.980821 2.10599 1.91063 1.91063 
128.256 -1.57599 3.44571 -0.0695204 2.78444 1.91063 1.91063 
111.851 -1.57599 3.44571 0.980821 2.10599 1.20125 1.20125 
110.279 -1.57599 3.44571 0.980821 2.10599 1.02308 1.02308 
107.798 -1.57599 3.44571 0.980821 2.10599 1.8048 1.8048 
96.2306 -3.24841 2.18441 0.980821 2.10599 1.8048 1.8048 
71.8662 -3.24841 2.18441 0.980821 2.10599 1.27454 1.27454 
39.1911 -3.24841 2.18441 0.980821 2.10599 1.82428 1.82428 
91.023 -3.24841 2.18441 -0.322442 2.08298 1.8048 1.8048 
59.8044 0.29396 2.36261 0.980821 2.10599 1.8048 1.8048 
79.1971 -2.25684 2.85661 0.980821 2.10599 1.8048 1.8048 
73.9363 -2.25684 2.85661 0.980821 2.10599 1.80626 1.80626 
137.662 -2.25684 2.85661 -1.61351 2.12279 1.80626 1.80626 
65.0135 -2.25684 2.85661 0.885455 2.38435 1.80626 1.80626 
3.34879 -2.25684 2.85661 0.885455 2.38435 2.16988 2.16988 
42.5788 -3.99159 3.96404 0.885455 2.38435 1.80626 1.80626 
82.2374 -2.25684 2.85661 0.885455 2.38435 1.09704 1.09704 
119.035 -2.36463 2.37211 1.62923 2.10186 1.67879 1.67879 
22.2744 -1.98045 2.54217 0.980821 2.10599 1.67879 1.67879 
48.8923 -2.36463 2.37211 0.980821 2.10599 1.20672 1.20672 
2.14147 -2.36463 2.37211 0.319592 2.05897 1.67879 1.67879 
48.3594 0.3088 3.99862 0.980821 2.10599 1.67879 1.67879 
56.1223 -2.34514 3.51977 0.980821 2.10599 1.67879 1.67879 
121.411 -2.36463 2.37211 0.0174812 1.73382 1.67879 1.67879 
61.6763 -2.36463 2.37211 0.980821 2.10599 1.17225 1.17225 
78.838 -2.36463 2.37211 -1.26332 1.85728 1.67879 1.67879 
26.5143 -2.36463 2.37211 0.102863 2.25183 1.67879 1.67879 
48.3781 -2.36463 2.37211 0.980821 2.10599 1.09398 1.09398 
82.6307 -2.36463 2.37211 -2.10902 2.03543 1.67879 1.67879 
47.6694 -0.901704 3.46726 0.980821 2.10599 1.67879 1.67879 
86.5337 -2.36463 2.37211 0.980821 2.10599 1.89239 1.89239 
79.1948 -2.36463 2.37211 0.980821 2.10599 2.09619 2.09619 
62.9434 -2.36463 2.37211 0.980821 2.10599 2.03935 2.03935 
74.2683 -2.36463 2.37211 -0.928119 2.04775 1.67879 1.67879 
41.3365 -3.25439 3.91229 0.980821 2.10599 1.67879 1.67879 
78.7216 -2.36463 2.37211 -1.7639 1.91531 1.67879 1.67879 
76.0004 -2.71188 2.93642 0.980821 2.10599 1.67879 1.67879 
69.9379 -2.71188 2.93642 0.49572 2.83569 1.67879 1.67879 
47.1778 -2.71188 2.93642 -1.7483 2.06909 1.67879 1.67879 
115.446 -2.71188 2.93642 0.49572 2.83569 0.544219 0.544219 
73.0403 -2.71188 2.93642 -1.49873 2.22749 1.67879 1.67879 
84.1335 -2.71188 2.93642 0.128012 2.55758 1.67879 1.67879 
64.134 -2.36463 2.37211 -1.00494 1.81329 1.67879 1.67879 
82.2337 -2.80908 3.66492 0.980821 2.10599 1.67879 1.67879 
119.641 -2.36221 2.14681 0.980821 2.10599 1.67879 1.67879 
98.3026 -2.80908 3.66492 0.937067 2.61063 1.67879 1.67879 
34.6701 -3.54973 2.43525 0.980821 2.10599 1.67879 1.67879 
48.3001 -2.80908 3.66492 0.674041 2.69813 1.67879 1.67879 
63.659 -2.80908 3.66492 0.980821 2.10599 1.97455 1.97455 
52.1276 -2.80908 3.66492 0.980821 2.10599 1.47059 1.47059 
51.1585 -2.80908 3.66492 -0.424458 2.18134 1.97455 1.97455 
40.0626 -2.80908 3.66492 -0.424458 2.18134 0.579597 0.579597 
65.7198 -2.80908 3.66492 -1.30624 3.20757 1.97455 1.97455 
42.2512 -2.80908 3.66492 -1.30624 3.20757 2.10316 2.10316 
43.7124 -2.80908 3.66492 -1.30624 3.20757 2.47344 2.47344 
67.6771 -2.93987 3.59129 -1.30624 3.20757 1.97455 1.97455 
51.1288 -2.93987 3.59129 -2.7859 3.54404 1.97455 1.97455 
90.6235 -2.93987 3.59129 -1.30624 3.20757 2.29312 2.29312 
60.6447 -2.93987 3.59129 -2.24173 2.48646 1.97455 1.97455 
74.8491 -2.07527 3.53935 -1.30624 3.20757 1.97455 1.97455 
110.347 -3.08124 3.53689 -1.30624 3.20757 1.97455 1.97455 
117.455 -3.08124 3.53689 -1.30624 3.20757 0.18703 0.18703 
145.181 -3.08124 3.53689 -2.04923 2.8001 1.97455 1.97455 
133.079 -3.08124 3.53689 -2.04923 2.8001 -1.54192 -1.54192 
115.434 -3.08124 3.53689 -2.04923 2.8001 1.13494 1.13494 
130.121 -3.08124 3.53689 0.196568 3.41038 1.97455 1.97455 
111.054 -3.08124 3.53689 0.196568 3.41038 2.94131 2.94131 
60.4673 -2.36463 2.37211 0.980821 2.10599 2.02171 2.02171 
55.0974 -0.896273 3.35645 0.980821 2.10599 2.02171 2.02171 
60.014 -3.70823 3.91643 0.980821 2.10599 2.02171 2.02171 
95.8539 -3.70823 3.91643 -2.08341 3.79907 2.02171 2.02171 
150.138 -3.70823 3.91643 -2.08341 3.79907 0.29302 0.29302 
71.6836 -3.70823 3.91643 -2.08341 3.79907 -0.718531 -0.718531 
79.9687 -3.70823 3.91643 -2.053 3.83405 2.02171 2.02171 
66.2699 -3.70823 3.91643 -2.053 3.83405 1.28612 1.28612 
51.7622 -3.70823 3.91643 -2.053 3.83405 1.44337 1.44337 
100.588 -2.49708 3.94167 -2.053 3.83405 2.02171 2.02171 
100.775 -3.70823 3.91643 -3.01956 2.45258 2.02171 2.02171 
83.8189 -3.9582 3.95568 -2.053 3.83405 2.02171 2.02171 
103.278 -3.9582 3.95568 -2.053 3.83405 0.342573 0.342573 
80.1571 -3.9582 3.95568 1.13878 2.49965 2.02171 2.02171 
120.615 -3.9582 3.95568 1.13878 2.49965 2.46118 2.46118 
133.288 -3.9582 3.95568 1.63458 3.11519 2.46118 2.46118 
125.702 -2.68198 3.74294 1.13878 2.49965 2.46118 2.46118 
120.551 -2.68198 3.74294 1.13878 2.49965 1.51386 1.51386 
139.83 -2.68198 3.74294 -2.17141 1.62841 1.51386 1.51386 
111.498 -2.68198 3.74294 -1.94714 3.01189 1.51386 1.51386 
137.86 -2.26024 3.38935 1.13878 2.49965 1.51386 1.51386 
133.856 -2.26024 3.38935 1.19755 2.25064 1.51386 1.51386 
96.7766 -2.26024 3.38935 0.789473 1.53514 1.51386 1.51386 
101.731 -2.26024 3.38935 0.89585 2.48934 1.51386 1.51386 
122.603 -2.26024 3.38935 1.19755 2.25064 1.49628 1.49628 
45.7867 -2.36463 2.37211 0.980821 2.10599 1.10784 1.10784 
34.0933 -2.36463 2.37211 0.980821 2.10599 1.14813 1.14813 
143.428 -1.94817 3.51562 0.980821 2.10599 1.67879 1.67879 
8.22113 -2.36463 2.37211 1.32481 1.99051 1.67879 1.67879 
30.8546 -2.36463 2.37211 0.980821 2.10599 1.48214 1.48214 
58.0802 -2.36463 2.37211 -0.0642633 1.9595 1.67879 1.67879 
97.4024 -3.74609 3.60632 0.980821 2.10599 1.67879 1.67879 
106.38 -0.235251 2.65171 0.980821 2.10599 1.67879 1.67879 
117.921 -2.36463 2.37211 -0.6672 1.98793 1.67879 1.67879 
75.2106 -1.43091 2.62424 0.980821 2.10599 1.67879 1.67879 
102.87 0.502959 3.20987 0.980821 2.10599 1.67879 1.67879 
27.3061 -3.47886 3.12345 0.980821 2.10599 1.67879 1.67879 
60.2367 -3.07862 2.40361 0.980821 2.10599 1.67879 1.67879 
41.1895 -3.07862 2.40361 0.980821 2.10599 2.10043 2.10043 
116.664 -3.07862 2.40361 0.980821 2.10599 1.07946 1.07946 
78.8635 -3.07862 2.40361 1.59021 2.35571 1.67879 1.67879 
36.7702 -2.37475 3.09636 0.980821 2.10599 1.67879 1.67879 
33.1016 -3.07862 2.40361 -2.98574 1.82148 1.67879 1.67879 
130.644 -3.07862 2.40361 -0.655767 1.88221 1.67879 1.67879 
53.6799 -3.07862 2.40361 0.980821 2.10599 1.32587 1.32587 
32.6648 -3.07862 2.40361 -1.69513 1.97481 1.67879 1.67879 
41.8488 -3.07862 2.40361 1.53839 1.685 1.67879 1.67879 
59.7489 -3.07862 2.40361 -1.01099 1.96193 1.67879 1.67879 
31.904 -3.07862 2.40361 -0.501324 1.78202 1.67879 1.67879 
32.7275 -3.07862 2.40361 0.980821 2.10599 1.32036 1.32036 
34.697 -1.62569 2.84222 0.980821 2.10599 1.67879 1.67879 
49.7009 -2.1708 2.85043 0.980821 2.10599 1.67879 1.67879 
78.3151 -2.36463 2.37211 -0.119092 2.12787 1.67879 1.67879 
22.039 -2.36463 2.37211 1.39771 2.06529 1.67879 1.67879 
75.2936 -2.36463 2.37211 1.17313 2.22451 1.67879 1.67879 
90.798 0.715873 3.74158 1.17313 2.22451 1.67879 1.67879 
57.2656 0.715873 3.74158 0.963681 2.20807 1.67879 1.67879 
94.966 0.715873 3.74158 1.1002 1.92756 1.67879 1.67879 
137.007 -0.679895 2.60175 1.1002 1.92756 1.67879 1.67879 
91.9681 0.715873 3.74158 0.885593 3.26038 1.67879 1.67879 
82.0492 0.715873 3.74158 1.36573 1.72517 1.67879 1.67879 
67.5551 -3.08916 3.06712 1.36573 1.72517 1.67879 1.67879 
95.8206 -1.68299 3.5745 1.36573 1.72517 1.67879 1.67879 
97.8975 0.715873 3.74158 1.36573 1.72517 1.6402 1.6402 
114.375 0.715873 3.74158 0.948965 2.5161 1.6402 1.6402 
139.878 -0.211372 1.79196 1.36573 1.72517 1.6402 1.6402 
103.418 0.715873 3.74158 1.36573 1.72517 1.68767 1.68767 
119.651 0.715873 3.74158 1.36573 1.72517 1.49316 1.49316 
122.557 0.715873 3.74158 1.20179 1.8494 1.49316 1.49316 
150.941 0.715873 3.74158 0.962401 1.9724 1.49316 1.49316 
143.234 0.715873 3.74158 1.20179 1.8494 1.53933 1.53933 
146.585 -1.11133 1.98434 1.20179 1.8494 1.53933 1.53933 
123.788 0.715873 3.74158 1.20179 1.8494 1.36491 1.36491 
122.31 0.715873 3.74158 1.33119 2.58891 1.53933 1.53933 
128.004 0.715873 3.74158 0.92612 3.27831 1.53933 1.53933 
50.3186 -2.36463 2.37211 -0.380376 2.00859 1.67879 1.67879 
30.6222 -2.36463 2.37211 1.45467 1.98314 1.67879 1.67879 
114.776 -2.36463 2.37211 0.980821 2.10599 1.7878 1.7878 
39.7052 -3.57699 3.81389 0.980821 2.10599 1.67879 1.67879 
15.1518 -2.36463 2.37211 -0.146396 1.84989 1.67879 1.67879 
93.9061 -2.36463 2.37211 0.00374059 2.30734 1.67879 1.67879 
82.1593 -2.36463 2.37211 0.40965 1.90223 1.67879 1.67879 
51.934 -2.36463 2.37211 0.980821 2.10599 2.04031 2.04031 
63.7207 -2.60646 3.40331 0.980821 2.10599 1.67879 1.67879 
60.7403 -2.60646 3.40331 -1.04903 1.83683 1.67879 1.67879 
48.7213 -2.60646 3.40331 0.980821 2.10599 1.61937 1.61937 
72.6381 -2.60646 3.40331 1.28709 1.88696 1.67879 1.67879 
56.8971 -2.35472 3.52 0.980821 2.10599 1.67879 1.67879 
89.3668 -2.35472 3.52 -0.320574 2.66881 1.67879 1.67879 
95.7543 -2.35472 3.52 -0.320574 2.66881 1.99735 1.99735 
123.315 -2.35472 3.52 -2.03877 2.3442 1.99735 1.99735 
93.1531 -2.35472 3.52 -0.320574 2.66881 1.89707 1.89707 
96.7412 -2.35472 3.52 -0.148501 3.2752 1.89707 1.89707 
124.496 -2.1069 3.68728 -0.148501 3.2752 1.89707 1.89707 
63.5582 -2.35472 3.52 -0.148501 3.2752 1.9899 1.9899 
33.8589 -2.35472 3.52 -0.148501 3.2752 1.3241 1.3241 
31.2686 -2.35472 3.52 -0.148501 3.2752 1.61091 1.61091 
94.5196 -0.412396 3.74804 -0.148501 3.2752 1.9899 1.9899 
82.9684 -2.80653 3.57528 -0.148501 3.2752 1.9899 1.9899 
84.8902 -2.80653 3.57528 1.36666 3.10986 1.9899 1.9899 
98.2532 -2.36463 2.37211 0.882362 2.01101 1.67879 1.67879 
40.8988 -2.36463 2.37211 1.66927 2.29982 1.67879 1.67879 
52.4998 -2.36463 2.37211 0.980821 2.10599 1.23147 1.23147 
26.3071 -3.0017 3.08486 0.980821 2.10599 1.67879 1.67879 
47.8336 -2.36463 2.37211 0.980821 2.10599 1.36264 1.36264 
45.8255 -2.36463 2.37211 0.980821 2.10599 1.24238 1.24238 
82.1808 -2.36463 2.37211 -0.11718 1.73167 1.67879 1.67879 
70.6484 -2.36463 2.37211 0.980821 2.10599 1.58369 1.58369 
14.6701 0.17395 2.55991 0.980821 2.10599 1.67879 1.67879 
97.2731 -2.36463 2.37211 0.980821 2.10599 1.03621 1.03621 
78.2401 -2.36463 2.37211 0.980821 2.10599 1.32237 1.32237 
83.6289 -2.36463 2.37211 0.980821 2.10599 0.998754 0.998754 
49.2057 -2.36463 2.37211 0.980821 2.10599 1.92877 1.92877 
81.2903 -2.36463 2.37211 0.980821 2.10599 1.07345 1.07345 
61.0868 -2.36463 2.37211 0.980821 2.10599 1.16009 1.16009 
49.8858 -2.36463 2.37211 0.244248 2.22076 1.67879 1.67879 
32.1621 -2.36463 2.37211 0.631933 2.20461 1.67879 1.67879 
40.098 -2.36463 2.37211 0.980821 2.10599 1.37255 1.37255 
94.8987 -2.36463 2.37211 0.980821 2.10599 1.66131 1.66131 
71.8044 -0.585375 3.48908 0.980821 2.10599 1.67879 1.67879 
47.2453 0.597211 3.80329 0.980821 2.10599 1.67879 1.67879 
76.1576 -0.585375 3.48908 0.980821 2.10599 1.70355 1.70355 
20.9535 -2.35398 2.89753 0.980821 2.10599 1.70355 1.70355 
102.736 -0.585375 3.48908 0.980821 2.10599 1.52836 1.52836 
103.886 -0.585375 3.48908 0.982441 2.8403 1.70355 1.70355 
83.9704 -3.09363 2.87092 0.980821 2.10599 1.67879 1.67879 
95.4262 -2.36463 2.37211 0.980821 2.10599 2.02909 2.02909 
94.9179 -2.36463 2.37211 1.58912 1.92938 1.67879 1.67879 
124.387 -1.35362 2.80574 1.58912 1.92938 1.67879 1.67879 
124.833 -1.35362 2.80574 1.49816 2.2577 1.67879 1.67879 
131.258 -1.35362 2.80574 1.49816 2.2577 2.03109 2.03109 
143.621 -1.35362 2.80574 1.65171 2.31921 2.03109 2.03109 
135.767 -1.35362 2.80574 1.49816 2.2577 1.69316 1.69316 
130.597 -2.61447 3.28787 1.49816 2.2577 1.69316 1.69316 
119.716 -2.61447 3.28787 0.94402 2.30672 1.69316 1.69316 
103.928 -3.12672 3.71467 0.94402 2.30672 1.69316 1.69316 
83.7248 -3.12672 3.71467 -0.747997 3.58943 1.69316 1.69316 
94.168 -3.12672 3.71467 -1.40417 2.30312 1.69316 1.69316 
83.9145 -3.12672 3.71467 -1.58311 2.6027 1.69316 1.69316 
79.9448 -3.12672 3.71467 -1.58311 2.6027 -0.356381 -0.356381 
97.2679 -3.12672 3.71467 -1.58311 2.6027 -1.50217 -1.50217 
82.9401 -3.23989 3.42582 -1.58311 2.6027 1.69316 1.69316 
104.632 -3.23989 3.42582 -1.60513 2.82043 1.69316 1.69316 
142.858 -2.49626 3.60912 -1.60513 2.82043 1.69316 1.69316 
97.065 -3.23989 3.42582 -1.60513 2.82043 0.346486 0.346486 
136.119 -3.23989 3.42582 -1.60513 2.82043 0.850764 0.850764 
89.5883 -3.23989 3.42582 -1.60513 2.82043 -0.277806 -0.277806 
117.756 -3.23989 3.42582 -1.60513 2.82043 2.67329 2.67329 
70.7403 -3.23989 3.42582 0.284948 2.74659 2.67329 2.67329 
121.543 -3.23989 3.42582 -0.213165 3.36013 2.67329 2.67329 
56.2474 -2.36463 2.37211 0.538712 2.26216 1.67879 1.67879 
53.0764 -2.36463 2.37211 0.980821 2.10599 1.52034 1.52034 
38.1398 -2.36463 2.37211 0.980821 2.10599 1.89281 1.89281 
57.1638 -2.36463 2.37211 0.980821 2.10599 1.0021 1.0021 
75.5013 -1.28163 3.8404 0.980821 2.10599 1.67879 1.67879 
36.8261 -0.438832 2.10781 0.980821 2.10599 1.67879 1.67879 
39.0811 -2.21935 3.43093 0.980821 2.10599 1.67879 1.67879 
42.1747 -2.36463 2.37211 -0.434254 2.25804 1.67879 1.67879 
66.5537 -3.45129 2.42166 0.980821 2.10599 1.67879 1.67879 
83.0319 -2.58932 2.3747 0.980821 2.10599 1.67879 1.67879 
39.3894 -3.45129 2.42166 1.65946 2.00514 1.67879 1.67879 
72.3496 -3.45129 2.42166 0.980821 2.10599 1.98746 1.98746 
73.5192 -1.10115 2.65792 0.980821 2.10599 1.98746 1.98746 
108.404 -1.10115 2.65792 0.980821 2.10599 1.43148 1.43148 
81.7451 0.545015 3.05301 0.980821 2.10599 1.98746 1.98746 
23.781 0.545015 3.05301 0.980821 2.10599 1.58825 1.58825 
74.8914 0.409872 2.81045 0.980821 2.10599 1.98746 1.98746 
93.902 -3.38005 3.37787 0.980821 2.10599 1.98746 1.98746 
110.679 -3.54693 2.51423 0.980821 2.10599 1.98746 1.98746 
122.629 -1.42357 2.11783 0.980821 2.10599 1.98746 1.98746 
139.276 -1.73136 3.86704 0.980821 2.10599 1.98746 1.98746 
147.713 -1.62967 3.0895 0.980821 2.10599 1.98746 1.98746 
111.278 -1.62967 3.0895 0.980821 2.10599 2.10268 2.10268 
132.163 -1.62967 3.0895 0.980821 2.10599 1.49782 1.49782 
89.5513 -1.62967 3.0895 0.980821 2.10599 1.58633 1.58633 
51.9712 0.401498 3.90181 0.980821 2.10599 1.67879 1.67879 
36.8932 -2.36463 2.37211 0.980821 2.10599 1.59239 1.59239 
38.0682 -2.36463 2.37211 0.980821 2.10599 1.93798 1.93798 
13.4903 -0.508891 3.39781 0.980821 2.10599 1.67879 1.67879 
29.9857 -2.36463 2.37211 0.980821 2.10599 2.04344 2.04344 
55.192 -0.920799 2.20397 0.980821 2.10599 1.67879 1.67879 
31.5859 -2.36463 2.37211 -0.252545 2.37207 1.67879 1.67879 
87.8746 -2.36463 2.37211 0.980821 2.10599 1.41509 1.41509 
12.9127 -2.36463 2.37211 0.980821 2.10599 1.82143 1.82143 
78.3127 -3.86931 2.29715 0.980821 2.10599 1.67879 1.67879 
44.8928 -2.36463 2.37211 -1.80961 2.347 1.67879 1.67879 
92.1805 -2.36463 2.37211 0.980821 2.10599 1.56547 1.56547 
58.0364 -3.41619 3.04534 0.980821 2.10599 1.67879 1.67879 
61.6857 -2.36463 2.37211 -0.748697 2.37101 1.67879 1.67879 
79.2474 -2.36463 2.37211 0.980821 2.10599 1.9663 1.9663 
40.8277 -2.36463 2.37211 0.980821 2.10599 1.5366 1.5366 
91.1561 -2.36463 2.37211 -1.51459 2.18082 1.67879 1.67879 
35.0077 -2.36463 2.37211 0.980821 2.10599 1.64801 1.64801 
74.1539 -2.36463 2.37211 0.980821 2.10599 1.74677 1.74677 
95.2794 -2.36463 2.37211 0.980821 2.10599 1.73659 1.73659 
55.5998 -2.36463 2.37211 -1.10487 2.34601 1.67879 1.67879 
16.5611 -2.36463 2.37211 0.980821 2.10599 1.00949 1.00949 
60.1869 -2.36463 2.37211 -0.21607 1.97809 1.67879 1.67879 
25.4967 -2.36463 2.37211 0.980821 2.10599 1.27517 1.27517 
46.1296 -2.36463 2.37211 0.17614 2.36315 1.67879 1.67879 
80.8954 -3.85633 2.367 0.980821 2.10599 1.67879 1.67879 
49.7997 -2.36463 2.37211 0.980821 2.10599 1.11248 1.11248 
75.3974 -2.36463 2.37211 0.403465 1.72221 1.67879 1.67879 
50.7123 -0.567326 2.17873 0.980821 2.10599 1.67879 1.67879 
32.8512 -2.36463 2.37211 -1.58684 1.9853 1.67879 1.67879 
45.6316 -3.86246 3.23182 0.980821 2.10599 1.67879 1.67879 
67.8245 -2.36463 2.37211 1.38802 2.30131 1.67879 1.67879 
37.2444 -2.36463 2.37211 1.53597 1.83374 1.67879 1.67879 
100.249 -0.0712963 2.79585 1.38802 2.30131 1.67879 1.67879 
83.6161 0.700912 2.97523 1.38802 2.30131 1.67879 1.67879 
31.7487 -2.36463 2.37211 1.38802 2.30131 1.88627 1.88627 
45.8308 -1.27857 3.15068 1.38802 2.30131 1.67879 1.67879 
93.004 -2.36463 2.37211 -1.66654 1.71334 1.67879 1.67879 
135.676 -2.88749 3.95381 1.38802 2.30131 1.67879 1.67879 
127.878 -2.88749 3.95381 1.38802 2.30131 1.97878 1.97878 
111.749 -2.88749 3.95381 1.38802 2.30131 2.13994 2.13994 
97.1902 -2.88749 3.95381 1.38802 2.30131 2.00967 2.00967 
79.1889 -2.88749 3.95381 1.38802 2.30131 2.27008 2.27008 
45.3315 -2.88749 3.95381 -1.47458 2.89544 2.27008 2.27008 
49.8624 -2.88749 3.95381 -1.97663 2.3023 2.27008 2.27008 
95.9323 -3.32854 2.63766 1.38802 2.30131 2.27008 2.27008 
51.4769 -3.59301 3.0127 1.38802 2.30131 2.27008 2.27008 
50.0246 -2.88749 3.95381 -1.49702 3.84399 2.27008 2.27008 
30.0077 -2.88749 3.95381 0.090081 2.38617 2.27008 2.27008 
81.7942 -2.88749 3.95381 1.0424 2.70005 2.27008 2.27008 
79.0303 -2.36463 2.37211 0.980821 2.10599 1.1514 1.1514 
28.9599 -2.36463 2.37211 0.345337 2.13179 1.67879 1.67879 
72.7361 -2.36463 2.37211 0.980821 2.10599 1.84111 1.84111 
88.775 -1.45147 3.62361 0.980821 2.10599 1.67879 1.67879 
66.7971 -3.41688 2.25618 0.980821 2.10599 1.67879 1.67879 
128.711 -2.36463 2.37211 0.980821 2.10599 1.95177 1.95177 
25.9667 -2.36463 2.37211 0.980821 2.10599 1.88799 1.88799 
97.2704 -2.36463 2.37211 0.57114 2.12171 1.67879 1.67879 
88.1962 -2.36463 2.37211 0.980821 2.10599 1.1798 1.1798 
59.533 -2.45592 2.665 0.980821 2.10599 1.67879 1.67879 
68.5205 -2.45592 2.665 0.980821 2.10599 1.30832 1.30832 
36.1805 -2.45592 2.665 -0.292873 1.68684 1.67879 1.67879 
48.5579 -0.0397195 3.23534 0.980821 2.10599 1.67879 1.67879 
58.6293 -2.45592 2.665 0.15369 2.09332 1.67879 1.67879 
49.3671 -1.36092 2.83373 0.980821 2.10599 1.67879 1.67879 
56.1438 -2.45592 2.665 0.980821 2.10599 1.25535 1.25535 
91.5702 -0.897224 2.72733 0.980821 2.10599 1.67879 1.67879 
102.622 -0.897224 2.72733 0.47504 2.15287 1.67879 1.67879 
128.664 -0.897224 2.72733 0.980821 2.10599 1.77618 1.77618 
67.5464 -0.897224 2.72733 1.47868 2.3955 1.67879 1.67879 
65.5122 -0.897224 2.72733 0.51256 2.66601 1.67879 1.67879 
100.776 -0.897224 2.72733 -0.209941 2.3585 1.67879 1.67879 
27.0824 -0.897224 2.72733 -0.114289 2.51133 1.67879 1.67879 
75.0333 0.429521 3.01248 0.51256 2.66601 1.67879 1.67879 
78.7333 -1.03957 3.83971 0.51256 2.66601 1.67879 1.67879 
40.4692 -2.36463 2.37211 0.980821 2.10599 1.92329 1.92329 
88.827 0.711762 2.90258 0.980821 2.10599 1.67879 1.67879 
83.1576 -3.69943 3.06528 0.980821 2.10599 1.67879 1.67879 
71.744 -2.36463 2.37211 0.00257964 2.36966 1.67879 1.67879 
29.5499 -1.63817 3.10187 0.980821 2.10599 1.67879 1.67879 
26.9316 -2.36463 2.37211 0.895715 1.88438 1.67879 1.67879 
32.5562 -2.36463 2.37211 0.980821 2.10599 1.02335 1.02335 
52.2556 -2.36463 2.37211 -2.35982 1.70795 1.67879 1.67879 
49.7777 -1.17966 3.64751 0.980821 2.10599 1.67879 1.67879 
76.4708 -0.697147 3.61615 0.980821 2.10599 1.67879 1.67879 
44.6238 -0.697147 3.61615 1.57443 1.85822 1.67879 1.67879 
84.9667 -0.697147 3.61615 0.980821 2.10599 1.9146 1.9146 
94.0018 -0.697147 3.61615 0.980821 2.10599 1.67428 1.67428 
78.9778 -0.697147 3.61615 1.22325 2.63151 1.9146 1.9146 
92.4438 -1.06371 3.04799 1.22325 2.63151 1.9146 1.9146 
73.4023 -0.18212 3.77894 1.22325 2.63151 1.9146 1.9146 
98.4217 -0.18212 3.77894 0.756718 2.38583 1.9146 1.9146 
109.356 0.26471 3.64452 0.756718 2.38583 1.9146 1.9146 
121.66 0.26471 3.64452 0.756718 2.38583 2.24304 2.24304 
133.051 -3.53021 3.78403 0.756718 2.38583 2.24304 2.24304 
98.8168 0.26471 3.64452 0.756718 2.38583 1.26045 1.26045 
103.292 0.26471 3.64452 0.756718 2.38583 1.05477 1.05477 
113.314 0.686605 3.80806 0.756718 2.38583 2.24304 2.24304 
139.228 0.686605 3.80806 2.1159 3.36207 2.24304 2.24304 
97.1902 0.686605 3.80806 2.1159 3.36207 2.74692 2.74692 
47.5481 -0.192134 2.33782 0.980821 2.10599 1.67879 1.67879 
36.4934 -2.36463 2.37211 0.980821 2.10599 1.72746 1.72746 
3.03944 -2.36463 2.37211 0.980821 2.10599 1.94196 1.94196 
12.5663 -2.36463 2.37211 0.980821 2.10599 1.22148 1.22148 
59.0386 -2.36463 2.37211 0.980821 2.10599 1.39951 1.39951 
57.0816 -2.36463 2.37211 0.980821 2.10599 1.61228 1.61228 
81.6877 -2.36463 2.37211 0.980821 2.10599 2.01812 2.01812 
102.496 -0.149199 3.52692 0.980821 2.10599 2.01812 2.01812 
130.583 0.490603 3.60393 0.980821 2.10599 2.01812 2.01812 
113.887 0.490603 3.60393 0.980821 2.10599 1.19473 1.19473 
132.706 0.490603 3.60393 1.90377 2.41391 2.01812 2.01812 
131.186 0.490603 3.60393 1.90377 2.41391 2.10244 2.10244 
134.088 0.490603 3.60393 1.69467 3.41933 2.10244 2.10244 
120.248 0.490603 3.60393 1.69467 3.41933 2.10997 2.10997 
87.2198 0.490603 3.60393 1.53524 2.49215 2.10997 2.10997 
99.7589 -0.763108 2.71391 1.53524 2.49215 2.10997 2.10997 
138.357 -0.763108 2.71391 1.53524 2.49215 1.67065 1.67065 
114.992 -0.763108 2.71391 1.53524 2.49215 1.72542 1.72542 
109.849 -0.763108 2.71391 1.53524 2.49215 2.12186 2.12186 
100.583 -0.763108 2.71391 1.53524 2.49215 1.95476 1.95476 
104.459 0.374061 3.79897 1.53524 2.49215 1.95476 1.95476 
133.593 0.0166122 2.52208 1.53524 2.49215 1.95476 1.95476 
139.582 -1.57297 3.07903 1.53524 2.49215 1.95476 1.95476 
146.833 0.0166122 2.52208 1.53524 2.49215 2.4686 2.4686 
140.253 0.0166122 2.52208 1.10356 2.50562 2.4686 2.4686 
82.6358 -2.24577 3.57398 0.980821 2.10599 1.67879 1.67879 
30.4165 -2.0638 3.2815 0.980821 2.10599 1.67879 1.67879 
51.2514 -0.3341 3.4275 0.980821 2.10599 1.67879 1.67879 
35.2782 -0.3341 3.4275 1.34241 2.37995 1.67879 1.67879 
46.7489 -0.3341 3.4275 1.1853 1.80092 1.67879 1.67879 
31.0778 -0.3341 3.4275 0.980821 2.10599 1.13046 1.13046 
42.9856 -0.3341 3.4275 0.980821 2.10599 2.05083 2.05083 
99.0562 -2.02808 3.92759 0.980821 2.10599 1.67879 1.67879 
114.231 -2.1061 2.14041 0.980821 2.10599 1.67879 1.67879 
86.957 -2.02808 3.92759 -1.78403 2.91107 1.67879 1.67879 
121.596 -3.48282 2.27314 0.980821 2.10599 1.67879 1.67879 
100.568 -2.02808 3.92759 0.980821 2.10599 1.0329 1.0329 
119.122 -2.02808 3.92759 0.635826 1.84035 1.67879 1.67879 
88.4905 -2.02808 3.92759 0.980821 2.10599 1.58903 1.58903 
125.397 -2.02808 3.92759 0.980821 2.10599 1.97683 1.97683 
111.305 -2.02808 3.92759 -1.41674 2.61897 1.67879 1.67879 
82.8587 -2.02808 3.92759 -1.48476 3.68642 1.67879 1.67879 
60.8839 -2.02808 3.92759 -0.649281 2.76294 1.67879 1.67879 
87.6025 -2.02808 3.92759 0.0704199 3.60917 1.67879 1.67879 
98.6218 -2.92769 3.63608 0.0704199 3.60917 1.67879 1.67879 
77.2224 -2.02808 3.92759 -0.639082 2.51105 1.67879 1.67879 
83.9934 -2.59582 3.05815 -0.639082 2.51105 1.67879 1.67879 
104.965 -2.87992 3.45886 -0.639082 2.51105 1.67879 1.67879 
113.357 -2.87992 3.45886 -2.78093 3.42914 1.67879 1.67879 
146.641 -1.60385 2.9562 -0.639082 2.51105 1.67879 1.67879 
76.9172 -2.36463 2.37211 0.980821 2.10599 1.44448 1.44448 
33.7209 -2.36463 2.37211 -1.5919 1.70147 1.67879 1.67879 
52.3577 -2.36463 2.37211 0.980821 2.10599 1.73279 1.73279 
85.8295 -2.15164 3.98197 0.980821 2.10599 1.67879 1.67879 
69.2721 -3.36107 2.19825 0.980821 2.10599 1.67879 1.67879 
78.9676 -2.36463 2.37211 0.980821 2.10599 1.2946 1.2946 
78.7246 -2.07668 2.59792 0.980821 2.10599 1.67879 1.67879 
109.55 -2.07668 2.59792 0.980821 2.10599 1.66617 1.66617 
133.486 -2.07668 2.59792 0.980821 2.10599 1.82642 1.82642 
111.798 -2.07668 2.59792 0.0526866 2.38142 1.82642 1.82642 
91.443 -2.07668 2.59792 1.57001 2.3682 1.82642 1.82642 
84.8846 -0.748123 3.14548 1.57001 2.3682 1.82642 1.82642 
64.9059 -0.748123 3.14548 1.57001 2.3682 1.83478 1.83478 
55.9832 -0.748123 3.14548 -0.0649607 2.16975 1.82642 1.82642 
64.0707 -0.748123 3.14548 -0.0649607 2.16975 0.655157 0.655157 
49.4676 -0.368678 3.8117 -0.0649607 2.16975 1.82642 1.82642 
59.2054 -0.206767 2.81559 -0.0649607 2.16975 1.82642 1.82642 
68.6814 -0.206767 2.81559 1.75254 2.4782 1.82642 1.82642 
60.3195 -0.206767 2.81559 -0.0649607 2.16975 2.1649 2.1649 
68.5529 -0.783707 2.85443 -0.0649607 2.16975 1.82642 1.82642 
60.6315 -0.783707 2.85443 -0.605663 2.40039 1.82642 1.82642 
82.1786 -0.783707 2.85443 0.210888 2.15623 1.82642 1.82642 
78.2904 -0.783707 2.85443 1.48166 2.29508 1.82642 1.82642 
85.7033 -0.783707 2.85443 1.48166 2.29508 2.2055 2.2055 
71.3696 -0.783707 2.85443 1.48166 2.29508 1.90299 1.90299 
80.9125 -2.50148 2.50036 0.980821 2.10599 1.67879 1.67879 
80.3292 -2.50148 2.50036 0.980821 2.10599 1.08962 1.08962 
113.157 -2.50148 2.50036 -0.709262 1.81428 1.67879 1.67879 
84.105 -2.99076 3.79156 0.980821 2.10599 1.67879 1.67879 
77.6066 -2.99076 3.79156 0.980821 2.10599 1.40676 1.40676 
62.955 -2.99076 3.79156 -1.20176 3.74855 1.67879 1.67879 
60.1441 -2.99076 3.79156 0.122604 3.04416 1.67879 1.67879 
44.4886 -2.99076 3.79156 0.122604 3.04416 1.09614 1.09614 
80.5846 -2.99076 3.79156 0.122604 3.04416 0.191602 0.191602 
77.0568 -3.80506 3.23709 0.122604 3.04416 1.67879 1.67879 
94.224 -2.99076 3.79156 0.932504 3.32899 1.67879 1.67879 
80.9544 -2.99076 3.79156 -2.09439 1.76032 1.67879 1.67879 
37.9324 -2.99076 3.79156 -1.98812 3.20925 1.67879 1.67879 
72.062 -2.99076 3.79156 0.122604 3.04416 0.984901 0.984901 
75.6996 -2.99076 3.79156 -2.14065 3.35462 1.67879 1.67879 
51.8667 -2.96444 3.43515 0.122604 3.04416 1.67879 1.67879 
71.8685 -0.239661 3.38713 0.122604 3.04416 1.67879 1.67879 
56.7934 -3.14409 3.93736 0.122604 3.04416 1.67879 1.67879 
61.6589 -3.14409 3.93736 0.238518 3.88185 1.67879 1.67879 
8.51895 -3.14409 3.93736 0.238518 3.88185 1.65208 1.65208 
49.0606 -3.14409 3.93736 0.238518 3.88185 2.06075 2.06075 
42.2574 -3.14409 3.93736 0.238518 3.88185 1.21282 1.21282 
60.5107 -3.63501 3.94524 0.238518 3.88185 1.67879 1.67879 
37.9257 -1.57076 3.99916 0.238518 3.88185 1.67879 1.67879 
61.5775 -3.63501 3.94524 1.42775 2.08888 1.67879 1.67879 
40.9559 -2.41268 2.13188 0.980821 2.10599 1.67879 1.67879 
53.8735 -2.36463 2.37211 0.544168 1.9468 1.67879 1.67879 
93.6624 -2.36463 2.37211 0.980821 2.10599 2.05226 2.05226 
100.621 -2.36463 2.37211 0.980821 2.10599 1.7027 1.7027 
84.1769 0.523949 2.90923 0.980821 2.10599 1.7027 1.7027 
125.842 0.523949 2.90923 0.980821 2.10599 1.49911 1.49911 
94.2197 0.523949 2.90923 0.980821 2.10599 1.85227 1.85227 
71.9407 0.503334 2.57974 0.980821 2.10599 1.85227 1.85227 
77.9924 0.503334 2.57974 1.33679 2.32162 1.85227 1.85227 
137.552 0.503334 2.57974 1.13528 2.41592 1.85227 1.85227 
151.425 1.07235 3.06711 1.13528 2.41592 1.85227 1.85227 
143.932 1.07235 3.06711 1.31828 2.57474 1.85227 1.85227 
94.7834 1.07235 3.06711 1.31828 2.57474 2.39315 2.39315 
110.474 1.07235 3.06711 1.72332 2.75744 1.85227 1.85227 
128.256 1.07235 3.06711 1.35523 2.17004 1.85227 1.85227 
140.479 0.0678503 2.62282 1.35523 2.17004 1.85227 1.85227 
91.6862 -0.672083 2.70706 1.35523 2.17004 1.85227 1.85227 
87.198 -0.672083 2.70706 1.35523 2.17004 1.76525 1.76525 
130.535 -0.672083 2.70706 0.485138 1.82491 1.76525 1.76525 
92.3539 -0.672083 2.70706 1.35523 2.17004 2.1407 2.1407 
97.9608 -0.672083 2.70706 1.35523 2.17004 2.01482 2.01482 
94.0487 -0.253133 2.49636 1.35523 2.17004 2.01482 2.01482 
86.4821 -0.253133 2.49636 0.629058 2.17266 2.01482 2.01482 
64.0134 -0.253133 2.49636 0.629058 2.17266 1.39789 1.39789 
93.2813 -2.72941 3.3902 0.629058 2.17266 2.01482 2.01482 
58.9463 -2.82828 3.42463 0.980821 2.10599 1.67879 1.67879 
78.9041 -2.36463 2.37211 0.980821 2.10599 1.74424 1.74424 
45.0695 -2.36463 2.37211 0.980821 2.10599 1.14366 1.14366 
56.9174 -0.230954 3.30138 0.980821 2.10599 1.67879 1.67879 
50.4703 -2.36463 2.37211 0.137389 1.76644 1.67879 1.67879 
46.6526 -2.36463 2.37211 -1.88413 1.85601 1.67879 1.67879 
65.8359 -2.36463 2.37211 1.27828 2.19535 1.67879 1.67879 
106.104 -2.36463 2.37211 1.27828 2.19535 2.02582 2.02582 
56.5059 -2.36463 2.37211 1.27828 2.19535 1.95215 1.95215 
71.004 -2.36463 2.37211 1.27828 2.19535 1.8979 1.8979 
82.6968 -1.67569 2.31018 1.27828 2.19535 1.67879 1.67879 
90.7605 -1.67569 2.31018 0.398725 1.75391 1.67879 1.67879 
69.5135 -2.36463 2.37211 -0.637673 1.69627 1.67879 1.67879 
86.64 -2.40266 3.7298 1.0184 3.42325 1.67879 1.67879 
81.0645 -2.36463 2.37211 0.980821 2.10599 2.09849 2.09849 
48.3114 -2.35233 2.65959 0.980821 2.10599 2.01521 2.01521 
84.9502 0.0272208 2.82352 1.08185 2.42843 1.67879 1.67879 
70.6625 -1.08716 3.96809 0.638129 3.59438 1.67879 1.67879 
67.2286 -2.47047 3.06585 -0.808724 2.52803 2.11682 2.11682 
54.5996 -2.36463 2.37211 0.980821 2.10599 1.77537 1.77537 
92.0963 -2.09334 3.10197 1.4244 2.01537 1.90085 1.90085 
54.9538 -0.551091 3.35844 0.980821 2.10599 1.56424 1.56424 
57.2031 -2.36365 3.47658 0.980821 2.10599 1.67879 1.67879 
96.163 -1.56677 3.00386 0.231574 2.27692 1.67879 1.67879 
55.6079 -1.57242 2.39152 1.6226 2.04687 1.67879 1.67879 
50.5361 -2.36463 2.37211 0.980821 2.10599 1.95084 1.95084 
67.4378 -2.31167 2.38935 1.18703 2.18165 2.08342 2.08342 
85.9288 -2.61256 3.55128 0.812626 2.60421 1.67879 1.67879 
58.5513 -3.28702 2.70341 1.06827 2.15397 1.22013 1.22013 
71.7234 -0.881636 3.27907 1.25224 2.33318 1.85043 1.85043 
47.4083 -2.32022 3.01699 0.908404 2.30636 1.67879 1.67879 
56.2749 -2.20016 2.63037 0.959582 2.28321 1.67879 1.67879 
58.7076 -1.80106 2.59636 0.643139 2.13476 1.37183 1.37183 
66.4924 -2.12631 2.65848 0.728758 2.24004 1.65684 1.65684 
63.2877 -2.33387 2.36159 0.980821 2.10599 1.67879 1.67879 
55.058 -2.53486 2.40073 0.897929 1.72922 1.67879 1.67879 
50.5944 -2.36463 2.37211 0.980821 2.10599 1.72968 1.72968 
56.322 -2.37091 2.7602 0.714285 2.39684 1.74508 1.74508 
58.2312 -2.47144 2.63341 1.00632 1.95499 1.74164 1.74164 
57.3519 -2.32846 2.13494 0.980821 2.10599 1.67879 1.67879 
58.3903 -2.59257 2.64649 0.980821 2.10599 1.94888 1.94888 
60.0218 -2.25127 2.24668 0.980821 2.10599 1.69431 1.69431 
59.9618 -2.36463 2.37211 0.980821 2.10599 1.46445 1.46445 
57.2768 -2.33344 2.60812 0.96636 2.0395 1.67879 1.67879 
58.0558 -2.10891 2.42137 0.980821 2.10599 1.72829 1.72829 
57.1947 -2.5151 2.50219 0.980821 2.10599 1.71101 1.71101 
56.0895 -2.3518 2.51448 0.980821 2.10599 1.82889 1.82889 
58.3991 -2.33668 2.57437 1.01516 2.14794 1.67879 1.67879 
58.1771 -2.47928 2.47086 0.980821 2.10599 1.69737 1.69737 
57.3473 -2.36463 2.37211 0.948468 2.2326 1.65823 1.65823 
57.7984 -2.30173 2.32675 0.938599 2.07139 1.69585 1.69585 
59.0924 -2.44479 2.3176 1.04186 2.12777 1.61311 1.61311 
56.4489 -2.36463 2.37211 0.893886 2.07438 1.67879 1.67879 
58.3376 -2.28364 2.51525 0.986108 2.18468 1.71525 1.71525 
57.0754 -2.15824 2.43127 0.941008 2.15189 1.69079 1.69079 
57.1487 -2.36463 2.37211 0.980821 2.10599 1.63446 1.63446 
57.4915 -2.31315 2.33819 0.980821 2.10599 1.69535 1.69535 
56.4562 -2.34409 2.429 0.984127 2.1734 1.66379 1.66379 
57.3246 -2.37071 2.41026 0.989916 2.1026 1.67879 1.67879 
58.1827 -2.39245 2.40232 1.0214 2.09592 1.65666 1.65666 
56.5553 -2.32057 2.35679 0.980821 2.10599 1.67879 1.67879 
57.0296 -2.36463 2.37211 0.959598 2.19813 1.68903 1.68903 
56.9081 -2.39235 2.40494 0.976688 2.12078 1.66499 1.66499 
56.929 -2.3685 2.374 0.980821 2.10599 1.68817 1.68817 
57.418 -2.33981 2.37892 0.969925 2.13702 1.6933 1.6933 
56.825 -2.3523 2.33644 0.980821 2.10599 1.67879 1.67879 
57.3846 -2.3632 2.36746 0.981426 2.11757 1.68406 1.68406 
56.7558 -2.35409 2.39522 0.964858 2.13495 1.67879 1.67879 
56.9847 -2.34097 2.38963 0.978656 2.11577 1.67879 1.67879 
56.9459 -2.37505 2.36749 0.976844 2.13899 1.68127 1.68127 
56.9024 -2.37394 2.36802 0.980821 2.10599 1.67879 1.67879 
56.915 -2.35679 2.38816 0.980821 2.10599 1.67879 1.67879 
56.7428 -2.36463 2.37211 0.984883 2.1253 1.67879 1.67879 
57.0985 -2.38209 2.37606 0.980821 2.10599 1.69359 1.69359 
56.7274 -2.3695 2.38171 0.963019 2.10337 1.68377 1.68377 
56.8298 -2.38762 2.37732 0.98165 2.11545 1.67879 1.67879 
56.7181 -2.37809 2.36095 0.980821 2.10599 1.67879 1.67879 
56.938 -2.35589 2.37272 0.980821 2.10599 1.67879 1.67879 
56.8516 -2.34707 2.3678 0.980821 2.10599 1.67879 1.67879 
57.0586 -2.37789 2.38392 0.972713 2.11705 1.67668 1.67668 
56.8279 -2.36463 2.37211 0.985492 2.10487 1.67879 1.67879 
56.8356 -2.36365 2.38113 0.974041 2.11291 1.67138 1.67138 
56.8253 -2.36463 2.37211 0.980821 2.10599 1.6793 1.6793 
56.8965 -2.36463 2.37211 0.982668 2.10446 1.67879 1.67879 
56.8741 -2.36414 2.37333 0.980821 2.10599 1.67879 1.67879 
56.825 -2.36463 2.37211 0.980821 2.10599 1.68011 1.68011 
56.8387 -2.36843 2.37311 0.980821 2.10599 1.67453 1.67453 
56.8887 -2.36413 2.37253 0.978013 2.10787 1.68024 1.68024 
56.8309 -2.36438 2.37296 0.980821 2.10599 1.67879 1.67879 
56.9127 -2.36296 2.37347 0.980821 2.10599 1.67872 1.67872 
56.8433 -2.36167 2.37134 0.983753 2.10328 1.67879 1.67879 
56.8963 -2.36157 2.37498 0.977259 2.10661 1.67959 1.67959 
56.8364 -2.36463 2.37211 0.980821 2.10599 1.67741 1.67741 
56.8506 -2.36291 2.37388 0.981071 2.10677 1.67879 1.67879 
56.8459 -2.36319 2.37262 0.980821 2.10599 1.67879 1.67879 
56.8605 -2.36461 2.3721 0.983318 2.1038 1.67879 1.67879 
56.8592 -2.36607 2.37241 0.980821 2.10599 1.6782 1.6782 
56.8582 -2.36407 2.37269 0.980821 2.10599 1.67879 1.67879 
56.9024 -2.36591 2.37268 0.981869 2.10606 1.67958 1.67958 
56.8714 -2.36971 2.37396 0.980821 2.10599 1.67984 1.67984 
56.8514 -2.36587 2.37303 0.979705 2.10462 1.67879 1.67879 
56.8515 -2.36463 2.37211 0.980643 2.106 1.67879 1.67879 
56.8885 -2.36532 2.37332 0.97994 2.10617 1.67944 1.67944 
56.8661 -2.36496 2.37243 0.980276 2.10633 1.6787 1.6787 
56.8544 -2.3655 2.3724 0.980184 2.10627 1.67963 1.67963 
56.8606 -2.36562 2.37468 0.981647 2.10756 1.67901 1.67901 
80.2529 -2.36463 2.37211 -1.35622 1.96814 1.67879 1.67879 
40.9747 -2.36463 2.37211 0.980821 2.10599 1.72447 1.72447 
104.948 -2.03592 2.82158 0.980821 2.10599 1.67879 1.67879 
128.294 -2.36008 2.78945 0.980821 2.10599 1.67879 1.67879 
135.96 -3.57737 3.47072 0.980821 2.10599 1.67879 1.67879 
113.809 -2.36008 2.78945 0.763123 2.23153 1.67879 1.67879 
63.5852 -2.36008 2.78945 0.763123 2.23153 1.96621 1.96621 
120.638 -2.36008 2.78945 0.763123 2.23153 1.87313 1.87313 
51.6518 -2.36008 2.78945 0.527279 2.22736 1.87313 1.87313 
98.7684 -1.23067 3.78993 0.763123 2.23153 1.87313 1.87313 
107.607 -1.23067 3.78993 0.763123 2.23153 1.02081 1.02081 
98.0548 -2.74726 3.54841 0.763123 2.23153 1.87313 1.87313 
94.774 -2.74726 3.54841 0.763123 2.23153 0.871099 0.871099 
122.318 -2.74726 3.54841 -0.309568 2.12027 1.87313 1.87313 
75.0717 -0.604542 3.21933 0.980821 2.10599 1.67879 1.67879 
48.9583 -0.604542 3.21933 0.980821 2.10599 1.41272 1.41272 
27.4195 0.00147619 2.59642 0.980821 2.10599 1.67879 1.67879 
39.1255 -0.604542 3.21933 1.45474 2.88105 1.67879 1.67879 
33.5711 -0.604542 3.21933 -0.561496 2.38788 1.67879 1.67879 
47.8304 -0.604542 3.21933 1.61265 2.463 1.67879 1.67879 
82.8732 -0.604542 3.21933 0.980821 2.10599 1.93687 1.93687 
90.3329 -0.604542 3.21933 -0.450028 2.95397 1.93687 1.93687 
89.9426 -0.48786 2.98243 -0.450028 2.95397 1.93687 1.93687 
94.6149 -1.52904 3.51127 -0.450028 2.95397 1.93687 1.93687 
66.885 -1.52904 3.51127 0.647842 2.86003 1.93687 1.93687 
55.3306 -1.84869 3.63576 0.647842 2.86003 1.93687 1.93687 
87.7619 -3.47221 3.84685 0.647842 2.86003 1.93687 1.93687 
120.806 -3.47221 3.84685 0.647842 2.86003 1.94038 1.94038 
95.0747 -0.423355 3.06663 0.647842 2.86003 1.94038 1.94038 
66.8792 -1.10567 3.19777 0.647842 2.86003 1.94038 1.94038 
48.2221 -1.10567 3.19777 1.84097 2.29753 1.94038 1.94038 
68.044 -1.10567 3.19777 0.647842 2.86003 1.9445 1.9445 
84.7748 -3.58822 3.89311 0.647842 2.86003 1.9445 1.9445 
62.4743 -2.63631 3.28497 0.647842 2.86003 1.9445 1.9445 
49.2817 -2.63631 3.28497 0.647842 2.86003 2.68198 2.68198 
125.495 -2.2215 3.32029 0.647842 2.86003 1.9445 1.9445 
110.215 -2.2215 3.32029 1.24327 2.23506 1.9445 1.9445 
68.4456 -1.10704 2.3885 1.24327 2.23506 1.9445 1.9445 
48.7146 -1.10704 2.3885 1.24327 2.23506 1.69386 1.69386 
103.911 -2.36463 2.37211 0.980821 2.10599 2.01547 2.01547 
112.18 -2.36463 2.37211 0.980821 2.10599 2.02029 2.02029 
4.54344 -2.36463 2.37211 0.980821 2.10599 1.1221 1.1221 
112.441 -2.36463 2.37211 1.42972 1.688 1.67879 1.67879 
144.222 -3.28319 3.40087 0.980821 2.10599 1.67879 1.67879 
83.0719 -3.95996 2.80015 0.980821 2.10599 1.67879 1.67879 
99.477 -3.95996 2.80015 0.14869 2.65621 1.67879 1.67879 
136.761 -3.95996 2.80015 -1.35614 1.87217 1.67879 1.67879 
78.1911 -1.97927 3.16041 0.980821 2.10599 1.67879 1.67879 
52.2789 -0.919451 2.37477 0.980821 2.10599 1.67879 1.67879 
23.8322 -3.03552 2.9057 0.980821 2.10599 1.67879 1.67879 
50.3135 -1.63014 2.97146 0.980821 2.10599 1.67879 1.67879 
59.0333 -1.63014 2.97146 0.980821 2.10599 1.8412 1.8412 
28.6506 -0.87073 2.76046 0.980821 2.10599 1.8412 1.8412 
55.8553 -1.63014 2.97146 0.980821 2.10599 1.64436 1.64436 
109.468 -1.63014 2.97146 1.25442 2.38811 1.64436 1.64436 
90.5936 -1.63014 2.97146 1.29152 2.73589 1.64436 1.64436 
40.2653 -1.63014 2.97146 0.519482 2.08792 1.64436 1.64436 
126.407 -1.63014 2.97146 1.29152 2.73589 1.40822 1.40822 
75.6106 -1.63014 2.97146 0.18735 2.46956 1.64436 1.64436 
52.8463 -1.63014 2.97146 0.0283653 2.10832 1.64436 1.64436 
146.219 -1.63014 2.97146 0.652005 2.00467 1.64436 1.64436 
147.411 -2.74667 3.61651 1.29152 2.73589 1.64436 1.64436 
87.4218 -2.74667 3.61651 1.29152 2.73589 1.37848 1.37848 
131.656 -2.74667 3.61651 -2.29248 3.04869 1.64436 1.64436 
88.1764 -0.932853 2.80967 0.980821 2.10599 1.67879 1.67879 
56.56 -0.710169 2.77666 0.980821 2.10599 1.67879 1.67879 
55.9041 -2.36463 2.37211 -0.450358 2.0762 1.67879 1.67879 
63.585 -2.36463 2.37211 -0.547022 1.9825 1.67879 1.67879 
21.9024 -1.60719 3.1804 0.980821 2.10599 1.67879 1.67879 
96.8569 -2.36463 2.37211 0.980821 2.10599 1.01885 1.01885 
22.8821 -2.36463 2.37211 0.980821 2.10599 1.00922 1.00922 
36.5454 -0.738732 3.5679 0.980821 2.10599 1.67879 1.67879 
92.9822 -2.36463 2.37211 0.835397 2.19458 1.67879 1.67879 
48.5933 -3.97892 2.78605 0.980821 2.10599 1.67879 1.67879 
44.3529 -1.45229 2.55029 0.980821 2.10599 1.67879 1.67879 
73.6306 -1.91908 3.23334 0.980821 2.10599 1.67879 1.67879 
30.5176 -2.36463 2.37211 1.67108 2.27101 1.67879 1.67879 
61.8005 -2.36463 2.37211 -1.59391 2.15294 1.67879 1.67879 
83.7953 -2.20201 3.30397 0.980821 2.10599 1.67879 1.67879 
73.2393 -2.20201 3.30397 0.923181 2.4253 1.67879 1.67879 
88.774 -2.20201 3.30397 0.0747295 2.54179 1.67879 1.67879 
47.6958 -2.20201 3.30397 0.0747295 2.54179 2.06065 2.06065 
123.449 -2.20201 3.30397 0.0747295 2.54179 1.96267 1.96267 
88.5825 -1.56198 2.75697 0.0747295 2.54179 1.67879 1.67879 
53.7173 -1.56198 2.75697 0.0747295 2.54179 2.44578 2.44578 
107.527 -1.56198 2.75697 0.0747295 2.54179 0.205906 0.205906 
91.794 -1.56198 2.75697 -0.870224 2.38717 1.67879 1.67879 
108.807 -3.9537 3.40952 0.0747295 2.54179 1.67879 1.67879 
109.042 -1.56198 2.75697 0.0747295 2.54179 0.105198 0.105198 
60.9884 -2.36463 2.37211 0.980821 2.10599 2.03562 2.03562 
42.7615 -2.36463 2.37211 0.709047 2.29703 2.03562 2.03562 
6.59083 -2.36463 2.37211 -0.20221 2.09676 2.03562 2.03562 
38.7397 -1.41948 3.07961 0.709047 2.29703 2.03562 2.03562 
75.7951 -2.36463 2.37211 -0.382026 2.17606 2.03562 2.03562 
52.5012 -2.36463 2.37211 -1.19778 2.32634 2.03562 2.03562 
62.4842 -2.35495 3.20983 -0.382026 2.17606 2.03562 2.03562 
152.475 -2.36463 2.37211 -1.94345 2.24659 2.03562 2.03562 
82.1663 -2.22469 2.78556 -0.382026 2.17606 2.03562 2.03562 
60.7919 -2.22469 2.78556 2.03369 2.48726 2.03562 2.03562 
114.585 -2.22469 2.78556 -1.7837 2.71998 2.03562 2.03562 
11.2404 -2.22469 2.78556 -0.225213 2.3785 2.03562 2.03562 
95.5559 -2.22469 2.78556 0.15752 2.37587 2.03562 2.03562 
123.439 -3.98967 3.96024 -0.382026 2.17606 2.03562 2.03562 
121.045 -3.28844 3.92344 -0.382026 2.17606 2.03562 2.03562 
64.9417 -2.22469 2.78556 -0.382026 2.17606 1.52195 1.52195 
122.804 -2.22469 2.78556 -0.382026 2.17606 -0.212801 -0.212801 
85.242 -2.22469 2.78556 1.60188 2.36537 2.03562 2.03562 
99.7142 -2.22469 2.78556 1.4225 2.41577 2.03562 2.03562 
94.049 -1.59573 2.78068 1.4225 2.41577 2.03562 2.03562 
126.725 -1.59573 2.78068 1.4225 2.41577 1.57993 1.57993 
84.1782 -1.59573 2.78068 1.4225 2.41577 2.07833 2.07833 
81.1017 -1.59573 2.78068 1.4225 2.41577 1.52858 1.52858 
94.4391 -1.24367 2.92276 1.4225 2.41577 1.52858 1.52858 
118.283 1.00816 3.5932 1.4225 2.41577 1.52858 1.52858 
43.8614 -2.36463 2.37211 -0.402104 2.16622 1.67879 1.67879 
11.7954 0.568523 2.27207 0.980821 2.10599 1.67879 1.67879 
62.0158 -2.36463 2.37211 0.980821 2.10599 1.65241 1.65241 
24.6686 -2.36463 2.37211 0.20805 1.88406 1.67879 1.67879 
139.515 -2.36463 2.37211 0.980821 2.10599 2.01425 2.01425 
46.0344 -2.36463 2.37211 -1.1906 2.25842 1.67879 1.67879 
126.319 -2.36463 2.37211 0.980821 2.10599 1.87067 1.87067 
54.1077 -2.36463 2.37211 -0.237132 2.24744 1.67879 1.67879 
7.32662 -2.36463 2.37211 0.980821 2.10599 1.08149 1.08149 
107.684 -0.784335 2.30245 0.980821 2.10599 1.67879 1.67879 
38.6256 -2.36463 2.37211 0.980821 2.10599 1.28463 1.28463 
50.0981 -2.36463 2.37211 0.980821 2.10599 1.33838 1.33838 
57.4901 -2.36463 2.37211 0.980821 2.10599 2.02559 2.02559 
89.1962 -2.36463 2.37211 0.169526 2.13154 1.67879 1.67879 
68.9916 -2.36463 2.37211 -0.834057 1.76427 1.67879 1.67879 
114.765 -2.36463 2.37211 0.562224 1.70696 1.67879 1.67879 
27.2835 -2.36463 2.37211 0.980821 2.10599 1.96676 1.96676 
47.945 -0.889474 3.2021 0.980821 2.10599 1.67879 1.67879 
67.8847 -2.36463 2.37211 0.980821 2.10599 1.00166 1.00166 
70.4718 -2.36463 2.37211 -0.353146 2.19103 1.67879 1.67879 
32.4601 -1.26039 2.61885 0.980821 2.10599 1.67879 1.67879 
50.7555 -2.36463 2.37211 0.980821 2.10599 1.73706 1.73706 
42.0347 -2.36463 2.37211 0.244084 2.27336 1.67879 1.67879 
54.7717 -1.44699 3.13713 0.980821 2.10599 1.67879 1.67879 
73.6928 -2.36463 2.37211 -1.44655 2.07033 1.67879 1.67879 
78.0746 -2.36463 2.37211 0.980821 2.10599 1.53682 1.53682 
70.139 -2.36463 2.37211 0.980821 2.10599 2.07592 2.07592 
73.7286 -2.36463 2.37211 0.980821 2.10599 2.08403 2.08403 
68.5478 -2.31627 2.99598 0.980821 2.10599 2.08403 2.08403 
41.4827 -2.31627 2.99598 1.14293 2.58928 2.08403 2.08403 
81.7972 -2.31627 2.99598 0.980821 2.10599 1.19587 1.19587 
128.746 -2.31627 2.99598 -0.909446 2.39716 2.08403 2.08403 
11.0017 -2.31627 2.99598 0.471652 2.18096 2.08403 2.08403 
47.7713 -2.31627 2.99598 -2.25897 2.29777 2.08403 2.08403 
114.527 -2.97744 3.49009 0.980821 2.10599 2.08403 2.08403 
69.2359 -2.97744 3.49009 -1.32088 3.08184 2.08403 2.08403 
80.8911 -2.18249 3.7112 -1.32088 3.08184 2.08403 2.08403 
82.6614 -3.86503 3.23212 -1.32088 3.08184 2.08403 2.08403 
48.4858 -3.86503 3.23212 -1.06038 3.05655 2.08403 2.08403 
117.265 -3.86503 3.23212 -1.32088 3.08184 1.659 1.659 
148.673 -2.56112 3.9485 -1.32088 3.08184 1.659 1.659 
134.921 -1.68649 3.76737 -1.32088 3.08184 1.659 1.659 
121.676 -1.68649 3.76737 0.193818 3.39134 1.659 1.659 
124.875 -1.68649 3.76737 0.312204 2.49237 1.659 1.659 
81.2162 -1.68649 3.76737 0.312204 2.49237 1.92451 1.92451 
45.6868 -1.68649 3.76737 -0.102704 2.53373 1.92451 1.92451 
76.4698 -1.68649 3.76737 1.37286 3.10254 1.92451 1.92451 
85.1481 -2.61283 3.73222 1.37286 3.10254 1.92451 1.92451 
93.4623 -3.4458 3.23016 1.37286 3.10254 1.92451 1.92451 
90.0627 -3.4458 3.23016 1.37286 3.10254 2.22172 2.22172 
48.4748 -3.3719 2.41473 0.980821 2.10599 1.67879 1.67879 
47.6693 -2.36463 2.37211 0.980821 2.10599 1.2662 1.2662 
45.4026 -2.36463 2.37211 0.980821 2.10599 1.04526 1.04526 
70.5308 0.846305 3.44041 0.980821 2.10599 1.67879 1.67879 
47.5857 -2.36463 2.37211 -1.09107 1.97537 1.67879 1.67879 
56.3293 -2.70529 3.09923 0.980821 2.10599 1.67879 1.67879 
55.3969 -2.36463 2.37211 0.980821 2.10599 1.69548 1.69548 
28.5079 -2.36463 2.37211 -0.532847 2.02462 1.67879 1.67879 
25.1739 -2.36463 2.37211 0.60092 2.10311 1.67879 1.67879 
43.7366 -2.36463 2.37211 0.980821 2.10599 1.19818 1.19818 
54.3588 -2.36463 2.37211 -0.108058 2.19272 1.67879 1.67879 
46.3105 -2.36463 2.37211 0.980821 2.10599 2.09046 2.09046 
76.9634 -3.96297 2.60274 0.980821 2.10599 1.67879 1.67879 
86.8158 0.924606 3.15197 0.980821 2.10599 1.67879 1.67879 
36.2952 -0.149283 3.17131 0.980821 2.10599 1.67879 1.67879 
61.9842 -3.31619 3.15519 0.980821 2.10599 1.67879 1.67879 
29.0104 -2.49717 3.43414 0.980821 2.10599 1.67879 1.67879 
83.772 -3.8832 2.50694 0.980821 2.10599 1.67879 1.67879 
100.491 -3.2234 2.55132 0.980821 2.10599 1.67879 1.67879 
33.404 -3.31619 3.15519 -1.45004 2.05994 1.67879 1.67879 
50.0577 -3.31619 3.15519 0.980821 2.10599 1.48121 1.48121 
32.3817 -1.76772 3.30874 0.980821 2.10599 1.67879 1.67879 
117.173 -3.31619 3.15519 0.980821 2.10599 1.45984 1.45984 
53.244 -0.0186966 3.13492 0.980821 2.10599 1.67879 1.67879 
94.6048 -3.16803 2.28294 0.980821 2.10599 1.67879 1.67879 
32.1781 -2.36463 2.37211 0.980821 2.10599 1.967 1.967 
41.5399 -2.36463 2.37211 1.44552 2.13691 1.967 1.967 
32.4904 -2.36463 2.37211 1.44552 2.13691 2.09931 2.09931 
18.5189 -2.36463 2.37211 -0.689661 2.23143 1.967 1.967 
34.1705 -2.36463 2.37211 1.44552 2.13691 1.63182 1.63182 
28.8359 -2.36463 2.37211 -0.4392 2.18086 1.63182 1.63182 
16.1375 -3.41369 3.67185 1.44552 2.13691 1.63182 1.63182 
29.3904 -2.97331 2.80788 1.44552 2.13691 1.63182 1.63182 
24.2762 0.692322 3.71694 1.44552 2.13691 1.63182 1.63182 
30.7837 -2.97331 2.80788 1.44552 2.13691 1.52378 1.52378 
4.15241 -2.97331 2.80788 1.44552 2.13691 1.49168 1.49168 
21.1467 -2.97331 2.80788 -1.26824 2.13561 1.52378 1.52378 
65.7322 -2.97331 2.80788 -0.413735 2.0802 1.52378 1.52378 
12.5854 -1.72249 2.88497 1.44552 2.13691 1.52378 1.52378 
21.7405 -3.33487 2.3457 1.44552 2.13691 1.52378 1.52378 
54.696 -1.61279 2.22924 1.44552 2.13691 1.52378 1.52378 
61.9983 -1.61279 2.22924 1.44552 2.13691 1.93553 1.93553 
52.9986 1.15986 3.85984 1.44552 2.13691 1.93553 1.93553 
70.4892 -1.61279 2.22924 1.44552 2.13691 1.56389 1.56389 
84.3348 -1.61279 2.22924 0.911086 1.86185 1.56389 1.56389 
74.379 -3.04424 2.37907 1.44552 2.13691 1.56389 1.56389 
46.8795 -3.04424 2.37907 1.44552 2.13691 1.66701 1.66701 
43.2355 -3.04424 2.37907 -0.0695206 2.14874 1.56389 1.56389 
46.6148 -3.59713 3.22076 1.44552 2.13691 1.56389 1.56389 
73.7315 -3.40037 2.39494 1.44552 2.13691 1.56389 1.56389 
49.4399 -2.36463 2.37211 0.980821 2.10599 1.2237 1.2237 
19.9495 -2.36463 2.37211 0.804765 1.70884 1.67879 1.67879 
93.7052 -2.36463 2.37211 -1.63159 1.99073 1.67879 1.67879 
82.5867 -1.80582 3.56595 0.980821 2.10599 1.67879 1.67879 
79.548 -1.80582 3.56595 0.980821 2.10599 1.69969 1.69969 
61.6449 -2.63055 2.91456 0.980821 2.10599 1.69969 1.69969 
48.51 -2.63055 2.91456 0.980821 2.10599 1.14115 1.14115 
66.7347 -2.63055 2.91456 0.980821 2.10599 1.80032 1.80032 
72.2178 -2.71958 2.82176 0.980821 2.10599 1.80032 1.80032 
94.7355 -2.71958 2.82176 0.296876 2.8093 1.80032 1.80032 
108.585 -2.71958 2.82176 0.479241 2.66073 1.80032 1.80032 
101.326 -2.71958 2.82176 0.479241 2.66073 2.52692 2.52692 
89.5112 -2.71958 2.82176 -2.23263 2.54282 2.52692 2.52692 
71.6335 -2.71958 2.82176 1.754 2.59046 2.52692 2.52692 
122.013 -3.31255 2.91057 -2.23263 2.54282 2.52692 2.52692 
53.9026 -2.71958 2.82176 -2.23263 2.54282 0.189739 0.189739 
75.1292 -2.71958 2.82176 -2.23263 2.54282 2.5171 2.5171 
108.87 -3.78767 2.64465 -2.23263 2.54282 2.52692 2.52692 
36.7874 -2.71958 2.82176 -1.69009 2.6388 2.52692 2.52692 
82.142 -2.71958 2.82176 -2.23263 2.54282 -0.895659 -0.895659 
95.8555 -2.71958 2.82176 -0.512986 2.70793 2.52692 2.52692 
118.008 -0.838444 2.96552 -0.512986 2.70793 2.52692 2.52692 
80.8975 -2.71958 2.82176 0.391213 2.73483 2.52692 2.52692 
104.262 -2.71958 2.82176 -0.512986 2.70793 1.59988 1.59988 
68.3388 -2.71958 2.82176 -0.512986 2.70793 0.947428 0.947428 
23.196 -2.36463 2.37211 -1.15803 2.32574 1.67879 1.67879 
95.7436 -2.36463 2.37211 0.446096 1.81903 1.67879 1.67879 
113.219 -2.36463 2.37211 0.980821 2.10599 1.15341 1.15341 
42.4355 -1.08378 3.5752 0.980821 2.10599 1.67879 1.67879 
67.4155 -2.36463 2.37211 0.980821 2.10599 1.35345 1.35345 
46.1423 -2.36463 2.37211 0.321017 2.27665 1.67879 1.67879 
40.8714 -2.01705 3.1298 0.980821 2.10599 1.67879 1.67879 
97.881 -2.36463 2.37211 -0.542637 2.0549 1.67879 1.67879 
59.8755 -2.36463 2.37211 -1.13486 2.25295 1.67879 1.67879 
85.5596 -2.36463 2.37211 0.980821 2.10599 1.20249 1.20249 
56.2729 -2.36463 2.37211 0.980821 2.10599 1.78001 1.78001 
67.8134 -2.36463 2.37211 0.00313849 2.18531 1.67879 1.67879 
63.3028 -2.36463 2.37211 0.566377 1.80562 1.67879 1.67879 
83.7945 -2.36463 2.37211 1.31994 2.02613 1.67879 1.67879 
108.769 -2.36463 2.37211 1.56698 1.92367 1.67879 1.67879 
74.8313 -2.36463 2.37211 1.56698 1.92367 1.7017 1.7017 
131.439 -2.36463 2.37211 1.56698 1.92367 1.6797 1.6797 
61.162 -2.36463 2.37211 -0.362926 1.9255 1.7017 1.7017 
123.881 -2.36463 2.37211 1.56698 1.92367 1.82331 1.82331 
63.2337 -1.18544 2.0045 1.56698 1.92367 1.7017 1.7017 
80.2126 -1.18544 2.0045 1.56698 1.92367 1.7397 1.7397 
57.018 -1.18544 2.0045 0.701667 1.86766 1.7397 1.7397 
79.4616 -3.43434 2.82539 1.56698 1.92367 1.7397 1.7397 
118.482 -3.43434 2.82539 1.56698 1.92367 1.76533 1.76533 
62.3063 -3.43434 2.82539 0.826324 2.76133 1.76533 1.76533 
80.4069 -2.36463 2.37211 0.980821 2.10599 1.99641 1.99641 
76.0094 -2.36463 2.37211 0.980821 2.10599 1.73368 1.73368 
57.6818 -2.36463 2.37211 0.980821 2.10599 1.0896 1.0896 
54.8569 -2.36463 2.37211 0.980821 2.10599 1.2576 1.2576 
96.9047 -2.36463 2.37211 0.980821 2.10599 1.00883 1.00883 
74.654 -0.815251 2.49752 0.980821 2.10599 1.73368 1.73368 
75.4596 -0.815251 2.49752 0.980821 2.10599 1.18911 1.18911 
94.8168 -0.815251 2.49752 0.980821 2.10599 1.09803 1.09803 
71.1773 -0.815251 2.49752 1.44404 1.82135 1.73368 1.73368 
55.8575 -0.815251 2.49752 0.887059 2.09989 1.73368 1.73368 
101.219 -2.96673 2.14238 1.44404 1.82135 1.73368 1.73368 
79.8137 -0.623871 1.95232 1.44404 1.82135 1.73368 1.73368 
70.4709 -0.815251 2.49752 -0.0581571 1.8487 1.73368 1.73368 
57.4803 -0.815251 2.49752 1.44404 1.82135 1.7002 1.7002 
66.5985 -0.815251 2.49752 1.44404 1.82135 1.71059 1.71059 
48.0704 -0.815251 2.49752 -0.397329 1.73695 1.73368 1.73368 
80.3762 0.031341 3.34914 1.44404 1.82135 1.73368 1.73368 
73.0734 -1.18258 2.09568 1.44404 1.82135 1.73368 1.73368 
40.3701 -2.32982 2.60122 1.44404 1.82135 1.73368 1.73368 
32.5842 -2.32982 2.60122 1.44404 1.82135 1.62309 1.62309 
87.6452 -2.32982 2.60122 0.81793 2.43034 1.73368 1.73368 
78.8033 -1.73731 2.92485 0.81793 2.43034 1.73368 1.73368 
72.9479 -1.73731 2.92485 -1.08709 2.39896 1.73368 1.73368 
51.562 -1.73731 2.92485 1.15762 2.17313 1.73368 1.73368 
67.9185 -2.19925 2.96067 -1.08709 2.39896 1.73368 1.73368 
82.1299 -2.36463 2.37211 0.980821 2.10599 1.14382 1.14382 
72.1717 -2.36463 2.37211 -0.482204 2.25269 1.67879 1.67879 
34.2646 -2.36463 2.37211 0.872622 1.99272 1.67879 1.67879 
53.3396 -0.531676 2.59862 0.980821 2.10599 1.67879 1.67879 
48.3703 -0.531676 2.59862 0.980821 2.10599 2.04815 2.04815 
24.9855 -0.531676 2.59862 0.980821 2.10599 2.00914 2.00914 
33.6426 -0.531676 2.59862 0.980821 2.10599 1.89451 1.89451 
66.8926 0.261626 3.12823 0.980821 2.10599 2.04815 2.04815 
60.6418 -0.450479 3.60742 0.980821 2.10599 2.04815 2.04815 
75.9429 -0.450479 3.60742 0.286057 2.84524 2.04815 2.04815 
52.4839 -0.450479 3.60742 1.84871 2.268 2.04815 2.04815 
77.1966 -0.450479 3.60742 -0.0630698 2.75118 2.04815 2.04815 
72.8107 -0.450479 3.60742 -0.0630698 2.75118 0.968377 0.968377 
115.37 -0.450479 3.60742 0.0303124 2.99262 2.04815 2.04815 
49.313 -0.450479 3.60742 0.75474 2.51985 2.04815 2.04815 
69.9049 -0.450479 3.60742 0.75474 2.51985 2.2651 2.2651 
68.7192 -0.450479 3.60742 0.75474 2.51985 2.43533 2.43533 
55.3979 -0.450479 3.60742 0.875042 2.65943 2.2651 2.2651 
85.7123 -0.450479 3.60742 0.678755 2.69453 2.2651 2.2651 
61.4664 -3.80269 2.76497 0.678755 2.69453 2.2651 2.2651 
76.7896 -0.450479 3.60742 0.697831 3.14911 2.2651 2.2651 
56.3096 -0.450479 3.60742 0.429744 2.54657 2.2651 2.2651 
39.2176 -0.450479 3.60742 0.697831 3.14911 3.09564 3.09564 
107.721 -0.450479 3.60742 -0.0670588 3.50352 2.2651 2.2651 
75.117 -1.38974 3.98459 0.697831 3.14911 2.2651 2.2651 
40.2344 -2.97795 3.10368 0.980821 2.10599 1.67879 1.67879 
49.8269 -2.36463 2.37211 0.980821 2.10599 1.44146 1.44146 
43.8952 -3.63661 3.69258 0.980821 2.10599 1.67879 1.67879 
8.74955 -2.36463 2.37211 0.980821 2.10599 2.06943 2.06943 
49.6571 -2.36463 2.37211 0.980821 2.10599 1.62125 1.62125 
80.4135 -2.36463 2.37211 0.980821 2.10599 1.19233 1.19233 
83.6191 -2.36463 2.37211 1.42966 1.89342 1.67879 1.67879 
65.0462 -2.36463 2.37211 1.42966 1.89342 1.78632 1.78632 
84.6744 -2.36463 2.37211 1.2401 1.79585 1.67879 1.67879 
89.7331 -0.421528 3.69637 1.42966 1.89342 1.67879 1.67879 
71.327 -1.96004 3.19006 1.42966 1.89342 1.67879 1.67879 
48.3703 -1.96004 3.19006 1.42966 1.89342 1.66711 1.66711 
57.5639 -1.96004 3.19006 1.02358 2.24597 1.67879 1.67879 
62.6257 -2.2176 2.58681 1.42966 1.89342 1.67879 1.67879 
12.6715 -3.5099 3.43352 1.42966 1.89342 1.67879 1.67879 
60.73 -2.99473 2.97854 1.42966 1.89342 1.67879 1.67879 
95.7466 -2.99473 2.97854 -1.51699 2.54611 1.67879 1.67879 
86.9547 -2.99473 2.97854 -0.516316 2.44252 1.67879 1.67879 
88.9855 -3.28609 3.0503 -0.516316 2.44252 1.67879 1.67879 
61.9601 -3.9885 3.72108 -0.516316 2.44252 1.67879 1.67879 
40.4626 -3.9885 3.72108 -1.34689 2.73283 1.67879 1.67879 
73.1219 -3.9885 3.72108 -0.603125 3.14645 1.67879 1.67879 
55.745 -3.9885 3.72108 -1.34607 2.08037 1.67879 1.67879 
46.8521 -3.9885 3.72108 0.381238 2.55207 1.67879 1.67879 
98.6293 -3.9885 3.72108 -1.56928 2.53401 1.67879 1.67879 
39.3285 -2.36463 2.37211 1.51835 1.69347 1.67879 1.67879 
53.37 -2.36463 2.37211 0.980821 2.10599 1.80175 1.80175 
25.6021 -2.36463 2.37211 0.980821 2.10599 1.89247 1.89247 
81.3904 -2.36463 2.37211 0.980821 2.10599 1.77589 1.77589 
50.0592 -2.36463 2.37211 -1.61103 2.22934 1.67879 1.67879 
74.4753 -2.36463 2.37211 0.980821 2.10599 1.53144 1.53144 
48.1159 -2.36463 2.37211 0.980821 2.10599 1.77631 1.77631 
66.5872 -1.54733 2.52744 0.980821 2.10599 1.67879 1.67879 
33.6626 -1.54733 2.52744 0.980821 2.10599 2.06386 2.06386 
28.8628 -1.54733 2.52744 -0.0522481 2.2766 1.67879 1.67879 
69.705 -1.54733 2.52744 0.980821 2.10599 1.39607 1.39607 
101.681 -1.54733 2.52744 0.0863083 2.01173 1.67879 1.67879 
72.8948 -1.54733 2.52744 -0.634242 2.47488 1.67879 1.67879 
62.7629 -1.54733 2.52744 1.20543 1.8692 1.67879 1.67879 
24.6908 -1.54733 2.52744 0.980821 2.10599 1.60124 1.60124 
69.1234 -1.54733 2.52744 0.980821 2.10599 1.49803 1.49803 
68.6188 -3.2911 3.19611 0.980821 2.10599 1.67879 1.67879 
100.384 -3.2911 3.19611 -0.802843 2.77589 1.67879 1.67879 
98.0962 -3.22163 3.50276 -0.802843 2.77589 1.67879 1.67879 
109.134 -3.55741 3.01438 -0.802843 2.77589 1.67879 1.67879 
95.7132 -1.43548 3.29561 -0.802843 2.77589 1.67879 1.67879 
102.48 -1.24165 3.59563 -0.802843 2.77589 1.67879 1.67879 
77.4632 -1.24165 3.59563 -0.802843 2.77589 0.25307 0.25307 
99.7751 -1.24165 3.59563 0.82167 2.70665 1.67879 1.67879 
119.001 -3.02068 3.88337 0.82167 2.70665 1.67879 1.67879 
59.9987 -2.36463 2.37211 0.980821 2.10599 1.07776 1.07776 
40.4663 -2.36463 2.37211 0.980821 2.10599 1.01397 1.01397 
38.9536 -2.47496 3.11705 0.980821 2.10599 1.67879 1.67879 
85.6599 0.233724 3.33392 0.980821 2.10599 1.67879 1.67879 
59.9291 -2.36463 2.37211 -0.0270959 2.06283 1.67879 1.67879 
52.7269 -3.27168 3.79704 0.980821 2.10599 1.67879 1.67879 
101.986 -2.36463 2.37211 0.980821 2.10599 1.61822 1.61822 
54.0497 -2.36463 2.37211 1.56759 2.18264 1.67879 1.67879 
89.5447 -2.36463 2.37211 0.877388 1.83341 1.67879 1.67879 
29.9335 -2.36463 2.37211 1.46927 1.98005 1.67879 1.67879 
79.5545 -1.58225 3.8524 0.980821 2.10599 1.67879 1.67879 
79.6401 -1.26641 3.40811 0.980821 2.10599 1.67879 1.67879 
90.1128 -1.26641 3.40811 0.788675 3.181 1.67879 1.67879 
80.4417 -1.26641 3.40811 -0.794407 1.71101 1.67879 1.67879 
131.033 -3.60266 3.64177 0.788675 3.181 1.67879 1.67879 
60.7066 -1.26641 3.40811 0.788675 3.181 2.73047 2.73047 
103.25 -1.26641 3.40811 0.788675 3.181 2.24707 2.24707 
105.741 -1.26641 3.40811 0.788675 3.181 2.86461 2.86461 
112.454 -1.26641 3.40811 0.909986 3.19654 2.86461 2.86461 
103.254 -1.26641 3.40811 0.184578 3.25684 2.86461 2.86461 
107.866 -1.44158 3.60208 0.184578 3.25684 2.86461 2.86461 
90.7807 -1.26641 3.40811 0.184578 3.25684 2.95734 2.95734 
99.1984 -1.26641 3.40811 0.184578 3.25684 1.5792 1.5792 
128.701 -1.26641 3.40811 0.184578 3.25684 0.445729 0.445729 
65.9279 -1.26641 3.40811 0.184578 3.25684 1.58903 1.58903 
40.9692 -2.36463 2.37211 0.980821 2.10599 1.58151 1.58151 
62.0806 -2.36463 2.37211 0.980821 2.10599 1.56559 1.56559 
52.1489 -2.36463 2.37211 -0.3576 1.82051 1.67879 1.67879 
70.206 -2.26514 2.78921 0.980821 2.10599 1.67879 1.67879 
69.1531 -2.26514 2.78921 -0.895857 2.13369 1.67879 1.67879 
22.5363 -2.26514 2.78921 0.980821 2.10599 1.27301 1.27301 
87.4166 -2.00124 2.86476 0.980821 2.10599 1.67879 1.67879 
78.3802 -2.00124 2.86476 -0.162349 2.23705 1.67879 1.67879 
66.0475 -2.00124 2.86476 -0.470511 1.82738 1.67879 1.67879 
109.707 -3.03138 2.84428 0.980821 2.10599 1.67879 1.67879 
139.673 -3.03138 2.84428 0.980821 2.10599 1.47754 1.47754 
100.383 -3.23822 2.28351 0.980821 2.10599 1.67879 1.67879 
106 -3.13659 3.79147 0.980821 2.10599 1.67879 1.67879 
80.8576 -3.13659 3.79147 0.628542 2.32268 1.67879 1.67879 
74.7891 -3.13659 3.79147 -1.53077 3.1999 1.67879 1.67879 
52.0594 -3.13659 3.79147 -2.00678 1.77372 1.67879 1.67879 
66.5024 -3.13659 3.79147 -1.53077 3.1999 0.729835 0.729835 
43.7096 -3.13659 3.79147 -1.56134 3.00116 1.67879 1.67879 
76.5119 -2.40616 3.22503 -1.53077 3.1999 1.67879 1.67879 
61.2654 -2.40616 3.22503 -1.53077 3.1999 -0.688524 -0.688524 
90.4066 -2.40616 3.22503 -1.13774 2.8494 1.67879 1.67879 
54.8802 -2.65287 3.97556 -1.53077 3.1999 1.67879 1.67879 
36.1333 -3.1228 3.71639 -1.53077 3.1999 1.67879 1.67879 
42.7178 -2.65287 3.97556 -2.50709 1.87226 1.67879 1.67879 
90.5405 -2.72964 3.93673 -1.53077 3.1999 1.67879 1.67879 
61.7509 -2.36463 2.37211 0.980821 2.10599 1.39915 1.39915 
57.4185 -2.36463 2.37211 0.980821 2.10599 0.998233 0.998233 
50.6016 -2.12351 3.03096 0.980821 2.10599 1.67879 1.67879 
48.9718 -2.36463 2.37211 0.156575 1.81473 1.67879 1.67879 
60.2656 -2.82843 3.85739 0.980821 2.10599 1.67879 1.67879 
93 -2.82843 3.85739 0.980821 2.10599 2.09144 2.09144 
87.8692 -2.54285 2.89524 0.980821 2.10599 1.67879 1.67879 
85.8138 -2.54285 2.89524 0.812427 2.49006 1.67879 1.67879 
44.6423 0.732868 3.13947 0.812427 2.49006 1.67879 1.67879 
83.2723 -0.0113868 3.36793 0.812427 2.49006 1.67879 1.67879 
66.6048 -0.6852 2.5351 0.812427 2.49006 1.67879 1.67879 
34.3966 -0.6852 2.5351 -0.438124 2.03169 1.67879 1.67879 
78.3209 -2.25623 3.67252 0.812427 2.49006 1.67879 1.67879 
58.8484 -0.807121 3.13787 0.812427 2.49006 1.67879 1.67879 
82.3281 -1.39721 3.39386 0.812427 2.49006 1.67879 1.67879 
83.9441 -0.807121 3.13787 0.812427 2.49006 1.26789 1.26789 
86.1943 -1.42908 2.52604 0.812427 2.49006 1.67879 1.67879 
114.32 -1.42908 2.52604 0.812427 2.49006 0.980716 0.980716 
82.3171 -2.44587 3.44185 0.812427 2.49006 1.67879 1.67879 
94.9939 -2.874 3.46266 0.812427 2.49006 1.67879 1.67879 
106.372 -2.40197 3.78443 0.812427 2.49006 1.67879 1.67879 
132.515 -2.40197 3.78443 -0.799353 3.40167 1.67879 1.67879 
90.1945 -2.40197 3.78443 0.399263 1.81536 1.67879 1.67879 
89.3282 -2.40197 3.78443 1.02534 2.62705 1.67879 1.67879 
98.9546 -2.40197 3.78443 1.02534 2.62705 2.25825 2.25825 
36.5216 -2.36463 2.37211 -0.757737 2.19764 1.67879 1.67879 
61.0581 -2.36463 2.37211 0.665524 1.92355 1.67879 1.67879 
37.8232 -2.36463 2.37211 0.980821 2.10599 1.31907 1.31907 
54.9679 -1.2272 3.05212 0.980821 2.10599 1.67879 1.67879 
31.1071 -2.55373 3.27442 0.980821 2.10599 1.67879 1.67879 
48.4746 -2.36463 2.37211 0.262305 2.35741 1.67879 1.67879 
15.5833 -2.36463 2.37211 0.980821 2.10599 1.57807 1.57807 
83.2892 -2.36463 2.37211 1.58203 1.81383 1.67879 1.67879 
52.0813 -0.676976 3.65846 0.980821 2.10599 1.67879 1.67879 
37.9381 -2.36463 2.37211 0.980821 2.10599 1.83777 1.83777 
58.1944 -2.36463 2.37211 0.980821 2.10599 1.93295 1.93295 
60.3643 -2.36463 2.37211 0.980821 2.10599 1.48585 1.48585 
81.8531 -1.54951 3.57224 0.980821 2.10599 1.93295 1.93295 
87.0763 -1.54951 3.57224 0.980821 2.10599 1.79606 1.79606 
66.9244 -1.54951 3.57224 0.980821 2.10599 1.67952 1.67952 
80.8277 -1.54951 3.57224 -0.585574 2.71181 1.67952 1.67952 
54.732 -0.380244 2.8547 0.980821 2.10599 1.67952 1.67952 
94.5046 -1.93338 3.92861 0.980821 2.10599 1.67952 1.67952 
74.5213 -1.54951 3.57224 -1.41818 1.86155 1.67952 1.67952 
81.8924 -0.871876 2.74216 0.980821 2.10599 1.67952 1.67952 
71.9265 -3.35905 2.77968 0.980821 2.10599 1.67952 1.67952 
55.0056 -3.35905 2.77968 1.26951 2.61661 1.67952 1.67952 
43.6386 -3.35905 2.77968 0.980821 2.10599 1.08467 1.08467 
85.4197 0.243995 2.54404 0.980821 2.10599 1.67952 1.67952 
82.5465 0.243995 2.54404 0.980821 2.10599 1.44401 1.44401 
63.8764 -2.36463 2.37211 0.713112 1.70229 1.67879 1.67879 
63.2191 -2.36463 2.37211 0.854014 1.69327 1.67879 1.67879 
50.7176 -2.36463 2.37211 0.980821 2.10599 1.69187 1.69187 
38.0592 -2.36463 2.37211 0.980821 2.10599 1.96049 1.96049 
84.1624 -2.66726 3.23903 0.980821 2.10599 1.67879 1.67879 
97.7366 -2.66726 3.23903 -0.739236 2.16955 1.67879 1.67879 
68.6969 -3.45783 2.81339 0.980821 2.10599 1.67879 1.67879 
40.1954 -2.79674 3.80052 0.980821 2.10599 1.67879 1.67879 
65.5315 -3.45783 2.81339 0.980821 2.10599 0.9996 0.9996 
64.7202 -3.45783 2.81339 0.980821 2.10599 1.56269 1.56269 
57.9336 -3.46642 3.1437 0.980821 2.10599 1.67879 1.67879 
53.1427 -3.60932 2.4636 0.980821 2.10599 1.67879 1.67879 
54.2933 -2.52001 3.02046 0.980821 2.10599 1.67879 1.67879 
13.1951 -3.84872 3.43725 0.980821 2.10599 1.67879 1.67879 
78.3275 -3.46642 3.1437 0.30932 2.27974 1.67879 1.67879 
34.6363 -3.46642 3.1437 0.980821 2.10599 2.02618 2.02618 
56.949 -2.64148 3.30639 0.980821 2.10599 1.67879 1.67879 
31.063 -1.94732 2.9502 0.980821 2.10599 1.67879 1.67879 
98.6367 -3.46642 3.1437 -2.71403 2.73309 1.67879 1.67879 
65.624 -3.66372 3.25588 0.980821 2.10599 1.67879 1.67879 
81.6884 -3.66372 3.25588 1.38981 1.85252 1.67879 1.67879 
98.2003 -3.37233 3.28112 1.38981 1.85252 1.67879 1.67879 
78.7409 -3.66372 3.25588 0.235889 2.17192 1.67879 1.67879 
82.8105 -3.66372 3.25588 1.38981 1.85252 1.79843 1.79843 
48.7503 -2.50282 2.37681 1.38981 1.85252 1.79843 1.79843 
66.1441 -2.36463 2.37211 0.229678 2.28722 1.67879 1.67879 
68.0098 -2.36463 2.37211 -0.318914 1.83083 1.67879 1.67879 
66.3221 -2.36463 2.37211 0.980821 2.10599 1.11365 1.11365 
42.1933 -2.36463 2.37211 0.581944 1.84196 1.67879 1.67879 
66.4442 -2.95116 2.84599 0.980821 2.10599 1.67879 1.67879 
45.7761 -2.36463 2.37211 0.980821 2.10599 1.25996 1.25996 
57.1169 -3.09573 2.86976 0.980821 2.10599 1.67879 1.67879 
30.1928 -2.36463 2.37211 -0.765148 2.21383 1.67879 1.67879 
37.2445 -1.88328 3.68256 0.980821 2.10599 1.67879 1.67879 
43.0392 -2.36463 2.37211 0.103767 1.97279 1.67879 1.67879 
47.278 0.146198 3.25681 0.980821 2.10599 1.67879 1.67879 
54.0927 -3.31813 2.45764 0.980821 2.10599 1.67879 1.67879 
75.8495 -1.04752 3.59567 1.32736 2.66992 1.67879 1.67879 
52.5389 -2.16435 3.27212 1.48378 2.90666 1.67879 1.67879 
80.9503 -3.28105 3.50736 -0.285323 2.45295 1.67879 1.67879 
71.7076 -1.41293 2.74435 0.956774 2.37661 1.72145 1.72145 
66.4849 -3.39373 3.72701 1.21774 2.52963 1.67879 1.67879 
70.3391 -2.68525 3.43202 0.590191 3.25678 1.69912 1.69912 
84.5206 -1.81452 2.64365 0.23125 2.57947 1.79742 1.79742 
75.0861 -3.7627 2.85184 0.273751 2.77255 1.67879 1.67879 
63.4006 -3.05306 2.98103 1.37186 2.31958 1.67879 1.67879 
51.7654 -2.36463 2.37211 0.980821 2.10599 1.62279 1.62279 
62.7901 -1.81252 3.42366 0.980821 2.10599 1.87296 1.87296 
69.3735 -2.92523 3.81979 0.980821 2.10599 1.67879 1.67879 
73.3085 -3.30183 2.8157 1.13448 2.44706 1.525 1.525 
63.797 -2.75734 3.32781 0.223962 3.2759 2.43529 2.43529 
71.2822 -3.34968 2.4111 1.00763 2.40099 1.67879 1.67879 
59.0313 -2.98076 2.53994 0.503062 2.52022 1.16954 1.16954 
58.8501 -0.915411 3.15997 -0.259528 3.13866 1.88508 1.88508 
68.3468 -2.40298 2.77112 0.696678 2.28972 2.07012 2.07012 
68.5154 -2.75962 2.54091 1.0846 2.08162 1.73231 1.73231 
59.729 -1.85207 2.83869 0.980821 2.10599 1.72831 1.72831 
57.3695 -2.35845 2.31032 0.757415 1.98527 1.85684 1.85684 
66.9714 -3.27216 2.43382 0.980821 2.10599 2.03127 2.03127 
62.346 -2.13106 3.13938 0.373839 2.31683 1.67879 1.67879 
66.4998 -2.46328 2.25884 1.16201 2.1164 1.85899 1.85899 
56.3775 -2.19957 2.33037 0.980821 2.10599 1.67879 1.67879 
59.452 -2.58743 2.38804 0.952412 2.23454 1.55531 1.55531 
60.1821 -2.49015 2.42061 0.974533 2.11181 1.88389 1.88389 
57.1434 -2.36463 2.37211 0.980821 2.10599 1.51359 1.51359 
58.1921 -2.36463 2.37211 1.02138 2.18048 1.70717 1.70717 
54.2579 -2.21298 2.47646 0.980821 2.10599 1.67879 1.67879 
56.7737 -3.12804 2.54142 0.980821 2.10599 1.64987 1.64987 
57.096 -2.36463 2.37211 0.980821 2.10599 1.60203 1.60203 
58.2564 -2.22237 2.48608 0.980821 2.10599 1.67879 1.67879 
54.5865 -2.30819 2.51225 0.876351 2.14296 1.67501 1.67501 
58.1767 -2.56931 2.45967 0.980821 2.10599 1.67958 1.67958 
57.5378 -2.36463 2.37211 0.980012 2.23174 1.67879 1.67879 
59.0043 -2.21672 2.51568 0.980821 2.10599 1.83442 1.83442 
57.0416 -2.36463 2.37211 0.980821 2.10599 1.68107 1.68107 
57.6515 -2.30944 2.54571 0.969936 2.11969 1.67879 1.67879 
59.0586 -2.38656 2.40423 0.980821 2.10599 1.68258 1.68258 
57.2203 -2.41997 2.4395 0.980821 2.10599 1.72544 1.72544 
57.6485 -2.34651 2.31463 0.980821 2.10599 1.67879 1.67879 
56.7656 -2.39125 2.37239 0.949075 2.13858 1.71598 1.71598 
56.8085 -2.37954 2.41914 0.980821 2.10599 1.60699 1.60699 
56.5551 -2.37357 2.41801 0.983859 2.10165 1.66235 1.66235 
56.5126 -2.35347 2.40922 0.959484 2.12402 1.67157 1.67157 
57.2986 -2.35009 2.44258 0.980821 2.10599 1.67879 1.67879 
56.9497 -2.36463 2.37211 1.0026 2.12292 1.67879 1.67879 
57.1849 -2.36124 2.37704 0.99146 2.09739 1.67305 1.67305 
57.4279 -2.32333 2.38127 0.980129 2.10494 1.67879 1.67879 
57.2736 -2.36114 2.38318 0.942847 2.10338 1.67879 1.67879 
56.5702 -2.39823 2.37426 0.990891 2.09316 1.67879 1.67879 
57.1383 -2.36298 2.38966 0.980821 2.10599 1.70279 1.70279 
57.7044 -2.38543 2.37963 0.987218 2.13559 1.70219 1.70219 
57.1188 -2.34647 2.38496 0.972697 2.0876 1.69012 1.69012 
57.1426 -2.35203 2.38729 0.980821 2.10599 1.68497 1.68497 
56.7469 -2.36246 2.37641 0.980821 2.10599 1.67943 1.67943 
57.0993 -2.38049 2.38936 0.95531 2.11779 1.67879 1.67879 
56.8454 -2.36472 2.37667 0.984033 2.09364 1.67879 1.67879 
57.1114 -2.38255 2.37798 0.985828 2.10309 1.67879 1.67879 
56.9133 -2.35762 2.39412 0.980821 2.10599 1.67879 1.67879 
57.0336 -2.35401 2.36828 0.989726 2.11437 1.6795 1.6795 
56.731 -2.36528 2.37349 0.980821 2.10599 1.66777 1.66777 
56.9007 -2.3576 2.36557 0.978948 2.10572 1.67879 1.67879 
56.9689 -2.38076 2.37352 0.963035 2.12923 1.67818 1.67818 
57.0917 -2.35736 2.36008 0.986265 2.11995 1.67879 1.67879 
56.9856 -2.34368 2.37769 0.986096 2.1135 1.68163 1.68163 
57.0755 -2.36508 2.37096 0.977143 2.10597 1.68044 1.68044 
56.9932 -2.36577 2.37755 0.980821 2.10599 1.67879 1.67879 
56.824 -2.37305 2.3845 0.976097 2.10602 1.67926 1.67926 
56.835 -2.37191 2.37423 0.980821 2.10599 1.67879 1.67879 
56.8676 -2.36259 2.37568 0.980821 2.10599 1.67596 1.67596 
56.8683 -2.36146 2.36351 0.977807 2.11196 1.68066 1.68066 
56.8317 -2.36384 2.37403 0.980254 2.10907 1.67879 1.67879 
56.7823 -2.36441 2.37231 0.980821 2.10599 1.68159 1.68159 
56.8156 -2.36463 2.37211 0.980648 2.10585 1.67879 1.67879 
56.8639 -2.36862 2.37127 0.982066 2.10998 1.67879 1.67879 
56.8306 -2.36529 2.37234 0.983043 2.10345 1.67892 1.67892 
56.819 -2.36436 2.37574 0.980821 2.10599 1.67879 1.67879 
56.9273 -2.36816 2.37144 0.974013 2.11434 1.67844 1.67844 
56.889 -2.36952 2.37214 0.980253 2.10861 1.67879 1.67879 
56.819 -2.36327 2.37512 0.97923 2.10999 1.67834 1.67834 
56.8515 -2.36548 2.37413 0.978257 2.10909 1.67879 1.67879 
56.8606 -2.3644 2.37216 0.980944 2.10648 1.68021 1.68021 
56.8346 -2.36463 2.37211 0.980852 2.10597 1.67879 1.67879 
56.8637 -2.36669 2.37343 0.980722 2.10642 1.67883 1.67883 
56.8744 -2.36449 2.36985 0.979044 2.10621 1.68035 1.68035 
56.8412 -2.36463 2.37211 0.979701 2.10554 1.67879 1.67879 
56.868 -2.36378 2.37288 0.980601 2.10678 1.67844 1.67844 
56.8608 -2.36463 2.37211 0.980909 2.10597 1.67905 1.67905 
56.8655 -2.36441 2.37185 0.98085 2.10686 1.67936 1.67936 
56.8552 -2.36463 2.37211 0.980922 2.10633 1.67877 1.67877 
56.8591 -2.36496 2.37244 0.980821 2.10599 1.67919 1.67919 
56.8453 -2.36546 2.3731 0.980704 2.10587 1.67934 1.67934 
74.0317 -2.36463 2.37211 0.980821 2.10599 1.02094 1.02094 
39.9967 -2.36463 2.37211 0.980821 2.10599 1.02829 1.02829 
64.8003 -2.36463 2.37211 0.980821 2.10599 1.04037 1.04037 
19.9352 -2.36463 2.37211 -2.10285 2.15486 1.67877 1.67877 
41.98 -0.564396 3.70239 0.980821 2.10599 1.67877 1.67877 
75.3544 -2.36463 2.37211 0.576256 1.94454 1.67877 1.67877 
27.6045 -1.84042 3.95662 0.980821 2.10599 1.67877 1.67877 
9.24034 0.25261 3.94355 0.980821 2.10599 1.67877 1.67877 
31.4949 -0.75775 2.56354 0.980821 2.10599 1.67877 1.67877 
74.2399 -2.36463 2.37211 0.0335754 2.07064 1.67877 1.67877 
75.6387 -3.42758 3.08335 0.980821 2.10599 1.67877 1.67877 
97.0005 -3.9819 3.80554 0.980821 2.10599 1.67877 1.67877 
101.58 -3.9819 3.80554 -0.821126 2.8385 1.67877 1.67877 
85.7618 -0.950442 2.49699 0.980821 2.10599 1.67877 1.67877 
81.4049 -0.950442 2.49699 0.980821 2.10599 1.94463 1.94463 
48.2126 -2.36463 2.37211 0.980821 2.10599 1.69386 1.69386 
108.687 -2.56621 2.23782 0.980821 2.10599 1.67877 1.67877 
50.2799 -2.36463 2.37211 -0.00588982 1.87342 1.67877 1.67877 
85.6766 -2.61819 2.15965 0.980821 2.10599 1.67877 1.67877 
29.3951 -2.36463 2.37211 1.00844 2.10616 1.67877 1.67877 
80.4837 -2.36463 2.37211 -0.927374 1.9571 1.67877 1.67877 
19.4087 -2.36463 2.37211 0.980821 2.10599 1.30476 1.30476 
105.282 -2.36463 2.37211 0.980821 2.10599 1.84665 1.84665 
31.8106 -1.26004 2.97611 0.980821 2.10599 1.67877 1.67877 
43.5241 -2.36463 2.37211 0.980821 2.10599 1.23665 1.23665 
71.9006 -2.36463 2.37211 0.980821 2.10599 1.37897 1.37897 
69.6708 -2.36463 2.37211 0.980821 2.10599 1.79094 1.79094 
93.7582 -1.58125 3.1372 0.980821 2.10599 1.79094 1.79094 
105.35 -3.66315 2.99711 0.980821 2.10599 1.79094 1.79094 
144.95 -3.16205 3.55356 0.980821 2.10599 1.79094 1.79094 
82.2725 -3.66315 2.99711 -1.07294 2.07399 1.79094 1.79094 
73.7729 -3.66315 2.99711 -1.07294 2.07399 1.91666 1.91666 
49.6337 -3.58218 3.0913 -1.07294 2.07399 1.91666 1.91666 
50.1473 -3.58218 3.0913 -1.07294 2.07399 1.16995 1.16995 
67.1321 -3.58218 3.0913 0.570532 2.95837 1.91666 1.91666 
81.3672 -1.07527 3.7661 0.570532 2.95837 1.91666 1.91666 
89.4511 -1.07527 3.7661 1.55375 2.65736 1.91666 1.91666 
62.6587 -1.07527 3.7661 1.55375 2.65736 1.88659 1.88659 
35.7613 -1.69638 3.54905 1.55375 2.65736 1.88659 1.88659 
50.7374 -1.07527 3.7661 1.55375 2.65736 2.39483 2.39483 
42.5713 -2.36463 2.37211 0.980821 2.10599 1.54616 1.54616 
9.69657 -2.36463 2.37211 -0.913824 2.32624 1.67877 1.67877 
47.3451 -2.36463 2.37211 0.980821 2.10599 1.43516 1.43516 
43.717 -2.36463 2.37211 0.980821 2.10599 1.64997 1.64997 
86.7274 0.0285328 2.41004 0.980821 2.10599 1.67877 1.67877 
98.4398 0.0393121 3.80196 0.980821 2.10599 1.67877 1.67877 
124.395 0.0285328 2.41004 0.980821 2.10599 1.65736 1.65736 
123.19 0.0285328 2.41004 0.980821 2.10599 1.81003 1.81003 
72.5649 0.0285328 2.41004 0.980821 2.10599 2.0908 2.0908 
90.3076 0.0285328 2.41004 0.980821 2.10599 1.68155 1.68155 
34.7154 0.0285328 2.41004 0.980821 2.10599 1.42176 1.42176 
77.7095 -3.94221 2.52929 0.980821 2.10599 2.0908 2.0908 
78.758 0.0285328 2.41004 0.980821 2.10599 1.42086 1.42086 
71.6085 0.0285328 2.41004 0.242687 2.33826 2.0908 2.0908 
117.152 0.0285328 2.41004 0.242687 2.33826 1.80496 1.80496 
136.707 -1.82063 2.58596 0.242687 2.33826 1.80496 1.80496 
105.498 0.0285328 2.41004 0.242687 2.33826 1.58444 1.58444 
70.2297 0.0285328 2.41004 1.69851 2.06726 1.80496 1.80496 
103.154 -0.145211 3.83394 1.69851 2.06726 1.80496 1.80496 
116.843 -1.95977 2.65229 1.69851 2.06726 1.80496 1.80496 
107.571 -1.95977 2.65229 1.69851 2.06726 1.8266 1.8266 
143.091 -1.52613 3.10097 1.69851 2.06726 1.8266 1.8266 
120.418 -1.95977 2.65229 1.69851 2.06726 1.88194 1.88194 
72.8883 -1.95977 2.65229 1.69851 2.06726 1.7596 1.7596 
124.127 -1.95977 2.65229 1.69851 2.06726 1.95696 1.95696 
25.0569 0.199055 3.0466 0.980821 2.10599 1.67877 1.67877 
94.8008 -1.5422 2.63051 0.980821 2.10599 1.67877 1.67877 
80.5447 -2.36463 2.37211 -1.25323 2.07285 1.67877 1.67877 
64.1518 -2.36463 2.37211 -1.01821 1.72245 1.67877 1.67877 
48.7719 -2.36463 2.37211 0.980821 2.10599 1.15721 1.15721 
63.9462 -2.36463 2.37211 0.792346 1.84609 1.67877 1.67877 
37.6021 -2.36463 2.37211 0.58639 2.09722 1.67877 1.67877 
66.1174 -2.36463 2.37211 -2.0695 2.09408 1.67877 1.67877 
80.6521 -2.36463 2.37211 -0.848208 2.16615 1.67877 1.67877 
63.1621 -1.21548 3.48498 0.980821 2.10599 1.67877 1.67877 
51.9203 -1.21548 3.48498 1.19565 3.2022 1.67877 1.67877 
38.7793 -1.49479 3.38695 1.19565 3.2022 1.67877 1.67877 
105.522 -1.21548 3.48498 1.19565 3.2022 2.02387 2.02387 
133.458 -2.28479 3.73321 1.19565 3.2022 2.02387 2.02387 
87.1557 -1.21548 3.48498 1.19565 3.2022 1.80922 1.80922 
43.9507 -3.90282 3.95216 1.19565 3.2022 1.80922 1.80922 
116.542 -1.62159 3.29962 1.19565 3.2022 1.80922 1.80922 
131.056 -1.21548 3.48498 0.321811 3.39316 1.80922 1.80922 
137.328 -1.21548 3.48498 0.321811 3.39316 2.81601 2.81601 
136.306 -1.21548 3.48498 0.642724 3.22182 2.81601 2.81601 
124.703 -1.21548 3.48498 0.642724 3.22182 2.27456 2.27456 
122.666 -1.21548 3.48498 0.642724 3.22182 1.3095 1.3095 
153.853 -1.21548 3.48498 0.642724 3.22182 1.80528 1.80528 
141.045 -3.57069 3.97734 0.642724 3.22182 2.27456 2.27456 
140.805 -3.57069 3.97734 -0.592174 2.2875 2.27456 2.27456 
38.306 -2.36463 2.37211 0.980821 2.10599 1.53106 1.53106 
56.0863 0.0940546 2.23308 0.980821 2.10599 1.67877 1.67877 
48.7125 -2.36463 2.37211 0.640159 2.20744 1.67877 1.67877 
44.4044 -2.36463 2.37211 0.980821 2.10599 2.03478 2.03478 
45.3997 -0.700202 2.61073 0.980821 2.10599 1.67877 1.67877 
55.3791 0.929173 3.23726 0.980821 2.10599 1.67877 1.67877 
39.319 -2.36463 2.37211 0.584454 2.32409 1.67877 1.67877 
39.1633 -2.59857 2.71632 0.980821 2.10599 1.67877 1.67877 
69.4142 -2.36463 2.37211 0.980821 2.10599 1.24694 1.24694 
62.3 -2.36463 2.37211 0.980821 2.10599 1.19679 1.19679 
44.3057 -2.36463 2.37211 -0.589184 2.12942 1.67877 1.67877 
85.2273 -2.36463 2.37211 0.980821 2.10599 1.7607 1.7607 
74.3464 -2.36463 2.37211 0.980821 2.10599 1.46926 1.46926 
103.139 -2.71866 2.30871 0.980821 2.10599 1.7607 1.7607 
39.1501 -2.36463 2.37211 1.39371 2.00511 1.7607 1.7607 
73.8361 -2.29125 2.29947 0.980821 2.10599 1.7607 1.7607 
40.7726 0.453291 2.94427 0.980821 2.10599 1.7607 1.7607 
54.6061 -2.29125 2.29947 0.980821 2.10599 0.998078 0.998078 
110.361 -2.70884 2.85815 0.980821 2.10599 1.7607 1.7607 
71.7514 -2.70884 2.85815 0.62806 2.62258 1.7607 1.7607 
38.5242 -1.88444 2.65352 0.62806 2.62258 1.7607 1.7607 
73.0999 -2.70884 2.85815 0.62806 2.62258 1.49179 1.49179 
76.0057 -2.70884 2.85815 0.62806 2.62258 2.02489 2.02489 
61.9182 -2.70884 2.85815 -0.803398 2.08147 2.02489 2.02489 
43.8299 -2.70884 2.85815 -0.803398 2.08147 -0.418269 -0.418269 
87.4368 -0.248263 3.19268 0.980821 2.10599 1.67877 1.67877 
14.3575 -2.36463 2.37211 0.798306 2.11073 1.67877 1.67877 
76.8356 0.20946 3.4236 0.980821 2.10599 1.67877 1.67877 
86.9819 0.20946 3.4236 1.60059 2.2184 1.67877 1.67877 
67.3575 0.20946 3.4236 1.66168 3.10306 1.67877 1.67877 
89.4333 -1.05469 2.61649 1.60059 2.2184 1.67877 1.67877 
88.0711 -0.080559 3.32624 1.60059 2.2184 1.67877 1.67877 
125.29 -0.16941 2.2496 1.60059 2.2184 1.67877 1.67877 
95.8404 -1.07046 2.64902 1.60059 2.2184 1.67877 1.67877 
75.8815 -1.07046 2.64902 -0.487794 2.6022 1.67877 1.67877 
59.4242 -1.07046 2.64902 0.449938 2.49628 1.67877 1.67877 
68.3346 -1.07046 2.64902 -0.916146 2.51318 1.67877 1.67877 
32.217 -1.07046 2.64902 0.449938 2.49628 1.7863 1.7863 
82.8024 -1.85974 3.74856 0.449938 2.49628 1.67877 1.67877 
53.625 -1.85974 3.74856 0.449938 2.49628 0.503401 0.503401 
85.8397 -1.85974 3.74856 1.59276 2.1258 1.67877 1.67877 
65.3189 -3.62996 2.23698 1.59276 2.1258 1.67877 1.67877 
62.6252 -2.99577 2.81716 1.59276 2.1258 1.67877 1.67877 
29.9141 -1.85974 3.74856 1.33899 2.91569 1.67877 1.67877 
58.3385 -1.85974 3.74856 1.59276 2.1258 1.60372 1.60372 
126.317 -1.85974 3.74856 0.445271 1.90464 1.67877 1.67877 
99.8213 -3.20069 3.49908 1.59276 2.1258 1.67877 1.67877 
127.455 -3.20069 3.49908 1.59276 2.1258 1.7689 1.7689 
87.0235 -3.20069 3.49908 0.00852958 2.95642 1.67877 1.67877 
17.541 -3.20069 3.49908 0.00852958 2.95642 2.82603 2.82603 
32.5953 -1.8267 2.55875 0.980821 2.10599 1.67877 1.67877 
27.699 -1.8267 2.55875 -0.566005 2.01615 1.67877 1.67877 
52.9274 -0.204138 2.10601 0.980821 2.10599 1.67877 1.67877 
31.5593 -1.8267 2.55875 0.338231 2.18798 1.67877 1.67877 
80.8487 -1.8267 2.55875 0.183065 1.81712 1.67877 1.67877 
53.8477 -2.03889 2.885 0.980821 2.10599 1.67877 1.67877 
68.8339 -2.03889 2.885 0.980821 2.10599 1.91548 1.91548 
67.5088 -2.03889 2.885 0.980821 2.10599 1.28339 1.28339 
64.4124 -2.03889 2.885 0.980821 2.10599 1.11807 1.11807 
104.393 -2.03889 2.885 0.980821 2.10599 1.19224 1.19224 
99.8647 -2.95259 2.95518 0.980821 2.10599 1.91548 1.91548 
102.175 -2.95259 2.95518 -2.67207 2.94035 1.91548 1.91548 
149.455 -3.86461 3.99062 -2.67207 2.94035 1.91548 1.91548 
108.613 -2.95259 2.95518 -2.67207 2.94035 2.90164 2.90164 
97.6846 -2.95259 2.95518 -2.67207 2.94035 1.34543 1.34543 
90.2842 -3.72084 3.65009 -2.67207 2.94035 2.90164 2.90164 
84.7809 -3.58444 3.19215 -2.67207 2.94035 2.90164 2.90164 
93.6421 -2.95259 2.95518 -2.2516 2.92322 2.90164 2.90164 
118.268 -2.95259 2.95518 -2.30308 2.94281 2.90164 2.90164 
83.5713 -2.95259 2.95518 1.30379 2.93709 2.90164 2.90164 
91.4794 -2.95259 2.95518 -2.67207 2.94035 -0.396579 -0.396579 
122.818 -2.95259 2.95518 -2.67207 2.94035 1.07168 1.07168 
60.6161 -3.3166 3.05039 -2.67207 2.94035 2.90164 2.90164 
123.633 -2.72481 3.10503 -2.67207 2.94035 2.90164 2.90164 
95.7801 -2.73465 3.37815 -2.67207 2.94035 2.90164 2.90164 
42.9193 -3.4093 3.92277 0.980821 2.10599 1.67877 1.67877 
77.4352 -3.4093 3.92277 -0.332685 2.17675 1.67877 1.67877 
41.8072 -3.4093 3.92277 0.980821 2.10599 1.91598 1.91598 
15.9072 -3.4093 3.92277 0.980821 2.10599 1.58094 1.58094 
73.305 -3.51411 3.43572 0.980821 2.10599 1.91598 1.91598 
76.3231 -3.51411 3.43572 0.980821 2.10599 1.04516 1.04516 
104.289 -0.0553087 3.34032 0.980821 2.10599 1.91598 1.91598 
75.2213 -1.91191 3.49709 0.980821 2.10599 1.91598 1.91598 
76.5442 -1.58436 3.72416 0.980821 2.10599 1.91598 1.91598 
137.535 -1.58436 3.72416 0.133183 2.8586 1.91598 1.91598 
56.9581 -1.58436 3.72416 -0.309839 2.68572 1.91598 1.91598 
42.1927 -1.58436 3.72416 0.980821 2.10599 1.83142 1.83142 
73.4845 -1.58436 3.72416 0.980821 2.10599 1.02389 1.02389 
103.461 -1.58436 3.72416 -1.01851 3.48653 1.91598 1.91598 
97.418 -1.14427 3.99346 -1.01851 3.48653 1.91598 1.91598 
115.472 -1.14427 3.99346 -0.0880164 2.79317 1.91598 1.91598 
119.675 -1.14427 3.99346 -0.0880164 2.79317 0.663562 0.663562 
138.026 -1.86302 3.78542 -0.0880164 2.79317 1.91598 1.91598 
131.278 -1.14427 3.99346 -0.0880164 2.79317 2.009 2.009 
123.213 -1.14427 3.99346 -0.0880164 2.79317 1.1787 1.1787 
120.921 -1.17587 3.74224 -0.0880164 2.79317 2.009 2.009 
103.639 -0.707122 3.93171 -0.0880164 2.79317 2.009 2.009 
106.785 -2.64457 3.6929 -0.0880164 2.79317 2.009 2.009 
99.2893 -2.64457 3.6929 0.503815 2.40251 2.009 2.009 
128.307 -2.64457 3.6929 0.503815 2.40251 1.71171 1.71171 
41.5894 -2.36463 2.37211 1.38437 1.76829 1.67877 1.67877 
66.3989 -2.36463 2.37211 -1.48878 1.88278 1.67877 1.67877 
39.0386 -2.36463 2.37211 -0.910004 1.799 1.67877 1.67877 
72.1583 -2.36463 2.37211 -1.88572 1.77355 1.67877 1.67877 
36.6867 0.45095 3.0965 0.980821 2.10599 1.67877 1.67877 
28.7707 -2.36463 2.37211 0.980821 2.10599 1.73545 1.73545 
78.3919 -2.36463 2.37211 0.980821 2.10599 1.25598 1.25598 
72.3692 -2.36463 2.37211 0.980821 2.10599 1.91504 1.91504 
16.2109 -2.36463 2.37211 0.980821 2.10599 1.2225 1.2225 
109.307 -2.36463 2.37211 0.980821 2.10599 1.1553 1.1553 
64.027 -2.36463 2.37211 1.84877 2.16044 1.91504 1.91504 
51.1624 -2.36463 2.37211 -0.676796 2.25981 1.91504 1.91504 
109.47 -2.36463 2.37211 0.980821 2.10599 1.75312 1.75312 
66.7176 -2.36463 2.37211 0.980821 2.10599 1.70968 1.70968 
94.0688 -1.75022 3.45805 0.980821 2.10599 1.70968 1.70968 
99.9327 -2.36463 2.37211 -0.00677724 2.14675 1.70968 1.70968 
72.0963 -2.36463 2.37211 0.980821 2.10599 1.38013 1.38013 
72.7668 -3.25134 2.43147 0.980821 2.10599 1.70968 1.70968 
38.2025 -3.25134 2.43147 -1.21678 2.22816 1.70968 1.70968 
110.464 -3.25134 2.43147 1.26744 1.75957 1.70968 1.70968 
87.9541 -3.25134 2.43147 1.14477 2.38227 1.70968 1.70968 
72.0165 -2.89498 3.69329 1.14477 2.38227 1.70968 1.70968 
3.18362 -2.89498 3.69329 -2.32463 3.05576 1.70968 1.70968 
35.8156 -2.89498 3.69329 0.48893 2.03041 1.70968 1.70968 
82.574 -2.89498 3.69329 1.14477 2.38227 2.05669 2.05669 
55.5256 -0.610004 2.63749 0.980821 2.10599 1.67877 1.67877 
70.5312 -2.36463 2.37211 1.21586 2.31234 1.67877 1.67877 
63.8881 -2.36463 2.37211 0.980821 2.10599 1.78274 1.78274 
73.5388 -2.36463 2.37211 -1.05057 2.35971 1.78274 1.78274 
66.8211 -3.12084 3.34613 -1.05057 2.35971 1.78274 1.78274 
53.7531 -3.3003 3.01083 -1.05057 2.35971 1.78274 1.78274 
70.7154 -2.67736 3.45831 -1.05057 2.35971 1.78274 1.78274 
99.3402 -2.87606 3.14544 -1.05057 2.35971 1.78274 1.78274 
121.565 -2.87606 3.14544 -1.05057 2.35971 2.0471 2.0471 
129.714 -2.88228 3.49905 -1.05057 2.35971 1.78274 1.78274 
85.5848 -2.87606 3.14544 -1.05057 2.35971 1.86362 1.86362 
93.6674 -2.87606 3.14544 0.888943 2.18412 1.86362 1.86362 
58.2363 -0.251056 3.64771 0.888943 2.18412 1.86362 1.86362 
105.267 -2.87606 3.14544 -2.1049 2.04976 1.86362 1.86362 
77.7862 -2.87606 3.14544 -2.1049 2.04976 0.220854 0.220854 
93.6554 -2.87606 3.14544 -2.1049 2.04976 -2.0077 -2.0077 
127.917 -3.97427 3.56574 -2.1049 2.04976 1.86362 1.86362 
113.153 -2.41811 2.42812 -2.1049 2.04976 1.86362 1.86362 
106.655 -2.61159 2.59377 -2.1049 2.04976 1.86362 1.86362 
111.69 -2.61159 2.59377 -2.1049 2.04976 -1.11265 -1.11265 
153.995 -3.95749 3.4006 -2.1049 2.04976 1.86362 1.86362 
133.613 -3.39664 3.86056 -2.1049 2.04976 1.86362 1.86362 
107.499 -3.39664 3.86056 -1.84879 2.30874 1.86362 1.86362 
103.282 -2.21101 3.31776 -1.84879 2.30874 1.86362 1.86362 
88.9828 -3.21393 3.49624 -1.84879 2.30874 1.86362 1.86362 
81.6009 -2.36463 2.37211 -1.1111 2.34551 1.67877 1.67877 
95.2329 -2.36463 2.37211 -1.56054 1.68411 1.67877 1.67877 
17.4788 -2.36463 2.37211 -0.403873 2.11679 1.67877 1.67877 
77.1889 -2.36463 2.37211 0.361038 1.92304 1.67877 1.67877 
51.3038 -2.36463 2.37211 0.980821 2.10599 1.9509 1.9509 
83.2835 -2.95406 2.54389 0.980821 2.10599 1.67877 1.67877 
61.3099 -1.94498 2.38934 0.980821 2.10599 1.67877 1.67877 
34.9414 -3.20113 3.23463 0.980821 2.10599 1.67877 1.67877 
61.2944 -1.94498 2.38934 0.980821 2.10599 0.997605 0.997605 
36.7486 -1.94498 2.38934 0.980821 2.10599 1.93378 1.93378 
62.0583 -1.94498 2.38934 0.980821 2.10599 1.50216 1.50216 
101.725 -1.94498 2.38934 0.980821 2.10599 1.62718 1.62718 
95.5688 -1.94498 2.38934 0.310329 1.78076 1.67877 1.67877 
67.3822 -2.20279 3.38547 0.980821 2.10599 1.67877 1.67877 
99.236 -1.30611 3.77085 0.980821 2.10599 1.67877 1.67877 
99.7661 -1.30611 3.77085 -0.701199 2.22351 1.67877 1.67877 
145.359 -1.30611 3.77085 0.120064 2.62238 1.67877 1.67877 
113.828 0.190646 2.66606 0.980821 2.10599 1.67877 1.67877 
71.9277 -0.117524 2.16849 0.980821 2.10599 1.67877 1.67877 
111.519 0.190646 2.66606 0.465283 1.8631 1.67877 1.67877 
73.72 -2.10244 3.05484 0.980821 2.10599 1.67877 1.67877 
82.6001 -0.464033 3.88418 0.980821 2.10599 1.67877 1.67877 
90.749 -0.464033 3.88418 0.980821 2.10599 2.10538 2.10538 
93.0977 -0.464033 3.88418 0.980821 2.10599 1.33731 1.33731 
66.342 -0.509201 3.27804 0.980821 2.10599 2.10538 2.10538 
55.6565 -2.36463 2.37211 0.980821 2.10599 1.71871 1.71871 
82.1474 -2.36463 2.37211 0.741762 1.82847 1.67877 1.67877 
27.7351 -2.36463 2.37211 0.980821 2.10599 1.74715 1.74715 
22.2894 -1.98732 2.13331 0.980821 2.10599 1.67877 1.67877 
54.6118 -2.36463 2.37211 0.980821 2.10599 1.89989 1.89989 
84.309 -2.36463 2.37211 0.980821 2.10599 1.52713 1.52713 
47.6151 -3.35858 3.63954 0.980821 2.10599 1.89989 1.89989 
48.6385 -2.36463 2.37211 -1.93321 2.20962 1.89989 1.89989 
52.8395 -3.99896 2.25328 -1.93321 2.20962 1.89989 1.89989 
26.2785 -3.99896 2.25328 -1.93321 2.20962 -0.111725 -0.111725 
22.1274 -3.99896 2.25328 -1.93321 2.20962 0.985582 0.985582 
60.0494 -3.99896 2.25328 -1.93321 2.20962 0.951276 0.951276 
51.7041 -3.99896 2.25328 -0.600483 2.05945 1.89989 1.89989 
53.0596 -3.99896 2.25328 -0.600483 2.05945 0.86352 0.86352 
75.8968 -3.99896 2.25328 -0.600483 2.05945 -0.120432 -0.120432 
71.8141 -3.99896 2.25328 -0.33953 1.90519 1.89989 1.89989 
123.735 -2.68205 2.149 -0.33953 1.90519 1.89989 1.89989 
100.928 -3.99896 2.25328 -0.33953 1.90519 1.85503 1.85503 
87.8835 -2.03748 3.34525 -0.33953 1.90519 1.89989 1.89989 
70.9728 -2.03748 3.34525 -1.20165 2.31635 1.89989 1.89989 
100.733 -2.03748 3.34525 0.019888 3.30253 1.89989 1.89989 
57.3661 -2.03748 3.34525 -0.665318 3.015 1.89989 1.89989 
77.7808 -2.03748 3.34525 0.998064 2.25317 1.89989 1.89989 
57.8418 -1.80667 3.45966 0.998064 2.25317 1.89989 1.89989 
78.4539 -2.03748 3.34525 0.998064 2.25317 1.78126 1.78126 
88.6221 -2.36463 2.37211 -0.506628 1.85454 1.67877 1.67877 
76.5887 -2.36463 2.37211 0.980821 2.10599 1.60598 1.60598 
58.2583 -1.04494 3.0484 0.980821 2.10599 1.67877 1.67877 
18.9184 -0.604338 2.82663 0.980821 2.10599 1.67877 1.67877 
50.1862 -1.04494 3.0484 0.980821 2.10599 1.25426 1.25426 
31.5419 -3.52059 3.25255 0.980821 2.10599 1.67877 1.67877 
79.6652 -1.24151 3.02723 0.980821 2.10599 1.67877 1.67877 
63.5714 -1.04494 3.0484 0.980821 2.10599 1.94421 1.94421 
69.1523 -1.04494 3.0484 1.25449 2.9751 1.94421 1.94421 
64.3729 -1.04494 3.0484 0.980821 2.10599 1.09195 1.09195 
34.3706 -2.35664 3.9684 0.980821 2.10599 1.94421 1.94421 
98.3965 -1.04494 3.0484 0.980821 2.10599 1.65378 1.65378 
98.6481 -1.04494 3.0484 0.852334 2.58876 1.94421 1.94421 
76.8127 -1.04494 3.0484 1.87751 2.70336 1.94421 1.94421 
61.8648 -1.04494 3.0484 0.980821 2.10599 2.09441 2.09441 
71.6102 0.359016 3.54014 0.980821 2.10599 1.94421 1.94421 
56.1439 0.359016 3.54014 0.371949 2.18534 1.94421 1.94421 
34.6511 -0.209759 3.38737 0.371949 2.18534 1.94421 1.94421 
78.7249 0.359016 3.54014 0.458557 3.01252 1.94421 1.94421 
59.8892 0.359016 3.54014 1.18839 2.53566 1.94421 1.94421 
79.2191 0.359016 3.54014 0.458557 3.01252 2.30734 2.30734 
78.1621 0.359016 3.54014 1.32594 2.88306 1.94421 1.94421 
107.807 -1.42606 3.78509 1.32594 2.88306 1.94421 1.94421 
80.2218 0.359016 3.54014 1.46704 3.0221 1.94421 1.94421 
70.0064 0.550534 3.86473 1.46704 3.0221 1.94421 1.94421 
84.3307 -2.3687 2.51501 0.980821 2.10599 1.67877 1.67877 
85.3468 -2.3687 2.51501 1.34934 2.20995 1.67877 1.67877 
55.223 -2.3687 2.51501 -1.46836 1.98804 1.67877 1.67877 
65.0148 0.0381955 2.22765 1.34934 2.20995 1.67877 1.67877 
91.1301 -2.3687 2.51501 1.34934 2.20995 1.40619 1.40619 
95.0994 -2.3687 2.51501 1.34934 2.20995 1.79931 1.79931 
112.684 -3.75041 2.37744 1.34934 2.20995 1.79931 1.79931 
104.751 -3.75041 2.37744 1.34934 2.20995 1.81512 1.81512 
132.101 -3.75041 2.37744 1.34934 2.20995 2.11887 2.11887 
73.8114 -3.03032 3.00717 1.34934 2.20995 1.81512 1.81512 
61.7365 -1.12555 3.50503 1.34934 2.20995 1.81512 1.81512 
47.3016 -3.21873 3.47562 1.34934 2.20995 1.81512 1.81512 
46.777 -1.12555 3.50503 1.34934 2.20995 1.35786 1.35786 
55.0008 -1.12555 3.50503 1.34934 2.20995 2.04934 2.04934 
69.6139 -1.12555 3.50503 1.34934 2.20995 1.52283 1.52283 
51.217 -1.12555 3.50503 -0.955498 2.56122 1.52283 1.52283 
63.1486 -1.12555 3.50503 0.593293 3.02746 1.52283 1.52283 
34.9368 -2.25145 3.97531 1.34934 2.20995 1.52283 1.52283 
42.9091 -1.12555 3.50503 1.34934 2.20995 1.54358 1.54358 
75.1948 -1.12555 3.50503 1.34934 2.20995 1.78538 1.78538 
107.174 -1.12555 3.50503 1.34934 2.20995 1.91526 1.91526 
73.037 -1.12555 3.50503 1.19651 2.84385 1.91526 1.91526 
109.962 -1.12555 3.50503 0.911202 3.08572 1.91526 1.91526 
122.564 -1.12555 3.50503 -0.735828 3.33268 1.91526 1.91526 
61.1142 -2.95038 3.216 1.19651 2.84385 1.91526 1.91526 
82.9211 -1.6901 2.84027 0.980821 2.10599 1.67877 1.67877 
113.695 -3.95327 3.82922 0.980821 2.10599 1.67877 1.67877 
86.9179 -1.94239 2.17904 0.980821 2.10599 1.67877 1.67877 
94.5993 -1.6901 2.84027 0.980821 2.10599 1.19175 1.19175 
107.246 -2.08546 2.40377 0.980821 2.10599 1.67877 1.67877 
117.312 -2.08546 2.40377 -1.38453 2.33378 1.67877 1.67877 
144.065 -0.606977 3.70493 0.980821 2.10599 1.67877 1.67877 
107.522 -0.755463 3.87173 0.980821 2.10599 1.67877 1.67877 
99.1018 -0.755463 3.87173 0.68106 3.79233 1.67877 1.67877 
112.194 -3.49939 3.92398 0.68106 3.79233 1.67877 1.67877 
110.235 -1.30876 3.89073 0.68106 3.79233 1.67877 1.67877 
122.863 -1.30876 3.89073 -0.692003 3.3817 1.67877 1.67877 
138.825 -1.30876 3.89073 0.662587 3.38703 1.67877 1.67877 
127.46 -1.30876 3.89073 -0.692003 3.3817 0.92002 0.92002 
134.48 -1.61338 3.86777 -0.692003 3.3817 1.67877 1.67877 
148.959 -1.42043 3.89438 -0.692003 3.3817 1.67877 1.67877 
131.122 -2.52915 3.88341 -0.692003 3.3817 1.67877 1.67877 
145.564 -3.51274 3.92961 -0.692003 3.3817 1.67877 1.67877 
144.899 -3.51274 3.92961 -0.692003 3.3817 -0.119626 -0.119626 
146.432 -3.51274 3.92961 -0.692003 3.3817 3.06759 3.06759 
130.304 -3.51274 3.92961 0.350306 3.63378 3.06759 3.06759 
123.828 -3.51274 3.92961 0.350306 3.63378 0.916036 0.916036 
129.081 -3.51274 3.92961 0.350306 3.63378 0.927778 0.927778 
116.724 -3.51274 3.92961 -0.0430878 3.63641 3.06759 3.06759 
78.8091 -3.95908 3.94615 -0.0430878 3.63641 3.06759 3.06759 
27.0597 -2.36463 2.37211 -1.3319 2.35457 1.67877 1.67877 
87.4354 -2.36463 2.37211 -0.288606 1.84073 1.67877 1.67877 
50.0339 -2.36463 2.37211 0.980821 2.10599 2.05411 2.05411 
48.0139 -2.36463 2.37211 0.343573 2.3526 1.67877 1.67877 
54.6898 -1.52694 3.6575 0.980821 2.10599 1.67877 1.67877 
46.4429 -1.52694 3.6575 0.980821 2.10599 1.54544 1.54544 
55.2859 -1.52694 3.6575 -0.568773 1.92562 1.67877 1.67877 
60.641 -1.52694 3.6575 0.980821 2.10599 1.59269 1.59269 
43.1886 -1.52694 3.6575 0.875121 1.92437 1.67877 1.67877 
53.2846 -1.52694 3.6575 0.980821 2.10599 1.47558 1.47558 
62.6285 -0.689668 3.28571 0.980821 2.10599 1.67877 1.67877 
27.6915 -0.689668 3.28571 1.5342 1.82159 1.67877 1.67877 
56.3608 -0.689668 3.28571 0.545051 3.04156 1.67877 1.67877 
46.3288 -2.00642 3.42906 0.545051 3.04156 1.67877 1.67877 
62.048 -0.689668 3.28571 0.545051 3.04156 1.54498 1.54498 
42.4903 -0.974222 3.34633 0.545051 3.04156 1.67877 1.67877 
34.781 -0.762388 3.76055 0.545051 3.04156 1.67877 1.67877 
84.1735 -0.158023 3.27742 0.545051 3.04156 1.67877 1.67877 
98.9945 0.359896 3.32726 0.545051 3.04156 1.67877 1.67877 
106.464 0.359896 3.32726 0.601584 2.76188 1.67877 1.67877 
102.518 0.359896 3.32726 0.451992 2.30762 1.67877 1.67877 
113.273 0.359896 3.32726 1.0906 1.90599 1.67877 1.67877 
100.732 0.359896 3.32726 1.0906 1.90599 1.09896 1.09896 
51.201 0.504415 2.6975 1.0906 1.90599 1.67877 1.67877 
110.268 0.359896 3.32726 1.0906 1.90599 1.57686 1.57686 
18.8677 -1.43226 3.89986 0.980821 2.10599 1.67877 1.67877 
79.1959 -2.36463 2.37211 0.980821 2.10599 2.03741 2.03741 
85.0359 -2.36463 2.37211 0.359612 2.06223 2.03741 2.03741 
92.5182 -2.36463 2.37211 0.359612 2.06223 0.364415 0.364415 
90.3959 -2.36463 2.37211 0.944696 2.17596 2.03741 2.03741 
66.4837 -2.36463 2.37211 0.944696 2.17596 1.37004 1.37004 
73.6709 -2.36463 2.37211 -1.89493 2.36314 2.03741 2.03741 
88.7293 -2.36463 2.37211 -1.27591 2.35491 2.03741 2.03741 
65.373 -2.36463 2.37211 -1.89493 2.36314 0.513649 0.513649 
78.2773 -3.19341 2.57949 -1.89493 2.36314 2.03741 2.03741 
124.093 -3.19341 2.57949 -1.89493 2.36314 2.3214 2.3214 
55.2896 -3.19341 2.57949 -3.18508 2.53352 2.03741 2.03741 
88.9609 -3.19341 2.57949 -1.89493 2.36314 -0.227209 -0.227209 
71.0751 -3.19341 2.57949 -1.85292 2.0424 2.03741 2.03741 
93.557 -3.19341 2.57949 -1.91178 2.3372 2.03741 2.03741 
90.6002 -3.19341 2.57949 -1.85292 2.0424 -1.16906 -1.16906 
61.3211 -3.06321 3.49535 -1.85292 2.0424 2.03741 2.03741 
87.0309 -3.4912 3.34828 -1.85292 2.0424 2.03741 2.03741 
70.9825 -3.4912 3.34828 -1.85292 2.0424 -0.325808 -0.325808 
110.438 -2.65564 3.15231 -1.85292 2.0424 2.03741 2.03741 
142.2 -2.65564 3.15231 -1.85292 2.0424 0.342674 0.342674 
88.3611 -3.12694 3.64015 -1.85292 2.0424 2.03741 2.03741 
93.513 -3.12694 3.64015 -2.22203 2.90651 2.03741 2.03741 
92.6572 -2.30727 3.02066 -2.22203 2.90651 2.03741 2.03741 
97.7108 -2.30727 3.02066 -2.22203 2.90651 1.27903 1.27903 
18.714 -2.36463 2.37211 -0.277756 2.21339 1.67877 1.67877 
55.5717 -2.36463 2.37211 0.980821 2.10599 1.00424 1.00424 
83.8884 0.0473876 2.94533 0.980821 2.10599 1.67877 1.67877 
103.726 -0.604903 3.27258 0.980821 2.10599 1.67877 1.67877 
81.695 0.594869 3.7775 0.980821 2.10599 1.67877 1.67877 
73.0237 0.594869 3.7775 0.980821 2.10599 1.9279 1.9279 
66.2537 0.594869 3.7775 0.980821 2.10599 1.77973 1.77973 
84.7154 0.594869 3.7775 0.980821 2.10599 1.62062 1.62062 
97.2499 0.0568156 2.47644 0.980821 2.10599 1.62062 1.62062 
83.2973 0.0568156 2.47644 0.980821 2.10599 2.03274 2.03274 
108.041 0.0568156 2.47644 1.14637 2.45631 2.03274 2.03274 
88.4896 0.0568156 2.47644 1.14637 2.45631 1.5313 1.5313 
96.6037 0.0568156 2.47644 1.14637 2.45631 1.28522 1.28522 
87.9856 0.0568156 2.47644 1.35954 2.31587 1.5313 1.5313 
79.3565 -0.181209 3.44504 1.35954 2.31587 1.5313 1.5313 
59.2525 -0.181209 3.44504 1.35954 2.31587 2.01582 2.01582 
36.5993 -2.14009 3.57229 1.35954 2.31587 1.5313 1.5313 
114.458 -3.30703 3.33106 1.35954 2.31587 1.5313 1.5313 
97.3902 -3.30703 3.33106 0.630966 2.90554 1.5313 1.5313 
99.7056 -3.30703 3.33106 1.35954 2.31587 1.40248 1.40248 
132.655 -1.42584 3.11294 1.35954 2.31587 1.40248 1.40248 
92.8981 -3.30703 3.33106 1.11037 1.48284 1.40248 1.40248 
89.9644 -3.30703 3.33106 1.35954 2.31587 1.46443 1.46443 
63.8482 -3.30703 3.33106 0.427901 1.50603 1.46443 1.46443 
77.6578 -3.13986 2.74126 1.35954 2.31587 1.46443 1.46443 
17.7861 -2.36463 2.37211 0.968975 1.79074 1.67877 1.67877 
72.556 -2.36463 2.37211 0.803039 2.21665 1.67877 1.67877 
56.2404 0.423839 2.88082 0.980821 2.10599 1.67877 1.67877 
88.4341 -2.36463 2.37211 0.980821 2.10599 1.96791 1.96791 
58.0299 -2.36463 2.37211 -2.22795 1.86887 1.67877 1.67877 
46.7459 -2.36463 2.37211 0.980821 2.10599 1.85727 1.85727 
114.344 -2.36463 2.37211 -0.816148 1.99639 1.67877 1.67877 
94.8333 -2.43951 3.05764 0.980821 2.10599 1.67877 1.67877 
62.6233 -2.36463 2.37211 0.980821 2.10599 1.90462 1.90462 
109.855 -2.36463 2.37211 0.980821 2.10599 1.91728 1.91728 
80.8397 -1.95203 2.17079 0.980821 2.10599 1.91728 1.91728 
63.005 -1.95203 2.17079 -1.06875 1.98376 1.91728 1.91728 
96.4108 -3.39598 2.47904 -1.06875 1.98376 1.91728 1.91728 
64.9799 -1.95203 2.17079 0.874713 2.08468 1.91728 1.91728 
24.1024 -1.95203 2.17079 0.874713 2.08468 1.53541 1.53541 
104.239 -1.95203 2.17079 1.14394 2.02056 1.91728 1.91728 
36.2609 -1.95203 2.17079 0.574161 2.05326 1.91728 1.91728 
97.9829 -1.95203 2.17079 0.874713 2.08468 1.51151 1.51151 
63.2002 -1.95203 2.17079 0.874713 2.08468 1.76046 1.76046 
44.2075 -1.95203 2.17079 0.874713 2.08468 1.07575 1.07575 
55.0733 -1.95203 2.17079 0.874713 2.08468 1.76044 1.76044 
101.137 -1.95203 2.17079 0.874713 2.08468 1.21905 1.21905 
59.2033 -1.95203 2.17079 0.874713 2.08468 0.988499 0.988499 
36.493 -1.95203 2.17079 -1.89574 2.14081 1.91728 1.91728 
106.248 -1.95203 2.17079 0.874713 2.08468 1.86448 1.86448 
74.5669 -2.36463 2.37211 1.47681 2.15439 1.67877 1.67877 
108.818 -2.86031 3.91732 1.47681 2.15439 1.67877 1.67877 
98.6574 -2.36463 2.37211 1.47681 2.15439 2.00861 2.00861 
92.4974 -2.36463 2.37211 1.47681 2.15439 1.76405 1.76405 
46.0705 -0.931161 2.77206 1.47681 2.15439 1.76405 1.76405 
98.2995 0.504287 2.2101 1.47681 2.15439 1.76405 1.76405 
99.5916 0.0143752 2.56769 1.47681 2.15439 1.76405 1.76405 
75.5907 0.0143752 2.56769 0.511457 2.40251 1.76405 1.76405 
41.8901 0.0143752 2.56769 0.511457 2.40251 2.12884 2.12884 
49.4553 0.0143752 2.56769 0.511457 2.40251 1.66655 1.66655 
96.3599 0.0143752 2.56769 0.323101 2.01345 1.76405 1.76405 
52.6032 0.0143752 2.56769 1.22365 2.26166 1.76405 1.76405 
71.7222 0.0143752 2.56769 0.511457 2.40251 0.83335 0.83335 
67.0287 -0.733889 3.68532 0.511457 2.40251 1.76405 1.76405 
65.7162 -1.08503 2.94663 0.511457 2.40251 1.76405 1.76405 
80.7303 -1.08503 2.94663 -0.252126 2.82469 1.76405 1.76405 
83.3865 -1.08503 2.94663 -0.115104 2.15331 1.76405 1.76405 
69.5395 -1.08503 2.94663 -0.115104 2.15331 0.798087 0.798087 
67.9071 -1.08503 2.94663 -0.115104 2.15331 1.59725 1.59725 
74.8668 -1.08503 2.94663 1.16036 2.5962 1.76405 1.76405 
29.0176 0.304233 2.96358 1.16036 2.5962 1.76405 1.76405 
87.4448 -1.08503 2.94663 0.7766 2.21037 1.76405 1.76405 
76.7849 -0.572468 2.91937 1.16036 2.5962 1.76405 1.76405 
84.7785 -2.26954 2.98456 1.16036 2.5962 1.76405 1.76405 
53.776 -1.46093 2.638 1.16036 2.5962 1.76405 1.76405 
41.1983 -1.9178 2.87605 0.980821 2.10599 1.67877 1.67877 
62.2663 -2.36463 2.37211 -0.823629 1.7289 1.67877 1.67877 
61.1367 -2.36463 2.37211 0.0703603 1.81091 1.67877 1.67877 
82.871 -3.9426 2.52013 0.980821 2.10599 1.67877 1.67877 
69.0121 -2.36463 2.37211 -2.31599 2.24439 1.67877 1.67877 
82.5616 -2.36463 2.37211 0.980821 2.10599 1.35149 1.35149 
57.8558 -2.36463 2.37211 0.449096 1.76062 1.67877 1.67877 
52.3805 -2.10308 3.59867 0.980821 2.10599 1.67877 1.67877 
48.1912 -3.44312 2.6144 0.980821 2.10599 1.67877 1.67877 
23.3721 -3.44312 2.6144 0.980821 2.10599 1.43432 1.43432 
72.3648 -3.44312 2.6144 1.31309 1.73135 1.67877 1.67877 
84.168 0.705474 3.74129 0.980821 2.10599 1.78756 1.78756 
64.0547 -2.52763 2.58459 0.980821 2.10599 1.67877 1.67877 
84.7472 -2.36463 2.37211 0.984953 2.2534 1.88083 1.88083 
82.0591 -2.98603 2.42311 1.57911 2.30543 1.91926 1.91926 
58.1301 -3.00506 2.93017 0.980821 2.10599 1.67877 1.67877 
43.9262 -2.24689 3.30898 -0.445781 2.88534 1.1949 1.1949 
58.2258 -1.68007 3.23928 0.980821 2.10599 1.67877 1.67877 
73.6915 -1.60249 3.58401 0.531104 2.33563 1.68541 1.68541 
65.4868 -2.19262 2.69678 1.10932 2.35683 1.75549 1.75549 
61.8415 -1.32063 2.96497 -1.30924 2.03847 1.95559 1.95559 
67.0581 -2.36463 2.37211 0.980821 2.10599 1.11117 1.11117 
65.3739 -2.65387 3.03009 1.50794 2.28952 1.67877 1.67877 
56.7676 -3.55426 2.71259 0.980821 2.10599 1.67877 1.67877 
54.8615 -1.82937 3.89375 1.11154 2.8585 1.67877 1.67877 
59.0385 -2.36463 2.37211 1.1318 1.92954 1.67877 1.67877 
60.3332 -2.36463 2.37211 0.980821 2.10599 1.79544 1.79544 
59.6021 -2.36463 2.37211 0.980821 2.10599 1.05133 1.05133 
53.8261 -2.81901 2.42948 0.980821 2.10599 1.67877 1.67877 
61.855 -2.3416 2.67954 0.980821 2.10599 1.40958 1.40958 
61.315 -2.06774 2.64056 0.980821 2.10599 1.88244 1.88244 
57.6541 -2.77621 2.66242 0.980821 2.10599 1.67877 1.67877 
61.9725 -2.36463 2.37211 0.980821 2.10599 1.80905 1.80905 
60.9828 -3.00558 2.48048 0.980821 2.10599 1.67877 1.67877 
56.4808 -2.69292 2.61915 0.980821 2.10599 1.67877 1.67877 
64.2834 -2.22604 2.84462 1.2921 2.35776 1.66543 1.66543 
61.6212 -1.72748 2.4212 0.81662 1.88698 1.67877 1.67877 
55.161 -2.36463 2.37211 0.980821 2.10599 1.58472 1.58472 
53.3452 -2.36463 2.37211 0.980821 2.10599 1.57496 1.57496 
56.3162 -2.36463 2.37211 0.917082 2.19304 1.72225 1.72225 
56.5646 -2.62212 2.37626 0.980821 2.10599 1.67877 1.67877 
60.0599 -2.17373 2.23129 0.994343 1.94896 1.78605 1.78605 
55.7345 -2.36463 2.37211 0.980821 2.10599 1.72287 1.72287 
56.7468 -2.35615 2.23109 0.980821 2.10599 1.67877 1.67877 
60.7181 -2.3526 2.34638 1.02561 2.23943 1.66431 1.66431 
57.6366 -2.34481 2.43021 0.980821 2.10599 1.66145 1.66145 
57.5983 -2.54221 2.49788 1.00597 2.1054 1.69814 1.69814 
56.5792 -2.35187 2.39572 0.980821 2.10599 1.65461 1.65461 
58.1629 -2.40165 2.29733 0.976893 2.20373 1.63188 1.63188 
57.5072 -2.35135 2.38133 0.853326 2.00645 1.67877 1.67877 
59.8329 -2.31555 2.37901 0.980821 2.10599 1.85225 1.85225 
58.3916 -2.35522 2.48475 0.966233 2.06089 1.7482 1.7482 
56.2818 -2.52284 2.397 0.950393 2.13185 1.67877 1.67877 
56.1768 -2.28272 2.40646 0.909936 2.19239 1.65286 1.65286 
57.0108 -2.45553 2.33723 1.00142 2.14825 1.67877 1.67877 
56.8547 -2.36463 2.37211 1.00284 2.0813 1.67877 1.67877 
57.1428 -2.36463 2.37211 0.983219 2.10955 1.67877 1.67877 
57.383 -2.35086 2.37348 0.96004 2.09463 1.67877 1.67877 
56.7543 -2.38654 2.39461 0.973699 2.11628 1.67877 1.67877 
56.7776 -2.35299 2.40259 0.980821 2.10599 1.6763 1.6763 
56.9344 -2.27149 2.33788 0.948463 2.15187 1.6817 1.6817 
56.8977 -2.356 2.35774 0.96016 2.13757 1.67877 1.67877 
56.8917 -2.36463 2.37211 0.969113 2.1183 1.71397 1.71397 
57.1937 -2.39737 2.37117 0.972175 2.16281 1.68893 1.68893 
57.6527 -2.37451 2.38403 0.97654 2.10086 1.69243 1.69243 
56.6413 -2.38532 2.38478 0.918874 2.18215 1.67077 1.67077 
57.3764 -2.36219 2.38742 0.980821 2.10599 1.67877 1.67877 
56.9765 -2.36376 2.38624 0.972819 2.10999 1.68646 1.68646 
57.0549 -2.37637 2.37693 0.990424 2.09713 1.68633 1.68633 
57.5194 -2.37448 2.37788 0.961206 2.1379 1.67357 1.67357 
56.7283 -2.36463 2.37211 0.990942 2.10636 1.67877 1.67877 
56.8958 -2.35883 2.37147 0.980821 2.10599 1.67877 1.67877 
56.9604 -2.36568 2.3939 0.965367 2.12642 1.67877 1.67877 
56.7264 -2.36463 2.37211 0.985893 2.10601 1.67877 1.67877 
56.8613 -2.36463 2.37211 0.982651 2.10232 1.67877 1.67877 
57.0632 -2.36844 2.37271 0.985757 2.10887 1.67795 1.67795 
56.9427 -2.36463 2.37211 0.979547 2.11165 1.66473 1.66473 
56.7485 -2.36603 2.36947 0.980821 2.10599 1.67877 1.67877 
56.8138 -2.36463 2.37211 0.980821 2.10599 1.67528 1.67528 
56.9684 -2.36463 2.37211 0.985998 2.10451 1.67977 1.67977 
56.9664 -2.35616 2.38533 0.988817 2.10265 1.68089 1.68089 
56.9162 -2.3647 2.37355 0.980821 2.10599 1.67412 1.67412 
56.959 -2.36103 2.37318 0.980821 2.10599 1.67964 1.67964 
56.8374 -2.36463 2.37211 0.96916 2.11884 1.67981 1.67981 
56.8818 -2.36775 2.371 0.977742 2.10944 1.67877 1.67877 
56.862 -2.36137 2.38704 0.980193 2.10614 1.68075 1.68075 
56.8937 -2.36268 2.37354 0.976363 2.1098 1.67944 1.67944 
56.9069 -2.36549 2.37344 0.978591 2.1063 1.67916 1.67916 
56.8434 -2.3644 2.37032 0.975674 2.10932 1.68001 1.68001 
56.8479 -2.36355 2.37266 0.978183 2.10659 1.67877 1.67877 
56.844 -2.36463 2.37211 0.980821 2.10599 1.67937 1.67937 
56.8658 -2.36286 2.37516 0.98021 2.108 1.67899 1.67899 
56.8724 -2.36567 2.37359 0.980821 2.10599 1.67747 1.67747 
56.8906 -2.36463 2.37211 0.978422 2.1051 1.67975 1.67975 
56.8609 -2.36338 2.37022 0.980275 2.10703 1.67877 1.67877 
56.9019 -2.36326 2.37238 0.980882 2.10715 1.67877 1.67877 
56.8531 -2.36463 2.37211 0.980821 2.10599 1.67766 1.67766 
56.8439 -2.36822 2.3715 0.979419 2.10969 1.67939 1.67939 
56.854 -2.36463 2.37211 0.98029 2.10609 1.67877 1.67877 
56.8573 -2.3645 2.37141 0.980821 2.10599 1.67909 1.67909 
56.8998 -2.36472 2.37176 0.981353 2.10681 1.67911 1.67911 
56.8489 -2.36352 2.37276 0.979304 2.1081 1.67876 1.67876 
56.8478 -2.36714 2.37332 0.980659 2.1065 1.67877 1.67877 
56.8485 -2.3637 2.37254 0.980821 2.10599 1.67934 1.67934 
56.843 -2.36412 2.37016 0.979858 2.10854 1.67877 1.67877 
80.3608 -2.36463 2.37211 -0.042395 2.08151 1.67877 1.67877 
77.3835 -2.36463 2.37211 -1.86307 2.31678 1.67877 1.67877 
15.7881 -2.36463 2.37211 -0.736257 1.81392 1.67877 1.67877 
49.8887 -2.36463 2.37211 -1.28799 2.04902 1.67877 1.67877 
91.3655 -2.36463 2.37211 0.980821 2.10599 1.47353 1.47353 
91.8437 -2.94156 2.97576 0.980821 2.10599 1.67877 1.67877 
87.904 -2.94156 2.97576 -1.32175 2.76586 1.67877 1.67877 
127.534 -2.94156 2.97576 0.817345 2.58596 1.67877 1.67877 
40.3651 -2.94156 2.97576 0.702197 2.60325 1.67877 1.67877 
128.918 -2.94156 2.97576 -1.32175 2.76586 1.07701 1.07701 
108.07 -2.94156 2.97576 -1.82578 1.80669 1.67877 1.67877 
89.2165 -2.94156 2.97576 -1.32175 2.76586 -0.294314 -0.294314 
70.0145 -2.1716 3.06882 -1.32175 2.76586 1.67877 1.67877 
68.7934 -2.1716 3.06882 -1.32175 2.76586 2.36972 2.36972 
43.3761 -2.1716 3.06882 0.209457 2.48114 2.36972 2.36972 
92.7617 -2.36463 2.37211 0.980821 2.10599 1.62249 1.62249 
4.56186 0.37422 3.49704 0.980821 2.10599 1.67877 1.67877 
56.4325 0.201738 3.54728 0.980821 2.10599 1.67877 1.67877 
62.0466 0.0690768 2.42065 0.980821 2.10599 1.67877 1.67877 
86.1175 0.0690768 2.42065 1.22399 2.26777 1.67877 1.67877 
51.3116 0.0690768 2.42065 1.179 2.04044 1.67877 1.67877 
56.9405 0.0690768 2.42065 1.22399 2.26777 1.51285 1.51285 
66.4513 0.0690768 2.42065 0.620887 2.22542 1.51285 1.51285 
53.4944 0.0690768 2.42065 1.22399 2.26777 1.62387 1.62387 
80.9131 0.0690768 2.42065 0.946567 1.8389 1.51285 1.51285 
39.7627 0.0690768 2.42065 1.22399 2.26777 1.69969 1.69969 
47.7478 0.0690768 2.42065 0.462339 2.15438 1.69969 1.69969 
63.4147 -0.00850959 3.05291 0.462339 2.15438 1.69969 1.69969 
47.4031 -0.00850959 3.05291 0.520778 2.26207 1.69969 1.69969 
42.7332 -0.00850959 3.05291 -0.00594476 1.94981 1.69969 1.69969 
96.3175 -0.00850959 3.05291 0.764585 2.1914 1.69969 1.69969 
110.224 -0.00850959 3.05291 1.29308 2.56877 1.69969 1.69969 
97.9189 -0.00850959 3.05291 0.690819 2.69799 1.69969 1.69969 
75.1802 -0.299657 3.41897 0.690819 2.69799 1.69969 1.69969 
103.964 -0.299657 3.41897 1.68464 3.05373 1.69969 1.69969 
55.7347 -0.299657 3.41897 1.68464 3.05373 2.80016 2.80016 
148.552 -0.299657 3.41897 0.993405 2.28735 1.69969 1.69969 
144.927 -0.299657 3.41897 1.1788 2.99881 1.69969 1.69969 
131.815 0.393191 3.66051 1.1788 2.99881 1.69969 1.69969 
66.3432 0.466454 3.04545 1.1788 2.99881 1.69969 1.69969 
33.1027 -1.03335 3.70532 0.980821 2.10599 1.67877 1.67877 
63.1168 -2.36463 2.37211 0.980821 2.10599 1.32512 1.32512 
85.566 -2.36463 2.37211 0.980821 2.10599 1.92786 1.92786 
39.998 -2.19549 3.70125 0.980821 2.10599 1.67877 1.67877 
15.6014 -2.36463 2.37211 0.642664 2.0813 1.67877 1.67877 
101.611 -2.36463 2.37211 0.980821 2.10599 0.980954 0.980954 
102.338 -2.36463 2.37211 0.980821 2.10599 1.43431 1.43431 
115.97 -2.36463 2.37211 0.270089 1.68429 1.67877 1.67877 
52.5763 -2.36463 2.37211 0.980821 2.10599 1.8037 1.8037 
33.9934 -2.36463 2.37211 0.980821 2.10599 1.55829 1.55829 
57.7753 -2.36463 2.37211 -0.328366 1.74139 1.67877 1.67877 
64.1197 -2.36463 2.37211 0.980821 2.10599 1.90157 1.90157 
128.785 -2.36463 2.37211 -0.20009 1.79609 1.67877 1.67877 
91.8441 -2.36463 2.37211 0.980821 2.10599 1.83462 1.83462 
92.906 -0.627815 2.96699 0.980821 2.10599 1.67877 1.67877 
62.443 -0.627815 2.96699 0.798271 2.53538 1.67877 1.67877 
62.386 -0.490879 3.2145 0.798271 2.53538 1.67877 1.67877 
51.4608 -0.490879 3.2145 0.798271 2.53538 1.38964 1.38964 
72.8333 -2.80272 2.62715 0.798271 2.53538 1.67877 1.67877 
41.0477 -2.80272 2.62715 0.445504 2.24992 1.67877 1.67877 
96.1915 -2.80272 2.62715 0.798271 2.53538 2.27177 2.27177 
100.27 -2.80272 2.62715 0.798271 2.53538 1.23867 1.23867 
121.613 -2.80272 2.62715 -2.12689 2.59976 2.27177 2.27177 
111.669 -2.80272 2.62715 0.798271 2.53538 1.66247 1.66247 
80.127 -2.80272 2.62715 0.798271 2.53538 1.58187 1.58187 
109.665 -2.36463 2.37211 0.0918584 2.05702 1.67877 1.67877 
73.6795 -3.93588 3.95468 0.980821 2.10599 1.67877 1.67877 
12.4381 -3.93588 3.95468 0.980821 2.10599 1.83721 1.83721 
47.1848 -1.82364 3.42844 0.980821 2.10599 1.67877 1.67877 
108.045 -1.82364 3.42844 0.980821 2.10599 1.00207 1.00207 
61.2256 -1.82364 3.42844 0.931548 2.5062 1.67877 1.67877 
73.3497 -1.82364 3.42844 0.931548 2.5062 1.35153 1.35153 
110.18 -1.82364 3.42844 1.66011 1.75686 1.67877 1.67877 
116.85 -1.82364 3.42844 0.600889 1.80813 1.67877 1.67877 
134.209 -1.82364 3.42844 1.20609 1.89733 1.67877 1.67877 
104.765 -1.82364 3.42844 1.66011 1.75686 1.69265 1.69265 
89.6826 -1.77129 1.88446 1.66011 1.75686 1.69265 1.69265 
144.571 -1.82364 3.42844 1.59021 2.42158 1.69265 1.69265 
153.18 -1.82364 3.42844 1.59021 2.42158 1.95453 1.95453 
143.053 -1.82364 3.42844 1.59021 2.42158 2.33233 2.33233 
120.552 -1.82364 3.42844 -1.60106 3.14939 2.33233 2.33233 
153.047 -1.82364 3.42844 -1.2569 2.97261 2.33233 2.33233 
114.183 -1.74103 3.48994 -1.60106 3.14939 2.33233 2.33233 
83.3803 -1.74103 3.48994 1.47322 2.46078 2.33233 2.33233 
61.8524 -1.74103 3.48994 1.95586 2.46411 2.33233 2.33233 
118.89 -1.74103 3.48994 1.47322 2.46078 2.01618 2.01618 
112.499 -0.577221 3.66294 1.47322 2.46078 2.01618 2.01618 
101.753 -0.577221 3.66294 1.47322 2.46078 1.68763 1.68763 
129.454 -0.577221 3.66294 1.47322 2.46078 1.80485 1.80485 
93.8542 -0.577221 3.66294 1.47322 2.46078 2.40441 2.40441 
89.8319 -2.36463 2.37211 0.980821 2.10599 1.01447 1.01447 
55.9729 -2.36463 2.37211 0.980821 2.10599 1.54962 1.54962 
32.3988 -3.61881 2.75052 0.980821 2.10599 1.67877 1.67877 
108.853 -0.681302 2.68787 0.980821 2.10599 1.67877 1.67877 
87.3778 -2.36463 2.37211 0.980821 2.10599 2.08374 2.08374 
54.0666 -2.36463 2.37211 1.4731 1.68004 1.67877 1.67877 
67.6825 -3.63475 2.62447 0.980821 2.10599 1.67877 1.67877 
52.181 -2.16866 2.15494 0.980821 2.10599 1.67877 1.67877 
40.1418 -2.36463 2.37211 -1.55527 1.79329 1.67877 1.67877 
48.527 -2.36463 2.37211 0.980821 2.10599 1.67433 1.67433 
71.9788 -2.36463 2.37211 -0.633032 1.69729 1.67877 1.67877 
33.4847 -2.36463 2.37211 0.980821 2.10599 1.32833 1.32833 
21.1606 -2.36463 2.37211 0.980821 2.10599 1.15307 1.15307 
63.8237 -2.36463 2.37211 0.980821 2.10599 1.05813 1.05813 
71.7428 -1.82511 3.36629 0.980821 2.10599 1.67877 1.67877 
90.0445 0.6454 3.16497 0.980821 2.10599 1.67877 1.67877 
51.0843 0.6454 3.16497 0.817697 1.99262 1.67877 1.67877 
63.4747 0.6454 3.16497 0.980821 2.10599 0.986766 0.986766 
60.9868 0.286393 3.99833 0.980821 2.10599 1.67877 1.67877 
52.2531 0.286393 3.99833 0.518497 2.18658 1.67877 1.67877 
40.7183 -0.109792 3.01262 0.518497 2.18658 1.67877 1.67877 
59.8251 0.286393 3.99833 0.583108 2.24038 1.67877 1.67877 
19.5122 -1.83821 3.07181 0.583108 2.24038 1.67877 1.67877 
108.989 0.286393 3.99833 1.09377 2.16009 1.67877 1.67877 
108.656 0.0995105 2.88813 1.09377 2.16009 1.67877 1.67877 
55.9584 -2.20135 2.84045 0.980821 2.10599 1.67877 1.67877 
36.2907 -2.36463 2.37211 1.28431 2.14358 1.67877 1.67877 
6.00316 -0.750718 3.87109 0.980821 2.10599 1.67877 1.67877 
32.4462 -2.36463 2.37211 0.980821 2.10599 1.66307 1.66307 
56.3076 -2.36463 2.37211 -0.595848 2.33642 1.67877 1.67877 
93.7495 -0.820427 2.66451 0.980821 2.10599 1.67877 1.67877 
26.4138 -2.36463 2.37211 -0.390109 2.19163 1.67877 1.67877 
74.3131 -2.36463 2.37211 1.14995 1.90077 1.67877 1.67877 
25.2247 -2.36463 2.37211 0.221669 2.12118 1.67877 1.67877 
98.412 -2.36463 2.37211 0.980821 2.10599 1.95231 1.95231 
100.922 -2.36463 2.37211 0.980821 2.10599 1.57652 1.57652 
67.2567 -2.36463 2.37211 1.24472 2.15821 1.95231 1.95231 
85.586 0.562396 3.44921 0.980821 2.10599 1.95231 1.95231 
59.0572 0.562396 3.44921 0.980821 2.10599 1.42541 1.42541 
115.965 0.273594 3.12786 0.980821 2.10599 1.95231 1.95231 
90.9283 0.273594 3.12786 1.01614 2.99202 1.95231 1.95231 
88.6592 -1.41507 3.14 1.01614 2.99202 1.95231 1.95231 
140.762 -1.41507 3.14 1.01614 2.99202 2.18972 2.18972 
147.18 -0.343963 3.36213 1.01614 2.99202 1.95231 1.95231 
138.544 -0.343963 3.36213 1.01614 2.99202 1.29907 1.29907 
134.21 -2.94248 3.77807 1.01614 2.99202 1.95231 1.95231 
112.512 -2.99475 3.90819 1.01614 2.99202 1.95231 1.95231 
71.4466 -2.99475 3.90819 1.01614 2.99202 1.60412 1.60412 
56.1316 -3.55759 3.86252 1.01614 2.99202 1.60412 1.60412 
75.5488 -2.99475 3.90819 1.01614 2.99202 2.87182 2.87182 
70.8422 -3.62268 3.61139 0.980821 2.10599 1.67877 1.67877 
98.3856 -2.36463 2.37211 0.950893 1.74608 1.67877 1.67877 
63.9292 -2.36463 2.37211 -1.08979 2.25941 1.67877 1.67877 
14.5727 -2.36463 2.37211 0.980821 2.10599 1.7944 1.7944 
31.9308 -2.36463 2.37211 0.520656 1.85399 1.67877 1.67877 
11.8989 -2.36463 2.37211 -1.40234 2.03913 1.67877 1.67877 
77.8046 -2.36463 2.37211 0.980821 2.10599 1.53873 1.53873 
63.4004 -2.36463 2.37211 0.980821 2.10599 1.7204 1.7204 
106.903 -2.36463 2.37211 0.980821 2.10599 1.67508 1.67508 
62.3946 -2.36463 2.37211 -0.378009 2.08034 1.7204 1.7204 
82.2276 -2.36463 2.37211 0.980821 2.10599 1.77436 1.77436 
40.8513 -2.36463 2.37211 0.980821 2.10599 1.32529 1.32529 
103.74 -2.36463 2.37211 0.980821 2.10599 1.78798 1.78798 
66.8832 -2.36463 2.37211 -1.16589 2.13369 1.77436 1.77436 
89.9224 -2.36463 2.37211 -2.22971 2.16556 1.77436 1.77436 
44.3703 -2.36463 2.37211 -1.16589 2.13369 -0.327598 -0.327598 
43.3805 -2.36463 2.37211 -1.16589 2.13369 1.01023 1.01023 
93.4483 -2.93487 2.26408 -1.16589 2.13369 1.77436 1.77436 
94.6112 -2.93487 2.26408 -1.16589 2.13369 1.84698 1.84698 
116.855 -2.93487 2.26408 -1.16589 2.13369 -0.582493 -0.582493 
114.9 -2.93487 2.26408 1.20039 1.92868 1.84698 1.84698 
85.4655 -2.93487 2.26408 1.84278 2.25377 1.84698 1.84698 
104.014 -1.62205 2.51851 1.84278 2.25377 1.84698 1.84698 
83.7108 -1.62205 2.51851 1.03236 2.40701 1.84698 1.84698 
110.544 -3.66919 2.505 1.03236 2.40701 1.84698 1.84698 
7.44413 -2.36463 2.37211 0.980821 2.10599 1.68366 1.68366 
58.8972 -2.36463 2.37211 0.980821 2.10599 1.82866 1.82866 
102.186 -2.36463 2.37211 -0.120179 1.80482 1.67877 1.67877 
24.4686 -2.36463 2.37211 0.980821 2.10599 1.36108 1.36108 
21.9432 -2.36463 2.37211 0.980821 2.10599 1.52685 1.52685 
34.5173 -2.36463 2.37211 0.980821 2.10599 1.45067 1.45067 
69.1139 -2.36463 2.37211 0.980821 2.10599 1.64945 1.64945 
36.06 -2.36463 2.37211 -0.553608 2.28324 1.67877 1.67877 
74.5654 -3.2906 2.59876 0.980821 2.10599 1.67877 1.67877 
46.8287 -3.2906 2.59876 0.980821 2.10599 1.53736 1.53736 
91.6622 -3.2906 2.59876 0.980821 2.10599 1.11435 1.11435 
47.8881 -2.46329 3.16165 0.980821 2.10599 1.67877 1.67877 
37.9999 -3.96095 2.99194 0.980821 2.10599 1.67877 1.67877 
64.5796 -2.41349 2.62225 0.980821 2.10599 1.67877 1.67877 
48.2433 -2.41349 2.62225 0.980821 2.10599 1.20106 1.20106 
117.158 -2.41349 2.62225 1.58895 2.37094 1.67877 1.67877 
104.376 -2.70866 3.30581 1.58895 2.37094 1.67877 1.67877 
96.47 -2.70866 3.30581 1.58895 2.37094 1.74241 1.74241 
93.5973 -3.86688 2.66686 1.58895 2.37094 1.74241 1.74241 
36.9957 -3.86688 2.66686 1.58895 2.37094 1.59536 1.59536 
123.079 -3.86688 2.66686 1.58895 2.37094 1.91882 1.91882 
99.9338 -3.86688 2.66686 1.70944 2.47553 1.74241 1.74241 
121.128 -0.300331 3.35887 1.70944 2.47553 1.74241 1.74241 
126.184 -0.0228723 3.55184 1.70944 2.47553 1.74241 1.74241 
134.531 -2.14317 3.59413 1.70944 2.47553 1.74241 1.74241 
49.3965 -2.36463 2.37211 -0.688297 2.30498 1.67877 1.67877 
46.6846 -0.599994 2.18658 0.980821 2.10599 1.67877 1.67877 
15.2307 -2.36463 2.37211 -0.340517 2.11461 1.67877 1.67877 
84.7081 -2.36463 2.37211 0.407295 2.12148 1.67877 1.67877 
46.3024 -2.36463 2.37211 0.980821 2.10599 1.91022 1.91022 
46.4953 -2.36463 2.37211 0.980821 2.10599 1.31233 1.31233 
61.7944 -2.36463 2.37211 0.980821 2.10599 1.33078 1.33078 
46.8207 -2.36463 2.37211 0.121627 2.36045 1.67877 1.67877 
54.1639 -2.36463 2.37211 -2.27658 2.13067 1.67877 1.67877 
62.8607 -1.23114 2.24634 0.980821 2.10599 1.67877 1.67877 
50.4741 -2.36463 2.37211 0.980821 2.10599 1.4672 1.4672 
36.2565 -2.03903 2.15232 0.980821 2.10599 1.67877 1.67877 
65.7382 -2.36463 2.37211 1.08856 2.00268 1.67877 1.67877 
48.2754 -2.36463 2.37211 -0.998816 1.82617 1.67877 1.67877 
98.2856 -2.36463 2.37211 -0.535055 1.81473 1.67877 1.67877 
105.063 -2.36463 2.37211 0.980821 2.10599 1.14369 1.14369 
40.1029 -2.36463 2.37211 0.980821 2.10599 1.32818 1.32818 
19.4377 -2.36463 2.37211 0.980821 2.10599 1.61245 1.61245 
70.1724 -2.34288 3.70953 0.980821 2.10599 1.67877 1.67877 
55.8154 -2.34288 3.70953 0.980821 2.10599 1.18538 1.18538 
57.6968 -2.34288 3.70953 -2.00903 1.91782 1.67877 1.67877 
74.0307 -2.34288 3.70953 0.786766 3.24491 1.67877 1.67877 
65.3478 -2.34288 3.70953 -2.02354 1.72987 1.67877 1.67877 
67.9061 -3.28914 3.65173 0.786766 3.24491 1.67877 1.67877 
80.3763 -1.3352 3.55647 0.786766 3.24491 1.67877 1.67877 
24.056 -2.36463 2.37211 0.980821 2.10599 1.08472 1.08472 
55.7547 -1.47154 2.4384 0.980821 2.10599 1.67877 1.67877 
82.1257 -1.88957 2.4756 0.980821 2.10599 1.67877 1.67877 
68.7806 -2.36463 2.37211 0.995657 1.70345 1.67877 1.67877 
5.67167 -2.36463 2.37211 0.980821 2.10599 1.08384 1.08384 
65.7021 -1.8044 3.0616 0.980821 2.10599 1.67877 1.67877 
83.8017 -1.8044 3.0616 0.980821 2.10599 2.06485 2.06485 
41.1824 -1.8044 3.0616 -0.567435 2.09637 1.67877 1.67877 
96.5896 -0.817873 3.53201 0.980821 2.10599 1.67877 1.67877 
85.2777 -1.8044 3.0616 0.980821 2.10599 1.02633 1.02633 
44.4368 -3.31152 3.08798 0.980821 2.10599 1.67877 1.67877 
62.8032 -1.8044 3.0616 0.115737 2.01313 1.67877 1.67877 
61.0804 -1.8044 3.0616 -0.732464 2.88169 1.67877 1.67877 
54.2105 -1.8044 3.0616 -0.732464 2.88169 1.10967 1.10967 
51.2563 -1.8044 3.0616 0.780821 2.91887 1.67877 1.67877 
62.2526 -2.44181 3.82886 -0.732464 2.88169 1.67877 1.67877 
67.9938 -2.44181 3.82886 -1.41807 2.75652 1.67877 1.67877 
89.6095 -2.44181 3.82886 -0.732464 2.88169 1.99555 1.99555 
120.763 -2.44181 3.82886 -0.732464 2.88169 0.938429 0.938429 
88.4058 -2.72947 3.36407 -0.732464 2.88169 1.99555 1.99555 
96.0989 -2.72947 3.36407 -0.732464 2.88169 0.373721 0.373721 
101.934 -3.24371 3.02289 -0.732464 2.88169 1.99555 1.99555 
125.315 -2.52409 3.66237 -0.732464 2.88169 1.99555 1.99555 
105.66 -2.52409 3.66237 -0.565071 3.57444 1.99555 1.99555 
84.7283 -2.52409 3.66237 -0.565071 3.57444 1.0779 1.0779 
36.2903 -2.36463 2.37211 0.980821 2.10599 1.36824 1.36824 
57.3634 -2.36463 2.37211 0.980821 2.10599 1.85597 1.85597 
45.573 -2.36463 2.37211 0.980821 2.10599 1.61918 1.61918 
67.2435 -2.36463 2.37211 0.980821 2.10599 1.34652 1.34652 
58.5173 -0.362299 3.58251 0.980821 2.10599 1.67877 1.67877 
41.2173 -0.362299 3.58251 0.980821 2.10599 1.43048 1.43048 
67.3354 -0.362299 3.58251 1.43445 2.2867 1.67877 1.67877 
68.515 -0.981891 3.61634 0.980821 2.10599 1.67877 1.67877 
45.7291 -0.981891 3.61634 0.980821 2.10599 1.60322 1.60322 
70.241 -0.981891 3.61634 0.216111 1.99395 1.67877 1.67877 
39.6452 -2.87295 2.87438 0.980821 2.10599 1.67877 1.67877 
37.4006 -0.564731 3.13207 0.980821 2.10599 1.67877 1.67877 
56.8545 -0.346534 2.29732 0.980821 2.10599 1.67877 1.67877 
53.656 -0.981891 3.61634 1.00362 2.16477 1.67877 1.67877 
68.0084 -0.981891 3.61634 0.980821 2.10599 1.25462 1.25462 
54.0052 -0.981891 3.61634 -0.482853 2.12593 1.67877 1.67877 
88.3046 -0.981891 3.61634 0.980821 2.10599 1.93866 1.93866 
110.246 -0.981891 3.61634 0.980821 2.10599 1.73838 1.73838 
82.2913 -0.981891 3.61634 1.19186 2.62028 1.93866 1.93866 
87.5834 -0.981891 3.61634 1.19186 2.62028 1.94056 1.94056 
78.5749 1.16941 2.63756 1.19186 2.62028 1.94056 1.94056 
100.412 -0.981891 3.61634 -0.926376 2.23552 1.94056 1.94056 
107.461 -0.981891 3.61634 0.518753 2.30253 1.94056 1.94056 
76.7506 -1.53151 2.91511 0.518753 2.30253 1.94056 1.94056 
46.8899 -1.53151 2.91511 0.518753 2.30253 2.23725 2.23725 
49.9917 -2.07653 2.17597 0.980821 2.10599 1.67877 1.67877 
105.859 -2.36463 2.37211 0.980821 2.10599 1.33362 1.33362 
120.13 -2.36463 2.37211 0.980821 2.10599 1.65805 1.65805 
82.2739 -2.36463 2.37211 -0.0209911 2.12662 1.67877 1.67877 
81.7562 -0.6016 3.49679 0.980821 2.10599 1.67877 1.67877 
105.148 -0.6016 3.49679 0.77199 2.50802 1.67877 1.67877 
118.021 -0.6016 3.49679 0.77199 2.50802 1.3166 1.3166 
150.466 -0.6016 3.49679 0.77199 2.50802 2.48049 2.48049 
95.5036 -0.6016 3.49679 0.77199 2.50802 2.01987 2.01987 
92.5646 -0.6016 3.49679 0.77199 2.50802 2.43323 2.43323 
94.4433 -0.6016 3.49679 0.77199 2.50802 0.914317 0.914317 
76.3356 -2.05963 2.97745 0.77199 2.50802 2.43323 2.43323 
99.8044 -1.3057 3.06386 0.77199 2.50802 2.43323 2.43323 
131.844 -1.3057 3.06386 -0.192841 2.52595 2.43323 2.43323 
86.9689 -1.3057 3.06386 -1.08247 2.86171 2.43323 2.43323 
105.92 -1.3057 3.06386 0.560284 3.04331 2.43323 2.43323 
109.148 -3.53212 3.6183 0.560284 3.04331 2.43323 2.43323 
94.3415 -2.27033 3.22855 0.560284 3.04331 2.43323 2.43323 
80.2149 -2.27033 3.22855 0.560284 3.04331 2.37748 2.37748 
96.1564 -2.27033 3.22855 2.18101 3.00347 2.37748 2.37748 
43.3907 -2.27033 3.22855 0.560284 3.04331 1.77654 1.77654 
84.1338 -2.65719 3.43142 0.560284 3.04331 2.37748 2.37748 
119.631 -2.65719 3.43142 1.09395 3.27113 2.37748 2.37748 
108.176 -2.65719 3.43142 1.09395 3.27113 3.12108 3.12108 
132.504 -2.65719 3.43142 1.66955 2.83987 2.37748 2.37748 
84.0056 -2.36463 2.37211 0.980821 2.10599 1.20478 1.20478 
28.5844 -2.36463 2.37211 -0.904759 2.11575 1.67877 1.67877 
27.6905 -3.36569 3.06519 0.980821 2.10599 1.67877 1.67877 
83.6124 -2.36463 2.37211 1.19806 2.10022 1.67877 1.67877 
35.24 -2.36463 2.37211 -1.33388 2.34054 1.67877 1.67877 
59.4308 -2.36463 2.37211 0.980821 2.10599 1.72757 1.72757 
44.3933 -2.36463 2.37211 0.980821 2.10599 1.70666 1.70666 
37.3368 -2.36463 2.37211 0.757419 2.34511 1.70666 1.70666 
61.317 -2.36463 2.37211 0.757419 2.34511 1.39394 1.39394 
26.1012 -2.31712 2.38212 0.757419 2.34511 1.70666 1.70666 
12.6278 -2.36463 2.37211 0.196241 2.19546 1.70666 1.70666 
53.1129 -2.36463 2.37211 0.795345 2.15482 1.70666 1.70666 
85.9766 -0.847073 2.6754 0.795345 2.15482 1.70666 1.70666 
101.291 -0.847073 2.6754 0.795345 2.15482 1.64218 1.64218 
51.7716 -0.847073 2.6754 0.795345 2.15482 0.907899 0.907899 
145.396 -0.847073 2.6754 0.795345 2.15482 1.17456 1.17456 
97.3383 -0.847073 2.6754 0.795345 2.15482 2.08976 2.08976 
109.259 -0.847073 2.6754 1.23251 2.09227 2.08976 2.08976 
75.8861 -0.822809 2.47538 1.23251 2.09227 2.08976 2.08976 
68.3433 0.989477 2.66934 1.23251 2.09227 2.08976 2.08976 
90.4006 -0.822809 2.47538 1.23251 2.09227 2.03654 2.03654 
103.003 0.619319 2.42167 1.23251 2.09227 2.03654 2.03654 
114.546 0.619319 2.42167 1.23251 2.09227 1.2656 1.2656 
101.618 0.619319 2.42167 1.06489 2.33484 2.03654 2.03654 
143.073 0.619319 2.42167 1.63089 2.10721 2.03654 2.03654 
50.0964 -2.36463 2.37211 0.980821 2.10599 1.69506 1.69506 
48.5575 -2.36463 2.37211 0.980821 2.10599 1.09226 1.09226 
38.9009 -2.36463 2.37211 0.980821 2.10599 1.42035 1.42035 
97.0784 -2.36463 2.37211 0.980821 2.10599 1.60785 1.60785 
94.3869 -2.36463 2.37211 0.980821 2.10599 1.45737 1.45737 
49.2925 0.808265 3.65493 0.980821 2.10599 1.67877 1.67877 
70.8269 -2.36463 2.37211 0.980821 2.10599 1.94738 1.94738 
60.8744 -2.00014 3.21309 0.980821 2.10599 1.94738 1.94738 
65.6672 -2.36463 2.37211 -0.126767 2.36814 1.94738 1.94738 
65.5848 -0.229014 3.44222 -0.126767 2.36814 1.94738 1.94738 
85.8687 -3.08201 3.3673 -0.126767 2.36814 1.94738 1.94738 
58.3583 -3.08201 3.3673 -0.126767 2.36814 0.0329064 0.0329064 
70.6564 -3.08201 3.3673 -1.1604 1.94812 1.94738 1.94738 
68.7618 -1.82874 2.19823 -1.1604 1.94812 1.94738 1.94738 
35.7804 -1.98426 3.67386 -1.1604 1.94812 1.94738 1.94738 
69.2426 -2.50045 3.20145 -1.1604 1.94812 1.94738 1.94738 
25.9809 -2.50045 3.20145 -1.31655 3.08217 1.94738 1.94738 
55.7662 -2.50045 3.20145 -1.1604 1.94812 0.579648 0.579648 
67.9434 -3.24566 3.27145 -1.1604 1.94812 1.94738 1.94738 
32.6791 -3.24566 3.27145 0.0985365 2.36308 1.94738 1.94738 
66.6583 -3.24566 3.27145 -3.05045 2.88646 1.94738 1.94738 
69.1291 -3.24566 3.27145 0.448893 1.98762 1.94738 1.94738 
123.434 -3.24566 3.27145 -0.357927 3.19629 1.94738 1.94738 
61.6622 -3.24566 3.27145 -2.03277 2.52264 1.94738 1.94738 
84.7472 -3.24566 3.27145 -2.55269 2.80972 1.94738 1.94738 
69.7907 -2.36463 2.37211 1.08977 2.06332 1.67877 1.67877 
74.6605 0.640186 3.24972 1.08977 2.06332 1.67877 1.67877 
63.4558 -1.12244 3.29314 1.08977 2.06332 1.67877 1.67877 
42.5507 -0.0808957 2.41969 1.08977 2.06332 1.67877 1.67877 
2.1756 -1.12244 3.29314 1.24908 2.90084 1.67877 1.67877 
41.9571 -2.44995 3.26165 1.08977 2.06332 1.67877 1.67877 
68.2682 -1.12244 3.29314 0.870203 3.1861 1.67877 1.67877 
60.4686 -1.12244 3.29314 0.493595 2.72797 1.67877 1.67877 
101.221 -1.12244 3.29314 0.503079 2.97013 1.67877 1.67877 
79.0115 -1.12244 3.29314 0.503079 2.97013 2.53321 2.53321 
102.499 -1.12244 3.29314 0.503079 2.97013 2.34168 2.34168 
109.256 -1.12244 3.29314 0.503079 2.97013 2.76054 2.76054 
109.782 -3.95069 3.82644 0.503079 2.97013 2.76054 2.76054 
123.271 -3.95069 3.82644 0.854362 3.73423 2.76054 2.76054 
121.79 -3.95069 3.82644 0.854362 3.73423 2.88116 2.88116 
124.484 -3.95069 3.82644 2.26584 3.14108 2.88116 2.88116 
111.957 -3.95069 3.82644 2.13841 3.0128 2.88116 2.88116 
66.7524 -3.95069 3.82644 2.13841 3.0128 2.78756 2.78756 
109.77 -3.95069 3.82644 0.678304 3.19542 2.88116 2.88116 
102.855 -0.953583 3.25878 0.678304 3.19542 2.88116 2.88116 
105.899 -3.33849 3.58084 0.678304 3.19542 2.88116 2.88116 
117.051 -3.04057 3.41367 0.678304 3.19542 2.88116 2.88116 
122.402 -3.33849 3.58084 0.678304 3.19542 1.04312 1.04312 
111.016 -3.33849 3.58084 0.678304 3.19542 2.88184 2.88184 
122.924 -3.33849 3.58084 0.678304 3.19542 3.15006 3.15006 
16.1045 -2.36463 2.37211 0.980821 2.10599 1.58549 1.58549 
56.1439 -2.36463 2.37211 0.980821 2.10599 0.997076 0.997076 
42.6918 -0.172771 3.44158 0.980821 2.10599 1.67877 1.67877 
61.9997 -2.36463 2.37211 0.980821 2.10599 1.83757 1.83757 
33.1257 -2.36463 2.37211 0.744683 2.32971 1.67877 1.67877 
37.516 0.0845054 2.75867 0.980821 2.10599 1.67877 1.67877 
79.0989 -1.67696 3.1614 0.980821 2.10599 1.67877 1.67877 
72.49 -1.67696 3.1614 -0.109637 1.7554 1.67877 1.67877 
83.9987 -1.67696 3.1614 0.980821 2.10599 1.4915 1.4915 
91.7946 -1.67696 3.1614 1.56611 2.65249 1.67877 1.67877 
75.4793 -1.67696 3.1614 0.0913662 1.72997 1.67877 1.67877 
61.3406 -1.67696 3.1614 1.38216 2.35322 1.67877 1.67877 
130.358 -1.67696 3.1614 1.56611 2.65249 1.79462 1.79462 
93.6954 -1.67696 3.1614 -1.1381 3.13318 1.67877 1.67877 
51.7162 -0.59452 3.08445 1.56611 2.65249 1.67877 1.67877 
79.0822 -1.67696 3.1614 -0.485301 2.14137 1.67877 1.67877 
80.0194 -3.36326 2.76037 1.56611 2.65249 1.67877 1.67877 
94.2565 -3.36326 2.76037 0.223995 2.67819 1.67877 1.67877 
68.7991 -3.36326 2.76037 1.56611 2.65249 1.62572 1.62572 
88.1944 -3.36326 2.76037 1.06616 2.34188 1.67877 1.67877 
89.3426 -3.36326 2.76037 0.323164 2.01928 1.67877 1.67877 
66.9935 -3.36326 2.76037 0.388422 2.63678 1.67877 1.67877 
73.9637 -3.17911 3.73636 0.388422 2.63678 1.67877 1.67877 
42.418 -3.17911 3.73636 -2.05977 3.23691 1.67877 1.67877 
53.0326 -1.35225 2.85812 0.388422 2.63678 1.67877 1.67877 
67.2922 -2.36463 2.37211 -0.2163 1.8075 1.67877 1.67877 
67.4784 -2.36463 2.37211 -0.722221 2.14661 1.67877 1.67877 
79.7986 -2.36463 2.37211 0.861774 1.74596 1.67877 1.67877 
52.0234 -2.93086 3.75374 0.980821 2.10599 1.67877 1.67877 
52.6315 -1.81338 3.86826 0.980821 2.10599 1.67877 1.67877 
52.296 -2.36463 2.37211 -0.580705 1.92901 1.67877 1.67877 
86.2328 -2.36463 2.37211 1.35369 2.03941 1.67877 1.67877 
52.6592 -2.36463 2.37211 1.35369 2.03941 1.54861 1.54861 
94.1334 -2.36463 2.37211 1.35369 2.03941 1.88551 1.88551 
118.454 -2.36463 2.37211 1.35369 2.03941 1.55877 1.55877 
105.698 -2.36463 2.37211 0.587327 1.93468 1.55877 1.55877 
125.108 -2.36463 2.37211 1.03093 2.35592 1.55877 1.55877 
138.155 -2.36463 2.37211 1.35369 2.03941 1.66725 1.66725 
103.113 -2.36463 2.37211 1.35369 2.03941 1.83991 1.83991 
92.812 -2.36463 2.37211 1.35369 2.03941 1.51555 1.51555 
72.1387 -2.36463 2.37211 1.35369 2.03941 1.4817 1.4817 
96.9544 -2.36463 2.37211 -0.0971332 1.90088 1.51555 1.51555 
82.0283 -2.36463 2.37211 0.865638 1.99987 1.51555 1.51555 
96.4815 -2.36463 2.37211 1.1918 1.88249 1.51555 1.51555 
101.161 -2.36463 2.37211 -1.00683 2.15726 1.51555 1.51555 
92.1656 -2.36463 2.37211 1.35369 2.03941 1.91936 1.91936 
56.3751 -1.33815 2.67726 1.35369 2.03941 1.91936 1.91936 
123.962 -2.36463 2.37211 0.773611 2.05392 1.91936 1.91936 
113.544 -3.29845 2.27025 0.773611 2.05392 1.91936 1.91936 
102.277 -3.29845 2.27025 -0.209679 2.20112 1.91936 1.91936 
60.1147 -2.36463 2.37211 0.980821 2.10599 1.90311 1.90311 
85.6355 -2.32969 3.83106 0.980821 2.10599 1.67877 1.67877 
63.5267 -2.32969 3.83106 0.980821 2.10599 1.01252 1.01252 
89.6906 -2.31878 3.78156 0.980821 2.10599 1.67877 1.67877 
131.473 -2.31878 3.78156 0.980821 2.10599 2.03515 2.03515 
128.074 -2.31878 3.78156 0.980821 2.10599 1.64219 1.64219 
112.786 0.440383 2.49237 0.980821 2.10599 1.64219 1.64219 
132.429 0.440383 2.49237 1.59323 2.02614 1.64219 1.64219 
110.6 0.440383 2.49237 0.980821 2.10599 1.96076 1.96076 
108.345 0.440383 2.49237 1.26008 2.25187 1.96076 1.96076 
83.3238 0.440383 2.49237 1.26008 2.25187 1.72886 1.72886 
71.5641 0.440383 2.49237 1.26417 2.34325 1.72886 1.72886 
84.3164 -0.500865 3.02308 1.26008 2.25187 1.72886 1.72886 
63.5109 -2.1836 3.69311 1.26008 2.25187 1.72886 1.72886 
104.96 -2.1836 3.69311 1.26008 2.25187 1.45746 1.45746 
67.6783 -2.1836 3.69311 0.127033 2.92469 1.72886 1.72886 
71.6566 -2.1836 3.69311 0.127033 2.92469 1.69393 1.69393 
91.4298 -3.42676 3.03357 0.127033 2.92469 1.69393 1.69393 
66.5116 -1.44905 3.62715 0.127033 2.92469 1.69393 1.69393 
60.1441 -1.44905 3.62715 0.127033 2.92469 0.877587 0.877587 
68.6714 -1.44905 3.62715 0.127033 2.92469 1.15546 1.15546 
72.6579 -1.44905 3.62715 -0.0625927 3.29579 1.69393 1.69393 
61.2624 -1.17037 3.99974 -0.0625927 3.29579 1.69393 1.69393 
80.6136 -1.17037 3.99974 -0.0625927 3.29579 1.81633 1.81633 
46.8463 -2.01723 3.30882 -0.0625927 3.29579 1.69393 1.69393 
37.2289 -2.36463 2.37211 0.910009 2.20873 1.67877 1.67877 
50.5136 -2.36463 2.37211 0.980821 2.10599 2.02656 2.02656 
77.4294 -0.985239 2.3677 0.980821 2.10599 1.67877 1.67877 
81.007 -0.985239 2.3677 0.980821 2.10599 1.69665 1.69665 
79.0757 -3.83616 2.37924 0.980821 2.10599 1.69665 1.69665 
75.6105 -3.83616 2.37924 0.980821 2.10599 2.03529 2.03529 
79.7978 -3.83616 2.37924 -1.404 2.26263 2.03529 2.03529 
95.9168 -3.83616 2.37924 -1.404 2.26263 2.16887 2.16887 
73.7446 -3.47998 2.74069 -1.404 2.26263 2.03529 2.03529 
59.7188 -3.47998 2.74069 -1.404 2.26263 1.02972 1.02972 
85.686 -1.63279 2.73829 -1.404 2.26263 2.03529 2.03529 
40.3969 -3.47998 2.74069 -0.205043 2.19069 2.03529 2.03529 
45.7617 -1.66446 2.97651 -1.404 2.26263 2.03529 2.03529 
18.4179 -3.47998 2.74069 -2.78868 2.04501 2.03529 2.03529 
98.5097 -3.47998 2.74069 -1.404 2.26263 -0.759266 -0.759266 
81.8942 -3.47998 2.74069 -1.404 2.26263 1.59807 1.59807 
94.6006 -3.47998 2.74069 -1.404 2.26263 0.32508 0.32508 
65.8975 -3.47998 2.74069 -1.9268 2.72376 2.03529 2.03529 
67.5156 -2.13716 3.98614 -1.9268 2.72376 2.03529 2.03529 
75.8731 -3.80721 3.77475 -1.9268 2.72376 2.03529 2.03529 
79.8072 -3.80721 3.77475 -3.57141 2.30442 2.03529 2.03529 
73.5023 -3.80721 3.77475 -3.57141 2.30442 -1.03408 -1.03408 
95.5082 -3.60182 3.36209 -3.57141 2.30442 2.03529 2.03529 
106.719 -3.60182 3.36209 -3.20437 3.23252 2.03529 2.03529 
107.422 -3.60182 3.36209 -3.20437 3.23252 -0.263665 -0.263665 
58.5614 -3.52045 2.45033 0.980821 2.10599 1.67877 1.67877 
73.0406 -2.47891 2.97934 0.980821 2.10599 1.67877 1.67877 
83.5824 -2.47891 2.97934 0.980821 2.10599 1.47623 1.47623 
49.4051 -1.05723 3.03174 0.980821 2.10599 1.67877 1.67877 
14.6368 -1.326 3.1088 0.980821 2.10599 1.67877 1.67877 
78.9509 -1.05723 3.03174 0.980821 2.10599 1.41447 1.41447 
51.4815 -1.05723 3.03174 0.980821 2.10599 1.81405 1.81405 
87.5618 -1.05723 3.03174 0.742572 2.81511 1.81405 1.81405 
111.27 -1.05723 3.03174 0.742572 2.81511 1.87186 1.87186 
54.6866 -1.05723 3.03174 1.22584 2.93439 1.81405 1.81405 
94.3247 -1.05723 3.03174 0.573927 2.05612 1.81405 1.81405 
116.964 -3.1295 2.49715 0.573927 2.05612 1.81405 1.81405 
70.5259 -1.05723 3.03174 0.881796 1.85579 1.81405 1.81405 
94.8685 -0.038207 3.31903 0.881796 1.85579 1.81405 1.81405 
42.7189 -1.05723 3.03174 0.881796 1.85579 1.63523 1.63523 
91.9665 -1.05723 3.03174 0.132706 2.72254 1.81405 1.81405 
93.8924 -1.05723 3.03174 0.881796 1.85579 1.32979 1.32979 
56.103 -1.05723 3.03174 -0.427976 2.55542 1.81405 1.81405 
93.504 -1.05723 3.03174 0.881796 1.85579 1.72961 1.72961 
74.6626 -0.442582 1.88656 0.881796 1.85579 1.81405 1.81405 
118.523 -1.17144 3.11496 0.881796 1.85579 1.81405 1.81405 
44.1158 -0.588536 3.13095 0.881796 1.85579 1.81405 1.81405 
75.3414 -1.00975 3.33611 0.881796 1.85579 1.81405 1.81405 
84.4117 -1.00975 3.33611 1.63831 2.26429 1.81405 1.81405 
38.1027 -1.00975 3.33611 1.63831 2.26429 1.88424 1.88424 
27.2531 0.294559 2.34713 0.980821 2.10599 1.67877 1.67877 
46.8429 -2.36463 2.37211 -1.93873 1.83395 1.67877 1.67877 
50.4542 -2.36463 2.37211 0.980821 2.10599 1.54185 1.54185 
57.9624 -2.36463 2.37211 0.637587 1.84109 1.67877 1.67877 
73.34 -2.36463 2.37211 0.980821 2.10599 1.95473 1.95473 
68.1261 -0.181751 3.07999 0.980821 2.10599 1.95473 1.95473 
37.5449 -0.181751 3.07999 1.13412 2.13132 1.95473 1.95473 
66.3409 -0.181751 3.07999 0.980821 2.10599 1.34492 1.34492 
60.1644 0.655187 2.67567 0.980821 2.10599 1.95473 1.95473 
85.5514 -2.61393 2.73444 0.980821 2.10599 1.95473 1.95473 
90.8848 -0.181751 3.07999 0.980821 2.10599 1.70548 1.70548 
65.4304 -1.81184 3.89083 0.980821 2.10599 1.11315 1.11315 
71.6332 -2.21088 3.06123 0.980821 2.10599 1.25232 1.25232 
69.8729 -0.104948 3.93465 0.25715 3.52708 1.77407 1.77407 
102.993 -3.48397 2.88551 2.01883 2.33559 2.2515 2.2515 
71.6595 -2.61564 2.14134 0.980821 2.10599 1.95291 1.95291 
94.6576 -1.56874 2.92741 0.750365 1.95143 1.63373 1.63373 
55.8213 -2.36463 2.37211 0.639915 1.85086 1.67877 1.67877 
60.865 -3.35827 2.39019 0.980821 2.10599 1.73797 1.73797 
97.7339 -2.68408 3.14808 1.47823 2.65827 1.77956 1.77956 
90.9883 -1.66056 3.55411 1.4321 2.86508 1.87542 1.87542 
52.7427 -1.89897 2.40312 1.49103 2.27299 1.67877 1.67877 
54.2762 -2.36463 2.37211 0.980821 2.10599 2.06989 2.06989 
47.3293 -2.36463 2.37211 0.592334 1.91419 1.67877 1.67877 
66.0662 -1.42242 2.47561 0.26721 2.05685 1.66798 1.66798 
52.0363 -2.36463 2.37211 0.875169 2.07722 1.67877 1.67877 
64.7142 -1.77139 3.70956 1.11917 2.22559 1.67877 1.67877 
66.4864 -1.51989 3.10777 1.49799 2.92117 1.67877 1.67877 
50.8282 -1.49958 2.46948 0.980821 2.10599 1.95791 1.95791 
63.7748 -2.34059 2.42961 1.38389 2.03819 1.67877 1.67877 
55.3505 -2.96883 2.37743 0.626096 1.82993 1.67877 1.67877 
63.3614 -2.21553 2.39627 0.980821 2.10599 2.05122 2.05122 
56.9446 -2.36463 2.37211 1.09764 2.20933 1.67877 1.67877 
58.0684 -2.23798 2.29785 1.01 1.94867 1.28079 1.28079 
57.2891 -2.36463 2.37211 0.980821 2.10599 1.53172 1.53172 
60.4306 -2.28115 2.41743 0.980821 2.10599 1.65223 1.65223 
57.6973 -2.28561 2.83967 0.829337 2.24687 1.67877 1.67877 
63.0965 -2.00198 2.31966 0.936797 2.31501 1.66827 1.66827 
57.7434 -2.41204 2.48816 0.980821 2.10599 1.75648 1.75648 
56.9697 -2.41672 2.55481 1.00943 2.20084 1.67877 1.67877 
59.8237 -2.47381 2.43041 0.980821 2.10599 1.55124 1.55124 
57.5453 -2.34822 2.7889 0.980821 2.10599 1.67877 1.67877 
57.5278 -2.41081 2.42796 0.961156 2.2479 1.67877 1.67877 
57.6355 -2.25235 2.42871 1.01997 2.10465 1.70525 1.70525 
57.8861 -2.29983 2.39258 0.980821 2.10599 1.70205 1.70205 
57.1736 -2.36463 2.37211 0.980821 2.10599 1.82869 1.82869 
56.3189 -2.36463 2.37211 0.980821 2.10599 1.60885 1.60885 
59.7055 -2.49376 2.47456 0.986354 2.21834 1.68551 1.68551 
58.167 -2.28644 2.33166 0.976863 2.21407 1.66128 1.66128 
56.9281 -2.36463 2.37211 0.980821 2.10599 1.59517 1.59517 
58.7334 -2.17477 2.34388 0.823242 2.16842 1.68656 1.68656 
56.0615 -2.36463 2.37211 1.01624 2.09053 1.67877 1.67877 
56.7002 -2.30211 2.3338 0.96041 2.12643 1.67877 1.67877 
57.6729 -2.29667 2.38549 1.01639 2.17803 1.68628 1.68628 
59.1917 -2.44233 2.46617 0.980821 2.10599 1.69441 1.69441 
57.3578 -2.45303 2.36633 1.00104 2.1542 1.70174 1.70174 
57.1662 -2.34591 2.3605 0.980821 2.10599 1.67877 1.67877 
57.4925 -2.36473 2.42995 0.995749 2.0897 1.67877 1.67877 
56.7601 -2.32373 2.40539 0.94664 2.11192 1.72782 1.72782 
57.3364 -2.34994 2.41428 0.95522 2.09998 1.68825 1.68825 
59.0364 -2.22234 2.38962 0.994235 2.10588 1.72399 1.72399 
57.214 -2.25059 2.4941 0.989616 2.06732 1.67546 1.67546 
58.4622 -2.37675 2.464 0.939555 2.14953 1.71348 1.71348 
57.6705 -2.31028 2.39866 0.942328 2.11453 1.69597 1.69597 
57.5546 -2.38175 2.38613 0.96798 2.08674 1.6865 1.6865 
57.5007 -2.24135 2.39858 0.998723 2.06615 1.67992 1.67992 
57.6407 -2.28375 2.37779 0.97401 2.08883 1.71426 1.71426 
58.2161 -2.29987 2.40647 0.966487 2.11089 1.71142 1.71142 
57.8103 -2.31196 2.35775 0.960055 2.11143 1.69298 1.69298 
57.1879 -2.31039 2.36914 0.993113 2.08084 1.69232 1.69232 
57.2352 -2.29021 2.3719 0.98135 2.10538 1.67119 1.67119 
57.1431 -2.33148 2.39376 0.990431 2.07557 1.69374 1.69374 
57.387 -2.3078 2.37389 0.972626 2.07975 1.6924 1.6924 
57.7182 -2.3085 2.39229 0.977365 2.04338 1.69792 1.69792 
57.3072 -2.26838 2.37564 0.989094 2.07099 1.68962 1.68962 
57.3394 -2.31363 2.38325 0.987004 2.08874 1.68811 1.68811 
57.158 -2.31983 2.36712 0.979058 2.08684 1.68783 1.68783 
57.2412 -2.30207 2.37767 0.987642 2.07731 1.69414 1.69414 
57.1268 -2.29096 2.3828 0.980518 2.07459 1.6908 1.6908 
57.3765 -2.31714 2.38343 0.966974 2.06025 1.69616 1.69616 
57.2967 -2.2959 2.38145 1.00413 2.07761 1.68325 1.68325 
57.0783 -2.30535 2.38226 0.990253 2.08047 1.68825 1.68825 
57.1514 -2.3018 2.38189 0.989616 2.06732 1.6889 1.6889 
57.1049 -2.30704 2.37717 0.987878 2.06859 1.69027 1.69027 
57.2127 -2.30704 2.37717 0.986721 2.06859 1.6891 1.6891 
57.3457 -2.30824 2.37258 0.991661 2.06786 1.69531 1.69531 
57.1658 -2.30704 2.37717 0.990433 2.07211 1.6872 1.6872 
57.2131 -2.30832 2.38361 0.988136 2.07623 1.68825 1.68825 
57.1153 -2.30726 2.37627 0.989161 2.06827 1.68794 1.68794 
57.1619 -2.30598 2.38323 0.983725 2.07718 1.69152 1.69152 
57.119 -2.30461 2.38001 0.989574 2.06753 1.68825 1.68825 
57.0953 -2.30793 2.37975 0.987911 2.0689 1.68825 1.68825 
57.1294 -2.30663 2.37846 0.991078 2.06754 1.68821 1.68821 
57.1303 -2.31139 2.38013 0.989308 2.066 1.6896 1.6896 
57.1369 -2.30803 2.3746 0.98918 2.06858 1.68885 1.68885 
57.1836 -2.30704 2.37717 0.986905 2.0682 1.69093 1.69093 
57.1091 -2.30662 2.37875 0.989696 2.07035 1.68724 1.68724 
57.1518 -2.30762 2.3782 0.987454 2.07056 1.68814 1.68814 
57.1245 -2.30735 2.37853 0.989238 2.0676 1.68686 1.68686 
57.1382 -2.30771 2.37708 0.989022 2.06724 1.68829 1.68829 
57.0801 -2.30704 2.37717 0.98816 2.06621 1.68825 1.68825 
57.0802 -2.30654 2.37598 0.988993 2.06762 1.68825 1.68825 
57.1049 -2.30508 2.37743 0.990065 2.06745 1.68712 1.68712 
57.0868 -2.30563 2.3779 0.988856 2.06798 1.68799 1.68799 
57.0921 -2.30663 2.37946 0.989494 2.06739 1.68799 1.68799 
67.4926 -2.30584 2.37764 0.989494 2.06739 1.9193 1.9193 
54.4771 -2.30584 2.37764 -0.185453 2.04544 1.9193 1.9193 
28.5633 -1.76502 2.66083 -0.185453 2.04544 1.9193 1.9193 
134.516 -2.30584 2.37764 -1.02165 2.24 1.9193 1.9193 
146.096 -2.88068 3.97772 -1.02165 2.24 1.9193 1.9193 
80.7001 -1.3255 3.88257 -1.02165 2.24 1.9193 1.9193 
59.4563 -3.21943 3.5212 -1.02165 2.24 1.9193 1.9193 
36.0101 -3.21943 3.5212 -1.02165 2.24 0.668458 0.668458 
42.819 -2.24592 3.08211 -1.02165 2.24 1.9193 1.9193 
84.5505 -3.21943 3.5212 -1.02165 2.24 -0.736329 -0.736329 
39.7531 -2.89807 2.45679 -1.02165 2.24 1.9193 1.9193 
48.8766 -3.21943 3.5212 -2.45017 3.43019 1.9193 1.9193 
68.0594 -3.21943 3.5212 -1.02165 2.24 -0.448957 -0.448957 
65.9228 -3.21943 3.5212 -1.02165 2.24 -0.0360209 -0.0360209 
35.3206 -2.30584 2.37764 0.989494 2.06739 1.988 1.988 
25.6162 -2.30584 2.37764 0.989494 2.06739 1.18615 1.18615 
69.8539 -2.30584 2.37764 -0.96278 1.95628 1.68799 1.68799 
81.9567 -2.30584 2.37764 0.989494 2.06739 1.48432 1.48432 
126.288 -2.30584 2.37764 0.989494 2.06739 1.10663 1.10663 
83.7093 -0.623342 2.47382 0.989494 2.06739 1.68799 1.68799 
42.997 -0.822724 3.03796 0.989494 2.06739 1.68799 1.68799 
31.2582 -0.759535 2.85882 0.989494 2.06739 1.68799 1.68799 
105.031 0.439034 3.96302 0.989494 2.06739 1.68799 1.68799 
51.9039 -2.30584 2.37764 0.989494 2.06739 1.89075 1.89075 
64.6438 -2.30584 2.37764 0.989494 2.06739 1.56419 1.56419 
64.596 -2.30584 2.37764 1.17253 2.04969 1.89075 1.89075 
52.0349 -2.30584 2.37764 0.898936 1.91628 1.89075 1.89075 
26.238 -2.30584 2.37764 -1.50104 2.25487 1.89075 1.89075 
48.1648 -2.30584 2.37764 0.803036 2.19635 1.89075 1.89075 
50.7289 -2.30584 2.37764 1.17253 2.04969 1.57324 1.57324 
57.4842 -2.30584 2.37764 -0.0259737 2.22431 1.89075 1.89075 
112.439 -2.30584 2.37764 1.17253 2.04969 1.46451 1.46451 
105.616 -2.30584 2.37764 0.834613 2.10401 1.89075 1.89075 
120.873 -0.0573448 3.18273 0.834613 2.10401 1.89075 1.89075 
106.142 -2.30584 2.37764 0.834613 2.10401 1.35927 1.35927 
79.3626 -1.95114 3.98738 0.834613 2.10401 1.89075 1.89075 
46.6331 -3.09053 3.38301 0.834613 2.10401 1.89075 1.89075 
38.975 -1.95114 3.98738 0.834613 2.10401 0.958022 0.958022 
94.7561 0.210625 3.67763 0.834613 2.10401 1.89075 1.89075 
37.9655 -2.30584 2.37764 -0.159499 1.79281 1.68799 1.68799 
87.5066 -2.30584 2.37764 0.644739 1.94538 1.68799 1.68799 
77.2863 -1.12063 3.65728 0.989494 2.06739 1.68799 1.68799 
41.656 -2.30584 2.37764 0.989494 2.06739 1.91403 1.91403 
76.4828 -2.30584 2.37764 -1.90908 1.95987 1.68799 1.68799 
99.0456 -0.7017 3.75689 0.989494 2.06739 1.68799 1.68799 
8.8481 -2.30584 2.37764 0.45163 1.77109 1.68799 1.68799 
28.0474 -2.30584 2.37764 0.989494 2.06739 1.59638 1.59638 
99.7953 0.942054 2.51443 0.989494 2.06739 1.68799 1.68799 
38.2596 -2.30584 2.37764 -1.81896 2.21466 1.68799 1.68799 
84.0592 -2.30584 2.37764 -0.614818 1.888 1.68799 1.68799 
31.7599 -2.30584 2.37764 -0.725177 1.93486 1.68799 1.68799 
63.1638 -2.30584 2.37764 0.989494 2.06739 1.12971 1.12971 
67.7657 -2.30584 2.37764 0.803698 2.29531 1.68799 1.68799 
28.5313 -2.63059 3.62679 0.803698 2.29531 1.68799 1.68799 
79.305 -3.48774 3.59349 0.803698 2.29531 1.68799 1.68799 
89.2022 -2.30584 2.37764 0.803698 2.29531 1.29473 1.29473 
24.881 -2.30584 2.37764 1.29576 1.94724 1.68799 1.68799 
96.0041 -2.30584 2.37764 0.803698 2.29531 1.91857 1.91857 
120.525 -2.30584 2.37764 -0.72337 1.75833 1.68799 1.68799 
47.5217 -2.30584 2.37764 0.803698 2.29531 1.43655 1.43655 
37.8079 -2.30584 2.37764 1.31947 1.82109 1.68799 1.68799 
96.509 -2.30584 2.37764 0.593676 2.02046 1.68799 1.68799 
56.5597 -2.30584 2.37764 0.803698 2.29531 1.44532 1.44532 
22.8299 -0.608796 2.97476 0.803698 2.29531 1.68799 1.68799 
80.4604 -2.30584 2.37764 1.22138 1.82656 1.68799 1.68799 
6.52269 -2.30584 2.37764 0.989494 2.06739 1.5789 1.5789 
66.9476 -2.30584 2.37764 0.989494 2.06739 1.60115 1.60115 
123.128 -2.30584 2.37764 0.284642 2.30641 1.68799 1.68799 
137.936 -1.25406 2.3965 0.989494 2.06739 1.68799 1.68799 
98.9194 -2.30584 2.37764 0.989494 2.06739 1.97728 1.97728 
89.4291 -2.30584 2.37764 0.989494 2.06739 1.63241 1.63241 
102.214 -2.30584 2.37764 0.989494 2.06739 1.0387 1.0387 
80.4955 -2.30584 2.37764 0.989494 2.06739 1.65014 1.65014 
42.4697 -2.30584 2.37764 0.989494 2.06739 1.54481 1.54481 
35.3392 -2.30584 2.37764 1.05777 2.21122 1.68799 1.68799 
107.14 -2.30584 2.37764 0.101407 2.31846 1.68799 1.68799 
62.1376 -2.87854 2.34507 0.989494 2.06739 1.68799 1.68799 
65.1378 -0.998815 3.11086 0.989494 2.06739 1.68799 1.68799 
60.3942 -0.998815 3.11086 0.989494 2.06739 1.28825 1.28825 
52.4475 -0.998815 3.11086 0.662827 2.54729 1.68799 1.68799 
66.9523 -0.998815 3.11086 0.571987 2.44058 1.68799 1.68799 
46.036 -0.998815 3.11086 0.571987 2.44058 2.40907 2.40907 
55.4422 -2.82702 3.14873 0.571987 2.44058 1.68799 1.68799 
47.3513 -2.82702 3.14873 0.571987 2.44058 1.21672 1.21672 
38.7275 -2.82702 3.14873 0.836897 2.75846 1.68799 1.68799 
66.2964 -3.33702 3.12509 0.571987 2.44058 1.68799 1.68799 
75.581 -3.33702 3.12509 0.571987 2.44058 1.02204 1.02204 
85.8518 -3.33702 3.12509 -0.563271 2.45634 1.68799 1.68799 
60.025 -3.33702 3.12509 -0.563271 2.45634 1.36972 1.36972 
97.5425 -2.30584 2.37764 0.989494 2.06739 1.21544 1.21544 
25.5938 -1.71994 2.68324 0.989494 2.06739 1.68799 1.68799 
45.8105 -2.30584 2.37764 0.52269 1.92954 1.68799 1.68799 
62.2332 -2.27374 2.56634 0.989494 2.06739 1.68799 1.68799 
72.6427 -2.27374 2.56634 0.989494 2.06739 1.71619 1.71619 
150.486 -2.27374 2.56634 1.34262 2.34375 1.71619 1.71619 
89.5945 -2.27374 2.56634 -0.410401 1.76214 1.71619 1.71619 
60.038 -2.27374 2.56634 -1.03594 1.77251 1.71619 1.71619 
82.7457 -2.27374 2.56634 0.989494 2.06739 1.59363 1.59363 
83.5086 -2.27374 2.56634 0.989494 2.06739 1.14684 1.14684 
50.8263 -3.19634 2.97771 0.989494 2.06739 1.71619 1.71619 
85.5124 -2.27374 2.56634 -0.61512 1.80725 1.71619 1.71619 
86.1593 -2.27374 2.56634 0.989494 2.06739 1.9484 1.9484 
51.5768 -2.27374 2.56634 0.989494 2.06739 1.11859 1.11859 
86.8351 -2.27374 2.56634 0.989494 2.06739 2.02321 2.02321 
116.225 -2.27374 2.56634 -1.12658 2.35833 2.02321 2.02321 
139.982 -2.27374 2.56634 -2.06645 2.24197 2.02321 2.02321 
99.8422 -2.27374 2.56634 0.989494 2.06739 2.04588 2.04588 
129.165 -1.66016 3.56848 0.989494 2.06739 2.04588 2.04588 
144.125 -1.66016 3.56848 0.989494 2.06739 1.36163 1.36163 
144.16 -1.66016 3.56848 0.989494 2.06739 1.79071 1.79071 
146.614 -1.66016 3.56848 -1.23213 3.38357 1.79071 1.79071 
129.615 -1.66016 3.56848 0.37929 3.06698 1.79071 1.79071 
131.399 -3.66885 3.70322 0.37929 3.06698 1.79071 1.79071 
122.368 -0.985036 3.69458 0.37929 3.06698 1.79071 1.79071 
62.3577 -2.30584 2.37764 1.48123 2.25706 1.68799 1.68799 
101.507 0.097286 2.71491 1.48123 2.25706 1.68799 1.68799 
83.9863 0.097286 2.71491 1.48123 2.25706 1.73626 1.73626 
58.6213 0.097286 2.71491 1.48123 2.25706 1.81221 1.81221 
44.2084 0.118511 2.41928 1.48123 2.25706 1.73626 1.73626 
111.428 1.07866 2.31332 1.48123 2.25706 1.73626 1.73626 
103.282 -1.65578 2.34852 1.48123 2.25706 1.73626 1.73626 
125.661 -0.662232 2.5588 1.48123 2.25706 1.73626 1.73626 
139.242 -1.87861 3.25339 1.48123 2.25706 1.73626 1.73626 
89.2128 -0.662232 2.5588 1.48123 2.25706 2.03969 2.03969 
86.3983 -0.00542884 2.91897 1.48123 2.25706 2.03969 2.03969 
83.7295 -0.00542884 2.91897 1.49597 2.36813 2.03969 2.03969 
51.3057 -0.00542884 2.91897 1.61253 2.13595 2.03969 2.03969 
82.0756 1.08133 2.37619 1.49597 2.36813 2.03969 2.03969 
104.017 -0.00542884 2.91897 1.49597 2.36813 2.19329 2.19329 
66.812 -0.00542884 2.91897 0.459387 2.77403 2.03969 2.03969 
72.8965 -0.00542884 2.91897 1.49597 2.36813 2.28466 2.28466 
98.106 -0.00542884 2.91897 1.49765 2.88847 2.03969 2.03969 
136.84 1.01805 2.62264 1.49597 2.36813 2.03969 2.03969 
124.456 1.01805 2.62264 2.00066 2.34873 2.03969 2.03969 
123.113 0.414963 3.88298 2.00066 2.34873 2.03969 2.03969 
95.255 0.414963 3.88298 2.00066 2.34873 2.23155 2.23155 
116.952 0.192146 2.75422 2.00066 2.34873 2.03969 2.03969 
104.846 0.192146 2.75422 1.28329 2.26896 2.03969 2.03969 
112.101 0.192146 2.75422 1.28329 2.26896 2.20307 2.20307 
56.975 -2.30584 2.37764 1.39504 1.95917 1.68799 1.68799 
60.8163 -2.30584 2.37764 1.39504 1.95917 1.6272 1.6272 
73.4519 -2.30584 2.37764 -0.757866 2.09714 1.6272 1.6272 
73.7485 -2.30584 2.37764 1.39504 1.95917 1.60731 1.60731 
44.1032 -2.30584 2.37764 0.650988 2.30996 1.60731 1.60731 
57.5154 0.0572344 3.25515 1.39504 1.95917 1.60731 1.60731 
73.4252 -2.30584 2.37764 1.14751 1.70281 1.60731 1.60731 
102.784 -2.30584 2.37764 0.441149 1.61032 1.60731 1.60731 
46.286 -2.30584 2.37764 1.39504 1.95917 1.8449 1.8449 
96.5164 -0.740217 3.23478 1.39504 1.95917 1.60731 1.60731 
94.8162 -0.740217 3.23478 1.39504 1.95917 1.54302 1.54302 
107.944 1.22235 2.74971 1.39504 1.95917 1.54302 1.54302 
71.6454 -2.27021 2.7495 1.39504 1.95917 1.54302 1.54302 
33.73 -2.27021 2.7495 0.927002 1.7439 1.54302 1.54302 
97.2215 -2.27021 2.7495 1.39504 1.95917 1.64065 1.64065 
49.443 -2.27021 2.7495 0.488206 2.41343 1.64065 1.64065 
86.1042 -2.27021 2.7495 1.39504 1.95917 1.94915 1.94915 
79.4021 -0.929364 2.48964 1.39504 1.95917 1.94915 1.94915 
47.0215 0.149424 2.39451 1.39504 1.95917 1.94915 1.94915 
26.9682 0.149424 2.39451 1.39504 1.95917 1.8208 1.8208 
56.4769 0.149424 2.39451 1.32733 2.27174 1.94915 1.94915 
77.88 -1.40106 2.54118 1.32733 2.27174 1.94915 1.94915 
107.742 -1.40106 2.54118 0.402882 2.28848 1.94915 1.94915 
70.7742 -1.40106 2.54118 1.81074 2.1585 1.94915 1.94915 
128.771 -1.40106 2.54118 0.402882 2.28848 0.418558 0.418558 
79.1251 -2.30584 2.37764 0.989494 2.06739 1.22058 1.22058 
85.6025 -2.30584 2.37764 -0.427611 1.83212 1.68799 1.68799 
79.9945 -2.30584 2.37764 0.989494 2.06739 1.45753 1.45753 
32.766 -2.30584 2.37764 1.66772 2.31035 1.68799 1.68799 
42.0639 -2.30584 2.37764 0.989494 2.06739 1.6058 1.6058 
40.8043 -1.71501 3.05934 0.989494 2.06739 1.68799 1.68799 
63.1436 -2.30584 2.37764 0.873816 2.06154 1.68799 1.68799 
119.843 -2.71526 3.88008 0.989494 2.06739 1.68799 1.68799 
50.8406 -2.30584 2.37764 0.44457 2.16395 1.68799 1.68799 
95.1885 -2.30584 2.37764 0.989494 2.06739 1.05111 1.05111 
63.8938 0.569707 2.24672 0.989494 2.06739 1.68799 1.68799 
21.5279 -0.198279 2.81465 0.989494 2.06739 1.68799 1.68799 
40.7907 -0.953289 3.99551 0.989494 2.06739 1.68799 1.68799 
76.0999 -0.628578 3.88868 0.989494 2.06739 1.68799 1.68799 
57.2957 -2.30584 2.37764 0.989494 2.06739 1.87437 1.87437 
34.5683 -2.30584 2.37764 0.68355 2.24377 1.68799 1.68799 
48.5098 -2.30584 2.37764 0.68564 1.86184 1.68799 1.68799 
99.7231 -2.30584 2.37764 0.989494 2.06739 1.31377 1.31377 
39.3495 -2.30584 2.37764 0.123806 1.74179 1.68799 1.68799 
48.0711 -2.30584 2.37764 0.686326 2.20382 1.68799 1.68799 
66.8681 -2.30584 2.37764 -0.0533472 1.95368 1.68799 1.68799 
2.35107 -2.30584 2.37764 0.989494 2.06739 1.5284 1.5284 
32.3336 -2.30584 2.37764 -0.0641682 2.11743 1.68799 1.68799 
7.51939 -2.30584 2.37764 0.989494 2.06739 1.72909 1.72909 
102.565 -2.30584 2.37764 0.989494 2.06739 1.98806 1.98806 
45.7744 -2.30584 2.37764 0.989494 2.06739 1.11552 1.11552 
2.98755 -3.46724 2.67302 0.989494 2.06739 1.68799 1.68799 
66.6709 -2.30584 2.37764 -1.1138 2.23187 1.68799 1.68799 
41.9326 -2.30584 2.37764 0.989494 2.06739 1.38199 1.38199 
68.2252 -0.210091 2.1996 0.989494 2.06739 1.68799 1.68799 
50.2509 -2.07057 3.68923 0.989494 2.06739 1.68799 1.68799 
50.1937 -2.30584 2.37764 0.989494 2.06739 1.82392 1.82392 
51.5027 -2.30584 2.37764 -0.0900054 2.19892 1.68799 1.68799 
87.3571 -2.30584 2.37764 1.04599 1.9682 1.68799 1.68799 
90.202 -2.30584 2.37764 0.989494 2.06739 1.40574 1.40574 
27.4765 -2.30584 2.37764 0.871344 1.79901 1.68799 1.68799 
78.7089 -1.54858 2.84914 0.989494 2.06739 1.68799 1.68799 
47.2347 -2.30584 2.37764 0.989494 2.06739 1.92423 1.92423 
62.4766 -2.30584 2.37764 0.529053 2.29434 1.68799 1.68799 
33.3322 -1.56831 2.70502 0.989494 2.06739 1.68799 1.68799 
41.9067 -2.30584 2.37764 1.56011 2.01862 1.68799 1.68799 
103.03 -2.30584 2.37764 0.0215853 2.07141 1.68799 1.68799 
57.162 -1.40267 3.41564 0.989494 2.06739 1.68799 1.68799 
63.3484 0.744126 3.53524 0.989494 2.06739 1.68799 1.68799 
59.6091 -2.30584 2.37764 0.155412 2.09519 1.68799 1.68799 
116.309 -3.85692 2.77535 0.989494 2.06739 1.68799 1.68799 
78.7711 -2.33042 2.59611 0.989494 2.06739 1.68799 1.68799 
76.0799 -2.33042 2.59611 -0.626051 2.54032 1.68799 1.68799 
39.5266 -2.33042 2.59611 -0.626051 2.54032 1.85689 1.85689 
69.6754 -2.33042 2.59611 -1.60951 2.03738 1.68799 1.68799 
62.5887 -2.9947 2.14024 0.989494 2.06739 1.68799 1.68799 
68.9624 -2.30584 2.37764 0.820819 1.71736 1.68799 1.68799 
39.8201 -2.30584 2.37764 0.989494 2.06739 1.42785 1.42785 
53.5122 -3.66572 2.43543 0.989494 2.06739 1.68799 1.68799 
69.1146 -2.30584 2.37764 0.302341 2.24813 1.68799 1.68799 
13.19 -2.30584 2.37764 0.989494 2.06739 1.23945 1.23945 
35.2457 -0.143717 2.36543 0.989494 2.06739 1.68799 1.68799 
62.8341 -2.30584 2.37764 0.989494 2.06739 1.24728 1.24728 
50.7499 -2.30584 2.37764 0.989494 2.06739 1.56122 1.56122 
33.9689 -2.30584 2.37764 0.989494 2.06739 1.33875 1.33875 
61.7581 -2.30584 2.37764 0.68873 1.85492 1.68799 1.68799 
87.258 -2.30584 2.37764 0.989494 2.06739 1.01676 1.01676 
48.2768 -2.88756 2.22316 0.989494 2.06739 1.68799 1.68799 
55.889 -2.30584 2.37764 0.989494 2.06739 1.24505 1.24505 
50.4131 -0.436147 3.11804 0.989494 2.06739 1.68799 1.68799 
28.2242 -0.436147 3.11804 0.954356 2.00449 1.68799 1.68799 
68.1922 -0.436147 3.11804 0.989494 2.06739 1.73656 1.73656 
82.7945 -3.49885 3.2603 0.989494 2.06739 1.73656 1.73656 
41.1601 -0.436147 3.11804 0.989494 2.06739 1.77988 1.77988 
87.8297 -0.436147 3.11804 -0.276538 2.86765 1.73656 1.73656 
120.497 -0.436147 3.11804 0.989494 2.06739 1.04791 1.04791 
98.9572 -1.07364 3.07573 0.989494 2.06739 1.73656 1.73656 
64.9051 -1.07364 3.07573 0.989494 2.06739 1.1108 1.1108 
134.138 -1.07364 3.07573 0.989494 2.06739 1.97662 1.97662 
90.3953 -0.565034 3.39584 0.989494 2.06739 1.73656 1.73656 
33.2769 -2.30584 2.37764 -2.21671 1.97754 1.68799 1.68799 
38.7974 -0.42318 2.9133 0.989494 2.06739 1.68799 1.68799 
32.7342 -2.22156 3.06262 0.989494 2.06739 1.68799 1.68799 
65.4779 -2.30584 2.37764 0.989494 2.06739 1.06189 1.06189 
89.8423 -3.45161 2.168 0.989494 2.06739 1.68799 1.68799 
82.1874 -2.30584 2.37764 -0.307029 1.76211 1.68799 1.68799 
60.6685 -2.30584 2.37764 0.1657 1.69714 1.68799 1.68799 
75.0613 -2.30584 2.37764 0.501059 2.27654 1.68799 1.68799 
51.0868 -1.60068 3.38095 0.989494 2.06739 1.68799 1.68799 
87.2383 -1.60068 3.38095 -0.931123 2.67189 1.68799 1.68799 
89.9059 -1.3849 3.08179 -0.931123 2.67189 1.68799 1.68799 
82.7624 -1.3849 3.08179 -0.660853 1.79653 1.68799 1.68799 
87.8454 -1.3849 3.08179 -0.241737 3.01562 1.68799 1.68799 
82.3131 -3.44363 3.29898 -0.241737 3.01562 1.68799 1.68799 
77.4295 -3.44363 3.29898 -0.241737 3.01562 1.09419 1.09419 
62.1182 -3.44363 3.29898 -1.15734 3.10754 1.68799 1.68799 
60.7416 -3.44363 3.29898 -1.74877 2.33351 1.68799 1.68799 
106.145 -2.68112 3.96187 -1.74877 2.33351 1.68799 1.68799 
53.562 -3.44363 3.29898 -1.74877 2.33351 2.04851 2.04851 
58.7628 -3.51887 3.22285 -1.74877 2.33351 1.68799 1.68799 
35.4141 -3.51887 3.22285 -1.74877 2.33351 0.430686 0.430686 
116.68 -2.60386 3.94201 -1.74877 2.33351 1.68799 1.68799 
79.3678 -3.51887 3.22285 -1.74877 2.33351 0.915138 0.915138 
65.2688 -2.2758 2.81275 -1.74877 2.33351 1.68799 1.68799 
73.3172 -3.51887 3.22285 -1.74877 2.33351 1.1833 1.1833 
44.2892 -3.89727 3.0183 0.989494 2.06739 1.68799 1.68799 
49.2243 -2.90634 3.65937 0.989494 2.06739 1.68799 1.68799 
42.7068 -2.69778 2.62971 0.989494 2.06739 1.68799 1.68799 
35.6205 -2.30584 2.37764 -0.426959 1.91582 1.68799 1.68799 
57.3884 -3.99184 3.62617 0.989494 2.06739 1.68799 1.68799 
32.7379 -2.30584 2.37764 0.989494 2.06739 1.45534 1.45534 
68.0697 -2.30584 2.37764 0.989494 2.06739 1.73457 1.73457 
59.9719 -2.30584 2.37764 1.45124 1.91879 1.68799 1.68799 
46.447 -2.30584 2.37764 1.42511 2.00797 1.68799 1.68799 
99.3123 -2.30584 2.37764 1.53239 2.17995 1.68799 1.68799 
143.22 -2.30584 2.37764 0.5589 2.0974 1.68799 1.68799 
117.518 -2.30584 2.37764 1.53239 2.17995 1.71801 1.71801 
126.116 -2.30584 2.37764 1.53239 2.17995 2.12286 2.12286 
130.996 -2.30584 2.37764 1.53239 2.17995 1.56954 1.56954 
115.953 -2.30584 2.37764 0.314595 2.05538 1.56954 1.56954 
125.605 -2.30584 2.37764 -0.274909 2.139 1.56954 1.56954 
148.694 -1.34647 3.856 1.53239 2.17995 1.56954 1.56954 
138.928 -3.45705 2.79639 1.53239 2.17995 1.56954 1.56954 
131.102 -2.03123 3.50465 1.53239 2.17995 1.56954 1.56954 
107.126 -2.03123 3.50465 1.53239 2.17995 1.88546 1.88546 
132.155 -2.03123 3.50465 1.53239 2.17995 1.71548 1.71548 
137.224 -2.03123 3.50465 -1.42059 2.66098 1.88546 1.88546 
103.797 -2.03123 3.50465 1.53239 2.17995 1.86301 1.86301 
76.3525 -2.03123 3.50465 1.17941 2.3755 1.86301 1.86301 
38.6722 -2.03123 3.50465 1.27403 3.05248 1.86301 1.86301 
16.2477 -2.30584 2.37764 -0.918457 1.77164 1.68799 1.68799 
58.3976 -2.30584 2.37764 0.989494 2.06739 1.21763 1.21763 
65.865 -2.4231 3.11194 0.989494 2.06739 1.68799 1.68799 
62.4507 -3.13326 3.07479 0.989494 2.06739 1.68799 1.68799 
57.294 -1.87937 2.92858 0.989494 2.06739 1.68799 1.68799 
69.8824 -1.87937 2.92858 1.16467 2.30079 1.68799 1.68799 
76.1466 -3.76881 3.59823 1.16467 2.30079 1.68799 1.68799 
41.3057 -1.87937 2.92858 -0.127223 2.04745 1.68799 1.68799 
87.9668 -1.87937 2.92858 1.16467 2.30079 1.3453 1.3453 
67.6178 -1.87937 2.92858 1.16467 2.30079 1.81813 1.81813 
115.919 -3.53904 2.94859 1.16467 2.30079 1.81813 1.81813 
98.7875 -3.53904 2.94859 -1.49977 2.25704 1.81813 1.81813 
71.902 -3.53904 2.94859 -1.49977 2.25704 0.339669 0.339669 
62.4621 -3.53904 2.94859 -2.808 2.3753 1.81813 1.81813 
68.964 -3.24206 3.6793 -2.808 2.3753 1.81813 1.81813 
88.0936 -3.24206 3.6793 -2.808 2.3753 -0.668381 -0.668381 
67.8659 -3.20315 3.95338 -2.808 2.3753 1.81813 1.81813 
82.3599 -3.20315 3.95338 -2.808 2.3753 -2.11639 -2.11639 
48.1676 -3.20315 3.95338 -2.808 2.3753 -1.9166 -1.9166 
14.4431 -3.20315 3.95338 -2.36946 2.16419 1.81813 1.81813 
83.3092 -3.91034 3.14319 -2.808 2.3753 1.81813 1.81813 
72.4444 -3.91034 3.14319 -2.808 2.3753 2.16837 2.16837 
60.3647 -3.91034 3.14319 -1.04561 3.12277 2.16837 2.16837 
97.3688 -3.91034 3.14319 -1.21012 2.77384 2.16837 2.16837 
85.1243 -3.91034 3.14319 -3.81927 2.46164 2.16837 2.16837 
63.3065 -2.30584 2.37764 -1.56495 2.03789 1.68799 1.68799 
64.1241 0.53769 2.84522 0.989494 2.06739 1.68799 1.68799 
37.0123 -2.30584 2.37764 -0.115087 2.34707 1.68799 1.68799 
25.6178 -2.30584 2.37764 0.989494 2.06739 1.55062 1.55062 
56.6876 -2.81912 3.56992 0.989494 2.06739 1.68799 1.68799 
74.1829 -2.30584 2.37764 -1.73364 1.92393 1.68799 1.68799 
55.8855 -2.74741 3.90892 0.989494 2.06739 1.68799 1.68799 
97.7861 -2.91372 3.31063 0.989494 2.06739 1.68799 1.68799 
17.9767 -2.30584 2.37764 -0.35903 2.13751 1.68799 1.68799 
79.6456 -1.39562 2.27338 0.989494 2.06739 1.68799 1.68799 
31.3228 -1.95258 2.69578 0.989494 2.06739 1.68799 1.68799 
11.4075 -2.30584 2.37764 -0.925068 2.02858 1.68799 1.68799 
63.5527 -1.49109 3.06123 0.989494 2.06739 1.68799 1.68799 
87.7952 -1.49109 3.06123 1.61018 2.25803 1.68799 1.68799 
40.1347 -1.49109 3.06123 0.989494 2.06739 1.57144 1.57144 
41.7871 -0.113945 2.07645 0.989494 2.06739 1.68799 1.68799 
71.6884 -1.49109 3.06123 1.61036 1.82664 1.68799 1.68799 
55.5042 -2.2053 2.53814 0.989494 2.06739 1.68799 1.68799 
88.4895 -2.24185 2.35287 0.989494 2.06739 1.68799 1.68799 
50.6516 -2.8427 2.91927 0.989494 2.06739 1.68799 1.68799 
43.9892 -0.38932 2.30941 0.989494 2.06739 1.68799 1.68799 
77.7096 -1.49109 3.06123 0.989494 2.06739 1.15825 1.15825 
72.5192 -1.49109 3.06123 1.12094 1.89711 1.68799 1.68799 
64.9645 -1.49109 3.06123 0.989494 2.06739 1.47496 1.47496 
76.307 0.676638 2.70271 0.989494 2.06739 1.68799 1.68799 
72.3732 -3.20495 2.80599 0.989494 2.06739 1.68799 1.68799 
31.071 -0.295407 3.30426 0.989494 2.06739 1.68799 1.68799 
84.6447 -3.20495 2.80599 0.989494 2.06739 1.50728 1.50728 
82.1165 -3.20495 2.80599 0.989494 2.06739 1.016 1.016 
106.901 -3.20495 2.80599 0.989494 2.06739 1.86764 1.86764 
119.803 -3.20495 2.80599 1.33968 2.4535 1.68799 1.68799 
67.6496 -3.20495 2.80599 -1.20046 2.55156 1.68799 1.68799 
49.3928 -3.20495 2.80599 -1.2024 1.83782 1.68799 1.68799 
56.4847 -1.95223 3.86618 0.989494 2.06739 1.68799 1.68799 
54.9291 -3.20495 2.80599 0.128528 1.77658 1.68799 1.68799 
104.453 -3.20495 2.80599 0.989494 2.06739 1.54651 1.54651 
69.8096 -3.20495 2.80599 0.289544 2.11872 1.68799 1.68799 
25.9258 -3.20495 2.80599 -0.490263 1.86571 1.68799 1.68799 
80.6447 -3.20495 2.80599 0.989494 2.06739 1.10539 1.10539 
59.9768 -3.20495 2.80599 1.01127 2.07703 1.68799 1.68799 
18.9757 -3.20495 2.80599 1.5163 1.84395 1.68799 1.68799 
40.9402 0.307059 3.76303 1.01127 2.07703 1.68799 1.68799 
29.1668 -3.20495 2.80599 1.01127 2.07703 1.62158 1.62158 
18.8694 -3.20495 2.80599 1.01127 2.07703 1.11976 1.11976 
76.3137 -3.20495 2.80599 1.01127 2.07703 1.66686 1.66686 
93.3005 -3.20495 2.80599 1.01127 2.07703 1.83946 1.83946 
76.2302 -3.20495 2.80599 1.01127 2.07703 2.05901 2.05901 
97.263 -0.40404 3.08131 1.01127 2.07703 2.05901 2.05901 
79.2927 -1.85025 3.90535 1.01127 2.07703 2.05901 2.05901 
68.9646 -1.85025 3.90535 -0.423797 2.92068 2.05901 2.05901 
71.5122 0.29469 2.35173 0.989494 2.06739 1.68799 1.68799 
71.0516 0.29469 2.35173 0.989494 2.06739 1.89646 1.89646 
67.609 0.29469 2.35173 0.954627 2.26082 1.89646 1.89646 
102.252 -1.19443 3.45612 0.989494 2.06739 1.89646 1.89646 
77.2405 0.29469 2.35173 0.989494 2.06739 1.94639 1.94639 
123.064 0.29469 2.35173 0.989494 2.06739 1.05439 1.05439 
61.9669 0.29469 2.35173 1.41707 2.31873 1.94639 1.94639 
45.2731 0.29469 2.35173 0.989494 2.06739 1.8733 1.8733 
76.1354 0.29469 2.35173 1.64518 1.96593 1.94639 1.94639 
42.6309 0.29469 2.35173 0.989494 2.06739 1.32003 1.32003 
98.3444 0.29469 2.35173 0.918787 2.24721 1.94639 1.94639 
105.956 0.29469 2.35173 0.918787 2.24721 1.78275 1.78275 
97.7347 0.29469 2.35173 0.918787 2.24721 2.1862 2.1862 
89.488 -0.172926 3.84622 0.918787 2.24721 2.1862 2.1862 
136.021 -0.172926 3.84622 1.6547 2.53151 2.1862 2.1862 
106.852 -0.172926 3.84622 0.918787 2.24721 2.15178 2.15178 
128.654 -0.398979 2.71417 0.918787 2.24721 2.15178 2.15178 
140.177 -2.68654 3.31183 0.918787 2.24721 2.15178 2.15178 
133.94 -0.709403 2.39985 0.918787 2.24721 2.15178 2.15178 
146.198 -0.709403 2.39985 1.45514 2.26551 2.15178 2.15178 
123.243 -0.709403 2.39985 1.45514 2.26551 2.25112 2.25112 
119.67 -0.825158 2.29866 1.45514 2.26551 2.25112 2.25112 
101.082 -0.825158 2.29866 1.23827 2.29361 2.25112 2.25112 
93.8867 -0.825158 2.29866 1.23827 2.29361 2.2343 2.2343 
90.0959 -0.610997 2.85971 1.23827 2.29361 2.2343 2.2343 
87.0732 -2.30584 2.37764 0.0517623 2.01078 1.68799 1.68799 
68.6284 -2.30584 2.37764 0.989494 2.06739 1.5059 1.5059 
52.3022 -0.854597 3.12011 0.989494 2.06739 1.68799 1.68799 
55.9319 -0.0959331 2.31308 0.989494 2.06739 1.68799 1.68799 
36.1812 0.670299 2.41702 0.989494 2.06739 1.68799 1.68799 
74.0042 -2.30584 2.37764 0.989494 2.06739 1.53378 1.53378 
60.8849 -0.520319 3.1555 0.989494 2.06739 1.68799 1.68799 
73.7158 0.377206 3.86435 0.989494 2.06739 1.68799 1.68799 
61.3007 0.377206 3.86435 0.748151 2.10185 1.68799 1.68799 
65.7832 0.377206 3.86435 1.24043 3.83107 1.68799 1.68799 
65.3573 0.377206 3.86435 0.443283 2.9251 1.68799 1.68799 
77.1759 0.377206 3.86435 0.443283 2.9251 1.97475 1.97475 
86.1652 0.377206 3.86435 1.96272 2.73415 1.97475 1.97475 
51.7513 0.377206 3.86435 0.800979 3.74172 1.97475 1.97475 
93.5919 -3.55506 3.4184 0.443283 2.9251 1.97475 1.97475 
118.287 -3.55506 3.4184 0.443283 2.9251 1.50255 1.50255 
81.7116 -3.55506 3.4184 1.252 2.54955 1.97475 1.97475 
88.0806 -3.55506 3.4184 1.252 2.54955 2.0337 2.0337 
56.6985 -3.56563 3.73009 1.252 2.54955 1.97475 1.97475 
114.076 -1.71379 3.5903 1.252 2.54955 1.97475 1.97475 
78.2385 -1.71379 3.5903 1.252 2.54955 1.49415 1.49415 
71.2723 -1.71379 3.5903 1.252 2.54955 1.6001 1.6001 
61.6998 -1.71379 3.5903 1.252 2.54955 1.87808 1.87808 
40.8029 -0.209148 3.80779 1.252 2.54955 1.6001 1.6001 
85.8637 -1.71379 3.5903 0.755876 2.79701 1.6001 1.6001 
36.9137 -2.30584 2.37764 0.989494 2.06739 2.01899 2.01899 
53.8921 -2.30584 2.37764 0.145153 2.22688 1.68799 1.68799 
32.9713 -2.30584 2.37764 0.989494 2.06739 1.74839 1.74839 
66.0274 -2.30584 2.37764 0.989494 2.06739 2.00369 2.00369 
40.4013 -2.30584 2.37764 0.663367 2.34864 2.00369 2.00369 
102.186 -2.30584 2.37764 -1.90618 2.04007 2.00369 2.00369 
63.1164 -2.30584 2.37764 -0.138086 2.22786 2.00369 2.00369 
102.928 -1.43115 3.89811 0.989494 2.06739 2.00369 2.00369 
96.6141 -1.43115 3.89811 0.989494 2.06739 1.56521 1.56521 
115.739 -1.43115 3.89811 -0.711485 2.20397 2.00369 2.00369 
97.5434 -1.43115 3.89811 -0.711485 2.20397 1.27055 1.27055 
90.6384 -1.43115 3.89811 0.884717 2.9014 2.00369 2.00369 
75.0787 -1.43115 3.89811 0.884717 2.9014 2.45941 2.45941 
90.9837 -1.43115 3.89811 1.9925 2.08572 2.00369 2.00369 
94.5581 -3.0296 3.14808 0.884717 2.9014 2.00369 2.00369 
87.3595 -3.0296 3.14808 1.96205 2.74226 2.00369 2.00369 
78.82 -3.0296 3.14808 0.884717 2.9014 1.29254 1.29254 
124.136 -1.08083 3.89711 0.884717 2.9014 2.00369 2.00369 
116.553 -3.08598 3.91932 0.884717 2.9014 2.00369 2.00369 
86.1579 -3.08598 3.91932 -0.863426 2.5141 2.00369 2.00369 
94.3869 -3.08598 3.91932 -0.863426 2.5141 0.707592 0.707592 
116.946 -3.08598 3.91932 -0.863426 2.5141 -0.520976 -0.520976 
76.2077 -2.39109 3.08253 -0.863426 2.5141 2.00369 2.00369 
103.587 -1.57989 3.22432 -0.863426 2.5141 2.00369 2.00369 
74.7835 -1.03631 3.586 -0.863426 2.5141 2.00369 2.00369 
50.7428 -2.30584 2.37764 0.989494 2.06739 1.41357 1.41357 
54.8437 -2.30584 2.37764 0.989494 2.06739 1.19036 1.19036 
70.1447 -3.83713 3.6545 0.989494 2.06739 1.68799 1.68799 
106.211 -3.01235 2.86363 0.989494 2.06739 1.68799 1.68799 
132.199 -3.01235 2.86363 1.43935 1.86672 1.68799 1.68799 
136.226 -2.14847 2.17614 0.989494 2.06739 1.68799 1.68799 
101.49 -3.01235 2.86363 0.380482 2.05926 1.68799 1.68799 
102.2 -3.01235 2.86363 0.989494 2.06739 1.96421 1.96421 
123.943 -3.01235 2.86363 -1.23888 2.16372 1.96421 1.96421 
109.649 -3.01235 2.86363 0.457112 2.76732 1.96421 1.96421 
121.552 -1.7576 3.48142 0.457112 2.76732 1.96421 1.96421 
129.915 -3.01235 2.86363 0.457112 2.76732 2.51873 2.51873 
54.1883 -3.01235 2.86363 1.8964 2.1406 1.96421 1.96421 
115.88 -3.01235 2.86363 -0.381693 2.52889 1.96421 1.96421 
140.893 -2.35876 3.93316 0.457112 2.76732 1.96421 1.96421 
119.484 -3.35848 3.72056 0.457112 2.76732 1.96421 1.96421 
111.038 -3.35848 3.72056 0.94574 3.58539 1.96421 1.96421 
113.099 -3.35848 3.72056 -0.813328 2.24998 1.96421 1.96421 
140.567 -1.28012 3.21246 -0.813328 2.24998 1.96421 1.96421 
114.276 -3.35848 3.72056 -0.813328 2.24998 1.3705 1.3705 
146.776 -3.35848 3.72056 -1.26572 3.46011 1.96421 1.96421 
120.949 -3.35848 3.72056 -0.813328 2.24998 2.02693 2.02693 
93.5402 -1.11325 3.25737 -0.813328 2.24998 1.96421 1.96421 
89.179 -1.11325 3.25737 -0.813328 2.24998 1.53756 1.53756 
107.15 -1.11325 3.25737 -0.215162 2.31283 1.96421 1.96421 
62.8391 -2.30584 2.37764 0.989494 2.06739 1.81037 1.81037 
75.971 -2.30584 2.37764 0.989494 2.06739 1.99951 1.99951 
78.4269 -3.99409 2.45009 0.989494 2.06739 1.81037 1.81037 
44.2499 -3.99409 2.45009 0.989494 2.06739 1.1945 1.1945 
88.3068 -3.99409 2.45009 0.989494 2.06739 1.99877 1.99877 
76.7358 -3.99409 2.45009 0.989494 2.06739 1.00953 1.00953 
79.4204 -3.99409 2.45009 0.761483 2.42665 1.99877 1.99877 
67.5471 -3.77101 3.44027 0.761483 2.42665 1.99877 1.99877 
60.8704 -3.77101 3.44027 -2.75728 3.15064 1.99877 1.99877 
30.753 -3.0196 3.37007 0.761483 2.42665 1.99877 1.99877 
98.5418 -3.77101 3.44027 1.36845 2.04331 1.99877 1.99877 
55.0723 -3.77101 3.44027 -1.91459 2.20669 1.99877 1.99877 
70.5569 -3.77101 3.44027 -0.413779 3.20808 1.99877 1.99877 
93.8044 -3.92363 3.75108 -0.413779 3.20808 1.99877 1.99877 
97.1937 -3.14102 3.65237 -0.413779 3.20808 1.99877 1.99877 
84.4243 -3.88809 3.63003 -0.413779 3.20808 1.99877 1.99877 
52.1134 -3.88809 3.63003 -2.49006 3.22013 1.99877 1.99877 
73.0049 -1.48053 3.63804 -0.413779 3.20808 1.99877 1.99877 
77.3949 -1.48053 3.63804 0.505389 2.61742 1.99877 1.99877 
124.092 -1.48053 3.63804 0.505389 2.61742 0.942569 0.942569 
57.2722 -1.48053 3.63804 -0.541949 2.20174 1.99877 1.99877 
72.4016 -1.48053 3.63804 0.579477 2.73904 1.99877 1.99877 
105.597 -1.48053 3.63804 1.57059 2.63421 1.99877 1.99877 
79.1939 -1.48053 3.63804 1.57059 2.63421 2.30475 2.30475 
53.8025 -1.48053 3.63804 -0.994387 2.94556 1.99877 1.99877 
38.1027 -2.30584 2.37764 0.989494 2.06739 1.95385 1.95385 
33.9619 -2.30584 2.37764 0.989494 2.06739 1.79727 1.79727 
87.9489 -0.272813 2.93454 0.989494 2.06739 1.68799 1.68799 
69.8912 -2.30584 2.37764 0.989494 2.06739 1.22244 1.22244 
52.1177 -3.76179 3.56313 0.989494 2.06739 1.68799 1.68799 
32.9887 -2.30584 2.37764 1.5911 1.71946 1.68799 1.68799 
47.5987 -0.995276 2.33834 0.989494 2.06739 1.68799 1.68799 
71.4621 -2.30584 2.37764 1.44435 2.00433 1.68799 1.68799 
60.0053 -2.30584 2.37764 1.47081 1.99175 1.68799 1.68799 
99.8319 -2.30584 2.37764 0.905768 1.89888 1.68799 1.68799 
81.8052 -2.30584 2.37764 1.44435 2.00433 1.52095 1.52095 
83.8198 -3.22647 3.1796 1.44435 2.00433 1.52095 1.52095 
64.412 -1.90422 3.68039 0.314502 2.13978 2.02294 2.02294 
65.0811 -0.928619 3.10249 0.989494 2.06739 1.68799 1.68799 
84.4349 -1.73411 3.71093 -0.776219 2.37535 1.74857 1.74857 
89.1903 -2.17314 2.79718 -0.329992 1.78248 1.68799 1.68799 
79.6574 -3.46457 2.55923 1.23143 2.21602 1.68799 1.68799 
61.9433 -3.17122 2.78959 0.989494 2.06739 1.77347 1.77347 
76.2236 -0.359444 3.98944 0.751983 2.46683 1.68799 1.68799 
69.8011 -3.96194 2.82443 0.989494 2.06739 1.19218 1.19218 
41.4828 -2.30584 2.37764 0.989494 2.06739 1.38257 1.38257 
61.1728 -3.62554 3.76765 0.266446 2.87569 2.07914 2.07914 
85.6062 -2.30584 2.37764 1.36445 2.27327 1.89962 1.89962 
61.6561 -2.30584 2.37764 0.224219 2.23948 1.8939 1.8939 
63.7949 -2.77874 2.51217 0.989494 2.06739 1.32796 1.32796 
67.3443 -2.00541 3.87375 1.30803 3.54356 1.68799 1.68799 
60.4964 -2.30584 2.37764 0.754461 2.23173 1.68799 1.68799 
61.8961 -2.38786 2.49717 0.35666 2.4768 1.67108 1.67108 
67.9111 -1.75303 2.7602 0.940175 2.12435 0.97872 0.97872 
59.4504 -2.51371 2.3241 0.989494 2.06739 1.68799 1.68799 
59.241 -2.18899 3.06514 0.989494 2.06739 1.60414 1.60414 
58.9229 -2.65071 2.43255 0.772551 1.96844 1.68799 1.68799 
60.6775 -1.88919 2.39284 0.523607 1.94983 1.70568 1.70568 
60.1859 -1.8996 2.92877 0.989494 2.06739 1.64304 1.64304 
59.5243 -2.24503 2.41469 0.397865 2.17799 1.68221 1.68221 
62.0289 -2.28919 2.61944 0.854155 2.02209 1.68799 1.68799 
55.7552 -2.75939 2.49373 1.10031 2.00488 1.68799 1.68799 
62.3535 -1.94901 3.00195 1.03965 2.33304 1.68708 1.68708 
60.8244 -2.4075 2.43634 0.782821 2.33619 1.68799 1.68799 
60.9752 -2.20683 2.74644 0.953457 2.2862 1.68799 1.68799 
60.6182 -2.09314 2.62686 1.07922 1.93464 1.78725 1.78725 
60.577 -2.01378 2.3395 0.989494 2.06739 1.60026 1.60026 
61.0872 -2.49321 2.55979 1.11077 2.33623 1.71909 1.71909 
62.8765 -2.38903 2.41029 1.23686 1.9723 1.84195 1.84195 
58.5673 -2.18084 2.50992 0.989494 2.06739 1.58761 1.58761 
57.8818 -2.30584 2.37764 0.952303 2.11818 1.64876 1.64876 
58.5711 -2.38305 2.38952 0.911232 2.23607 1.66604 1.66604 
55.8805 -2.30584 2.37764 0.980375 1.9393 1.68799 1.68799 
57.8885 -2.4098 2.44202 0.798131 2.11059 1.6997 1.6997 
56.6877 -2.30919 2.40888 0.929046 2.15518 1.68799 1.68799 
60.8636 -2.28272 2.64521 1.03682 2.06786 1.67574 1.67574 
58.2882 -2.16138 2.4558 0.996612 2.06955 1.69737 1.69737 
57.5692 -2.24606 2.48154 0.989494 2.06739 1.6856 1.6856 
58.5199 -2.34861 2.48853 0.989494 2.06739 1.68799 1.68799 
57.2402 -2.35027 2.3847 0.998085 2.11952 1.68117 1.68117 
56.7287 -2.29821 2.38253 0.924487 2.12101 1.61846 1.61846 
57.8061 -2.30584 2.37764 1.02853 2.09088 1.68799 1.68799 
57.5354 -2.30685 2.3697 1.00883 2.06493 1.69023 1.69023 
57.1306 -2.29485 2.41024 1.0281 2.15051 1.69995 1.69995 
56.6795 -2.30584 2.37764 0.953597 2.06439 1.68799 1.68799 
56.9984 -2.24773 2.37881 0.975442 2.0748 1.68799 1.68799 
57.4715 -2.29003 2.38079 0.989494 2.06739 1.69268 1.69268 
57.4128 -2.28218 2.38488 0.990524 2.05199 1.68799 1.68799 
57.3675 -2.28186 2.43014 0.942914 2.07984 1.68845 1.68845 
57.739 -2.30101 2.41528 0.989494 2.06739 1.68988 1.68988 
57.3439 -2.34951 2.38795 1.0037 2.09217 1.69177 1.69177 
57.7485 -2.31764 2.39027 0.96944 2.05912 1.69773 1.69773 
57.534 -2.36438 2.3637 0.97469 2.14136 1.68799 1.68799 
58.0834 -2.30421 2.36807 0.998095 2.07266 1.68799 1.68799 
57.1436 -2.32673 2.39712 0.970677 2.1023 1.69106 1.69106 
57.2711 -2.30732 2.42173 0.981589 2.11644 1.67516 1.67516 
57.4673 -2.31623 2.38121 0.970023 2.08206 1.69135 1.69135 
57.1457 -2.30584 2.37764 0.984004 2.08118 1.68209 1.68209 
57.2405 -2.30451 2.38087 0.989494 2.06739 1.68419 1.68419 
57.1212 -2.30377 2.3732 0.989494 2.06739 1.68799 1.68799 
56.9808 -2.29643 2.38927 0.985554 2.06878 1.68958 1.68958 
57.2345 -2.29961 2.38932 0.989494 2.06739 1.68919 1.68919 
57.2156 -2.30584 2.37764 0.986006 2.07092 1.68722 1.68722 
57.1123 -2.29953 2.37883 0.989494 2.06739 1.68935 1.68935 
57.2887 -2.31206 2.38169 0.990523 2.0786 1.69233 1.69233 
57.2697 -2.31023 2.37897 0.990196 2.07337 1.68822 1.68822 
57.3245 -2.2969 2.37633 0.978786 2.08172 1.69149 1.69149 
57.1001 -2.30998 2.37869 0.986728 2.05886 1.68799 1.68799 
57.0233 -2.30686 2.3814 0.987252 2.0674 1.69095 1.69095 
57.1394 -2.30229 2.37809 0.991872 2.0679 1.68436 1.68436 
57.1 -2.30859 2.38466 0.989611 2.06318 1.69074 1.69074 
57.0796 -2.29927 2.3782 0.989494 2.06739 1.68703 1.68703 
57.1356 -2.30064 2.37764 0.987466 2.06882 1.68799 1.68799 
57.0908 -2.29849 2.37572 0.989494 2.06739 1.68799 1.68799 
57.069 -2.30212 2.37974 0.988168 2.06879 1.68799 1.68799 
57.1356 -2.30064 2.37764 0.990666 2.066 1.68806 1.68806 
57.0941 -2.29987 2.37801 0.988493 2.06973 1.68799 1.68799 
57.0994 -2.30089 2.37859 0.989494 2.06739 1.68799 1.68799 
57.1342 -2.30031 2.37671 0.989494 2.06739 1.68854 1.68854 
57.1082 -2.30064 2.37764 0.988618 2.06635 1.68799 1.68799 
57.1007 -2.30064 2.37764 0.989494 2.06739 1.69048 1.69048 
57.1282 -2.30064 2.37764 0.990166 2.06814 1.68799 1.68799 
57.1087 -2.30572 2.37789 0.986362 2.06992 1.68931 1.68931 
57.071 -2.30055 2.37808 0.986687 2.06955 1.68833 1.68833 
57.0536 -2.30048 2.37745 0.986239 2.06948 1.68822 1.68822 
57.0463 -2.30142 2.37805 0.982509 2.0726 1.68799 1.68799 
57.0682 -2.30081 2.3772 0.983687 2.06939 1.68851 1.68851 
57.0484 -2.3009 2.37823 0.986687 2.06955 1.68792 1.68792 
57.0675 -2.30192 2.37837 0.98645 2.06897 1.68823 1.68823 
57.0552 -2.30114 2.37763 0.986113 2.06986 1.68739 1.68739 
57.0506 -2.30114 2.37763 0.986622 2.06965 1.68903 1.68903 
