,index,upper1,upper2,upper3,lower1,lower2,alpha,power,sample_size,max_ess,obj_func,execute_time,seed
0,1001,7.505247305195324,7.505247305195324,3.5052473051953235,0.6219845371606518,2.3694897657937486,0.00019606166326755156,0.8556289406087464,131.86530713593115,392.99913500015674,3.235315988918225,1399.692123413086,3969692993
1,1002,11.783536353463033,7.783536353463033,3.783536353463033,-0.21646364653696715,-0.21646364653696715,7.722542345695851e-05,0.916112807987387,160.0,479.8035851773727,3.536795316150446,1399.692123413086,3969692993
2,1003,5.974049451275996,1.9740494512759958,1.9740494512759958,-0.40446449879010227,1.3841766241376519,0.032256363388383745,0.8917145653328375,68.89450199689034,150.4346068276194,1.0350162167123236,1399.692123413086,3969692993
3,1004,5.355649646334372,1.3556496463343721,1.3556496463343721,-2.6443503536656277,-2.6443503536656277,0.12554050543164347,0.9172723272226709,41.799107207037636,121.25432810370012,1.7122236216240916,1399.692123413086,3969692993
4,1005,7.88424416428645,3.88424416428645,1.3893881744268701,0.46872539565237104,0.46872539565237104,0.06100353108910582,0.8380431844140369,48.661088553004355,129.64425062577095,1.4514192817970228,1399.692123413086,3969692993
5,1006,4.002038600475725,4.002038600475725,1.128508838722873,1.128508838722873,1.128508838722873,0.04340921246528825,0.9677883568607296,160.0,397.1821501225443,3.291659804660669,1399.692123413086,3969692993
6,1007,5.650209864905465,1.6502098649054648,1.6502098649054648,-4.22009146827617,-2.349790135094535,0.07347437071530587,0.9207478127269615,52.96991640376902,155.78720539144916,1.161925997851204,1399.692123413086,3969692993
7,1008,8.937799971752266,4.937799971752265,0.9377999717522654,0.9377999717522654,0.9377999717522654,0.0661506825085081,0.8116863891903239,62.644060759297744,175.2335823264309,2.3792429798073886,1399.692123413086,3969692993
8,1009,10.470017027829991,6.470017027829991,2.4700170278299907,0.19345647401917487,0.19345647401917487,0.006456040134290154,0.8771902700410852,81.75559570295603,243.7937344954584,1.9540235337116374,1399.692123413086,3969692993
9,1010,6.933971129308888,2.9339711293088873,1.24348078760371,-4.585487369966064,-2.75651921239629,0.10685977391492749,0.8813329540296854,35.296112938798686,105.73047153523925,1.2379811425843008,1399.692123413086,3969692993
10,1011,7.738017880111604,3.7380178801116037,3.7380178801116037,-0.26198211988839626,-0.26198211988839626,0.0001661410480623839,0.9268382329557558,160.0,458.51079401713326,3.46830867247345,1399.692123413086,3969692993
11,1012,2.072076540355967,2.072076540355967,2.072076540355967,-3.190853162513841,0.8091468374861592,0.04129981893881008,0.8935134620039672,62.865072342077006,145.69154074110736,0.9632868698683446,1399.692123413086,3969692993
12,1013,3.9594189597691876,3.9594189597691876,1.8174501122061524,-0.65214520713617,1.0358263585712313,0.030512760813377785,0.869624879056005,56.408408780756616,159.50403429070667,1.2355017024929762,1399.692123413086,3969692993
13,1014,6.288380492771056,6.288380492771056,2.2883804927710556,0.5546056632474221,2.2883804927710556,0.004343186267473197,0.9690129907886373,160.0,471.0728417807535,4.1114647783865514,1399.692123413086,3969692993
14,1015,6.784040899455544,2.7840408994555443,2.7840408994555443,0.15783112892029694,1.9940201301107137,0.003921594761117826,0.9084354405558415,110.91419517118332,249.4749278332194,1.9566599921938526,1399.692123413086,3969692993
15,1016,9.603732050450402,5.603732050450402,1.6037320504504016,-4.694025798984308,-0.6940257989843084,0.054382550637279675,0.9021724924273201,50.384637429203,151.07037509098237,0.9837148963532709,1399.692123413086,3969692993
16,1017,8.949389696753789,4.949389696753788,0.9493896967537881,-3.050610303246212,-3.050610303246212,0.17121091365847213,0.8095782779268798,20.0,59.995580055964986,3.9143163163250865,1399.692123413086,3969692993
17,1018,5.834738922979326,1.8347389229793254,1.8347389229793254,0.13809716427806928,0.13809716427806928,0.04708382098585235,0.8903802328640518,59.05051485015057,119.59164820944608,0.791393104854584,1399.692123413086,3969692993
18,1019,6.175478609974715,2.1754786099747143,0.9964491393354631,-1.6197334440932567,0.9964491393354631,0.10146877130831902,0.8777286181819427,43.843889830514286,107.03987603914811,1.1791980779599662,1399.692123413086,3969692993
19,1020,10.233326618703314,6.233326618703314,2.233326618703314,-3.8752495227088812,-1.7666733812966862,0.012763706687319458,0.8984281275709295,73.75164825353599,221.2501001299155,1.6494131239549468,1399.692123413086,3969692993
20,1021,10.130053405862068,6.130053405862068,2.1300534058620677,-1.8699465941379323,2.1300534058620677,0.00715514323059397,0.9813068500534837,160.0,472.705669261427,4.368564769060661,1399.692123413086,3969692993
21,1022,7.939591492268551,3.939591492268551,3.939591492268551,-4.060408507731449,-0.060408507731449124,7.401459707110084e-05,0.8942936266341142,160.0,472.70530302841127,3.4557955118184656,1399.692123413086,3969692993
22,1023,5.641021832895055,1.6410218328950559,1.4570437901344724,-4.17485013742869,-1.8825111818606002,0.09128280258328238,0.8976345431949471,42.606991759742684,124.39579123658761,1.07055721225754,1399.692123413086,3969692993
23,1024,7.951641786217639,3.9516417862176394,3.9516417862176394,-0.17409652891419602,2.7400712019158857,6.530174917874441e-05,0.8710194960698363,160.0,391.9587214990761,3.0565546096748286,1399.692123413086,3969692993
24,1025,8.458353744896073,4.458353744896073,0.8541980581031127,-3.145801941896887,0.8541980581031127,0.12928365175118392,0.7056553228166222,20.0,58.567425011204456,7.171100802413779,1399.692123413086,3969692993
25,1026,9.666559269711206,5.666559269711206,1.6665592697112062,-4.179920502635909,-1.1782911507882203,0.047800971088964854,0.9060009833707783,53.393363755048185,160.14643412865328,1.0452016495860972,1399.692123413086,3969692993
26,1027,7.019709971240566,3.019709971240566,1.451162818823626,-3.907139730590755,0.0928602694092453,0.0726022850569895,0.9047802384887496,46.073250004595764,131.61098645963645,0.9360609368521919,1399.692123413086,3969692993
27,1028,6.072754431498009,2.072754431498009,2.072754431498009,-5.927245568501991,-1.927245568501991,0.02977214739850391,0.9223965357707509,70.27203976932053,207.61242631384889,1.4872219759053065,1399.692123413086,3969692993
28,1029,5.514219927423145,1.514219927423145,1.514219927423145,-6.485780072576855,-2.485780072576855,0.0949812991621841,0.9998510082997111,160.0,468.55276611929486,4.8883999314073705,1399.692123413086,3969692993
29,1030,10.312653415968933,6.312653415968933,2.3126534159689327,-5.687346584031067,-1.6873465840310673,0.010370851076497017,0.90570319798663,78.94906245573681,236.84199604616873,1.7835465818560685,1399.692123413086,3969692993
30,1031,6.222866452088557,2.222866452088556,2.222866452088556,-3.79024302265054,-1.7771335479114438,0.02076855106138608,0.8859698305702318,67.68446505899702,199.96475875435434,1.4592759309056191,1399.692123413086,3969692993
31,1032,7.336022340752494,3.3360223407524936,1.2930268942038168,-1.7138246870311302,-1.7138246870311302,0.09794412546521482,0.9031287299562061,40.36271395651497,119.99285806058244,1.1342624493996807,1399.692123413086,3969692993
32,1033,6.184539392465101,2.1845393924651013,2.1845393924651013,-1.4064579255062117,1.2160075430548563,0.021575409702226656,0.8699543519926123,66.30348252619214,156.56959244940347,1.2794041407125634,1399.692123413086,3969692993
33,1034,9.839238644384976,5.8392386443849755,1.8392386443849758,-0.3432321512087959,1.7459374495663937,0.017684256186233763,0.878879384109076,78.7030811905879,231.766727151212,1.7332637301828435,1399.692123413086,3969692993
34,1035,6.480471879753083,2.4804718797530834,1.1429462962756702,1.1429462962756702,1.1429462962756702,0.04215300506887301,0.9197652767312654,117.70733843025567,234.72610925795192,1.592432427187368,1399.692123413086,3969692993
35,1036,5.734942259200123,1.7349422592001225,1.7349422592001225,-0.46093579733212,0.4515829651902654,0.06045637604271707,0.8915331346327271,51.56458917360506,120.87942605132085,0.8120759959765129,1399.692123413086,3969692993
36,1037,5.700520981569195,1.700520981569195,1.0217943021940574,-2.978205697805943,1.0217943021940574,0.10242839288544528,0.9970333526265701,128.45763786452636,291.03590085517556,3.7631172573251535,1399.692123413086,3969692993
37,1038,11.32846134114294,7.328461341142941,3.3284613411429413,-4.671538658857059,-0.6715386588570587,0.00043663561900914136,0.8951179771529478,126.00588673857395,378.0093493645013,2.834575365272311,1399.692123413086,3969692993
38,1039,6.151092994275663,2.1510929942756634,2.1510929942756634,-4.799644927939406,-0.7996449279394064,0.024735349544877175,0.8984986031469174,67.45763339587963,192.9151390888756,1.3502241525703922,1399.692123413086,3969692993
39,1040,7.263638243652239,3.263638243652239,1.2921985486733387,-6.707801451326661,-2.7078014513266613,0.09814458221265898,0.9378921149998747,48.056967312186856,144.0333502786298,1.513008004810915,1399.692123413086,3969692993
40,1041,9.896419233598857,5.8964192335988574,1.8964192335988574,-0.4703130451645494,-0.4703130451645494,0.02847628006560353,0.8895097553544495,59.27085079746402,177.22893957379978,1.2380991865343987,1399.692123413086,3969692993
41,1042,8.899054987485686,4.899054987485686,1.6489583083627792,-2.3510416916372208,-2.3510416916372208,0.049577526483398554,0.9347867253791339,59.97484810192919,179.86296918823427,1.3533765498599315,1399.692123413086,3969692993
42,1043,8.59197533986701,4.59197533986701,1.8911251797064936,-3.458460114325489,0.5415398856745104,0.0287928077698294,0.8796910813539507,56.915082024653636,168.3016550484225,1.2247167902100415,1399.692123413086,3969692993
43,1044,10.843081205576656,6.843081205576655,2.843081205576655,-2.233686600615142,1.766313399384858,0.002015795958297239,0.98598045051172,160.0,478.20959936880377,4.596746290272939,1399.692123413086,3969692993
44,1045,6.106912591545067,2.1069125915450666,1.190731557517096,-2.408366831578425,0.2984271587189533,0.112744667299341,0.884263844238094,35.69690323925805,94.00845984597476,1.2548941018790694,1399.692123413086,3969692993
45,1046,5.765775001974671,1.7657750019746712,1.7657750019746712,-2.2439438057891716,0.8932819870256783,0.05505927385224773,0.8890910818000597,53.86253627988516,125.8553683265066,0.8387414678156055,1399.692123413086,3969692993
46,1047,7.489914601973943,3.489914601973943,1.5587268104963776,-3.985248789564432,-0.7288156769872716,0.05952723216584327,0.9046915141449806,49.34376299843346,146.30436976142846,0.966493241683257,1399.692123413086,3969692993
47,1048,6.846935027502613,2.846935027502613,2.846935027502613,-1.1530649724973872,-1.1530649724973872,0.003707613919695424,0.9065798387420755,101.78741671201692,295.15426181246823,2.251743732165596,1399.692123413086,3969692993
48,1049,5.083740031629693,1.0837400316296935,1.0837400316296935,1.0837400316296935,1.0837400316296935,0.07192849397035245,0.9708916235237068,160.0,312.7105483771517,2.8774418448737222,1399.692123413086,3969692993
49,1050,5.948863664255874,1.9488636642558734,1.9488636642558734,-2.0511363357441263,-2.0511363357441263,0.03945612652224682,0.9268266970619718,66.34918904597853,193.95684485701176,1.386314708212874,1399.692123413086,3969692993
50,1051,6.300182748540331,2.3001827485403314,1.1147669024454026,-2.8852330975545977,1.1147669024454026,0.08140030441723099,0.9206928474055951,58.8203562060932,143.9091013603464,1.1515636139115886,1399.692123413086,3969692993
51,1052,6.4977430235918,2.4977430235918003,2.4977430235918003,0.4379117792366536,0.805045021694095,0.00959977857649271,0.9191093063396263,95.09091640954462,191.55292570274227,1.550534834804984,1399.692123413086,3969692993
52,1053,6.309039590186923,2.309039590186923,1.2748474909052778,1.2748474909052778,1.2748474909052778,0.031222245890068688,0.8101903214031668,85.61042375625598,170.2668781772517,2.4022459286716367,1399.692123413086,3969692993
53,1054,11.977941648157937,7.9779416481579375,3.977941648157937,-1.9801239703084161,-0.02205835184206295,3.475721073251057e-05,0.8821952915008967,160.0,479.9885938285292,3.5474952837055183,1399.692123413086,3969692993
54,1055,4.68237200478096,4.68237200478096,1.3837904146175122,-5.72790311712238,-1.7279031171223798,0.08321133195699605,0.92269506164124,47.28996764981471,141.79434559287503,1.169273502574701,1399.692123413086,3969692993
55,1056,6.123498031497348,6.123498031497348,2.1234980314973484,-2.2743651692107036,-0.7749762207324888,0.01685596751768674,0.8766934653513423,64.63410639785836,193.862248902995,1.5106970502256352,1399.692123413086,3969692993
56,1057,5.715707624337031,1.7157076243370313,1.7157076243370313,-1.2897817511699892,-1.2897817511699892,0.06449093007969398,0.906867243415486,52.266300637035926,144.6196359131881,0.9778181658652391,1399.692123413086,3969692993
57,1058,7.529030112799114,3.5290301127991137,3.5290301127991137,0.4957874113393599,2.4035934864421864,0.0003395367469014876,0.8634814523921797,133.34731137482134,270.3879408881325,2.3397969374635745,1399.692123413086,3969692993
58,1059,10.887637263493065,6.887637263493065,2.8876372634930654,-1.1123627365069346,-1.1123627365069346,0.0019403697403049648,0.8998956467567973,104.2724193166321,312.73750940169043,2.3848413295559654,1399.692123413086,3969692993
59,1060,3.291861723666008,3.291861723666008,3.291861723666008,-4.708138276333992,-0.7081382763339921,0.0012810100977180617,0.9195222390143787,129.66525862345753,381.4718524395312,2.899319991175462,1399.692123413086,3969692993
60,1061,11.722116368336629,7.7221163683366285,3.722116368336629,-0.15921001212678965,0.319296790106836,9.862811245282294e-05,0.8720069695562596,141.6842616403415,422.75216360639007,3.2471331249148925,1399.692123413086,3969692993
61,1062,9.646665108999725,5.646665108999724,1.6466651089997246,-2.3533348910002756,-2.3533348910002756,0.04981289171756466,0.9996703413959962,160.0,479.9497331808144,4.644890504035047,1399.692123413086,3969692993
62,1063,2.1899040694772833,2.1899040694772833,2.1899040694772833,0.6538828705048554,2.1899040694772833,0.023438759501899588,0.9311535569324776,123.46934341879992,192.30356189517403,1.5058762411079614,1399.692123413086,3969692993
63,1064,6.01314983741963,2.01314983741963,2.01314983741963,-0.7827565439905673,-0.026395670603629018,0.03402809221892733,0.8880939438342274,59.88325863642516,156.3271869749536,1.075303797175461,1399.692123413086,3969692993
64,1065,6.934639250197587,2.9346392501975873,1.5751311143214268,-3.047997950207046,-1.9485310922486745,0.057679760898399116,0.8789993017611447,45.209915479290416,134.943508938003,0.9524839991665848,1399.692123413086,3969692993
65,1066,6.936876208973464,2.936876208973464,1.4919617613446468,-5.30692909805624,-2.5080382386553532,0.06790150471824791,0.8962763314595796,45.46242144573607,136.09081360710906,0.9343876030171084,1399.692123413086,3969692993
66,1067,10.526776540732792,6.526776540732792,2.5267765407327922,1.1300926353341545,2.0924838806394193,0.0031034915360918618,0.9080091847566096,127.89312194033799,368.38583515507656,2.7387056607473,1399.692123413086,3969692993
67,1068,7.410969587007052,3.4109695870070524,0.9793471646933226,-1.0005011951337202,0.9793471646933226,0.10375133812540858,0.9526112743525105,64.66806131140953,179.123743166312,2.0340608324626173,1399.692123413086,3969692993
68,1069,6.9114637760682065,2.9114637760682074,1.279132821130967,-0.7270555440468915,0.4544097599575021,0.09258559242320707,0.8914302600100202,40.92494862303558,112.42894198471068,1.0202266953426102,1399.692123413086,3969692993
69,1070,5.369760343682841,1.3697603436828407,1.3697603436828407,-0.24543660087835217,-0.24543660087835217,0.11624137384950971,0.9012886426551509,43.09227608218834,96.62850528110339,1.3035008086936029,1399.692123413086,3969692993
70,1071,2.6321627398077703,2.6321627398077703,2.6321627398077703,-3.4298074652791466,0.5701925347208538,0.010107927884449426,0.8973955313579035,87.80567317803629,229.87320105060599,1.7375931324915566,1399.692123413086,3969692993
71,1072,5.60998092736407,1.6099809273640702,1.5046284307308333,-6.4953715692691665,-2.4953715692691665,0.08843274685189699,0.9928159835171324,90.94082663103279,267.3581312145805,3.2900670128887297,1399.692123413086,3969692993
72,1073,3.0753344494434685,3.0753344494434685,3.0753344494434685,-3.6218567004904316,0.3781432995095684,0.002646203055295315,0.963016288275839,139.0318841012544,386.8096065244969,3.467115042284441,1399.692123413086,3969692993
73,1074,6.0800602011717615,2.080060201171762,2.080060201171762,1.2574196942264453,1.2574196942264453,0.017697747322167143,0.9570579525943996,160.0,317.5297443893344,2.7225797232442277,1399.692123413086,3969692993
74,1075,6.572392893380417,2.5723928933804174,2.5723928933804174,0.9237132674833399,2.5723928933804174,0.004729339084025201,0.9406701072999171,160.0,319.23821326614166,2.6418585598108315,1399.692123413086,3969692993
75,1076,6.080085224639056,2.0800852246390567,2.0800852246390567,-1.9199147753609433,-1.9199147753609433,0.029266631849677135,0.9991487712617783,160.0,467.26851146758577,4.612898788086234,1399.692123413086,3969692993
76,1077,2.168091395957408,2.168091395957408,2.168091395957408,1.255529184222004,1.255529184222004,0.024833268368223624,0.9130143556606719,124.84133166805402,183.56247583867145,1.3145514674025767,1399.692123413086,3969692993
77,1078,3.4378061083107294,3.4378061083107294,1.5632536864131654,-2.485138734273874,0.3833170714256109,0.057598962942698013,0.8863011423000451,46.86819469719881,133.53443179248026,0.904095818815091,1399.692123413086,3969692993
78,1079,2.0029597604541145,2.0029597604541145,2.0029597604541145,-3.57774764303333,-1.0659426065858737,0.048828635821222724,0.902011921583879,60.780142133062924,170.89011428916652,1.1094371194094073,1399.692123413086,3969692993
79,1080,10.136004592505822,6.136004592505822,2.136004592505822,-5.11411747078009,-1.1141174707800898,0.016339518126019033,0.9009548365000657,70.30276044681406,210.8875079575159,1.54286947039979,1399.692123413086,3969692993
80,1081,9.994023091427835,5.994023091427834,1.9940230914278336,-6.005976908572166,-2.0059769085721664,0.02307476551001723,0.9991582021277116,160.0,479.9893798428817,4.741198922595201,1399.692123413086,3969692993
81,1082,8.156074393237924,4.156074393237924,1.7473841410349509,-1.5645448444358092,-1.5645448444358092,0.04026936889356446,0.9216034832926361,60.071431723766146,179.4390743496494,1.250599343954542,1399.692123413086,3969692993
82,1083,9.298384099886569,5.298384099886568,1.2983840998865679,-0.6136831191633392,-0.6136831191633392,0.09447152601855417,0.9027334015245398,41.8309177697472,124.82369367935998,1.1157739338485806,1399.692123413086,3969692993
83,1084,6.315623002333343,2.315623002333343,1.1467621323404396,-0.08451133447971415,-0.08451133447971415,0.1114097277298721,0.9988902104146816,160.0,356.6920158418736,4.4027277211224956,1399.692123413086,3969692993
84,1085,6.586179922497383,6.586179922497383,2.5861799224973834,-0.1331780044643831,0.7600857921363076,0.00476485771128686,0.863101909046082,82.13543888516541,245.73055542053098,2.1194004304043377,1399.692123413086,3969692993
85,1086,6.7259982269196,6.7259982269196,2.7259982269195997,-2.6065222704111766,1.3934777295888232,0.0030807045807599957,0.899874546592162,97.87561495866954,292.86385630812345,2.2392217687047746,1399.692123413086,3969692993
86,1087,12.83560794178529,8.83560794178529,4.835607941785289,-3.1643920582147107,0.8356079417852893,6.636965862217425e-07,0.6286839579099753,160.0,479.989557355087,14.846456008910092,1399.692123413086,3969692993
87,1088,12.113539765129516,8.113539765129516,4.113539765129516,-0.0750875047115116,2.716698923387651,1.7813936431532737e-05,0.839120676056487,160.0,477.5664409311965,4.054498950914614,1399.692123413086,3969692993
88,1089,5.523417786035327,1.5234177860353266,1.5234177860353266,-1.2887429385330302,1.5234177860353266,0.06381763355043044,0.8888340508715948,67.76156210014473,135.47801417655788,0.9275259232159287,1399.692123413086,3969692993
89,1090,1.8731943724851958,1.8731943724851958,1.8731943724851958,-0.4880724834925525,1.8731943724851958,0.05016940810342227,0.9211183472512758,93.10172804368682,164.06451653722985,1.1330751082786403,1399.692123413086,3969692993
90,1091,7.656036746060137,3.6560367460601357,1.9861800994708285,-0.5020464372043794,1.650716119622986,0.015546837364683444,0.8726257025560393,74.7234195105009,174.6557207261314,1.4315203418557072,1399.692123413086,3969692993
91,1092,9.4826172462271,5.482617246227101,1.4826172462271012,0.1240936988877388,0.9461277069971602,0.05286135915712151,0.8973240126745077,58.24053457910683,171.95045417490522,1.117846226311071,1399.692123413086,3969692993
92,1093,2.073393852823658,2.073393852823658,2.073393852823658,-0.584792268380697,-0.584792268380697,0.041551983883457815,0.9250999096546494,70.30021632717954,177.2225568304143,1.2577979313534577,1399.692123413086,3969692993
93,1094,1.3483725629164227,1.3483725629164227,1.3483725629164227,-4.750502504150479,-2.6516274370835773,0.16866623327723035,0.913503179017086,38.76780282459012,107.39408734917558,2.8954755871039044,1399.692123413086,3969692993
94,1095,9.516467379733779,5.516467379733779,1.516467379733779,-4.674476489573028,-2.483532620266221,0.0647006060226862,0.8801243565905454,43.484113563207764,130.44940104723696,0.9404620324209294,1399.692123413086,3969692993
95,1096,7.305982745690835,3.3059827456908346,1.7821723350969325,-4.376750810868684,-2.2178276649030675,0.03737372659746087,0.8647864793823281,49.91977606446947,149.47051629767387,1.1853667608729832,1399.692123413086,3969692993
96,1097,8.506815471163108,4.506815471163107,1.3664930497381496,-4.6571577945805345,-2.1118852778053006,0.08589210431510057,0.8842609113165977,39.418509944937874,118.21818018990136,1.0036746604112023,1399.692123413086,3969692993
97,1098,7.856708771452711,3.856708771452711,1.6926464466055575,-5.1990314288961645,-1.1990314288961652,0.04526132086765044,0.9291228836886133,60.0007578950832,179.31047445517257,1.2974283086907903,1399.692123413086,3969692993
98,1099,8.644344859891458,4.644344859891458,1.349438540235824,-3.186764577884352,-2.650561459764176,0.08859803778269963,0.8903013348307447,39.86623679079919,119.5844709116751,1.0199234652180336,1399.692123413086,3969692993
99,1100,9.504042760872233,5.504042760872233,1.5040427608722324,-6.495957239127767,-2.4959572391277676,0.06628517811958924,0.9411816818785419,56.50798450421297,169.52026607693384,1.402023085167512,1399.692123413086,3969692993
100,1101,5.699273904397289,1.6992739043972893,1.6992739043972893,-3.04960101978652,-1.2848883152377395,0.06670558354769539,0.8963396678952735,49.43998589481021,141.56957835162916,0.9634776303105158,1399.692123413086,3969692993
101,1102,1.8479931502936808,1.8479931502936808,1.8479931502936808,-2.152006849706319,1.8479931502936808,0.05301530339270412,0.9479764312397427,104.27115582126144,203.53109206138012,1.676563540508094,1399.692123413086,3969692993
102,1103,5.610817376872323,1.6108173768723226,1.6108173768723226,-1.1234331468082743,0.9338416738895874,0.07224220615930924,0.8888084659312133,50.49170081292809,112.83259532582679,0.8275371081514967,1399.692123413086,3969692993
103,1104,5.251239026748307,1.2512390267483071,1.2512390267483071,-3.0904677806177117,0.9095322193822887,0.12510056647086584,0.89840926140949,45.5832862959171,97.34745764582217,1.5013208101580071,1399.692123413086,3969692993
104,1105,7.3282547509868206,3.3282547509868206,1.345880264981602,-3.861543778803508,-1.3243993851872895,0.08917117368027593,0.8880007567753355,39.38495195527053,117.36429625457193,1.020086277302326,1399.692123413086,3969692993
105,1106,6.270573591004246,2.270573591004246,2.270573591004246,0.575990731399945,1.5334762926135257,0.015314174786728356,0.9436542432724881,107.45000295803183,224.90306280896175,1.9382145900271497,1399.692123413086,3969692993
106,1107,10.944240891080577,6.944240891080577,2.9442408910805775,-1.0557591089194225,-1.0557591089194225,0.0016183962050602978,0.986756621247116,160.0,479.88499419733125,4.634185528465567,1399.692123413086,3969692993
107,1108,9.162016155844107,5.162016155844107,1.162016155844107,-5.843835387908742,-2.837983844155893,0.1226144494281342,0.874371573090447,31.998145116244068,95.99184586186333,1.5367750477051483,1399.692123413086,3969692993
108,1109,1.3260599261818877,1.3260599261818877,1.3260599261818877,-2.6739400738181125,1.3260599261818877,0.14190521472475642,0.998500593494371,160.0,304.6038242655328,4.7736766224555485,1399.692123413086,3969692993
109,1110,2.1683765627253484,2.1683765627253484,1.2523898049416922,-1.876591247627024,1.2523898049416922,0.06949902159052515,0.897757047224051,58.23351313065262,127.45472140812637,0.8862115958288005,1399.692123413086,3969692993
110,1111,9.59817999121082,5.598179991210819,1.5981799912108194,-2.095381154988104,-0.6123291027467055,0.05499172693675108,0.891511157378682,48.15361612502247,144.36373434833249,0.9514682526379166,1399.692123413086,3969692993
111,1112,1.8517368008616644,1.8517368008616644,1.8517368008616644,0.8678655273746854,1.8517368008616644,0.04719313974064653,0.9785206457800825,160.0,220.35670269043277,2.381122660524371,1399.692123413086,3969692993
112,1113,6.844985101082916,2.8449851010829157,2.8449851010829157,-0.06168804528468064,-0.06168804528468064,0.0037022820778982997,0.8936596329049077,98.76628609416198,257.39806157133967,2.0064101408384856,1399.692123413086,3969692993
113,1114,3.075830434607278,3.075830434607278,3.075830434607278,0.28401738903812035,0.28401738903812035,0.002616383408625605,0.9812427129398297,160.0,403.94340290955176,3.9840098224658265,1399.692123413086,3969692993
114,1115,8.064535045550523,4.064535045550523,1.0830125528042374,-0.07885620332453058,-0.07885620332453058,0.12155287293181817,0.8776033597436912,37.1180491325406,105.77859686639512,1.5527471227185803,1399.692123413086,3969692993
115,1116,6.049743843719796,2.0497438437197952,2.0497438437197952,0.6663058206568735,0.6663058206568735,0.026397589213855238,0.9264334902484653,91.14455229541856,182.07599502236766,1.3747480280318454,1399.692123413086,3969692993
116,1117,7.869367077895049,3.8693670778950495,1.613386028381146,-0.19621485095151203,-0.19621485095151203,0.05054087803896397,0.8838083700275184,50.12957842089691,143.89488593832684,0.9739359100915223,1399.692123413086,3969692993
117,1118,5.765188025195423,1.7651880251954224,1.7651880251954224,-4.152415153523037,-1.8377944459745494,0.058385490171924515,0.8868166961051459,50.012496661852175,146.44038926864658,0.9876212058265978,1399.692123413086,3969692993
118,1119,9.989886453208301,5.989886453208301,1.9898864532083016,-1.5535602147499523,1.1297188594446097,0.02091092122705,0.8567063036612654,59.70806745670359,178.20603834582187,1.5754275611876278,1399.692123413086,3969692993
119,1120,9.430347706484323,5.430347706484324,1.4303477064843235,1.4303477064843235,1.4303477064843235,0.020612187957737185,0.8404419340561117,107.53257534061244,287.15827545018925,2.5427812552424416,1399.692123413086,3969692993
120,1121,6.956331938041459,2.956331938041459,1.3769231041793348,-1.7000633150529068,-0.20826792921775827,0.08396824719705138,0.8855167378087202,40.052911591602026,115.42105563315299,0.9589606496856445,1399.692123413086,3969692993
121,1122,1.3715121109575419,1.3715121109575419,1.3715121109575419,-2.628487889042458,1.3715121109575419,0.13150998352990886,0.9533187095130313,78.57921000496083,150.1284806007351,2.4362936721414075,1399.692123413086,3969692993
122,1123,1.90513267142763,1.90513267142763,1.90513267142763,-1.0767511801746315,0.9518263361770987,0.05823449878216397,0.8829939570805272,55.90981718807433,120.14594381808598,0.834446286602148,1399.692123413086,3969692993
123,1124,4.395794514390169,4.395794514390169,4.395794514390169,-1.597261171921465,2.402738828078535,1.534140136098148e-05,0.7837755768532375,160.0,419.6448688127612,5.189731024012375,1399.692123413086,3969692993
124,1125,3.0699011922518364,3.0699011922518364,1.526636825563463,-0.02071820630723553,1.526636825563463,0.033562116754361396,0.8990651345642031,73.81989649574713,177.9282251247846,1.196045878421386,1399.692123413086,3969692993
125,1126,2.6852947455278806,2.6852947455278806,2.6852947455278806,-1.3147052544721194,2.6852947455278806,0.006455508581658212,0.9417003987454322,160.0,312.7105157016298,2.588961304513619,1399.692123413086,3969692993
126,1127,6.528609237078411,2.5286092370784106,2.5286092370784106,-5.471390762921589,-1.4713907629215894,0.009347926822974615,0.9963337377205849,160.0,472.70580586771825,4.751826087230193,1399.692123413086,3969692993
127,1128,2.15978376445913,2.15978376445913,2.15978376445913,-0.7751506965286779,2.15978376445913,0.026140646229968416,0.9267138304969106,113.64619892469699,211.11959121095546,1.567336771051411,1399.692123413086,3969692993
128,1129,3.2956159663641698,3.2956159663641698,3.2956159663641698,-1.4784010479540877,2.521598952045913,0.0011349852628966105,0.945062490144314,160.0,352.49142404429404,2.9677849407222423,1399.692123413086,3969692993
129,1130,8.217779972492313,4.217779972492313,2.281715930157399,-4.363151014294079,-1.2757617976106435,0.011253153827937947,0.8746053705967985,70.60607380262336,211.39038000827054,1.702171687493398,1399.692123413086,3969692993
130,1131,10.614065498798134,6.6140654987981335,2.614065498798134,-2.619654516156746,-1.385934501201866,0.004473593663397616,0.8855521663536166,87.42988240882818,262.2832616377725,2.0531641422009748,1399.692123413086,3969692993
131,1132,5.740104944789161,1.7401049447891617,1.7401049447891617,-2.2598950552108383,-2.2598950552108383,0.06144925074254041,0.9871151024608685,91.12033598650761,266.6661010877466,2.919973184832165,1399.692123413086,3969692993
132,1133,5.973817490815055,1.973817490815055,1.973817490815055,-4.032866955378893,-0.03286695537889295,0.03730487764289578,0.8987199626847465,60.32810890780487,161.935753553432,1.0756089524507042,1399.692123413086,3969692993
133,1134,5.8240270900405005,5.8240270900405005,1.8240270900405005,-2.1759729099594995,1.8240270900405005,0.016479221691693306,0.942892943419364,105.0949418567665,310.3710329159465,2.4702581115443074,1399.692123413086,3969692993
134,1135,8.349323647654764,4.349323647654764,1.278285792989562,-4.786860915393335,-0.7868609153933361,0.10055371202138726,0.8953360826804523,38.52592876358997,115.1817569351877,1.144518208758151,1399.692123413086,3969692993
135,1136,7.329793568643216,3.3297935686432156,1.199793203157059,-3.5151145894003246,0.4848854105996756,0.10511769618130434,0.9070221314872163,41.51942792863978,118.12356093772955,1.2421939205091759,1399.692123413086,3969692993
136,1137,6.41866022172899,2.4186602217289894,2.4186602217289894,-1.5813397782710106,-1.5813397782710106,0.012581834542284787,0.9131479321638761,82.96259678593081,241.60158981023912,1.809797293840941,1399.692123413086,3969692993
137,1138,8.52527813954092,4.525278139540919,1.482280271755234,-2.0985599622277666,-1.284572055620769,0.06912827421177775,0.8931976762941444,44.59204724245959,133.56831906752723,0.9300215117189145,1399.692123413086,3969692993
138,1139,3.9996177803769815,3.9996177803769815,3.9996177803769815,-0.3676416503166555,0.5919772609704439,8.650103001083718e-05,0.8834439831879717,160.0,458.4244724214166,3.4001935194341097,1399.692123413086,3969692993
139,1140,9.825052175775983,5.825052175775983,1.8250521757759834,-3.0651178411064723,-0.33598913174168876,0.03398814544043503,0.8813998949039975,54.26161616834667,162.6715559380095,1.1481368364356797,1399.692123413086,3969692993
140,1141,9.497409925891553,5.497409925891553,1.497409925891553,-0.5347520687087246,0.31671679258740015,0.06422068684156747,0.8886494526066282,46.14758009616548,137.63954404626912,0.943930994797276,1399.692123413086,3969692993
141,1142,5.735742058727554,1.7357420587275538,1.7357420587275538,-3.0982900276284484,-2.2642579412724464,0.06199545103607875,0.8852977381715091,48.67675035109787,143.37299933910435,0.9855931136172953,1399.692123413086,3969692993
142,1143,10.866394689559431,6.8663946895594306,2.8663946895594306,-3.87918749774677,0.12081250225323004,0.0020758361852275596,0.8753880010447788,96.89715765355004,290.6182476659478,2.3327187969854495,1399.692123413086,3969692993
143,1144,2.86216272074229,2.86216272074229,2.86216272074229,-2.3236907516857266,1.6763092483142739,0.005018238116598855,0.9031800678349906,104.06666455306222,243.50452112134678,1.8931253689916643,1399.692123413086,3969692993
144,1145,9.077367518190698,5.077367518190699,1.2368731728563809,-4.414613598417969,-2.763126827143619,0.10806708286536106,0.8497064912602194,30.973663850998992,92.91817165186536,1.5124496874497697,1399.692123413086,3969692993
145,1146,6.759009195694098,2.7590091956940985,2.7590091956940985,-5.240990804305902,-1.2409908043059015,0.004833185186398123,0.8963206476937237,94.49472260468848,279.1762384815116,2.1276351095324832,1399.692123413086,3969692993
146,1147,2.073672299693945,2.073672299693945,2.073672299693945,-2.4307225175415854,1.5692774824584141,0.03705554323445782,0.9220670069495387,83.22665558423857,169.5903847754293,1.2010625099812438,1399.692123413086,3969692993
147,1148,6.6178448154145695,2.6178448154145695,1.0612400554859558,-2.5736138771235044,1.0612400554859558,0.08958773331876543,0.8695454960273733,44.86219512389602,115.00540700775683,1.130616105035624,1399.692123413086,3969692993
148,1149,5.6935155310162795,1.6935155310162793,1.6935155310162793,-0.5426783186237574,-0.5426783186237574,0.06657148735424225,0.9045640976539702,51.95063426704674,130.8488588346903,0.8943878921209174,1399.692123413086,3969692993
149,1150,8.758240017879034,4.758240017879034,1.4203019573590219,-5.7183519990968845,-2.5796980426409784,0.07775988527608746,0.9033223229137592,44.4272044536841,133.27056260303644,0.9850459799773825,1399.692123413086,3969692993
150,1151,3.198263358326059,3.198263358326059,3.198263358326059,-0.8017366416739411,-0.8017366416739411,0.0017627649934062767,0.9457756157999635,135.7910153200847,388.87864207584636,3.204425677464242,1399.692123413086,3969692993
151,1152,1.8349968587361658,1.8349968587361658,1.8349968587361658,-1.5392262668874428,1.3421056142129242,0.0625036632949716,0.8909489143422852,62.59106432519364,125.26362368784297,0.8493407718846666,1399.692123413086,3969692993
152,1153,7.621854362926753,3.6218543629267526,1.5278950328944985,-4.188950467881163,-2.4721049671055013,0.06326913790128304,0.8660757237553269,41.69775871649642,124.9958115363835,1.0154199711403824,1399.692123413086,3969692993
153,1154,6.176365101284565,6.176365101284565,2.176365101284565,1.067755411046221,1.067755411046221,0.009837256249861256,0.8961143535458196,103.74658368466346,300.38862991110466,2.199664124654491,1399.692123413086,3969692993
154,1155,8.303660669627352,4.303660669627352,1.3237645621489298,-2.67623543785107,-2.67623543785107,0.09279010475888064,0.9422427258413216,50.39311857850367,151.11390997880986,1.5376265882213236,1399.692123413086,3969692993
155,1156,9.72344888780625,5.723448887806249,1.723448887806249,-2.57947155200425,-1.2324525831894866,0.04240355740536589,0.8988557861415108,53.94690768653925,161.8115629722146,1.0588042329936087,1399.692123413086,3969692993
156,1157,7.930758175775711,7.930758175775711,3.9307581757757117,-4.069241824224289,-0.06924182422428826,4.233920475072906e-05,0.8912522564969892,160.0,479.98952859324726,3.5103140363137255,1399.692123413086,3969692993
157,1158,5.880060951554057,1.880060951554057,1.880060951554057,-3.2663266733481464,-0.5474137834533195,0.04585761304987422,0.9033858742940657,57.66014181916029,160.00607398343593,1.0424067797458505,1399.692123413086,3969692993
158,1159,2.4887613722436415,2.4887613722436415,2.4887613722436415,0.0473468312145493,2.4887613722436415,0.011207199908247839,0.9313080420414128,139.23334039709917,247.51542622315418,1.9887592703496253,1399.692123413086,3969692993
159,1160,9.49058231408345,5.4905823140834515,1.4905823140834515,-3.5166513736735894,-0.20074070711587289,0.06787740860699297,0.8873759623438205,43.9132800407653,131.5432779276796,0.9271826565037834,1399.692123413086,3969692993
160,1161,3.290430498222773,3.290430498222773,3.290430498222773,-2.4661829091747247,-0.709569501777227,0.0012874446964231242,0.9722119132824061,160.0,470.6306166394245,4.222687366578243,1399.692123413086,3969692993
161,1162,5.744615207692069,1.7446152076920691,1.7446152076920691,0.060564191023649405,0.8394678868155794,0.05497538081124473,0.8893489400221933,57.04663382130225,115.33533958653982,0.7695089859323673,1399.692123413086,3969692993
162,1163,7.731544878373292,3.7315448783732914,2.1204315002931278,0.15082702046831953,0.15082702046831953,0.0159131899914147,0.8767387190681255,68.25457909473123,166.14384760343856,1.340327408367714,1399.692123413086,3969692993
163,1164,6.111598062468495,2.1115980624684956,2.1115980624684956,-2.2259111144358212,-1.2360483990482334,0.02717718406017615,0.8980781962958795,65.7224773693123,190.4980945816139,1.3166656394838994,1399.692123413086,3969692993
164,1165,2.577207341761068,2.577207341761068,2.577207341761068,-4.532640090237627,-0.5326400902376265,0.011782674814978664,0.8965149676550135,84.90490058565221,240.91008559539412,1.7898536015989472,1399.692123413086,3969692993
165,1166,1.9357625640034655,1.9357625640034655,1.9357625640034655,-0.14603149661553094,0.673598091256391,0.05485715090651967,0.8948365708535353,59.64871626291015,125.00133430048321,0.8186575139531178,1399.692123413086,3969692993
166,1167,9.522777585967411,5.522777585967412,1.5227775859674118,-1.0346315611106587,-1.0346315611106587,0.0635872723760906,0.9063006590052922,48.673892790124306,145.7420128427906,0.9800379635128048,1399.692123413086,3969692993
167,1168,7.521672086944838,3.5216720869448377,0.9591978994552384,-0.027556330895094017,0.9591978994552384,0.10066833965170136,0.88058983213232,47.302711257995924,122.3841879931339,1.2477538967137625,1399.692123413086,3969692993
168,1169,7.053148862221747,3.053148862221747,1.2629874471606701,-3.105189501664288,-2.2453980248878156,0.10330313548861905,0.8501424989625546,31.746595763090227,94.96518911494546,1.4372122490845438,1399.692123413086,3969692993
169,1170,7.106222974094196,3.106222974094197,1.3520475582593154,-3.5059551900262265,-0.2738247071038533,0.08794765261136446,0.9002009680201409,41.736098959211915,121.4052120496547,1.00956713196998,1399.692123413086,3969692993
170,1171,2.603978163968951,2.603978163968951,1.6914192659377985,-3.1084980802376894,0.8915019197623104,0.043731460173261065,0.9025681261141882,57.23067412404181,143.70803800861972,0.9393394414885159,1399.692123413086,3969692993
171,1172,1.3211902107341604,1.3211902107341604,1.3211902107341604,-0.5200876097190381,1.3211902107341604,0.14225691421934242,0.9047737566751927,57.83519180913405,95.00775200358045,1.9318654117519407,1399.692123413086,3969692993
172,1173,1.9930798470956537,1.9930798470956537,1.9930798470956537,-0.10274506343924217,-0.10274506343924217,0.04886705160550094,0.998474191919365,160.0,359.4867560081517,3.8270782339712914,1399.692123413086,3969692993
173,1174,6.86014386073612,2.8601438607361196,0.95657853093871,0.95657853093871,0.95657853093871,0.06358293936308318,0.964581720755841,137.98525118048653,306.5931239823183,2.6603022738909963,1399.692123413086,3969692993
174,1175,2.979063897190804,2.979063897190804,2.979063897190804,-2.9668908134262106,-1.020936102809196,0.003599572306869845,0.8954411241896718,104.6571674444284,307.5175209790505,2.33002061796222,1399.692123413086,3969692993
175,1176,9.05802527013997,5.05802527013997,1.0580252701399702,-6.94197472986003,-2.94197472986003,0.14502195785224437,0.9998516173218361,160.0,479.98956418823207,6.042559037215329,1399.692123413086,3969692993
176,1177,7.023534267810775,3.023534267810775,1.5358884822013277,-1.544194335730574,1.1753905887714315,0.04628646905773891,0.8913363098759599,57.49287701926613,151.96756074691692,0.9995430246304313,1399.692123413086,3969692993
177,1178,2.463486277864872,2.463486277864872,2.463486277864872,-2.6844780546459006,1.3155219453540992,0.015608404401918038,0.8884204032884674,80.112833000094,184.36112242574427,1.398985383501571,1399.692123413086,3969692993
178,1179,6.981905277293729,2.981905277293728,1.3793029017593612,-0.9597749970761813,-0.9597749970761813,0.08323017345409861,0.901804804946945,43.20998437958227,124.76068814153805,0.9800705067002193,1399.692123413086,3969692993
179,1180,9.416878470612094,5.416878470612095,1.4168784706120945,-4.160800896290463,-1.0128624878983123,0.07825751939357027,0.8932833183966153,42.488361624415795,127.40897046182869,0.9565704246993303,1399.692123413086,3969692993
180,1181,7.312034678424681,7.312034678424681,3.312034678424681,-2.9646669255127125,1.035333074487288,0.00046270589452075624,0.9211679460180204,133.9839245516028,401.7203225100367,3.0533928698735,1399.692123413086,3969692993
181,1182,8.467427478632143,4.467427478632142,1.8342300133068576,-6.165769986693142,-2.1657699866931424,0.03330989980406091,0.9560730594282049,75.26567485500128,225.72750856278492,1.9919578016873625,1399.692123413086,3969692993
182,1183,10.62852002318295,6.62852002318295,2.6285200231829497,-5.37147997681705,-1.3714799768170503,0.0042878653321976766,0.9553003484438134,112.34557653700519,337.0293695830139,2.9799018113300457,1399.692123413086,3969692993
183,1184,6.179884899783291,6.179884899783291,2.1798848997832905,-2.750576792880189,1.2494232071198108,0.01323410573096456,0.9028324810567525,76.61288803103507,228.76475842727757,1.6936522007752794,1399.692123413086,3969692993
184,1185,7.583525624833336,3.583525624833336,1.5757823248529508,-4.240426538162527,-1.6591165008408055,0.0575382679465318,0.8883352739117644,46.8310317912448,140.08064838939126,0.938467934036803,1399.692123413086,3969692993
185,1186,3.328871967035327,3.328871967035327,1.8577829745193573,-1.3182340141046993,1.8577829745193573,0.01529584861976513,0.9126837867041739,94.06122778709029,231.34659294533373,1.7112493549207035,1399.692123413086,3969692993
186,1187,5.800883594652265,5.800883594652265,3.9207844643942713,0.34011079314532067,2.579239721814787,4.007035014255086e-05,0.8226346987872045,144.74826555253617,417.51675765929315,4.015921819882729,1399.692123413086,3969692993
187,1188,11.086829858794038,7.086829858794038,3.086829858794039,1.0806391369641957,2.368712553003623,0.0006746669539841706,0.8917877979099654,135.27107389116642,398.04258778724704,2.9676287668672234,1399.692123413086,3969692993
188,1189,5.826026700277067,1.8260267002770676,1.8260267002770676,-5.34601131272311,-2.1739732997229324,0.051451783172534404,0.9096059416197315,56.972380978161134,168.13312016166742,1.1052652991509628,1399.692123413086,3969692993
189,1190,9.56375351357669,5.563753513576692,1.5637535135766913,-3.406382868223547,0.5936171317764528,0.055825667016222276,0.9099792232844122,52.63380506673721,157.2166406007274,1.0404813362800194,1399.692123413086,3969692993
190,1191,9.514770866874592,5.514770866874593,1.514770866874593,-1.2138901827897026,0.736917867025196,0.05886653299190466,0.8814329371709768,47.036904116835856,140.27576567807802,0.9752589256474729,1399.692123413086,3969692993
191,1192,5.678590174845554,1.6785901748455536,1.6785901748455536,-0.733589040472497,0.6740044054413219,0.06675620203076166,0.8917016982787778,50.19627079559474,116.03947529791623,0.8066690497587831,1399.692123413086,3969692993
192,1193,1.607028961424929,1.607028961424929,1.607028961424929,0.910008555797635,0.910008555797635,0.07932936218670396,0.9138954616765675,94.81873360181244,128.55023161475995,0.9962982290021265,1399.692123413086,3969692993
193,1194,1.6833861257955274,1.6833861257955274,1.6833861257955274,0.3606125850791011,0.3606125850791011,0.08472594987738613,0.8845061656502399,56.94805525732245,100.80998167459866,0.876868643799582,1399.692123413086,3969692993
194,1195,7.272915935134201,3.2729159351342014,1.5590218855530356,-2.440978114446964,-2.440978114446964,0.059500772972079646,0.8848532477150451,45.670522231482,136.6046035257358,0.9354638045504566,1399.692123413086,3969692993
195,1196,4.205279320991258,4.205279320991258,1.2087040253948658,-1.2440701322975265,1.2087040253948658,0.06728328606054157,0.9986073449648134,160.0,456.17301075715216,4.504196720867004,1399.692123413086,3969692993
196,1197,11.0661399484066,7.066139948406599,3.0661399484065988,0.0738525868251041,0.0738525868251041,0.0010705789965161402,0.8596131306794923,103.74694062252664,309.9934562440366,2.6314751591442205,1399.692123413086,3969692993
197,1198,5.674644309392412,1.674644309392412,1.674644309392412,0.7179220365039546,0.7179220365039546,0.051797267424344984,0.902702586359016,78.26783852827617,155.63097930812975,1.011236118222998,1399.692123413086,3969692993
198,1199,7.7170330032485515,3.7170330032485506,1.2007164707231694,-5.265339838937492,-1.8846483364252495,0.11493023231972294,0.9090559550076064,38.5864578933291,115.56130024870623,1.4121965621748491,1399.692123413086,3969692993
199,1200,1.5238127433107111,1.5238127433107111,1.5238127433107111,1.5238127433107111,1.5238127433107111,0.0637777476523882,0.842909470107005,115.2435594984988,115.2435594984988,1.279294894040318,1399.692123413086,3969692993
200,1201,4.7382831774023675,4.7382831774023675,1.525078283978225,-4.154455820259431,-0.15445582025943128,0.06345616418553628,0.9091230299755064,49.17720798917076,146.75196470361786,0.9927535170761629,1399.692123413086,3969692993
201,1202,7.283314445647093,3.2833144456470933,1.563833721032278,-2.8039636547367586,-0.6188795622436027,0.058925797857043716,0.8967807658375837,47.968878297689166,141.44877209024557,0.9314877713955849,1399.692123413086,3969692993
202,1203,5.514365701461847,1.5143657014618463,1.5143657014618463,-1.171131259471453,-1.171131259471453,0.09474310110167045,0.9934445981291957,92.5987755577395,249.29707175195432,3.2718578722972618,1399.692123413086,3969692993
203,1204,6.962351438453343,2.9623514384533425,1.4635295762039795,-1.5817185833733967,0.5236884560846927,0.0678389767568443,0.8822746014085727,43.97003927478699,121.99709764555143,0.8889088150933718,1399.692123413086,3969692993
204,1205,5.566969004283704,1.566969004283704,1.566969004283704,0.92567776475151,0.92567776475151,0.05270283421402225,0.9506887296932125,120.61331010572987,238.84563704666755,1.9466330956101099,1399.692123413086,3969692993
205,1206,7.24810402264351,3.2481040226435094,1.40525894323723,-3.2934703064676953,0.7065296935323048,0.07147830048566733,0.9293115592058661,54.38903133551689,152.0781713010153,1.190116202584004,1399.692123413086,3969692993
206,1207,9.012490067013474,5.0124900670134735,1.2450063212031433,-0.18413608624705313,0.716923914634629,0.08615172599123547,0.9015099577130655,48.02626425932226,141.3733628044071,1.1189364073193664,1399.692123413086,3969692993
207,1208,1.6580504820982422,1.6580504820982422,1.6580504820982422,0.5192115437617033,1.6580504820982422,0.07303591211464085,0.9343767944530589,95.97626399059081,137.33433631690315,1.1548857907202572,1399.692123413086,3969692993
208,1209,7.186669345653228,3.186669345653228,1.5011095823386393,-1.9767629294716118,-1.9767629294716118,0.06666492111241366,0.9044181112334263,47.33117546762703,140.97895556041493,0.9603806133724464,1399.692123413086,3969692993
209,1210,5.7042850224364035,5.7042850224364035,1.704285022436403,0.35959042943574504,0.35959042943574504,0.03714686110078575,0.8676071424684263,57.46609185414673,169.65309633649986,1.287791164089601,1399.692123413086,3969692993
210,1211,5.976672983526871,1.9766729835268715,1.9766729835268715,-2.3809698758188125,1.1827580870537564,0.034152542660761544,0.8879141612894439,63.42069351101528,146.39722639055236,1.0109404403092763,1399.692123413086,3969692993
211,1212,5.874994327112237,1.8749943271122373,1.8749943271122373,-1.6830386685477485,-0.8141231963997599,0.04635624978102304,0.8990024307910057,56.521065625015964,158.07121251789403,1.0276426431979502,1399.692123413086,3969692993
212,1213,5.526451807801287,1.5264518078012868,1.5264518078012868,-2.556807021946497,0.023593541673147644,0.0924877797110076,0.9063159777642567,45.54026672179381,115.9732899197935,1.0367654090035328,1399.692123413086,3969692993
213,1214,1.7537979184460666,1.7537979184460666,1.7537979184460666,0.47748030440141,1.2966355353272268,0.06795382142638104,0.9215927604949979,80.45262974441349,127.93107617196588,0.9514770404428015,1399.692123413086,3969692993
214,1215,4.579850752311955,4.579850752311955,1.3425793764619276,-1.854420650915252,1.3425793764619276,0.05107188421978441,0.8999036685399594,63.446615771615775,183.11570392755903,1.1880902611516464,1399.692123413086,3969692993
215,1216,1.776598166530796,1.776598166530796,1.776598166530796,-0.095050632253036,0.4432783748276985,0.07568513401800496,0.8975901101507365,54.82646968820512,111.7310433913284,0.8274152966517838,1399.692123413086,3969692993
216,1217,6.607713924729996,2.6077139247299965,1.4620045678122993,-2.879260128418632,-1.4449403783160015,0.07217147865530585,0.8833128876054679,42.21597782850922,124.81349080010787,0.9283926766306356,1399.692123413086,3969692993
217,1218,7.286174539755395,3.286174539755396,1.653960363317291,-6.346039636682709,-2.346039636682709,0.049076254194283256,0.923227145513926,56.971943378515675,170.63598651980794,1.1902481625055876,1399.692123413086,3969692993
218,1219,6.296899947357075,2.2968999473570753,2.2968999473570753,0.9472845719276335,0.9472845719276335,0.013764416355005266,0.9281603078893469,111.75850023183541,227.0766581721606,1.7977375522318344,1399.692123413086,3969692993
219,1220,2.298943309190551,2.298943309190551,2.298943309190551,1.1741849032061782,1.9749025174299386,0.017845712283008547,0.9355250003650428,139.6596249125951,208.68143706173183,1.707677187576528,1399.692123413086,3969692993
220,1221,8.886005168982152,4.886005168982153,1.0362529909117058,-0.7896131277979379,1.0362529909117058,0.09330982426291334,0.8741750499663488,45.009844155473665,132.31899045521473,1.2503328178128645,1399.692123413086,3969692993
221,1222,4.049049445969028,4.049049445969028,1.6204953061352245,-2.806779944566447,0.6611376904175663,0.04955594119930889,0.8866239843262129,50.06552276217237,145.10608704109057,0.9689454447839,1399.692123413086,3969692993
222,1223,1.7690903992609779,1.7690903992609779,1.7690903992609779,-3.581572945475554,0.4184270545244466,0.07900744980238564,0.9078921906915336,53.38716703943299,124.22391802291696,0.9451753748363394,1399.692123413086,3969692993
223,1224,11.645964324645455,7.645964324645455,3.6459643246454543,-1.118809200025202,2.881190799974798,9.114816773109887e-05,0.8863298879840872,160.0,472.9173093858461,3.480693824958194,1399.692123413086,3969692993
224,1225,2.270221151529862,2.270221151529862,2.270221151529862,-2.285483967024171,1.7145160329758289,0.023369632859645422,0.9454343682719137,102.37350460883648,211.36909414927132,1.7987241798742848,1399.692123413086,3969692993
225,1226,1.6642272421501232,1.6642272421501232,1.6642272421501232,-0.5762795859185472,1.6642272421501232,0.07697593209878037,0.9163338614692579,79.09560973558233,137.41688733408074,1.0447542855437706,1399.692123413086,3969692993
226,1227,7.315829411440063,3.3158294114400637,3.3158294114400637,-2.483304588558935,1.5166954114410647,0.0007918537312214583,0.8880120974502806,121.56679274169102,319.9145721299382,2.4707721576284882,1399.692123413086,3969692993
227,1228,3.6321952838727944,3.6321952838727944,3.6321952838727944,0.33037494848468496,0.6679379086503707,0.0003714521926404679,0.8918230272329087,140.75281830069554,375.46488780884215,2.8256984108018877,1399.692123413086,3969692993
228,1229,3.1367275538201835,3.1367275538201835,1.6343466966740863,1.1246819129380528,1.1246819129380528,0.025040787650825815,0.8605226393255042,90.35435923899855,190.44826005948914,1.5717445453316667,1399.692123413086,3969692993
229,1230,1.6755768344420496,1.6755768344420496,1.6755768344420496,-1.8418439335485202,0.784813675132798,0.09202074302992481,0.9026537057682789,51.265850763353725,109.42006165682314,0.9831054145858751,1399.692123413086,3969692993
230,1231,1.8179577069237443,1.8179577069237443,1.8179577069237443,-0.3153886563123409,0.9059552489652256,0.06886485613077055,0.8966916419958642,56.81143089007128,113.81759560817402,0.7949059659313853,1399.692123413086,3969692993
231,1232,6.660201067878561,6.660201067878561,2.6602010678785613,0.7489500466717764,1.4552505225196062,0.0032989728524997052,0.9090468524176355,107.73009107464095,318.39421748236344,2.414306883020583,1399.692123413086,3969692993
232,1233,6.086441398241726,6.086441398241726,2.0864413982417256,0.11559522087040985,2.0864413982417256,0.008011680226671102,0.917418191687914,110.45286276568561,325.8000578253232,2.432072339460092,1399.692123413086,3969692993
233,1234,6.994630144912401,2.9946301449124015,1.1072134265904678,-1.6853800948449,-0.14673928063355457,0.13245330753640236,0.8775718458130739,31.28701613940384,90.08611951328392,1.7099399703260945,1399.692123413086,3969692993
234,1235,2.3119825335008426,2.3119825335008426,2.3119825335008426,-0.18248736876669502,0.6923553482816125,0.023350548487673865,0.8993260684384314,74.85957175394262,172.69964292083841,1.2298862244391044,1399.692123413086,3969692993
235,1236,5.8961211208633735,5.8961211208633735,1.896121120863374,0.038314616967479065,1.3309876127623363,0.02230542925372181,0.8835418272166627,68.30530496714168,202.5834448220709,1.4741886778987245,1399.692123413086,3969692993
236,1237,3.0770752353734907,3.0770752353734907,1.5647923900744058,-0.4978867191631333,0.5374875991425654,0.05558248567946476,0.883753327838824,48.10885387395148,129.66702408954194,0.8866707138419253,1399.692123413086,3969692993
237,1238,7.563655154412366,3.563655154412366,1.577500315979625,-1.250233702531914,-1.250233702531914,0.057223055785893116,0.8983784093588263,48.83018554940606,144.42620026664983,0.9453721307787101,1399.692123413086,3969692993
238,1239,9.749639236857814,5.7496392368578135,1.7496392368578138,-0.834302176200511,-0.13804449716570288,0.03978941813672325,0.885820342518923,52.696741970729676,157.73023924617834,1.0702952918739106,1399.692123413086,3969692993
239,1240,9.573153962506654,5.5731539625066535,1.5731539625066533,-2.1572642895490777,0.01764618053382394,0.05754892624082232,0.8832023596126458,45.99820526513782,137.73999817305142,0.9458288283602311,1399.692123413086,3969692993
240,1241,5.721591302864593,1.7215913028645933,1.7215913028645933,-3.3526996582236555,-1.8485916465663903,0.06379131546371254,0.8824060419364211,47.66246625186083,139.39370458788196,0.9813132673304233,1399.692123413086,3969692993
241,1242,3.60372821513569,3.60372821513569,1.2973316800338979,-1.7034800368810976,0.8441825559774763,0.07942692226892724,0.8885705708402282,45.35387021192171,127.22441989507135,0.9789540927174645,1399.692123413086,3969692993
242,1243,7.873524961804209,3.87352496180421,1.031552539606062,-1.5476232013716587,-1.5476232013716587,0.15084645661704987,0.855368106341187,26.308336892191452,78.43189770581475,2.3835702433652077,1399.692123413086,3969692993
243,1244,7.082734098099779,3.0827340980997793,3.0827340980997793,-3.836191166519189,0.16380883348081055,0.0017565311844482904,0.8797535467056743,106.5017688259871,304.1130905474449,2.3948089349103183,1399.692123413086,3969692993
244,1245,6.393729022675538,2.3937290226755383,2.3937290226755383,-0.7954233236713901,-0.7954233236713901,0.013419429903774637,0.9301264500077387,87.25641513917844,241.9325165710352,1.9156485946941983,1399.692123413086,3969692993
245,1246,3.167216474427971,3.167216474427971,3.167216474427971,0.004435956534755814,2.182945725201231,0.0018364491486360644,0.8649524820307307,114.0628501998009,254.97907593125504,2.2010353768690734,1399.692123413086,3969692993
246,1247,9.862451192732344,5.862451192732344,1.862451192732344,-3.1496588494707503,-2.137548807267656,0.03126975800128568,0.8992067420911702,59.13926459028955,177.41348752879824,1.2050961383092975,1399.692123413086,3969692993
247,1248,7.968881591862146,3.9688815918621465,1.5607593652885072,-3.1352822435699252,-2.439240634711493,0.059290082720870975,0.9003499748353658,48.55205083380009,145.5798504118411,0.9577312408397226,1399.692123413086,3969692993
248,1249,8.12223857590597,4.122238575905969,1.5046816854989937,-5.526987174284018,-2.082258450454239,0.06620286272499039,0.9129101320072152,49.21073310847535,147.53670092434737,1.0232644463608194,1399.692123413086,3969692993
249,1250,10.0944135792487,6.0944135792487,2.0944135792487004,-1.0976475327722377,-1.0976475327722377,0.01808838361158205,0.8973032400598229,67.82754188234716,203.32510308234043,1.4771136647413088,1399.692123413086,3969692993
250,1251,5.885206812776231,1.8852068127762314,1.8852068127762314,-0.39771039261119956,-0.39771039261119956,0.044678604803911254,0.90687591582087,59.90576914585447,150.88758071885061,0.990493805629606,1399.692123413086,3969692993
251,1252,1.9306165098455643,1.9306165098455643,1.9306165098455643,-2.496961984020648,0.7443248168274579,0.05621609242290363,0.8881732108221001,56.24176963684478,128.00428810507958,0.8579094909121376,1399.692123413086,3969692993
252,1253,5.5944509273078555,1.5944509273078553,1.1515644347876224,-4.158286395138626,-0.15828639513862597,0.13598998351464878,0.8718270201967675,30.75706569385237,80.55675718769027,1.7847625091716135,1399.692123413086,3969692993
253,1254,9.515564165208477,5.5155641652084775,1.515564165208478,-3.336534058802054,-1.1904221659410141,0.06481458584683708,0.8881993483925487,44.802165445562316,134.37013809417698,0.9269860991479377,1399.692123413086,3969692993
254,1255,2.493581762345479,2.493581762345479,2.493581762345479,-0.9896179981043081,1.6193303033510644,0.013930757634315189,0.8966930811358931,87.54324151324532,191.03908516190205,1.4415448399101274,1399.692123413086,3969692993
255,1256,6.17963610643416,2.1796361064341596,2.1796361064341596,-3.417038797936467,-0.34238984974082287,0.023087120914541598,0.8928069675442136,67.36611724678463,188.1263827549935,1.3400435091086151,1399.692123413086,3969692993
256,1257,7.070181264965701,3.0701812649657008,1.8768303672999542,-4.409140066123102,-2.123169632700046,0.030354263012531305,0.9995487967506721,160.0,478.4858654047757,4.69115077496852,1399.692123413086,3969692993
257,1258,1.7182185098278173,1.7182185098278173,1.7182185098278173,-0.4693124539939666,1.3126764181031658,0.0773268288377952,0.9032884241731992,63.16050807400971,116.1504419667425,0.870272127687655,1399.692123413086,3969692993
258,1259,7.452598850937843,3.4525988509378434,1.3122125131476707,0.4750259182191374,0.4750259182191374,0.068222443222681,0.9174624366390065,68.36571273974332,158.11272167740992,1.1239040637662612,1399.692123413086,3969692993
259,1260,7.3175576102801,3.3175576102801,1.2636830182158976,-6.736316981784102,-2.7363169817841024,0.1031715599129263,0.9994044708081145,120.74177038264693,361.92411316875234,4.306881243105414,1399.692123413086,3969692993
260,1261,5.927144289612075,1.9271442896120745,1.9271442896120745,-3.479269580926872,-2.0728557103879255,0.04139392845855629,0.8917185362542188,57.00446028697451,168.3641417421997,1.1142040498471295,1399.692123413086,3969692993
261,1262,1.4938220178107264,1.4938220178107264,1.4938220178107264,-0.9178622352987005,0.41187834939133294,0.12990349642187468,0.9132516496656158,45.48160023689749,95.6803835865773,1.6319456931421847,1399.692123413086,3969692993
262,1263,7.26496558491613,3.2649655849161303,1.7567295554410762,-0.07700655266076684,0.5329028982064887,0.03657182486774826,0.8763529930256868,54.62501372773683,131.5557315977347,0.9674237599029286,1399.692123413086,3969692993
263,1264,7.2672084333518,3.2672084333518,1.3437172600043938,-2.3953066013543305,-0.9220600599825644,0.08951461108016415,0.8820860720110832,38.38821898424188,113.73985493937744,1.0280125672426488,1399.692123413086,3969692993
264,1265,5.862383864646517,1.8623838646465176,1.8623838646465176,-0.439687814213942,0.785704063015048,0.04570063214644027,0.8880095134551619,56.42952422362829,130.84581631730723,0.8738371931531606,1399.692123413086,3969692993
265,1266,8.478382558112713,4.478382558112713,1.515401149294902,-3.1900232220304905,-0.472044122496035,0.06480542315678829,0.8900772877258173,45.137964733912455,134.8101051108811,0.9235098823772349,1399.692123413086,3969692993
266,1267,8.203777152702928,4.203777152702928,1.4342777139324334,-0.763802349293699,0.7707508517696794,0.06625217469270334,0.8891239662088557,47.268780103831205,133.66041081123163,0.9260343490288505,1399.692123413086,3969692993
267,1268,7.1191040843024265,3.1191040843024265,1.1653323655426482,-1.95914795469531,1.1653323655426482,0.07335243453702213,0.9000845973564864,55.51898177482486,148.29470393131993,1.0460845314361547,1399.692123413086,3969692993
268,1269,3.119295940319091,3.119295940319091,1.359745594354511,-2.6402544056454893,1.359745594354511,0.049470889199164716,0.8756144988780434,58.47930989634312,148.023861105869,1.0519716631769396,1399.692123413086,3969692993
269,1270,9.510268395276693,5.510268395276694,1.5102683952766938,-2.9900951940568756,-2.0270115596094476,0.06548744746649122,0.8977753438691211,46.34585143766627,139.02873419671366,0.9396471810772509,1399.692123413086,3969692993
270,1271,5.760439728539024,5.760439728539024,1.7604397285390239,-2.8252746496961034,1.174725350303897,0.0321204313888504,0.912439909138611,66.61514212929366,198.34164427919708,1.359818814779344,1399.692123413086,3969692993
271,1272,5.835690651451638,1.8356906514516378,1.8356906514516378,-1.1765747360145766,1.119131492002964,0.045868742036107746,0.8801788576854526,57.13808876367645,129.16731226252278,0.9011293885058109,1399.692123413086,3969692993
272,1273,7.744395830223916,3.744395830223916,1.7518672420577746,-3.0168566432818276,-0.8957627851978258,0.03989832212621539,0.8976444250281491,54.73482726886289,163.08567117747359,1.0745578320285656,1399.692123413086,3969692993
273,1274,5.873377328382729,5.873377328382729,1.8733773283827284,-4.20397895349014,-0.2039789534901406,0.030494656369020462,0.887707394213222,57.21987285015835,171.51524946012157,1.194597623305408,1399.692123413086,3969692993
274,1275,5.546512138273913,1.546512138273913,1.546512138273913,-1.8795421590290164,-1.2789135682638832,0.0894856928610326,0.9045890452043914,45.67890579593557,128.41995728822712,1.076671875534657,1399.692123413086,3969692993
275,1276,5.66590061408553,1.6659006140855297,1.6659006140855297,-2.3340993859144703,-2.3340993859144703,0.07125416969394283,0.9213707610122785,53.71053337374192,157.1153980272073,1.1592787957428667,1399.692123413086,3969692993
276,1277,7.6788442133652035,3.6788442133652035,1.502263923993806,-3.7992689154272883,-1.8835951731179823,0.06651430291653926,0.8708788790575708,41.59786646278843,124.56434194532733,0.9808408060885849,1399.692123413086,3969692993
277,1278,5.6969112588102675,1.696911258810268,1.696911258810268,-0.006214856038123662,-0.006214856038123662,0.06311134700371963,0.8989296354166217,54.80469152276965,123.81042039947917,0.8298613510651418,1399.692123413086,3969692993
278,1279,9.363497641062194,5.363497641062194,1.3634976410621944,0.009048862037402738,0.009048862037402738,0.07658237575900445,0.9135445548067849,52.41890599151362,155.0760519114853,1.143217158919909,1399.692123413086,3969692993
279,1280,1.6096502716959507,1.6096502716959507,1.6096502716959507,-2.02665904988453,1.227848318731452,0.09523668181470195,0.9122113896209372,60.642214275009614,119.61713489332516,1.1144134766260525,1399.692123413086,3969692993
280,1281,3.1189847170287606,3.1189847170287606,1.4598840256453136,-1.2475899302670088,1.4598840256453136,0.039826646315481745,0.8916641854532463,66.8420888178368,167.43421445369768,1.1128476516237433,1399.692123413086,3969692993
281,1282,5.840432494163585,1.8404324941635841,1.8404324941635841,0.0355285970372925,0.4406606946864331,0.0470634118462681,0.8941330098992595,58.92600596720717,119.53599208634301,0.7820915647781469,1399.692123413086,3969692993
282,1283,8.291211666191364,4.291211666191364,1.4084582653920137,-3.898119273722438,0.1018807262775625,0.07847600020070927,0.8819212339822803,40.73827704390014,120.73665576097692,0.9586245204933083,1399.692123413086,3969692993
283,1284,7.547676651134503,3.547676651134503,1.4906586873314798,-4.5108059515892895,-0.5108059515892893,0.0679980209973177,0.88935385930073,44.20325111913502,130.73017239595148,0.9154799939387199,1399.692123413086,3969692993
284,1285,5.704191731976982,1.7041917319769815,1.7041917319769815,-4.359225356542153,-1.2640191257529527,0.06605470362687563,0.9120478388516269,52.92455148719962,151.47629402402518,1.0447672729795499,1399.692123413086,3969692993
285,1286,1.3609037186718154,1.3609037186718154,1.3609037186718154,1.3609037186718154,1.3609037186718154,0.08677205910502706,0.9185251222341274,136.73184158109302,136.73184158109302,1.1483486051784255,1399.692123413086,3969692993
286,1287,1.6277032603586086,1.6277032603586086,1.6277032603586086,0.5756915895085919,1.6277032603586086,0.0764176000219483,0.9758785482250143,131.12947085583198,183.72666104191956,2.1869769511868347,1399.692123413086,3969692993
287,1288,2.134926064770375,2.134926064770375,2.134926064770375,-0.9890831412968915,1.7542475398308375,0.0310693751674809,0.9175845062972993,89.66539186796955,176.22118621481886,1.2460929597146795,1399.692123413086,3969692993
288,1289,9.993940349940738,5.993940349940738,1.9939403499407378,-3.922156449205895,-0.8956920554993058,0.023079247439583422,0.8902307274024014,62.27639987753276,186.79305466151246,1.338195418496793,1399.692123413086,3969692993
289,1290,9.45262331014916,5.452623310149161,1.4526233101491604,-2.137541485251454,-2.137541485251454,0.0731599615210195,0.9034873131474267,45.52009959254139,136.52899601727083,0.9702513617426274,1399.692123413086,3969692993
290,1291,5.468599918589234,1.468599918589234,1.2794400809730795,-3.2356737824643234,-0.862684927946336,0.1245163838857314,0.8907131095454057,35.83759099480484,98.76418719496243,1.50994298429138,1399.692123413086,3969692993
291,1292,11.357201437860391,7.357201437860391,3.357201437860392,-2.966623390139079,-0.6427985621396082,0.0003936786335470034,0.900473412744373,129.25906371565975,387.76871758051715,2.8949037392987043,1399.692123413086,3969692993
292,1293,7.1405385143129685,3.1405385143129676,1.3939187742124255,-2.8654203001548297,0.37559763364663534,0.0785263317202318,0.8899310551150329,42.49438043555869,120.3894070116553,0.9220598959658706,1399.692123413086,3969692993
293,1294,8.26531840089776,4.26531840089776,1.469969929560326,-4.633947104551485,-1.2901145059358883,0.07078476555952287,0.9006440852491523,45.55205606868423,136.40510472411188,0.9515472478033823,1399.692123413086,3969692993
294,1295,6.956180617027288,2.9561806170272886,1.6901784445969954,-3.3019349981352644,0.04852907662714112,0.045415180718915885,0.8846713332403808,50.16829607718778,143.1758766267041,0.9682737559304332,1399.692123413086,3969692993
295,1296,9.756592178421968,5.756592178421969,1.756592178421969,-5.106228937361043,-2.243407821578031,0.039493673479204135,0.8924716093942882,53.87005992009907,161.60663445976067,1.0741297797551532,1399.692123413086,3969692993
296,1297,1.8662730443383306,1.8662730443383306,1.8662730443383306,0.18033590717486292,1.7019991179981353,0.05247401301785616,0.9106285138663797,83.9812349360796,138.31278663169218,0.9156223998461159,1399.692123413086,3969692993
297,1298,8.32152020023914,4.32152020023914,1.4528567180999747,-0.9619634790473359,-0.29206522512427435,0.07250419724113707,0.893441701415154,44.04670644123126,130.65581136626633,0.9322902306597701,1399.692123413086,3969692993
298,1299,7.8632705969693735,3.8632705969693735,1.604046787801346,-1.5884109527275465,0.3905457211208885,0.053098965964143215,0.8796426483661723,47.022058957353394,137.1265955424844,0.9549334845096581,1399.692123413086,3969692993
299,1300,9.461634547854166,5.461634547854165,1.461634547854165,-1.6338258202526046,-1.6338258202526046,0.07188007941701403,0.9310062988006566,52.06568649892592,156.09512328013864,1.234618013993979,1399.692123413086,3969692993
300,1301,5.790425941692186,1.7904259416921868,1.7904259416921868,0.23963377946007602,0.23963377946007602,0.05037819243782822,0.9218566764896268,68.29550321819977,148.94723901629067,1.0399147502698924,1399.692123413086,3969692993
301,1302,10.583375866432405,6.583375866432405,2.5833758664324056,-0.8566019498914605,-0.8566019498914605,0.004886235552206001,0.8936262398731802,88.0435315342934,263.96533755938606,2.0323958440739083,1399.692123413086,3969692993
302,1303,1.8230979786424266,1.8230979786424266,1.8230979786424266,-0.2865479382849683,0.1713029638644401,0.070160239192622,0.9034164624295411,55.96135340237657,122.81562537155634,0.8611828438437483,1399.692123413086,3969692993
303,1304,2.8020120815797465,2.8020120815797465,2.8020120815797465,-1.8157461295201496,2.18425387047985,0.0054671040443816776,0.9512099030252499,136.82982134031136,289.68023810508527,2.5891741045105037,1399.692123413086,3969692993
304,1305,5.7009643223147535,1.700964322314754,1.700964322314754,0.11423419014742775,1.0907874474475499,0.05619677103903806,0.9081630642338384,64.72893073693942,129.93773826002968,0.859125757004505,1399.692123413086,3969692993
305,1306,9.641470623377522,5.641470623377521,1.6414706233775214,-3.9348326009901387,0.06516739900986179,0.050101884908984595,0.8741461167831602,46.76946805638779,140.05876661312223,1.0116304782447023,1399.692123413086,3969692993
306,1307,9.671582182905963,5.671582182905963,1.671582182905963,-5.463343061098449,-1.4633430610984492,0.04730336480949327,0.9040254318113214,53.154961729864986,159.44532551618275,1.0379755871454022,1399.692123413086,3969692993
307,1308,5.788342281534561,1.788342281534561,1.788342281534561,0.005347627778126585,0.6715033597147508,0.05183283843796256,0.8932327614565011,57.4260730499314,116.4112509871712,0.7627624884708057,1399.692123413086,3969692993
308,1309,9.568595370275277,5.568595370275277,1.5685953702752773,-2.4314046297247227,-2.4314046297247227,0.05837058829304071,0.8953898646504269,47.861260615172974,143.56959385959203,0.9454443603888258,1399.692123413086,3969692993
309,1310,7.761746038635913,3.7617460386359136,1.3226701756517678,-4.218217832553753,-0.21821783255375315,0.09259821089888011,0.9941867708094878,89.08849150171463,263.10590966617275,3.3540269274031678,1399.692123413086,3969692993
310,1311,2.0568563205171033,2.0568563205171033,2.0568563205171033,-1.9431436794828967,2.0568563205171033,0.033348275417954376,0.9673508103226943,132.8975010251652,259.7403106715746,2.426976145032471,1399.692123413086,3969692993
311,1312,7.694603779725336,3.6946037797253366,1.1665241456244062,-0.9547120849445516,0.7491297987268225,0.09901769236921877,0.8898737165515987,41.818250043076624,119.27042188473663,1.1599197677309132,1399.692123413086,3969692993
312,1313,5.7313484636067145,1.7313484636067142,1.7313484636067142,-2.28494623514798,-0.502165928489154,0.06254278374849818,0.9092060764179304,53.30277425089756,145.64060617652711,0.9821179599708701,1399.692123413086,3969692993
313,1314,10.169695755309037,6.1696957553090375,2.169695755309038,-0.5665639363140258,0.03795086404675185,0.014894696692470644,0.8647498967556169,64.5816717311767,193.35006413513983,1.635816277421806,1399.692123413086,3969692993
314,1315,5.767202690455798,1.7672026904557976,1.7672026904557976,-5.716714930995593,-1.7167149309955931,0.05814468655424729,0.9418052289040306,63.61192650617976,185.64429967874426,1.4839440385713754,1399.692123413086,3969692993
315,1316,6.038684722074839,2.038684722074839,2.038684722074839,-2.318516465607016,-0.6319957040108721,0.03221461931486472,0.8979594624214637,62.72606317895524,176.60155910890052,1.1950553384105356,1399.692123413086,3969692993
316,1317,7.959922335699453,3.959922335699453,1.6119271202099381,-5.26284514813918,-2.388072879790062,0.05348873332891946,0.8876770702840782,47.93447530636046,143.7302902267416,0.957694371610721,1399.692123413086,3969692993
317,1318,9.571045424343808,5.571045424343808,1.5710454243438081,-3.3171759489965877,-2.428954575656192,0.05808604625995307,0.8932260109898759,47.543057957716314,142.6256357050073,0.942396124724617,1399.692123413086,3969692993
318,1319,10.115462251641278,6.1154622516412775,2.115462251641278,-1.884537748358722,-1.884537748358722,0.017194688647892937,0.8946893050388041,68.03502705740078,204.0743357578954,1.4941161542356813,1399.692123413086,3969692993
319,1320,6.773732137482523,2.773732137482523,2.773732137482523,-0.03927133796119486,0.6774818781963727,0.004581012941593027,0.8783924921769847,91.60131396134653,234.67003168023228,1.9123179174425202,1399.692123413086,3969692993
320,1321,1.5469005366711028,1.5469005366711028,1.5469005366711028,1.5469005366711028,1.5469005366711028,0.060943615821288155,0.9242885265840828,160.0,160.0,1.1473540754342242,1399.692123413086,3969692993
321,1322,9.552866910244894,5.552866910244895,1.5528669102448953,-2.3544611120947754,0.5321849143497359,0.05757076552677047,0.8820778307084407,46.48071350023871,138.8787535851414,0.9592856004705606,1399.692123413086,3969692993
322,1323,2.318057207637555,2.318057207637555,2.318057207637555,0.2945020643223244,0.2945020643223244,0.02247203819720905,0.9082587347974509,81.26525892014375,177.60895238520916,1.279514788841742,1399.692123413086,3969692993
323,1324,5.412746595613671,1.4127465956136707,1.4127465956136707,0.283651189807399,0.283651189807399,0.0957097387714004,0.9640263285196333,83.58220929349542,169.95931649511562,2.0565546865996067,1399.692123413086,3969692993
324,1325,1.8438221854280126,1.8438221854280126,1.8438221854280126,0.3368744965941495,0.9131343996368385,0.06206267396882059,0.9039656349998897,67.07403600314738,120.39537606977181,0.8058853603091588,1399.692123413086,3969692993
325,1326,5.582925719564387,1.582925719564387,1.582925719564387,-3.38760244591231,-1.0221947255999697,0.08359616821237213,0.9114423137968811,48.376658812921995,135.79436054620638,1.0750986707859316,1399.692123413086,3969692993
326,1327,5.305643374686213,5.305643374686213,1.3056433746862122,0.1333584978564386,1.3056433746862122,0.052034914384020615,0.9048069277846653,67.54294730796283,198.0437322137514,1.288953287008371,1399.692123413086,3969692993
327,1328,9.71741220004048,5.71741220004048,1.7174122000404797,-2.3355647319669464,-1.8372052208765486,0.04295151017690354,0.8974087249662072,53.43852122751497,160.29783439999895,1.0485805883462327,1399.692123413086,3969692993
328,1329,9.499957578505946,5.499957578505946,1.4999575785059454,-4.831582916414678,-1.7727529069258254,0.06681269401603716,0.8943884046619807,45.38102819585821,136.13028099380705,0.9315339997328944,1399.692123413086,3969692993
329,1330,1.8339486817093928,1.8339486817093928,1.8339486817093928,0.9723045788020015,0.9723045788020015,0.05323966514276532,0.897395794270718,92.995488270367,135.05944146581908,0.8788234968327522,1399.692123413086,3969692993
330,1331,5.359671374183063,5.359671374183063,1.3596713741830626,0.7574249371800592,0.7574249371800592,0.05195356864508601,0.8749214052242801,69.66417060747287,200.31343340074383,1.397015466218662,1399.692123413086,3969692993
331,1332,9.438064134525932,5.438064134525932,1.4380641345259324,-5.123557547554864,-1.123557547554864,0.07520728448344757,0.902480094195065,44.84526116116342,134.48873646789067,0.9713536177581231,1399.692123413086,3969692993
332,1333,2.5520501341316453,2.5520501341316453,2.5520501341316453,0.653357456867536,2.179306363217089,0.010303535232003187,0.9304801289036603,126.14022407940709,224.24869136289684,1.840870812345035,1399.692123413086,3969692993
333,1334,3.389209987987116,3.389209987987116,1.5379578594710854,-1.6887684275303418,0.8237207166824485,0.055161455115088166,0.8832110766682972,48.89616275261374,135.145098256437,0.9242722503175754,1399.692123413086,3969692993
334,1335,1.820087755072747,1.820087755072747,1.820087755072747,-0.21323270564813068,1.068182254365248,0.06698233285548758,0.8950021398776768,58.94754169988899,113.53485843258576,0.7848325420190543,1399.692123413086,3969692993
335,1336,5.871164758745701,5.871164758745701,1.8711647587457008,1.8711647587457008,1.8711647587457008,0.00582585731086103,0.8651013502337382,160.0,436.22919487355887,3.318455138161409,1399.692123413086,3969692993
336,1337,2.6798045221803557,2.6798045221803557,1.4487763332182935,1.4487763332182935,1.4487763332182935,0.021240834756927902,0.9231380152373094,149.40015520557765,245.63228403639286,1.8034922656835832,1399.692123413086,3969692993
337,1338,7.317803857582734,3.3178038575827347,1.5853718653514266,-1.6594909008560828,-0.7576762571898408,0.0564220626185929,0.8877085765556028,47.05443729703045,138.85519958289197,0.9304304156238155,1399.692123413086,3969692993
338,1339,7.07863879313636,3.0786387931363595,0.8332328453800231,-1.3436858845263617,0.8332328453800231,0.1338010410091614,0.8560981474105885,34.469624273747975,94.27199957135122,1.9911969572699997,1399.692123413086,3969692993
339,1340,7.310505012188213,3.3105050121882136,1.5794989455656945,-3.4787772035348867,0.5212227964651137,0.05485801589026107,0.8846716805212046,47.650224307048596,135.17375135456464,0.9167582401224245,1399.692123413086,3969692993
340,1341,11.425174137261452,7.425174137261452,3.4251741372614526,-0.5748258627385474,-0.5748258627385474,0.0003070340532620899,0.8878654414122984,129.22934979979073,387.5590158574459,2.9175331651348193,1399.692123413086,3969692993
341,1342,7.148896515733146,3.148896515733145,1.1950243625285055,-0.6773300711168593,-0.6773300711168593,0.11302188748642189,0.9142147941343759,40.82403285639901,116.88170388337971,1.401628269682034,1399.692123413086,3969692993
342,1343,9.931904980168444,5.931904980168444,1.9319049801684438,-2.0680950198315564,-2.0680950198315564,0.026685017600619625,0.9922426726955029,113.71861696127499,341.1132536515331,3.6082816056101934,1399.692123413086,3969692993
343,1344,5.936346253439228,1.9363462534392282,1.9363462534392282,-1.36397375948052,-1.36397375948052,0.040547827265698264,0.9039431075489237,60.010161705331775,169.31149248781514,1.1145297486105157,1399.692123413086,3969692993
344,1345,9.444059876322317,5.444059876322317,1.444059876322317,-1.6786662389142892,-0.25487081929706545,0.0741724619798963,0.8828057910200059,41.678583185640235,124.83712584775047,0.9454892488057378,1399.692123413086,3969692993
345,1346,9.606400771618233,5.606400771618232,1.6064007716182325,-3.8255283852147235,-0.7387186383197053,0.05409003629965566,0.8803963350335761,46.4845925631919,139.38269513080127,0.9660249005377864,1399.692123413086,3969692993
346,1347,1.871815660507585,1.871815660507585,1.871815660507585,-1.3889225423225942,1.650597070662051,0.0538048361914401,0.896200661482696,74.72713221718695,144.0559021624693,0.9389789493086712,1399.692123413086,3969692993
347,1348,5.5495849482199135,1.5495849482199133,1.5495849482199133,-1.8979743160129134,-1.8979743160129134,0.08897729688713624,0.8856806183522934,42.32005404857081,121.15909644882028,1.0517812290746191,1399.692123413086,3969692993
348,1349,5.710079359345185,1.7100793593451848,1.7100793593451848,-4.491123901840328,-0.49112390184032795,0.0652749876128095,0.9116944850031573,53.07054046089315,144.82253269989945,0.9965440398478614,1399.692123413086,3969692993
349,1350,2.085118852619904,2.085118852619904,2.085118852619904,2.085118852619904,2.085118852619904,0.018529256686999895,0.81495508663002,160.0,160.0,2.305531317733776,1399.692123413086,3969692993
350,1351,9.001186586807046,5.001186586807045,1.2910766093246286,-5.149073008962775,-2.7089233906753716,0.098338553286754,0.9077754338719641,41.133425774770366,123.39539094823255,1.1699999849339942,1399.692123413086,3969692993
351,1352,9.7068480331458,5.706848033145799,1.7068480331457991,-3.976553953124177,-1.77741389280697,0.04392515066107661,0.8865595851513735,50.993628665285364,152.9713186052853,1.025893431434965,1399.692123413086,3969692993
352,1353,2.2781330681366607,2.2781330681366607,2.2781330681366607,-3.495263652603948,0.5047363473960518,0.025664876109841157,0.8872422805156299,69.24190294678164,173.92291417737312,1.2446522392842159,1399.692123413086,3969692993
353,1354,1.797076236401946,1.797076236401946,1.797076236401946,0.0019695137981252664,0.752229391621037,0.07130308889583443,0.8991238799250206,57.91924833947507,112.35982937504667,0.798977432907446,1399.692123413086,3969692993
354,1355,1.9019280444385318,1.9019280444385318,1.9019280444385318,-2.825686723309188,1.1743132766908118,0.05688132752074814,0.9208850087117735,68.20155221001163,143.32649043083833,1.0043271231080995,1399.692123413086,3969692993
355,1356,9.548517385014966,5.548517385014966,1.5485173850149658,-0.4412985190695933,-0.4412985190695933,0.058914554943990304,0.8957269423553117,48.85593875927963,145.7943704023898,0.9608647952252257,1399.692123413086,3969692993
356,1357,10.478990019480161,6.478990019480162,2.478990019480162,-3.539263866057685,-0.790619049253654,0.006587748591343512,0.8755215152132556,79.14344531003472,237.4078840721056,1.9229959637973857,1399.692123413086,3969692993
357,1358,5.854108356426965,1.8541083564269654,1.8541083564269654,0.2769689871762617,0.5037367164206001,0.043900412097697315,0.8825771829768368,60.44160017438706,122.04819593443261,0.8442812345808401,1399.692123413086,3969692993
358,1359,5.7418879778853,1.7418879778853003,1.7418879778853003,-2.311649762435782,-1.7253256931303065,0.06122754877137139,0.8985111841352836,51.417389066364876,149.2709448653049,0.9881267564930146,1399.692123413086,3969692993
359,1360,9.953041609821547,5.953041609821548,1.9530416098215477,-6.046958390178452,-2.0469583901784523,0.025407332419188976,0.890747876970968,60.81073939876379,182.42825604203804,1.289876908090864,1399.692123413086,3969692993
360,1361,5.730801414219388,1.730801414219388,1.730801414219388,-3.430676577629886,-0.25944067808972004,0.06259277960082194,0.9080932525722025,53.051155680613824,142.1894182673282,0.9569555190396708,1399.692123413086,3969692993
361,1362,1.9400844829701636,1.9400844829701636,1.9400844829701636,-1.726857146015222,1.0893305111452358,0.05338474650650292,0.8833384841684986,58.575950956864595,125.36052504526265,0.8578000002730293,1399.692123413086,3969692993
362,1363,6.22997065031921,6.22997065031921,2.2299706503192103,1.3540290770510537,1.3540290770510537,0.006944119925347068,0.9092528535802514,132.39273083240946,382.51288651585367,2.780405744516117,1399.692123413086,3969692993
363,1364,1.8866445877165214,1.8866445877165214,1.8866445877165214,0.5186313470217405,1.0874968085874457,0.054638754310728926,0.9299952168452661,84.33064613215906,143.68448745062662,1.0741198571797865,1399.692123413086,3969692993
364,1365,12.222201940125759,8.222201940125759,4.222201940125759,-1.6939516530845902,2.30604834691541,1.1932081289141387e-05,0.8248747687576115,160.0,478.2188466735116,4.3574873449480505,1399.692123413086,3969692993
365,1366,1.931075737589734,1.931075737589734,1.931075737589734,-4.603574254321273,-0.6035742543212734,0.05705179009345564,0.9112387973470247,60.00571412752845,162.1942647457606,1.0793259334461145,1399.692123413086,3969692993
366,1367,6.710580247930768,2.710580247930768,2.710580247930768,1.2852858453587364,1.2852858453587364,0.004276100234740748,0.9517033749557535,160.0,322.5998666444427,2.8271298511584497,1399.692123413086,3969692993
367,1368,9.47646304081044,5.47646304081044,1.4764630408104407,-0.7872637636298956,1.1813045342662662,0.049981059622952954,0.8899837300749224,56.7402872212461,168.17412547018733,1.1064476086769903,1399.692123413086,3969692993
368,1369,7.855644201034049,3.855644201034049,1.3933010200504559,-2.6066989799495444,-2.6066989799495444,0.08176362408258589,0.8752856301173058,38.87123601029017,116.50036440624184,1.0054432526378556,1399.692123413086,3969692993
369,1370,9.685738675183229,5.685738675183229,1.6857386751832286,-1.6031131956208866,-0.9097780794821317,0.04590486492840173,0.8917424393724599,51.23031134065113,153.60004562743558,1.009533301477792,1399.692123413086,3969692993
370,1371,1.6603000423718792,1.6603000423718792,1.6603000423718792,0.6910691972897841,0.6910691972897841,0.08004492825326935,0.8712730827244157,65.64759522861468,100.43728951269983,0.9179183754311021,1399.692123413086,3969692993
371,1372,3.3771541298967547,3.3771541298967547,1.5315730665438765,0.34762987309894466,0.9870447243547619,0.04575390051090876,0.90853105801526,67.29257209242994,172.24632985357414,1.1313977435088651,1399.692123413086,3969692993
372,1373,1.76184986314241,1.76184986314241,1.76184986314241,-0.5830300059183438,0.9809837837830967,0.07634282757771316,0.8976531721091692,55.54918553817573,111.08181346706942,0.8284321092381514,1399.692123413086,3969692993
373,1374,7.916179811342964,3.916179811342964,1.4841345244055322,-2.6225703346836218,-2.2181161647660526,0.06888613599477451,0.8838858839219877,43.06323123050755,129.05149903344906,0.9321953970462286,1399.692123413086,3969692993
374,1375,2.4797292827749398,2.4797292827749398,2.4797292827749398,1.420526659052187,1.420526659052187,0.011577728337881326,0.9033323364934068,135.5853152313321,209.72523161232937,1.5898113736997388,1399.692123413086,3969692993
375,1376,5.7470002364987085,1.7470002364987083,1.7470002364987083,-4.30029859862627,-2.2529997635012915,0.06059514904857902,0.8757804070345658,47.42252751327572,139.77558931692562,1.0144814642872035,1399.692123413086,3969692993
376,1377,7.028734924775211,3.0287349247752116,1.344047012365833,-2.358249895416156,1.1163440580518378,0.06272809221014668,0.8980181469868536,54.83037839325654,145.8988720045802,0.9720562788251959,1399.692123413086,3969692993
377,1378,1.9335022259868833,1.9335022259868833,1.9335022259868833,0.38802749113925716,1.9335022259868833,0.042844487956307464,0.9295268878952139,104.29894362815571,162.7380116402356,1.198002853693902,1399.692123413086,3969692993
378,1379,1.7715208544624026,1.7715208544624026,1.7715208544624026,-0.6493207091545379,1.54379429970671,0.0664044222488837,0.8961343062198533,69.3763149093454,126.77271811146632,0.8661883080060457,1399.692123413086,3969692993
379,1380,9.356303883058274,5.356303883058275,1.356303883058275,-6.643696116941725,-2.643696116941725,0.08750124957743295,0.9038841586273505,42.46429144991521,127.39010122623053,1.0455199540608262,1399.692123413086,3969692993
380,1381,6.893346277868508,2.893346277868509,0.7372095223075166,0.7372095223075166,0.7372095223075166,0.09902582631994251,0.762497538280181,41.9319097630483,95.87078779106622,3.906926085480388,1399.692123413086,3969692993
381,1382,8.882076295641191,4.882076295641191,1.6045332873914375,-4.98218338893238,-0.9821833889323794,0.054297764331414936,0.9997519416052081,160.0,479.4568572336523,4.64704342503016,1399.692123413086,3969692993
382,1383,7.5851785422942815,3.5851785422942815,3.5851785422942815,-3.4048502127188067,0.5951497872811933,0.0002990228996607499,0.9461128074310903,160.0,458.3989655692264,3.682293685161526,1399.692123413086,3969692993
383,1384,5.508726882190874,1.5087268821908746,1.5087268821908746,-3.0256813778741813,0.42587156823049366,0.09370548471358005,0.907352325337107,46.25706181508017,111.55667716564383,1.0264766076650385,1399.692123413086,3969692993
384,1385,5.861326835076553,1.8613268350765526,1.8613268350765526,-4.572198795478017,-2.138673164923447,0.04773970229868654,0.9902711020884155,102.37214765878431,302.23619026232586,3.217602483908446,1399.692123413086,3969692993
385,1386,2.0419619725285854,2.0419619725285854,2.0419619725285854,-0.5730962249909415,0.9885346299563125,0.04346992208754196,0.8838402638967839,61.19072879108226,131.76985230514364,0.9016472289727652,1399.692123413086,3969692993
386,1387,5.500875015772301,1.5008750157723012,1.5008750157723012,-1.0237576940957231,-1.0237576940957231,0.09693683758150495,0.9083770282634789,45.14389694263564,119.28170294622802,1.1242250123930664,1399.692123413086,3969692993
387,1388,9.612923493109584,5.612923493109584,1.6129234931095833,-0.938589123512743,0.3338469110832234,0.05219280466153592,0.88930304894936,49.05124269914333,146.65315467531138,0.9697508725136612,1399.692123413086,3969692993
388,1389,7.95118182078794,3.9511818207879394,1.4274775852399157,-2.341885317433638,0.09595350486783527,0.07581584113791166,0.8862657240756127,42.0063182671578,123.7470106092801,0.9345851659239247,1399.692123413086,3969692993
389,1390,9.44977442954337,5.4497744295433685,1.4497744295433688,-1.6116442830590045,-0.8241903827333645,0.07350936525464039,0.8918515624291075,43.32178658693206,129.8498317853326,0.9377961737138529,1399.692123413086,3969692993
390,1391,10.022157749876087,6.022157749876087,2.0221577498760874,-3.4974054476140974,-1.526251384928203,0.02158002859835751,0.883717804915523,62.053903618398664,186.15127191524212,1.372976153102947,1399.692123413086,3969692993
391,1392,6.550082520886718,2.550082520886719,2.550082520886719,-3.2429172474818873,0.7570827525181127,0.008784260597642736,0.9960028067270479,160.0,420.79512432119486,4.412371884648633,1399.692123413086,3969692993
392,1393,4.513094986543767,4.513094986543767,1.190955926058847,-2.809044073941153,1.190955926058847,0.06973275594629448,0.9288174358730609,64.95813569438637,188.06296929136474,1.4080410253846165,1399.692123413086,3969692993
393,1394,8.521306817204525,4.5213068172045245,1.331960528148006,-0.7302505857202284,0.12703644032719796,0.08842261296326873,0.8891198562746842,40.464166186903256,119.73112402317798,1.0225399698464586,1399.692123413086,3969692993
394,1395,1.8129287807422774,1.8129287807422774,1.8129287807422774,-0.08764312630736182,0.7580845536736067,0.06961211905809439,0.8986383431474614,57.40589673599768,113.6535643162671,0.7968726327147301,1399.692123413086,3969692993
395,1396,5.8847693689419165,1.8847693689419165,1.8847693689419165,-3.1604839662123565,0.839516033787644,0.04380692404250219,0.8881341330333772,56.755530105294255,136.14141679977456,0.9107955217155788,1399.692123413086,3969692993
396,1397,7.596543997721804,3.5965439977218043,1.7639034278500965,-4.394579289320959,-0.3945792893209601,0.03886668569634415,0.8896214315197494,53.59585294738975,158.31836292276253,1.0627569784303383,1399.692123413086,3969692993
397,1398,5.78368726473628,1.7836872647362798,1.7836872647362798,-1.8019728810369917,0.5971697737961421,0.05509307666104427,0.8883372632166333,52.06143556699708,127.17836766086404,0.8499997944154133,1399.692123413086,3969692993
398,1399,1.9197699308989102,1.9197699308989102,1.9197699308989102,0.15512981030092177,0.15512981030092177,0.0558072443836021,0.8928549118500004,61.13216981067228,125.4130887721706,0.8266504205064389,1399.692123413086,3969692993
399,1400,9.405151983728812,5.405151983728813,1.405151983728813,-3.1916653189159474,-1.6226004268471022,0.07998801601282085,0.8762035597466029,39.363984251336234,118.07407387141467,0.991886101900066,1399.692123413086,3969692993
400,1401,9.328851427704345,5.328851427704345,1.3288514277043455,-6.227959505201081,-2.2279595052010803,0.09194849489277548,0.915867050320097,43.95666266620999,131.86287372833277,1.1654852718815487,1399.692123413086,3969692993
401,1402,1.8263565179889294,1.8263565179889294,1.8263565179889294,0.16003130134360366,1.3746203247988782,0.061283052292344216,0.9006997190914704,69.68833149760393,120.37939601850394,0.800627330377876,1399.692123413086,3969692993
402,1403,9.451040042248929,5.451040042248929,1.4510400422489282,-2.868739110680495,-0.7345259179506787,0.07337524916623245,0.8829641753784785,41.852042667063365,125.47204641789142,0.9429292705254849,1399.692123413086,3969692993
403,1404,9.545167907416094,5.545167907416094,1.5451679074160942,-5.94653109630058,-2.4548320925839056,0.06115282714450883,0.8936403633621712,46.748450779192666,140.2422625988488,0.9351908115358454,1399.692123413086,3969692993
404,1405,7.966609411397569,3.9666094113975694,1.4951766739918677,-2.920008553488838,-1.191283588611742,0.06743376708975776,0.8921549081942612,44.830077796912114,134.0407641392483,0.9258905588894988,1399.692123413086,3969692993
405,1406,7.196498842609593,3.196498842609593,1.5919756615832155,-4.447591353706486,-2.096107449458089,0.05570750241074069,0.870800103513489,44.4672081603638,133.03746810578673,0.9994976151940654,1399.692123413086,3969692993
406,1407,1.8574106038849674,1.8574106038849674,1.8574106038849674,0.02114377062039252,1.0885971900156894,0.06144163089182612,0.8981351673066227,62.63815501679614,117.56775519345369,0.7834036966166382,1399.692123413086,3969692993
407,1408,7.741249829416777,3.741249829416777,1.5564537833416594,-1.9236773788555719,-0.2515794806487266,0.059712756469225546,0.887500957029101,46.077850543986074,136.06785204331854,0.921326200834726,1399.692123413086,3969692993
408,1409,5.758204348060052,1.7582043480600518,1.7582043480600518,0.2137974348554843,0.2137974348554843,0.053914231502912136,0.8818967477503636,56.25606298319954,113.68313568728392,0.7903681676551765,1399.692123413086,3969692993
409,1410,6.549259670915161,2.5492596709151605,2.5492596709151605,-3.0695838790606857,-1.4507403290848395,0.008829318615605512,0.8950327315612359,84.16073268242607,248.61757402908088,1.8779269952853872,1399.692123413086,3969692993
410,1411,1.7462622471104663,1.7462622471104663,1.7462622471104663,-0.1014471508013366,1.4396116393925986,0.07065447771028582,0.9243500248340385,75.60763487848443,130.94011214671988,1.0065971845414456,1399.692123413086,3969692993
411,1412,2.1616864097513147,2.1616864097513147,2.1616864097513147,-2.8225233643359364,1.1774766356640636,0.03281898990921787,0.900106393710181,70.51367951298494,156.34599472476248,1.05975536657177,1399.692123413086,3969692993
412,1413,7.604418888148141,3.6044188881481407,1.3700903371661137,-4.170907614456715,-0.8057434054029107,0.08531939126869817,0.8947031165080678,41.258842730482975,122.6404449614497,0.9922153532047502,1399.692123413086,3969692993
413,1414,7.88810461790152,3.8881046179015204,1.4679990442598798,-2.2956550167171788,-1.6926253055569738,0.07105029656971862,0.8824562251053613,42.31298194707534,126.64276375455911,0.9373099003819844,1399.692123413086,3969692993
414,1415,6.239056956544328,6.239056956544328,2.2390569565443283,-0.5140937596830844,1.7155464976910282,0.009193573724700203,0.8930001452240138,86.03841459581882,255.98211621717493,1.9248489681148508,1399.692123413086,3969692993
415,1416,3.0858478498765907,3.0858478498765907,1.7897449968344683,-0.13263143921848064,-0.13263143921848064,0.03544955283103279,0.8836241249840691,56.01118070436239,150.28475189816638,1.0489040208474465,1399.692123413086,3969692993
416,1417,5.768066475793783,1.7680664757937834,1.7680664757937834,0.17521285947748422,0.634115036485936,0.05264801526941162,0.8892807774364908,58.14782663587799,117.42763327514173,0.7805717137294197,1399.692123413086,3969692993
417,1418,1.8534284230231202,1.8534284230231202,1.8534284230231202,-0.2276807836577981,1.8534284230231202,0.05218429480996119,0.8801982290640464,78.8144538150255,134.13278839281602,0.9313277615077854,1399.692123413086,3969692993
418,1419,2.1429354205177686,2.1429354205177686,2.1429354205177686,-0.22419550705777658,1.6258192406801668,0.03146628249976818,0.8950924811537481,78.70093571783268,151.48725891774865,1.0393936212269983,1399.692123413086,3969692993
419,1420,5.4549580469623615,5.4549580469623615,1.4549580469623615,-2.5450419530376385,1.4549580469623615,0.039993403595458964,0.9921743012444002,135.4240825746591,399.8667612315785,3.9191263688693105,1399.692123413086,3969692993
420,1421,1.796727183074126,1.796727183074126,1.796727183074126,-2.620389105966404,0.646173748451059,0.07410798407265988,0.900254792809965,53.567460308389116,120.6638595980977,0.8723736810811522,1399.692123413086,3969692993
421,1422,3.343578278176378,3.343578278176378,1.8272110934021246,-2.4365107251496765,1.0692337712472784,0.029887584040230095,0.8739554086292466,57.62833464644223,155.59339985473306,1.1762859390234877,1399.692123413086,3969692993
422,1423,5.706022725315269,5.706022725315269,1.7060227253152689,-2.793456212148219,0.29241933563310263,0.04351382842467999,0.8802600044218944,50.189179436583885,150.21176287559612,1.0410087089835847,1399.692123413086,3969692993
423,1424,2.0128425170380893,2.0128425170380893,2.0128425170380893,0.04011476854251583,0.4565730808242032,0.04628246856457846,0.9029012356493662,65.4318511483392,138.62681479805872,0.9027303932753277,1399.692123413086,3969692993
424,1425,1.8755931377550552,1.8755931377550552,1.8755931377550552,-0.7444107009461534,0.5147582391495786,0.06345187564672321,0.8949844553341991,55.09953385305061,124.03011958299336,0.8363820755605461,1399.692123413086,3969692993
425,1426,5.848935184701064,1.8489351847010638,1.8489351847010638,-0.22088384147365536,0.8272572875092239,0.0462742758675801,0.8880821591258088,57.17166858262665,116.42694035693471,0.7793214183232697,1399.692123413086,3969692993
426,1427,2.0566331386774164,2.0566331386774164,2.0566331386774164,-1.1474682400587555,1.5575990806891524,0.038488973386732385,0.8822333608907849,71.00960209645278,142.44809740270352,0.9931751395282239,1399.692123413086,3969692993
427,1428,5.968722352416297,1.9687223524162967,1.9687223524162967,-4.515835475925191,-1.5790432798593534,0.03775083032179458,0.8983712680006173,60.02246301441395,175.49487033021938,1.1620115131634485,1399.692123413086,3969692993
428,1429,1.8467601411401329,1.8467601411401329,1.8467601411401329,0.713662416278215,0.713662416278215,0.05739186705499569,0.8865312014717676,73.8784441826234,120.5793726421717,0.8186114882528239,1399.692123413086,3969692993
429,1430,5.817802038990654,1.817802038990654,1.817802038990654,0.37143584440498056,0.7012367343625123,0.045719134085078106,0.8895949938485705,63.6321202649691,127.84865831099818,0.8488960284014249,1399.692123413086,3969692993
430,1431,11.128799344524877,7.128799344524877,3.128799344524877,-2.0663572405963455,1.9336427594036545,0.0008048850975347593,0.9044909565443252,121.88537238976247,364.505805237191,2.7408038234578314,1399.692123413086,3969692993
431,1432,8.389243601634197,4.389243601634197,1.4468151768252617,-3.9604758715549213,-1.5492130958035324,0.07397429486798088,0.8856244532132812,42.15132689303116,126.32700898915881,0.9399668028188626,1399.692123413086,3969692993
432,1433,1.9117307956052108,1.9117307956052108,1.9117307956052108,-0.49756923963435784,1.2620764354330838,0.054750554323122196,0.8825930965128035,60.922760128765525,120.0363025165037,0.8288878870570278,1399.692123413086,3969692993
433,1434,5.683460233144354,1.6834602331443533,1.6834602331443533,-0.6942432069234186,-0.13475434392183727,0.06820064672582464,0.899199742876461,50.10064503242186,125.81688004850676,0.867364434845771,1399.692123413086,3969692993
434,1435,5.871279965201481,1.8712799652014813,1.8712799652014813,-3.068799861192511,-1.3833539822604606,0.046732942819699294,0.8949850450786678,55.53365641544088,160.80114600394074,1.0486744487326904,1399.692123413086,3969692993
435,1436,9.381420337971901,5.3814203379719014,1.381420337971902,-1.4437067457863697,-1.4437067457863697,0.08345349416026804,0.8854176157180171,40.118701509805156,120.227668807285,0.9852364806473543,1399.692123413086,3969692993
436,1437,6.287843058616245,2.2878430586162444,1.4207459781970708,-2.012044558304324,0.7376080127715154,0.07033852631236942,0.8932928081673617,46.77687682079694,119.77923286576026,0.8477334804653406,1399.692123413086,3969692993
437,1438,6.515081069524482,2.5150810695244807,1.3577679524712944,-3.7237466291400487,0.2762533708599513,0.08503128062989873,0.8956096481766527,41.98116717009677,114.90133701446354,0.9375319404948479,1399.692123413086,3969692993
438,1439,6.216351436854974,6.216351436854974,2.216351436854974,-3.393588479228079,0.6064115207719214,0.013229163439710503,0.8698132182505809,67.24989005904531,201.40173231784868,1.6554287839096224,1399.692123413086,3969692993
439,1440,5.70917089501181,1.7091708950118099,1.7091708950118099,-1.9696636443961464,0.02482827050625347,0.06526237203276412,0.9011229711742312,50.862660044080556,131.96476947488497,0.8921863144081214,1399.692123413086,3969692993
440,1441,1.9217270431220428,1.9217270431220428,1.9217270431220428,-3.638878593225783,0.3611214067742172,0.05800482188591772,0.8952747850232525,56.29653525788167,135.97572648671945,0.8954235930096046,1399.692123413086,3969692993
441,1442,5.828194207599335,1.8281942075993352,1.8281942075993352,-0.1547799366241378,0.37380233818069963,0.04932461166943288,0.8909637437896502,55.967963522482066,129.99294256030961,0.8559499286710024,1399.692123413086,3969692993
442,1443,7.4449037891940195,3.4449037891940195,1.284410241914178,-3.6295102450079613,-1.7406754786392618,0.0994989239117134,0.8651204955443064,34.221897249792505,102.33765706558987,1.2291094759780852,1399.692123413086,3969692993
443,1444,6.8939968520891215,2.8939968520891215,1.2840547222836556,-2.261380581785141,1.2840547222836556,0.057769328224119725,0.9066492926441152,62.52628344181414,161.25765786481315,1.0622340288947487,1399.692123413086,3969692993
444,1445,9.48067633819651,5.480676338196511,1.4806763381965105,-4.486598286213644,-0.4865982862136442,0.06931187131438189,0.8899912535234128,43.98625088264898,131.83231634527496,0.9281567581885166,1399.692123413086,3969692993
445,1446,1.6845263896203901,1.6845263896203901,1.6845263896203901,-1.0867209619037261,1.260992162269382,0.0833066883408269,0.8943913784728342,58.35713053486587,112.56791725530626,0.906105014869341,1399.692123413086,3969692993
446,1447,8.172219223675317,4.172219223675317,1.468360930980433,-0.864581639927194,-0.864581639927194,0.07031459527810276,0.893352165912958,44.620259296733785,132.13345697490772,0.9276058759450863,1399.692123413086,3969692993
447,1448,7.371570994063637,3.371570994063637,1.601608799602811,0.5475146981021748,0.5475146981021748,0.04127081277973567,0.8824664616888599,64.47189667691532,149.13676202671235,1.0266181791388296,1399.692123413086,3969692993
448,1449,1.8123842485499084,1.8123842485499084,1.8123842485499084,-0.8626811165935946,0.8052386619293757,0.07093395757701512,0.892580883802002,53.71334184661488,114.57528796016042,0.8193128133544749,1399.692123413086,3969692993
449,1450,1.7902598370824943,1.7902598370824943,1.7902598370824943,0.48642179157729437,1.0620329676300524,0.06581996398703598,0.8988885445232209,69.84649822014934,116.07234922700768,0.7917563339685889,1399.692123413086,3969692993
450,1451,10.230222664670599,6.2302226646706,2.2302226646706,-0.5749297132365405,-0.5749297132365405,0.012780405617383136,0.9981286683962804,160.0,479.15234387460305,4.806248463063725,1399.692123413086,3969692993
451,1452,1.7931693937710735,1.7931693937710735,1.7931693937710735,0.1086064226704131,0.9814269656810894,0.06974926538726536,0.8971760806501213,60.52606726124117,111.23161008475978,0.7829364805403339,1399.692123413086,3969692993
452,1453,7.271288878269409,3.2712888782694094,1.39220394957809,-4.261894085708153,-0.26189408570815376,0.08172958152289872,0.8950506648266282,42.086365952593376,123.00196632042031,0.956909032785665,1399.692123413086,3969692993
453,1454,7.200497350819433,3.2004973508194334,1.5095945889718863,-3.3262926103135673,-2.4904054110281137,0.06558121262027179,0.8635571794526691,40.75648123606051,122.07611062413466,1.03408036754863,1399.692123413086,3969692993
454,1455,5.724123463341008,1.724123463341008,1.724123463341008,-3.193659338759936,-1.213271014048736,0.06346705097262204,0.98382780859834,86.18994361537399,246.29619684703513,2.708956609258907,1399.692123413086,3969692993
455,1456,4.6137150715206845,4.6137150715206845,1.1431339355247627,-0.1673441480096538,1.1431339355247627,0.07408792127001576,0.8840905503283627,53.0865071622215,153.4647287423963,1.1240178583669609,1399.692123413086,3969692993
456,1457,6.263642021911697,2.2636420219116973,2.2636420219116973,-5.736357978088303,-1.7363579780883027,0.01876541571878816,0.9616095044690484,94.6886272668366,279.7491713846042,2.550291212957523,1399.692123413086,3969692993
457,1458,7.798511358640232,3.7985113586402317,1.8950228777294942,-1.4412305370363019,-0.9555662680589319,0.029031236496699055,0.889295756550069,58.35296756118394,173.41103206335572,1.2103956749168796,1399.692123413086,3969692993
458,1459,8.666064244911531,4.6660642449115315,1.438304403390268,-5.231177335050012,-2.5616955966097317,0.07517383608562926,0.8694819973464005,39.39316496212411,118.16725097234726,1.007831316362436,1399.692123413086,3969692993
459,1460,7.4552825298177865,3.4552825298177865,1.5000318667852428,-0.05128280539493235,-0.05128280539493235,0.061137010374733354,0.8857391481973634,48.729726741355215,124.4723993378323,0.857948967171269,1399.692123413086,3969692993
460,1461,7.72899454127716,3.728994541277161,1.478878348424184,-5.016524395991347,-1.0165243959913468,0.06958526143709173,0.9051941664060786,46.73298008860576,139.37073940381322,0.967416345440385,1399.692123413086,3969692993
461,1462,3.4163893785810817,3.4163893785810817,1.5557245744000263,-0.5892164893277649,1.0258981833357215,0.04875451452972475,0.8865046528343726,53.701369792356,145.39662576094167,0.9715332532834594,1399.692123413086,3969692993
462,1463,9.665088389093054,5.665088389093054,1.665088389093054,-2.8797499784728045,-0.8290154365785318,0.04794654988085765,0.8888814158523286,49.96412417552388,149.83318592508454,0.9917071052265575,1399.692123413086,3969692993
463,1464,10.728508075313377,6.728508075313377,2.728508075313376,-5.271491924686623,-1.2714919246866239,0.0031810766212205816,0.8725588107224755,89.72606886545705,269.17234106905016,2.2001542405613526,1399.692123413086,3969692993
464,1465,1.8987746161019754,1.8987746161019754,1.8987746161019754,0.16902723501763672,1.2129986024943953,0.055108764992002734,0.9009118988575556,67.89268011536952,123.45940515711769,0.8050596317216653,1399.692123413086,3969692993
465,1466,1.779573332803596,1.779573332803596,1.779573332803596,0.9087089783335037,0.9087089783335037,0.060125437888838,0.8838479318022963,83.06074512929813,121.3005940960802,0.8429235169129462,1399.692123413086,3969692993
466,1467,7.340353969094666,3.340353969094666,3.340353969094666,-0.8638087185839511,0.7274247944057342,0.0007303950947342628,0.9682710253772963,160.0,447.34261768259955,3.9946853521963126,1399.692123413086,3969692993
467,1468,2.011730395624397,2.011730395624397,2.011730395624397,-1.7654521501727447,0.18875823007428427,0.04784618820092319,0.8906062800613438,58.74498841426483,146.94124327772371,0.967557583033897,1399.692123413086,3969692993
468,1469,5.093583646577068,1.093583646577068,1.093583646577068,-2.906416353422932,-2.906416353422932,0.18990356276379913,0.8061217201978208,20.0,57.15318607063688,4.746467243832223,1399.692123413086,3969692993
469,1470,5.5521005383132715,5.5521005383132715,1.5521005383132713,-0.6775288758476299,-0.06266577993474898,0.059241127848034425,0.8886151186254279,46.89265045980924,140.12741385379758,0.9421815017335416,1399.692123413086,3969692993
470,1471,1.8050685432013567,1.8050685432013567,1.8050685432013567,-0.018544182774298257,1.2402523378954635,0.06628671487113436,0.893711504984336,62.604498153597994,113.23946597414485,0.7815942848242563,1399.692123413086,3969692993
471,1472,1.9666247710894396,1.9666247710894396,1.9666247710894396,-3.0681463978591283,0.1250216649328102,0.05281337123484144,0.8944391224618251,57.71674780927952,145.06744803988738,0.9470712572178778,1399.692123413086,3969692993
472,1473,1.8191169732706183,1.8191169732706183,1.8191169732706183,-0.1321689166597093,0.7846040369745129,0.06885491909708813,0.8958275809618403,56.7452310451589,112.96396909722488,0.7903069222730836,1399.692123413086,3969692993
473,1474,5.4495894718867515,5.4495894718867515,1.449589471886752,-0.7576279345606225,0.5879462660431392,0.06799343642791372,0.8906854202041936,45.99358030698362,137.11745296250515,0.9527931281847422,1399.692123413086,3969692993
474,1475,7.5160406152677215,3.5160406152677215,1.444436670804826,-2.137713310164585,0.5979792875045908,0.06902611972767886,0.8885657536834791,45.110071502968346,128.79744474763623,0.9114920313095726,1399.692123413086,3969692993
475,1476,1.8737483066897944,1.8737483066897944,1.8737483066897944,-0.019286808854089177,1.5484619682757956,0.05449964348984338,0.8905390935414378,71.08941907249861,124.5311629388254,0.8247796947098076,1399.692123413086,3969692993
476,1477,8.009696717018235,4.009696717018235,1.3650377256219772,-1.8924865783543368,-1.234916052342852,0.08610053391803554,0.8862633304999544,39.702094619647,118.63196624618723,0.9995737278854375,1399.692123413086,3969692993
477,1478,5.653175461640568,1.6531754616405676,1.6531754616405676,-3.6970507853017027,-1.6338196299729701,0.07305085684366164,0.8882821436481112,46.30155523883179,134.25189549085667,0.9739934054382516,1399.692123413086,3969692993
478,1479,8.115205998720509,4.115205998720508,1.3886738501517486,-2.065921170289327,-2.065921170289327,0.08245797691367107,0.8836332375439455,40.00989966868238,119.77843543801475,0.9807204366576547,1399.692123413086,3969692993
479,1480,7.503619487977694,3.5036194879776943,1.4340988877539527,-2.6537019205727645,-0.3955161094483537,0.07569442656433148,0.8920623553515769,42.86078490114362,126.37850981888162,0.931327347786049,1399.692123413086,3969692993
480,1481,9.569832910203042,5.569832910203043,1.5698329102030424,-3.0174766651135307,-1.5568396985481205,0.058226970969176416,0.8844336696857371,45.94742152461629,137.82470738392544,0.9418843932294941,1399.692123413086,3969692993
481,1482,5.789478878947635,1.7894788789476344,1.7894788789476344,0.4137247684938874,0.4137247684938874,0.04820390679402071,0.8783397458512048,60.74352978005979,121.99767038866928,0.8642445982107079,1399.692123413086,3969692993
482,1483,1.8191768610313586,1.8191768610313586,1.8191768610313586,0.7167583859216706,0.7167583859216706,0.06030153293092291,0.9066438811092729,80.60999116309328,129.99848122151354,0.8664915409515839,1399.692123413086,3969692993
483,1484,5.646140141794769,1.6461401417947685,1.6461401417947685,-0.13211309219080158,-0.13211309219080158,0.0706642651395219,0.8966270398195861,51.29024838864551,117.52196139280204,0.8299680250598738,1399.692123413086,3969692993
484,1485,1.9676842267301338,1.9676842267301338,1.9676842267301338,-1.6689711873487674,0.7838721722784785,0.05188217940591649,0.8805873258156336,56.26276854603678,127.76518554143013,0.8874783042144131,1399.692123413086,3969692993
485,1486,9.880732708176836,5.880732708176837,1.880732708176837,-4.833005379632437,-0.8330053796324368,0.03000397345274872,0.8871930184119877,57.38062692145464,172.09581087839962,1.2033418356240488,1399.692123413086,3969692993
486,1487,9.51838454256726,5.51838454256726,1.5183845425672602,-5.042718198573482,-2.148774553600578,0.06445874275021389,0.8883590258220212,44.9223073292491,134.7611049989601,0.9273396629935381,1399.692123413086,3969692993
487,1488,1.7304469095923374,1.7304469095923374,1.7304469095923374,0.14466615091454682,0.14466615091454682,0.08088033056723269,0.8942301432380519,55.53088520655384,108.03679928246808,0.8529861548638766,1399.692123413086,3969692993
488,1489,1.7731513443295646,1.7731513443295646,1.7731513443295646,0.4847292499318374,0.9265529478331009,0.06875681149836382,0.9043568315005243,70.04341103264561,117.53192550368962,0.8196139082567502,1399.692123413086,3969692993
489,1490,8.797226036218374,4.797226036218373,1.4221846599175383,-3.7861733282060896,-2.270163924096612,0.0774863170072344,0.876031396174831,39.864695850077354,119.57735050306711,0.9807417018770317,1399.692123413086,3969692993
490,1491,7.1243608028198695,3.1243608028198695,1.60492927758989,-0.3979262371598402,0.13451146867806862,0.05230486511685885,0.8839965946122632,48.79300500707127,135.84790267110836,0.9215730433259077,1399.692123413086,3969692993
491,1492,1.8135097048256799,1.8135097048256799,1.8135097048256799,-2.18649029517432,1.8135097048256799,0.05701080329071248,0.8887327997541898,78.5431141786413,153.2119909018197,1.0210656425056102,1399.692123413086,3969692993
492,1493,1.79707290204153,1.79707290204153,1.79707290204153,-2.5366344805094285,1.4633655194905713,0.06497090170115363,0.8990783404568601,67.59767573377307,134.34526859556655,0.9062073061341976,1399.692123413086,3969692993
493,1494,8.105144467443722,4.105144467443722,1.5135623944965024,-3.2998146327494142,0.17538181006302622,0.06425254102164038,0.8879864203906207,45.09539528397839,133.05313251405812,0.916705701665636,1399.692123413086,3969692993
494,1495,4.090938179006124,4.090938179006124,1.6325040032585274,-2.3674959967414724,1.6325040032585274,0.0265343008610022,0.8833207130947115,73.19711505076506,201.8716105136998,1.437350105407694,1399.692123413086,3969692993
495,1496,1.8070578025966484,1.8070578025966484,1.8070578025966484,0.04722110781643507,1.0077906974619621,0.06813603142474525,0.8987385160723583,60.79260910421387,113.10890567721722,0.7847096759493056,1399.692123413086,3969692993
496,1497,5.8202579729292685,1.8202579729292687,1.8202579729292687,-1.2112897002502618,0.01803929318737496,0.05196626122430737,0.8980137791773467,54.357927427244235,141.2194562385513,0.9173256770868737,1399.692123413086,3969692993
497,1498,1.6364017980281391,1.6364017980281391,1.6364017980281391,-4.014141873560657,-0.014141873560656881,0.10247792134553038,0.9097906581477655,48.3104681246721,117.1396503818261,1.1992034740457085,1399.692123413086,3969692993
498,1499,1.8540801234062405,1.8540801234062405,1.8540801234062405,-3.8449874966491544,-0.5185814966603148,0.06703932689444718,0.9107774916162659,56.78885985881631,151.02110120935782,1.0423675878358838,1399.692123413086,3969692993
499,1500,4.663301359027217,4.663301359027217,2.628192653993385,0.5128285358189508,0.5128285358189508,0.003959444999820595,0.8973914444406625,96.71560663046151,274.44603876315966,2.108195760837842,1399.692123413086,3969692993
500,1501,5.80448148956431,1.8044814895643095,1.8044814895643095,-0.3245491352461216,1.0430853935171556,0.048990586426902176,0.8865800874649333,57.43014181636386,116.61195128732044,0.7844057260957072,1399.692123413086,3969692993
501,1502,1.7313473060235576,1.7313473060235576,1.7313473060235576,-1.4244162853705151,1.7313473060235576,0.0674887502479562,0.8842016176839697,72.76203482314814,137.18156502995427,0.9755483650250314,1399.692123413086,3969692993
502,1503,3.5577495476355354,3.5577495476355354,1.4639812199885052,-3.3638583632757095,0.6361416367242901,0.06616294350116839,0.889739961410186,46.17339714638206,130.74361879320955,0.904659632265101,1399.692123413086,3969692993
503,1504,5.560285080712095,5.560285080712095,1.560285080712095,0.24109589895830452,1.560285080712095,0.029902327509818673,0.9246415297168783,86.51286659028624,254.01383077922273,1.8037070296498492,1399.692123413086,3969692993
504,1505,9.431979202117642,5.431979202117642,1.4319792021176423,-4.701993404135287,-1.5090620497670746,0.07607485643045993,0.8951273661389144,43.29599077306701,129.86511161972086,0.950929142141662,1399.692123413086,3969692993
505,1506,6.797260099925364,2.797260099925363,1.4869962205473095,-1.1435658437102598,-0.5120320147736444,0.06834935401040874,0.8848562411905652,43.457122521167406,124.60262069205811,0.8955779660354346,1399.692123413086,3969692993
506,1507,10.057999130061729,6.057999130061729,2.057999130061729,-5.0144597011508445,-1.942000869938271,0.0197951084396444,0.8836042293637798,63.42217535327598,190.26238860590323,1.4163482664465852,1399.692123413086,3969692993
507,1508,1.762116462827316,1.762116462827316,1.762116462827316,-1.2078119913627645,0.8735339603753407,0.07765490149988767,0.8932286341774174,52.79890334917617,111.58832527940119,0.8488582503553561,1399.692123413086,3969692993
508,1509,1.8100633047363304,1.8100633047363304,1.8100633047363304,0.3483803847575242,1.2862190744348454,0.0629418928192148,0.8993266438270742,70.05504462852134,117.57272473618073,0.78860879555688,1399.692123413086,3969692993
509,1510,7.6548108428115995,3.6548108428115986,1.487501386679696,-1.5497295977577756,-1.5497295977577756,0.06838945417475523,0.8874132914933812,43.790392474664245,130.31187693884388,0.9219118148348266,1399.692123413086,3969692993
510,1511,1.8475303734182855,1.8475303734182855,1.8475303734182855,-0.08428299510555748,1.2239182547596341,0.06167568770063159,0.8972367424822445,63.56622894190788,118.12989804027181,0.7885254572546757,1399.692123413086,3969692993
511,1512,1.8349853367916817,1.8349853367916817,1.8349853367916817,-0.1894687353337141,0.6259089852140993,0.06755473693149053,0.8963126227962793,56.16235830840619,115.83582981730152,0.8010523446208117,1399.692123413086,3969692993
512,1513,5.88732970653934,1.8873297065393397,1.8873297065393397,-0.04451938466861627,0.9653844094824505,0.04155316824122465,0.8893615644238286,60.81741726252556,123.3494054644749,0.8286390737063503,1399.692123413086,3969692993
513,1514,1.7649250889417436,1.7649250889417436,1.7649250889417436,0.22883080130627587,0.9364878520859198,0.07280381345684828,0.8975960120835419,61.44095140718581,109.67150482498334,0.7925137074382962,1399.692123413086,3969692993
514,1515,5.715531013858487,1.7155310138584874,1.7155310138584874,-0.021539082889480365,0.38475467830918775,0.06069187387718655,0.8902467005444936,53.56227552193382,108.74588273932437,0.7377438705159814,1399.692123413086,3969692993
515,1516,1.8835741641084371,1.8835741641084371,1.8835741641084371,-2.074890335968182,1.5752195946854926,0.05378482323806954,0.9035329682899979,74.16374686242351,146.7214778682168,0.9559466392570135,1399.692123413086,3969692993
516,1517,3.1414408585728073,3.1414408585728073,3.1414408585728073,0.6101021876657104,2.790609898709877,0.0017064009053315765,0.92014745824081,160.0,306.75893534399665,2.412102693165077,1399.692123413086,3969692993
517,1518,5.771066873438957,1.7710668734389572,1.7710668734389572,-0.1343065068346272,-0.1343065068346272,0.05550878988263031,0.9032585459593409,56.71223103274469,132.01727652983124,0.8627397270466188,1399.692123413086,3969692993
518,1519,1.7985431027647618,1.7985431027647618,1.7985431027647618,-2.5697363741262347,-0.15909335654425738,0.0750268426887043,0.906327109841805,53.611547515100625,136.01249081008007,0.9850640861139845,1399.692123413086,3969692993
519,1520,7.355144370840088,3.3551443708400877,1.254974290207197,-3.5273408933323056,-0.06532694437975572,0.10366783683324847,0.8916547911392718,37.52971482667944,109.3121067892308,1.1638532819411698,1399.692123413086,3969692993
520,1521,1.671444525096035,1.671444525096035,1.671444525096035,-3.0560846102507107,0.9439153897492888,0.09078313737461238,0.9019462034513673,53.04865024512877,110.59801004862938,0.9744483616440274,1399.692123413086,3969692993
521,1522,5.698184774436898,1.698184774436898,1.698184774436898,-1.5241931187075193,-0.6343883149986325,0.06682375188378274,0.9032457554779002,50.817930850018556,138.34007301077807,0.9426965315663606,1399.692123413086,3969692993
522,1523,7.52387174433528,3.523871744335281,1.2546619985252836,-1.2969911693000256,1.2546619985252836,0.06132160044011677,0.8698221418480977,52.75663551259006,144.65351193136695,1.0985418964384746,1399.692123413086,3969692993
523,1524,5.732659482421888,1.7326594824218882,1.7326594824218882,0.0312973632040594,0.5357490433203846,0.057963892476228275,0.8893550163107484,54.8237966378549,111.13818390594392,0.7482219931834613,1399.692123413086,3969692993
524,1525,1.7867170287564653,1.7867170287564653,1.7867170287564653,1.2211790433343674,1.2211790433343674,0.05093442330031371,0.8681129678987285,99.84149736023477,127.11600358806318,0.9815002937844279,1399.692123413086,3969692993
525,1526,6.765835373626884,2.7658353736268846,1.6072376844954273,-1.9887480453055237,0.6122287403413242,0.051486025695583776,0.8804927706197255,48.217247925643726,131.035977712582,0.9090582461554041,1399.692123413086,3969692993
526,1527,1.786601377338653,1.786601377338653,1.786601377338653,0.015617555208337075,0.5472070013299497,0.07334799386290343,0.8971345859432379,56.47141575988341,111.61670913666825,0.8093789234442361,1399.692123413086,3969692993
527,1528,7.629873769896132,3.6298737698961316,1.779279896103378,-2.220720103896622,-2.220720103896622,0.037597296779956324,0.8857555240567068,53.421821666598554,159.83068211823635,1.0918466738927635,1399.692123413086,3969692993
528,1529,5.755848598246545,1.7558485982465448,1.7558485982465448,-0.15755844056847557,0.8531610121977408,0.055009841185066244,0.8904169435872714,55.638227396024384,112.94666521333981,0.7507349913582587,1399.692123413086,3969692993
529,1530,6.427508419649449,6.427508419649449,2.4275084196494485,-4.192912633951364,-0.19291263395136404,0.0076012578189740415,0.8878227333252969,79.60960365947551,238.75202096294106,1.8488017779553965,1399.692123413086,3969692993
530,1531,11.155639351674477,7.155639351674477,3.1556393516744765,0.10403900814290079,2.067750584848439,0.0007040656352151973,0.8471305960249939,109.9262867163208,328.0845712305522,2.9338269404688235,1399.692123413086,3969692993
531,1532,6.930543021232441,2.930543021232441,1.5191031199198293,-0.45823851054103715,-0.45823851054103715,0.06249436311045066,0.8944330889304732,47.59631828405942,132.6848089879953,0.8895967143976211,1399.692123413086,3969692993
532,1533,2.869234465783833,2.869234465783833,2.869234465783833,0.9148767032184315,1.2693369106599695,0.00470978338998417,0.9237308827330599,122.44633365699424,253.54245782638472,2.047786928581897,1399.692123413086,3969692993
533,1534,1.999963443881448,1.999963443881448,1.999963443881448,-0.8407108856115422,1.252297333205723,0.046044595710886094,0.8767190125327787,61.46739887905721,126.94871079254631,0.9095053918852807,1399.692123413086,3969692993
534,1535,2.534117860440637,2.534117860440637,2.534117860440637,-0.2780815193385253,1.1454376288778316,0.01306030682542108,0.9019494038425053,85.8762880610989,198.6165071192702,1.4993975908323622,1399.692123413086,3969692993
535,1536,8.385613947493589,4.385613947493588,1.4536243643933944,-4.67014806080416,-0.6701480608041599,0.07301184068547362,0.9148063021050642,47.87949493106053,143.086349050992,1.0436550712875556,1399.692123413086,3969692993
536,1537,1.7391991917731462,1.7391991917731462,1.7391991917731462,-0.8446225263301905,1.6143093994052902,0.0688838120719744,0.8802622671371533,67.30591802678526,122.99280134067236,0.9129038138142125,1399.692123413086,3969692993
537,1538,1.7783116965562364,1.7783116965562364,1.7783116965562364,0.6197024322654592,0.6197024322654592,0.06692411379180863,0.8861439185832176,68.39583899908436,113.05590368852181,0.807166001201441,1399.692123413086,3969692993
538,1539,1.9502537754814393,1.9502537754814393,1.9502537754814393,-1.249858308768985,1.9502537754814393,0.042463684362118004,0.885981338561143,85.57393791568462,161.76474408005276,1.0884522873575497,1399.692123413086,3969692993
539,1540,9.456654425444096,5.456654425444096,1.4566544254440958,-0.11490297471835831,-0.11490297471835831,0.06698616312842018,0.8735187541361046,44.618721269217886,132.52698337300487,1.0123063906829342,1399.692123413086,3969692993
540,1541,6.029317163873223,2.0293171638732233,2.0293171638732233,-0.6237714296034618,0.5575305427360193,0.03250842348036737,0.8832831050583663,60.07780794585422,146.7806109105915,1.0424384944267744,1399.692123413086,3969692993
541,1542,8.170886958090026,4.170886958090026,2.203351967855232,-2.6814216809973805,-1.796648032144768,0.013785046277286116,0.8789387037369151,68.27731203440636,204.6116448000053,1.5979081231401315,1399.692123413086,3969692993
542,1543,6.001874701508735,2.001874701508735,2.001874701508735,-2.6840235357480196,0.6365757141801935,0.034626678241346596,0.8769208013076267,57.65137820434892,144.4165419484806,1.0554007659487448,1399.692123413086,3969692993
543,1544,9.606207572599157,5.606207572599156,1.606207572599156,-2.606928491911569,-0.3119809224889638,0.05407153814561709,0.8818686998656503,46.746176017715285,140.09279046365629,0.9620436958463365,1399.692123413086,3969692993
544,1545,7.994928624083594,3.9949286240835953,1.55417102682575,-2.1796135230914233,-2.1796135230914233,0.06006952559773541,0.8947827268155479,47.270948242518905,141.55944766196262,0.9381531267294135,1399.692123413086,3969692993
545,1546,2.872038612381562,2.872038612381562,1.7170106505360814,-0.03870322620726574,0.8478019832832078,0.03863289175825498,0.8758558587009801,55.1847493616658,137.50172370727017,1.0017813309454486,1399.692123413086,3969692993
546,1547,9.479589318467022,5.4795893184670215,1.4795893184670217,-1.5328100387713992,0.27551545708972536,0.06799753988547036,0.8786460578685061,42.74496403273536,127.82537346017129,0.9494525801984417,1399.692123413086,3969692993
547,1548,1.7837935633582525,1.7837935633582525,1.7837935633582525,-0.023076475871093516,1.3595315003618493,0.0671950884618101,0.8953910686263182,65.39938397915613,115.03694875321463,0.7951218613231235,1399.692123413086,3969692993
548,1549,5.791544279958817,1.7915442799588168,1.7915442799588168,-0.8816923485206687,-0.8816923485206687,0.05509604734201212,0.9144262117918966,57.07638709610053,152.3229046089073,1.0242361536745046,1399.692123413086,3969692993
549,1550,9.619191799839976,5.619191799839975,1.6191917998399756,-6.380808200160025,-2.3808082001600246,0.05270300073334292,0.8996214901216544,50.41163237803954,151.23151930577578,0.9822203584053427,1399.692123413086,3969692993
550,1551,5.736729008721267,1.7367290087212668,1.7367290087212668,-0.1354561313789393,0.25495707465914474,0.059234133126778006,0.893146421660466,53.512571002372916,122.98184480658932,0.8181950062851493,1399.692123413086,3969692993
551,1552,1.8106382522523692,1.8106382522523692,1.8106382522523692,-0.44642870265976686,0.737566758804922,0.07112899882977544,0.8958954025888431,54.58732968566366,113.79982440271031,0.8096590356679116,1399.692123413086,3969692993
552,1553,1.8109834070129665,1.8109834070129665,1.8109834070129665,0.14850742120887905,1.1412988763590064,0.06584246322127275,0.9074738409032294,66.40309824616806,118.88429981424152,0.8185279760517241,1399.692123413086,3969692993
553,1554,7.1411999026286335,3.1411999026286335,1.6297539278943534,-2.5234324942859043,-1.3616312824479029,0.051598629932972165,0.8876692942582303,48.532145587085395,144.35551250652352,0.9602976330560485,1399.692123413086,3969692993
554,1555,9.641250948568675,5.6412509485686755,1.641250948568676,-3.9293723096667157,-2.358749051431324,0.05037266666382872,0.8813807852253387,47.82215442603327,143.46332344401554,0.9841391611777643,1399.692123413086,3969692993
555,1556,6.4469877001737075,2.446987700173708,2.446987700173708,-4.870062369984899,-1.553012299826292,0.01166771522924495,0.8766779104610837,75.3254848771117,222.54244435033206,1.7540278436786854,1399.692123413086,3969692993
556,1557,4.200931668069211,4.200931668069211,1.5828283214775138,-3.673713184244094,0.326286815755906,0.05566352043116323,0.8901117883261468,47.99550326852489,141.14387014692215,0.9356478527918882,1399.692123413086,3969692993
557,1558,3.2631477428479894,3.2631477428479894,1.149702036592388,-2.8502979634076118,1.149702036592388,0.07570650893503214,0.8870656534390851,51.88159603871295,137.8658749007798,1.0220205354725032,1399.692123413086,3969692993
558,1559,2.0266956291428433,2.0266956291428433,2.0266956291428433,0.015656929514196172,1.8958817559062462,0.03689422819058205,0.9002506813043488,89.4078743617178,153.9649476015559,1.0252909308332132,1399.692123413086,3969692993
559,1560,7.670360937809637,3.670360937809637,1.420430242101773,-1.3516904011631063,0.7782491474154788,0.06797140302188523,0.8913428956578822,47.145197721322724,134.3542884168548,0.932924303230519,1399.692123413086,3969692993
560,1561,1.7918311918190417,1.7918311918190417,1.7918311918190417,0.20433857401133215,0.6778936280883263,0.07074964765670762,0.8974711909261971,59.986785502888154,112.19148647088335,0.7951651716344476,1399.692123413086,3969692993
561,1562,9.873228010519101,5.873228010519102,3.7062657257473703,-4.29373427425263,-0.29373427425262966,0.00010516882580508712,0.8771415899300925,142.142484429366,426.1336544660255,3.2287201705018895,1399.692123413086,3969692993
562,1563,1.549874851488675,1.549874851488675,1.549874851488675,-1.9418826069427393,0.9186983419541151,0.11212207536119949,0.9032695241875663,49.93534108631262,101.48468705914536,1.254886673816733,1399.692123413086,3969692993
563,1564,2.009815937577781,2.009815937577781,2.009815937577781,0.2669544772007928,0.2669544772007928,0.04562146709266724,0.9145530060472867,71.8374793389161,145.9987501840693,0.9827284535380767,1399.692123413086,3969692993
564,1565,5.757773784651394,1.7577737846513937,1.7577737846513937,-2.3880432226440957,0.3896378796273914,0.05872143524909276,0.8931229334362532,51.436037743955936,128.8580735111078,0.8549460404276007,1399.692123413086,3969692993
565,1566,1.7883259186845482,1.7883259186845482,1.7883259186845482,-0.4060791195146749,1.1479018600819695,0.07056561141857956,0.8945536472825527,58.65638833420742,112.8012325025686,0.8015353799563528,1399.692123413086,3969692993
566,1567,5.70432053049349,1.7043205304934905,1.7043205304934905,-1.8532030877768797,-1.8532030877768797,0.06603243886740173,0.9047738981727996,51.33798190032372,147.59500454413114,1.0006166195065296,1399.692123413086,3969692993
567,1568,5.569107773034758,5.569107773034758,1.5691077730347576,-2.0548339300518403,0.9773545925912784,0.04913670233816807,0.8915955953948929,53.60588183170266,159.60882575745217,1.046420515726096,1399.692123413086,3969692993
568,1569,5.6498537512406815,1.6498537512406815,1.6498537512406815,0.23271916966126427,0.23271916966126427,0.06561487069343613,0.8805208799543309,53.5284710017148,107.87412206883639,0.7958781933195387,1399.692123413086,3969692993
569,1570,1.7119615775753954,1.7119615775753954,1.7119615775753954,0.9234561342597177,0.9234561342597177,0.06686111721649558,0.8660832986742627,77.5201602155171,109.29993302297417,0.9302013000015643,1399.692123413086,3969692993
570,1571,1.7590952121977264,1.7590952121977264,1.7590952121977264,0.33774053344844734,1.7590952121977264,0.061642140945496665,0.8999597764588743,82.96534486865332,126.33132867873039,0.8404325833958332,1399.692123413086,3969692993
571,1572,1.9131785035701665,1.9131785035701665,1.9131785035701665,-2.9920743468202566,1.0079256531797436,0.056959208525947005,0.8969197045047387,59.66470559548943,129.36299040061857,0.8481342243826522,1399.692123413086,3969692993
572,1573,9.65258503155629,5.652585031556289,1.6525850315562896,-1.5153671484283364,0.663622709121303,0.04656764907585759,0.8814371923188412,50.081711078366496,149.59850441746428,1.0254107526797807,1399.692123413086,3969692993
573,1574,9.57429696790508,5.574296967905079,1.5742969679050793,-6.000980596812729,-2.000980596812729,0.05770940494683101,0.9068357424391119,50.31523983501376,150.93787243551364,0.9955319136481049,1399.692123413086,3969692993
574,1575,9.712599234266358,5.712599234266357,1.7125992342663576,-1.2301958235050725,-1.2301958235050725,0.04331967588666651,0.8976910325424641,53.39808213175974,160.03091567342108,1.0458566376425196,1399.692123413086,3969692993
575,1576,1.8788161833036814,1.8788161833036814,1.8788161833036814,0.306817013525136,1.528946754995125,0.05308549069959769,0.901644908326418,76.87516054643486,128.22593443991803,0.833714377866138,1399.692123413086,3969692993
576,1577,9.592633677618966,5.5926336776189665,1.5926336776189662,-3.874684222231262,-1.443770492178048,0.05562118372115117,0.8827787570868616,46.42506229113549,139.25456635949305,0.9539618989831999,1399.692123413086,3969692993
577,1578,1.8229915056048187,1.8229915056048187,1.8229915056048187,-1.2755173900338177,0.582402390136906,0.07057353486135934,0.8942409967013742,52.97372596268055,119.66782507641597,0.8466707591641046,1399.692123413086,3969692993
578,1579,3.729731051211826,3.729731051211826,1.571534465494044,-2.896066480180024,1.1039335198199756,0.045860355816321356,0.8959027243177766,57.24298363284932,159.37048188130737,1.0391006699420657,1399.692123413086,3969692993
579,1580,5.74055275451031,1.7405527545103106,1.7405527545103106,0.19433070729379143,1.4920288163779667,0.044996264814819185,0.8862217863109147,70.67710479787178,141.337858167343,0.9500127347466303,1399.692123413086,3969692993
580,1581,7.746534325106517,3.7465343251065173,1.500833117228738,-2.185373236203991,-0.7192798086197265,0.06668971813364859,0.8864332103363094,44.02887765442616,130.92392051074833,0.9206423136485864,1399.692123413086,3969692993
581,1582,9.511222004087125,5.511222004087125,1.5112220040871251,-2.1640000360348113,-1.5017361586079898,0.06536309626044302,0.8896528755456791,44.913117783003905,134.70556097673287,0.9267512250526346,1399.692123413086,3969692993
582,1583,5.819311307523213,1.8193113075232128,1.8193113075232128,-0.5180474077548205,0.907966517351706,0.049149648254764484,0.8857751428037737,55.47192522279758,126.57084991545851,0.8523958928561981,1399.692123413086,3969692993
583,1584,7.337458359193681,3.3374583591936817,1.5990112973727464,-2.5730662306663112,0.0021431406249527996,0.05468156134939339,0.8862154357689384,47.358796141305085,137.55021546287475,0.9249874485874658,1399.692123413086,3969692993
584,1585,5.747780107476621,1.7477801074766208,1.7477801074766208,0.34770560474985746,0.34770560474985746,0.05316029041565336,0.8826460676089616,59.043884514582395,118.70543619933221,0.8180311788056707,1399.692123413086,3969692993
585,1586,1.7694799479325705,1.7694799479325705,1.7694799479325705,-0.006845512237291906,0.6037507215193956,0.07577396248480989,0.8964828338440223,55.71603519160129,109.33624166257285,0.813595978378138,1399.692123413086,3969692993
586,1587,7.771621410507245,3.7716214105072448,1.4052803483353271,-2.587405580369138,0.6913650602117437,0.07182195629008549,0.8963702250362657,46.5680191048288,133.94654863907778,0.9443771200544993,1399.692123413086,3969692993
587,1588,1.8801655266380564,1.8801655266380564,1.8801655266380564,-1.7415095447478024,0.92724064872987,0.06141687542801001,0.8858743206285744,55.41243148215052,120.51049076166916,0.8326287119810867,1399.692123413086,3969692993
588,1589,5.759565993418043,1.7595659934180428,1.7595659934180428,-0.11116391504489265,0.25818610053125535,0.056492575758790874,0.8933347265656139,54.49165690755129,125.24856556577124,0.8258610593414029,1399.692123413086,3969692993
589,1590,8.620664284432083,4.620664284432082,1.4784169797972269,-6.077257219227116,-2.5215830202027734,0.06964808324702051,0.905231396841154,46.72204514015964,140.1489658379869,0.9729046368845984,1399.692123413086,3969692993
590,1591,9.564653054388199,5.5646530543882,1.5646530543881993,-5.202710736025401,-1.2027107360254015,0.058832014452375764,0.896201010199246,47.87922247785145,143.60234458656103,0.945828961004894,1399.692123413086,3969692993
591,1592,1.878286877053601,1.878286877053601,1.878286877053601,-0.36045370787311315,1.479367493258482,0.05551583796799242,0.8845481939363723,66.30997305433159,122.79440184629486,0.8380885339980478,1399.692123413086,3969692993
592,1593,9.524390394173285,5.524390394173285,1.5243903941732841,-2.3674940986697064,-1.046696396761353,0.06370409286979566,0.8842274195927876,44.41689156715844,133.20192700475258,0.9314080415935257,1399.692123413086,3969692993
593,1594,1.8286619803547024,1.8286619803547024,1.8286619803547024,0.7176437507613795,1.5308091300222793,0.05442761156080849,0.9108214480783408,90.19290613230511,134.182545957354,0.891544954019918,1399.692123413086,3969692993
594,1595,1.7566586918499738,1.7566586918499738,1.7566586918499738,0.00014155645217073243,1.0807801807631081,0.07427650295298474,0.8974916979520839,59.80388222877468,108.98597207121117,0.7988333857322631,1399.692123413086,3969692993
595,1596,5.7786763139291475,1.7786763139291475,1.7786763139291475,0.9812684140864741,0.9812684140864741,0.03684384563540024,0.8869719608264274,89.70244210019844,177.99392028062664,1.2075301425020104,1399.692123413086,3969692993
596,1597,1.7960678241304906,1.7960678241304906,1.7960678241304906,-0.18275249808386707,0.7053423026907908,0.07256271984874621,0.897366626381637,55.55638617847422,111.9491779753555,0.805781571887408,1399.692123413086,3969692993
597,1598,4.260324781630619,4.260324781630619,2.312286610750435,0.3552250213589214,0.7548741076321819,0.009502028842453164,0.9010300405757145,83.62909383836154,234.12674497213317,1.7718130607803206,1399.692123413086,3969692993
598,1599,1.896098490852727,1.896098490852727,1.896098490852727,-0.28231656835996977,1.0912149803222864,0.05779522441238898,0.8912980089143243,60.12241607232848,119.07373369982733,0.7934972778041475,1399.692123413086,3969692993
599,1600,5.570002265555607,1.5700022655556076,1.5700022655556076,-2.8815777088353203,-1.7553327087038582,0.0856556685581843,0.8848994364739231,42.866918938902714,124.29653860673223,1.0374631551559184,1399.692123413086,3969692993
600,1601,7.3487119783790895,3.3487119783790895,1.725206338533466,-4.738121001115387,-1.6039932446744174,0.04225290312858428,0.8910119488602181,52.47533559113037,156.7264331607178,1.0384233486494745,1399.692123413086,3969692993
601,1602,5.666108262345912,1.6661082623459114,1.6661082623459114,-2.3338917376540884,-2.3338917376540884,0.07122514494219039,0.8795831669514002,45.24147016735218,132.34176039443747,0.9922319656079002,1399.692123413086,3969692993
602,1603,1.773862153461016,1.773862153461016,1.773862153461016,0.4376503283204711,0.8044565846616798,0.0699182632566265,0.9025092359642357,67.2141148217122,115.83647505263173,0.8135839221152089,1399.692123413086,3969692993
603,1604,7.611962518984592,3.6119625189845923,1.5351017761879382,-3.842308559755569,-1.1888299596115648,0.06237936090765093,0.8908443984754351,45.91644214650081,136.99436230734392,0.9252571876050737,1399.692123413086,3969692993
604,1605,9.551515980411617,5.551515980411617,1.5515159804116165,-1.3468999833419675,-0.35489885116669684,0.06025554477873386,0.8861400855226811,45.71351202266785,136.9417621105021,0.9341957146450813,1399.692123413086,3969692993
605,1606,1.8318915506456352,1.8318915506456352,1.8318915506456352,-1.9566743325533993,1.429843138748492,0.06153056881597915,0.8918153654735467,65.23856382029788,129.86128228345032,0.8732595626255307,1399.692123413086,3969692993
606,1607,8.168645856503622,4.168645856503622,1.5192406426106488,-1.155541996207025,0.10454873365405737,0.06359664946805073,0.8842030630257524,44.64231369094448,131.7998609334471,0.9219788971504408,1399.692123413086,3969692993
607,1608,8.41053334162734,4.410533341627341,1.2867763044538776,-3.700977826874328,-0.9833352171287786,0.09908074739961506,0.8811300229513602,36.53264573515972,109.34063316954227,1.135538697533081,1399.692123413086,3969692993
608,1609,1.8422978016598803,1.8422978016598803,1.8422978016598803,0.38118514798072467,1.2730833727102957,0.05924216385872561,0.9043588922600366,72.55703736613982,122.61897329966763,0.8115520512892164,1399.692123413086,3969692993
609,1610,1.8799091937774681,1.8799091937774681,1.8799091937774681,0.43198622223788674,0.7943687837367097,0.05741384960177352,0.9027842612051684,69.3885020786876,124.61059699917189,0.8180440873155101,1399.692123413086,3969692993
610,1611,9.5842041994624,5.584204199462399,1.5842041994623994,-3.8181452279488424,-0.4047403840655055,0.05654504116022009,0.8822799812489132,46.07348445448173,138.0926376299708,0.950843319283596,1399.692123413086,3969692993
611,1612,1.7984730711222916,1.7984730711222916,1.7984730711222916,0.2666555072841703,0.9309004800501832,0.06815179846294661,0.8971765215184537,62.770374319472154,112.50007341939886,0.7818318227799104,1399.692123413086,3969692993
612,1613,5.704478716325262,1.7044787163252617,1.7044787163252617,-3.7090482516515464,-2.2955212836747383,0.06601681639430534,0.8755390734637287,45.895218239046216,135.15124165424018,1.0085341327970019,1399.692123413086,3969692993
613,1614,6.101869301415656,2.1018693014156558,1.0877636500280643,-2.7182112380640246,0.6133371865989097,0.1186025531393777,0.8687381455201784,34.48848368472452,87.70891701758613,1.4451118008877386,1399.692123413086,3969692993
614,1615,5.559640264633595,1.5596402646335947,1.5596402646335947,-1.914771717820256,-0.4807886925947191,0.08730551718243149,0.8986210421043861,44.98393126075754,120.57864468022791,0.997042988885059,1399.692123413086,3969692993
615,1616,1.8680818323551653,1.8680818323551653,1.8680818323551653,-3.2646497172610704,0.7353502827389293,0.06394839914240297,0.9118669415112622,59.25135066973068,133.44187126747096,0.9173655847016102,1399.692123413086,3969692993
616,1617,7.647623575133753,3.647623575133753,1.7696879005633268,-1.8891402034200508,-0.29649725652240555,0.03837189249504321,0.884192330262272,52.79865813560494,155.7515950057005,1.0697569019931918,1399.692123413086,3969692993
617,1618,1.8166253800492689,1.8166253800492689,1.8166253800492689,0.15064923500267846,0.4781317943572634,0.06836713501086696,0.897333693158864,59.1888852802706,115.30446252395538,0.8011037122028792,1399.692123413086,3969692993
618,1619,5.923035127071102,1.923035127071102,1.923035127071102,-4.4977785066206595,-2.0769648729288983,0.041768980518448996,0.8913865459029553,56.77933557834454,167.71296554714834,1.1098709230009274,1399.692123413086,3969692993
619,1620,1.8425224497328905,1.8425224497328905,1.8425224497328905,0.07552166937565263,0.896696729754076,0.06426361438033669,0.8972212461119126,60.57922062765815,115.33370682098035,0.7807470771907399,1399.692123413086,3969692993
620,1621,7.855232869397621,3.8552328693976214,1.4394402448785268,-0.32038594692746925,-0.32038594692746925,0.07140202612548192,0.8913966529325985,45.47750989124289,131.32042669290382,0.9339217170354926,1399.692123413086,3969692993
621,1622,4.287383239022651,4.287383239022651,1.2778951572120005,0.15874510470970216,0.8287042136028533,0.07368515238196238,0.9138391083869406,58.72256739291141,166.479286947294,1.1959860858478086,1399.692123413086,3969692993
622,1623,5.689638856173309,1.6896388561733082,1.6896388561733082,-4.749566805424173,-1.9730672999694505,0.0679951887862002,0.8991074631468564,49.636420338917496,145.44030229118817,0.9935435923943579,1399.692123413086,3969692993
623,1624,5.537382594833984,1.537382594833984,1.537382594833984,-2.462617405166016,1.537382594833984,0.06209981812524381,0.8638799125950131,62.503501987771685,125.0029550473519,1.034602365920306,1399.692123413086,3969692993
624,1625,1.7982681532991511,1.7982681532991511,1.7982681532991511,-0.6226976370191168,1.1450401406842667,0.0695465304662048,0.8905543888552643,57.510386060220135,113.19599813837569,0.8069757101255353,1399.692123413086,3969692993
625,1626,1.8460789248366232,1.8460789248366232,1.8460789248366232,0.012767922999441073,1.2512963538681734,0.06121092947615268,0.8998908560013262,65.51499802235148,119.36145294216726,0.793699993353387,1399.692123413086,3969692993
626,1627,1.7497718803709714,1.7497718803709714,1.7497718803709714,0.2530228506161418,0.6703529419265484,0.07599272611485214,0.8943948088905102,59.06334672429632,107.63107016492432,0.8072160363892736,1399.692123413086,3969692993
627,1628,5.752761267282033,1.7527612672820336,1.7527612672820336,-2.7242604206246135,1.2757395793753865,0.05080205826940011,0.898674979659334,63.066403086387744,138.0168235734855,0.8957151978350303,1399.692123413086,3969692993
628,1629,5.630537496053654,1.6305374960536536,1.6305374960536536,-0.18047471722973119,-0.18047471722973119,0.07317067472602337,0.8945362945825858,49.90699421912284,115.01455973993262,0.8334860199311267,1399.692123413086,3969692993
629,1630,9.433867999148122,5.433867999148123,1.4338679991481225,-2.5661320008518773,-2.5661320008518773,0.0758044723437673,0.8945937366828788,43.262746328168156,129.7765180890371,0.9490376392524437,1399.692123413086,3969692993
630,1631,1.8808723461387364,1.8808723461387364,1.8808723461387364,-0.07290589618487342,0.2555834592607267,0.06163978894140587,0.9014201300971546,59.17684118073266,125.81476486647918,0.8373837136963368,1399.692123413086,3969692993
631,1632,1.7705189450170358,1.7705189450170358,1.7705189450170358,0.6262839568613938,0.6262839568613938,0.06772969772158623,0.8903823687039252,69.82074790268132,114.75269089394052,0.8071401055817569,1399.692123413086,3969692993
632,1633,5.927291610587171,1.9272916105871711,1.9272916105871711,-4.2560993706785295,-0.9750715499944993,0.04138070923318686,0.9007677014567446,58.91951097004613,168.10802712818798,1.1020965661936972,1399.692123413086,3969692993
633,1634,1.6311686958749712,1.6311686958749712,1.6311686958749712,-1.737041290784898,1.6311686958749712,0.08221890072742531,0.8836264236710485,67.28182552627338,128.32796675629925,1.0338339460630368,1399.692123413086,3969692993
634,1635,1.8229523728444519,1.8229523728444519,1.8229523728444519,0.28701174834752297,1.8229523728444519,0.054452026975663606,0.9091018671927542,88.73796660253227,138.20658521032954,0.9124020833972328,1399.692123413086,3969692993
635,1636,2.0471362596134783,2.0471362596134783,2.0471362596134783,-0.03795159416378446,-0.03795159416378446,0.04326697701083075,0.8977159102724367,64.51006265702948,144.36629811002814,0.9443281781165622,1399.692123413086,3969692993
636,1637,1.8930409897410483,1.8930409897410483,1.8930409897410483,-0.010864207698169537,1.6494540333252845,0.05116776331390502,0.8987567577622437,77.18946197405073,133.46102820493473,0.8662394237933799,1399.692123413086,3969692993
637,1638,5.673076454996199,1.6730764549961994,1.6730764549961994,-0.20950690676277306,0.18818819716921387,0.06753055363308177,0.8940374220552156,51.03111061269394,117.54803219576522,0.815413421654701,1399.692123413086,3969692993
638,1639,1.943676101501346,1.943676101501346,1.943676101501346,-2.5698286443996796,1.4301713556003204,0.049773506015571796,0.8958911801509977,68.42856164371558,139.13729328420067,0.9052244473252538,1399.692123413086,3969692993
639,1640,7.981822157298209,3.981822157298209,1.1435621604097785,-1.540561894913139,-1.540561894913139,0.12619961850433553,0.9983357035796957,100.68059848053078,300.3665980307062,4.334202893776554,1399.692123413086,3969692993
640,1641,7.129924309814872,5.454188066001398,1.4541880660013982,-3.727829550485138,-2.5458119339986016,0.07294708567883003,0.8841833683984522,42.146658719926315,126.43713195761785,0.9399584530265966,1399.692123413086,3969692993
641,1642,7.213310161860088,3.975235981712513,1.4364261156676026,-1.2275621133652055,-1.2275621133652055,0.07521853437693177,0.8911629675869359,42.87846827450024,127.4484317316776,0.9368589116292252,1399.692123413086,3969692993
642,1643,7.159695775334533,3.1596957753345327,1.5343529725191356,-3.5086628537036217,-1.5165545589836817,0.06248417005942511,0.8844151586630735,44.7784094929364,133.46319467321203,0.9272707557670571,1399.692123413086,3969692993
643,1644,2.35773399408383,1.788800284989206,1.788800284989206,-0.3568124903041794,0.5354728995041858,0.057399005937636,0.8925123659915086,53.85953500722731,121.37884439554023,0.8044924495257497,1399.692123413086,3969692993
644,1645,2.7042403674905833,2.7042403674905833,1.5910136635190402,0.10888041904497214,0.10888041904497214,0.05145896860838923,0.8826193315748556,52.65184813893882,129.63649392267263,0.8878750649422538,1399.692123413086,3969692993
645,1646,8.236141347383075,5.863517611421035,3.90694908320737,-0.4613035366034248,-0.09305091679263011,4.67216244992323e-05,0.8509280731984618,146.8821744514701,439.0883962637974,3.6043156858753003,1399.692123413086,3969692993
646,1647,5.788184371687568,1.7881843716875683,1.7881843716875683,0.5059461347626109,0.9868206231840755,0.0451977654327664,0.9012269758001951,71.69879561146367,143.26348142565664,0.9331685906853492,1399.692123413086,3969692993
647,1648,5.8381733295518305,1.8381733295518308,1.8381733295518308,-0.08388031388955408,1.1294049946104863,0.0444516500424595,0.8910508718740305,61.7607889639078,124.85639779858356,0.8270615240485556,1399.692123413086,3969692993
648,1649,4.902148822145113,3.8968873394961565,1.510417555643151,-2.489582444356849,-2.489582444356849,0.06546773432169817,0.8915818571732287,45.23441913191929,135.54753695911373,0.9271307330238219,1399.692123413086,3969692993
649,1650,5.880573086736691,1.880573086736691,1.880573086736691,-0.6752266692913345,0.9773419966884855,0.04315476679925618,0.8802283814791807,56.61170303116959,130.2093303298763,0.9121790295444652,1399.692123413086,3969692993
650,1651,5.740750786974919,1.7407507869749193,1.7407507869749193,-0.1602079437050885,0.1501608569444679,0.059003607253798565,0.8920880158194401,53.134182119561935,123.05630882847437,0.8204390234700674,1399.692123413086,3969692993
651,1652,4.6342023142414766,1.738826283189167,1.738826283189167,-1.7598968035988578,0.4658368407047546,0.060765786099945825,0.8910792656442761,50.596652450911336,124.9671251421038,0.8408224927589986,1399.692123413086,3969692993
652,1653,5.839401776747544,1.839401776747544,1.839401776747544,-1.9395992115292897,0.7579215033103153,0.048519329696149145,0.8820541384344436,53.545736587984386,129.000107473132,0.8868343126100747,1399.692123413086,3969692993
653,1654,4.719404865481522,4.719404865481522,1.3700807886994426,-5.57597071508241,-2.323844457033224,0.08533085161881153,0.8933953843073139,41.02903169974179,123.06525423641381,0.9974951700613446,1399.692123413086,3969692993
654,1655,5.872760580856573,1.8727605808565733,1.8727605808565733,0.35475931338692424,1.5591706310317663,0.03433433946832139,0.9053591719980928,81.78328886564027,163.44911203642704,1.1025877255268162,1399.692123413086,3969692993
655,1656,1.7962443365136107,1.7962443365136107,1.7962443365136107,0.16329280617752429,1.0725594743197,0.06821118236165981,0.901237955375348,63.54470576209905,114.06457544356425,0.7913213129056754,1399.692123413086,3969692993
656,1657,4.22077300797708,4.22077300797708,1.5775216009608135,-4.7825056994324795,-2.4224783990391865,0.05733898756662099,0.8796664406864348,45.41330478539042,136.18585969729682,0.9555036944527681,1399.692123413086,3969692993
657,1658,5.831226131634702,1.831226131634702,1.831226131634702,0.1300502808750914,0.7888284366188438,0.04642916999196561,0.8917088074730353,60.38396894572689,122.07829153191769,0.8045109923753987,1399.692123413086,3969692993
658,1659,3.9097075628132014,3.9097075628132014,1.4677799751046388,-3.3252679158945053,-0.8671009614744098,0.07108445079498124,0.8874083610206063,43.12499890083958,128.49259933627204,0.926527610380596,1399.692123413086,3969692993
659,1660,5.254068082313802,1.751422916837052,1.751422916837052,0.05928038524546242,0.05928038524546242,0.05625362167984353,0.8859597375869169,54.46827885524756,122.81370515486952,0.833135153461156,1399.692123413086,3969692993
660,1661,1.7278740937067343,1.7278740937067343,1.7278740937067343,0.05123761590539244,0.5519171854586296,0.08160020821834006,0.8968143294247412,55.15409059158789,106.1040957503833,0.8438142236739121,1399.692123413086,3969692993
661,1662,5.823002114044978,1.8230021140449775,1.8230021140449775,-0.25368341938047423,1.3442075584601034,0.04322266749003094,0.8835981094997091,63.55270154342123,128.14338907012012,0.8798442246849149,1399.692123413086,3969692993
662,1663,3.02981064468952,3.02981064468952,1.4523359966802099,-2.3605010196099645,0.28705677075097946,0.07184077604550324,0.8873003977831814,43.34772931844389,120.90195343194993,0.882710856491181,1399.692123413086,3969692993
663,1664,9.532569982070235,5.644573202073579,1.644573202073579,-4.9050396802626715,-1.6629393566611714,0.05002892726471203,0.8888031270177171,49.24158930968719,147.71178237732158,0.9775645362844778,1399.692123413086,3969692993
664,1665,5.572057891222155,5.572057891222155,1.5720578912221543,-4.402788485418048,-1.0872838581552697,0.057968266742674114,0.8875469198391837,46.5594389830827,139.6344414932703,0.9395320239869812,1399.692123413086,3969692993
665,1666,1.7540775679930698,1.7540775679930698,1.7540775679930698,-0.9043253260556041,0.31986723765364755,0.08139074924882492,0.9012740277432073,51.42608763084709,117.0054664765024,0.9111857810575775,1399.692123413086,3969692993
666,1667,5.830453897764085,1.8304538977640845,1.8304538977640845,-2.491645316720958,1.508354683279042,0.04018966277328031,0.9031608083820883,73.18110364038817,155.71627505578877,1.026541423347848,1399.692123413086,3969692993
667,1668,1.8643402116027112,1.8643402116027112,1.8643402116027112,0.4910011935253351,0.4910011935253351,0.05896753320113227,0.8894874372532721,66.31414748672375,119.05262670673244,0.801752307502836,1399.692123413086,3969692993
668,1669,6.819783245683285,3.485811196186193,1.486468021156908,-4.710713252712279,-1.6600618625635148,0.06857808511418534,0.8924847076561628,44.60575925509519,133.36510923279062,0.9270788792436583,1399.692123413086,3969692993
669,1670,3.3905616082931926,1.8849489772365737,1.8849489772365737,-1.001544193817011,1.440134031221765,0.03763730292514288,0.86938405340833,63.37995608897372,136.1070045163932,1.0510052527523,1399.692123413086,3969692993
670,1671,5.505382137801885,5.505382137801885,1.5053821378018841,-4.110583162268895,-1.998268949671477,0.06611292875924152,0.8793552712310798,43.00334505436229,129.00155606537336,0.9425817622965671,1399.692123413086,3969692993
671,1672,4.045082932468232,4.045082932468232,1.3705780245803796,-1.3861759872333606,0.5293669081826781,0.0793870023690485,0.8805631312890171,41.34308745888162,120.27418919405514,0.9716040348990489,1399.692123413086,3969692993
672,1673,10.051901075984537,7.1439746805289275,3.143974680528928,1.1225765350066603,2.6828033418322983,0.00044128562753902294,0.9172521489076038,160.0,461.60253372517036,3.418998081286361,1399.692123413086,3969692993
673,1674,1.7725957162443513,1.7725957162443513,1.7725957162443513,-0.1876237786308974,0.9341860422419701,0.07441126129107903,0.8991151584337118,57.08131768336923,110.36182337811762,0.8079210688576873,1399.692123413086,3969692993
674,1675,3.5793724723216513,2.166290216253221,2.166290216253221,-0.38988442505318055,0.12720739173124906,0.02365317770401667,0.8984067411209011,68.87311131973622,175.4120339105971,1.2453311115496055,1399.692123413086,3969692993
675,1676,5.616680011783253,5.616680011783253,1.616680011783253,-0.3885188235549284,0.7021553303114004,0.04840979925857861,0.8871422230298961,51.6138746044736,153.70942156265008,1.0230208533817209,1399.692123413086,3969692993
676,1677,1.8656735024526316,1.8656735024526316,1.8656735024526316,0.28286281924660583,0.28286281924660583,0.06117110844569174,0.8927173780053798,61.735272646901144,119.54272452867482,0.8029122657252323,1399.692123413086,3969692993
677,1678,1.7071418551951363,1.7071418551951363,1.7071418551951363,-2.3727280942182896,-0.9466248739698118,0.08981343771182218,0.9101529630354646,50.92342172787257,138.03212478536406,1.155678268416855,1399.692123413086,3969692993
678,1679,7.8736174937368055,5.3456332404739495,1.345633240473949,-0.7691653133791743,0.8280541056647921,0.0742011469517073,0.9015722833978569,48.869626820471055,145.23534843732753,1.032839145073441,1399.692123413086,3969692993
679,1680,1.7688116151017959,1.7688116151017959,1.7688116151017959,-0.5690707691634846,-0.18443546123076549,0.07899705070772764,0.9066470450693843,53.41364790158581,124.51740859489826,0.9441956948706246,1399.692123413086,3969692993
680,1681,6.700896538526964,3.9820995071075886,1.43359160777249,-2.9054101551510527,-1.8075239568732924,0.07584419856670012,0.8816781607179022,41.09851533308933,123.1306208373308,0.9534814363616002,1399.692123413086,3969692993
681,1682,6.46288576605553,2.5281321719725613,1.2349215672202134,-2.319494238489149,1.2349215672202134,0.06406906570071363,0.8760768138675533,53.144338668705274,131.90216978162317,0.9744129066603044,1399.692123413086,3969692993
682,1683,2.501379721983104,2.501379721983104,1.5344166277484108,-3.279531941946048,-0.4271556059659749,0.06576625891608331,0.8938388022032357,46.133649321169564,129.45714282514314,0.88398607047028,1399.692123413086,3969692993
683,1684,5.533094354127497,5.533094354127497,1.5330943541274968,-5.415496477129585,-2.466905645872503,0.06262630379007891,0.8895303902675984,45.611246313817624,136.8303907952547,0.9291204885298265,1399.692123413086,3969692993
684,1685,3.391885156685253,3.391885156685253,1.4682573651925508,-3.0254731209331225,0.43897765054279136,0.06827481696739533,0.8927291596247345,45.419582969998025,128.68683286283147,0.8944498822374535,1399.692123413086,3969692993
685,1686,5.862418963509421,1.8624189635094206,1.8624189635094206,0.11694695644069775,1.045853925706641,0.04232924715716199,0.8935978102643061,63.60263647469423,128.35551423581873,0.8480588512661991,1399.692123413086,3969692993
686,1687,5.775235053001358,1.7752350530013579,1.7752350530013579,1.1045202578197761,1.7752350530013579,0.027186459310291393,0.8852371588576986,105.69519376169055,209.3219015317257,1.471740745029557,1399.692123413086,3969692993
687,1688,9.51545103478323,5.744404812044889,1.7444048120448898,-3.3531580681353614,0.6468419318646386,0.038930417384689484,0.8843976550112682,53.29192119293546,159.29688534719136,1.0898076454899621,1399.692123413086,3969692993
688,1689,1.7955030052304046,1.7955030052304046,1.7955030052304046,-0.20629968688744427,0.7981585234907906,0.07226989754965162,0.8976510008916672,56.02393345046358,111.75516132920141,0.8022808656241579,1399.692123413086,3969692993
689,1690,1.7746850526299285,1.7746850526299285,1.7746850526299285,-2.7100420511215413,0.23737291291846696,0.07845807276030742,0.9004966437157351,51.66163143590107,123.7336766081476,0.9275651200446021,1399.692123413086,3969692993
690,1691,3.9242389842278023,3.9242389842278023,1.685310771107903,-5.6079295926508985,-2.314689228892097,0.045972236185415676,0.8942771186805593,51.70428764753212,154.9845229696408,1.0129679282249382,1399.692123413086,3969692993
691,1692,5.736500757944284,1.736500757944284,1.736500757944284,-0.2109134866814344,1.0897779020304272,0.054557939403728835,0.8924407527866658,58.428371742102904,118.10208217776224,0.7781649552119275,1399.692123413086,3969692993
692,1693,7.442850885782482,5.6776123416367685,1.677612341636769,-2.322387658363231,-2.322387658363231,0.04671084187887768,0.8991220011409191,52.3640995793836,157.07577314108204,1.0207714863103843,1399.692123413086,3969692993
693,1694,3.9943606355480745,1.8369736159659777,1.8369736159659777,0.12350481665561919,0.5775089793364068,0.04658815704622104,0.8901463279857663,59.30172836146458,131.37016536971913,0.8689885680452081,1399.692123413086,3969692993
694,1695,7.418433326387291,3.6429363070658027,3.6429363070658027,-3.218072531620491,0.7819274683795094,0.00024016112890647829,0.8695326201033768,134.57152607157826,383.17102749485434,3.0104852047438566,1399.692123413086,3969692993
695,1696,3.9060094865256776,3.9060094865256776,1.4862076720420827,-3.6949260068170418,-0.335003490368875,0.06853918726201685,0.8874235971938516,43.75307514067761,129.51044049933824,0.9175251053624702,1399.692123413086,3969692993
696,1697,2.3911805965692468,1.8349415076498499,1.8349415076498499,-0.46401980972422896,1.8349415076498499,0.03696856453616364,0.8769690538609476,79.95416734504391,147.6381346608275,1.0657028546691059,1399.692123413086,3969692993
697,1698,1.780016675730358,1.780016675730358,1.780016675730358,0.6222968352266902,0.6222968352266902,0.06666772098975082,0.8913002511594748,70.08637899969813,115.80182149752918,0.805723345498712,1399.692123413086,3969692993
698,1699,1.7474098682512456,1.7474098682512456,1.7474098682512456,0.4526338365497167,0.4526338365497167,0.07400272077946532,0.8901705914050125,62.62877588696764,109.46430969191911,0.8138225615822839,1399.692123413086,3969692993
699,1700,4.115460496285156,4.115460496285156,1.4894421681208094,-1.2122703195879108,-0.6564813316347127,0.06798752281811477,0.8895571413556818,44.31136506928157,131.51395476496154,0.9198454869313977,1399.692123413086,3969692993
700,1701,5.81646526587002,2.353269781296659,2.353269781296659,-2.937098475075477,-0.7758000353331105,0.014934169932668197,0.8955651353665312,75.43769355406995,217.40834015703996,1.6029512228905396,1399.692123413086,3969692993
701,1702,3.6710270844824837,3.6710270844824837,1.4015190273671627,-0.636103484824381,-0.0973199385641863,0.07850866959733535,0.890024909915805,42.612854889923206,122.91188140335296,0.9379784667492741,1399.692123413086,3969692993
702,1703,4.081514788905068,1.9228529406985257,1.9228529406985257,-1.3587465665210268,0.6544607382714966,0.041102296165354844,0.8786990023148391,55.23713759694765,135.9651950686153,0.9641824221819595,1399.692123413086,3969692993
703,1704,6.513859755425665,3.3441753918142973,1.6032657316273864,-1.3136156771280836,0.7378590492943398,0.05027606059750778,0.8799876619220982,49.04741211061672,137.53623093286703,0.9539752358223882,1399.692123413086,3969692993
704,1705,3.695459091258428,3.695459091258428,1.6747548897028286,-3.4763657649191044,-2.325245110297171,0.04701655120921997,0.8746714367260565,47.847590398339165,143.36238864132926,1.03028764034332,1399.692123413086,3969692993
705,1706,3.8552226195516544,1.7859970044922888,1.7859970044922888,0.08506675245642348,1.194856974582472,0.047307247279185366,0.8973941123453876,64.932131414082,135.58861172777438,0.8817575519046595,1399.692123413086,3969692993
706,1707,5.514873002673925,5.514873002673925,1.5148730026739252,-2.703481320026453,0.05967989658586781,0.06441395561430266,0.8821310620816359,43.98395035685238,131.65619446883233,0.9353286698603419,1399.692123413086,3969692993
707,1708,3.810159262604259,3.810159262604259,1.8800426610215744,-5.589315338337562,-1.5893153383375611,0.030071185485993773,0.8905132315154365,58.029903655611996,173.57054132199414,1.2010849588583257,1399.692123413086,3969692993
708,1709,2.8845793396805917,2.8845793396805917,1.5893821780339812,-5.336370294451811,-1.3363702944518112,0.056818022129939166,0.9021868599073879,49.82890370003417,147.04289712135412,0.9618024059360506,1399.692123413086,3969692993
709,1710,1.7740685393092297,1.7740685393092297,1.7740685393092297,0.23681342313666698,0.23681342313666698,0.0735202227329925,0.8945110457634943,58.62884624754036,112.04221252098925,0.8167622057429115,1399.692123413086,3969692993
710,1711,2.6899404868545003,2.065801817878038,2.065801817878038,-1.9341981821219618,2.065801817878038,0.021113405140668885,0.8873464283716498,96.0925889791733,190.18443973669415,1.3870770294487007,1399.692123413086,3969692993
711,1712,6.889954695029527,3.739420705432827,1.351115068392886,-5.195537564054574,-1.1955375640545731,0.08832834923481618,0.8955309049655152,40.804124960260836,121.8547679646155,1.0200322562653317,1399.692123413086,3969692993
712,1713,3.3434328673360287,2.807640569454228,1.6226023665303997,-4.326006694133035,-0.9581374281065214,0.05261660683676996,0.8922954065309426,49.102584514882686,144.13560393241286,0.9452450872253417,1399.692123413086,3969692993
713,1714,1.7637464308658906,1.7637464308658906,1.7637464308658906,0.033409417920714946,0.4249776462800774,0.07672416108340832,0.896106554410965,55.50507549167301,109.86717003790346,0.8251595926500765,1399.692123413086,3969692993
714,1715,3.1723755384003,3.1723755384003,1.4914637466934655,-2.2666750050374898,-0.124647790059772,0.06790358027174477,0.8878754613043218,44.04992409483851,126.67875535227338,0.8938642088637321,1399.692123413086,3969692993
715,1716,1.852656588363721,1.852656588363721,1.852656588363721,-2.3739092604554246,1.032148006347352,0.06402325743909623,0.8929965082669923,57.3050312782282,122.09624123252,0.8299396596955664,1399.692123413086,3969692993
716,1717,3.2590940112704105,3.2590940112704105,1.6174934779633399,-0.7207128814330599,-0.7207128814330599,0.05243643130794605,0.8917451780388757,49.41771145779027,141.280753580433,0.9279383390137882,1399.692123413086,3969692993
717,1718,5.5259353940633815,5.5259353940633815,1.5259353940633815,-3.0070888466295447,-2.4740646059366185,0.06351295409246842,0.8930189689943598,45.994230974336894,137.9774261334847,0.9307498920512244,1399.692123413086,3969692993
718,1719,1.778321369039917,1.778321369039917,1.778321369039917,-0.25616237281120546,0.8845775500398729,0.0742507921327399,0.8978576024044095,56.01402233838675,110.42204818983294,0.8076948804055426,1399.692123413086,3969692993
719,1720,1.6568028481064623,1.6568028481064623,1.6568028481064623,-2.6363975874098697,-0.23488549522480873,0.09877149659069115,0.9139409990818463,49.908060116187414,125.05343094951529,1.207876646337107,1399.692123413086,3969692993
720,1721,3.56937878823521,3.56937878823521,1.422325749493061,-4.4102550579669595,-1.103577455253194,0.07749488167041366,0.8953317214641123,43.03542745041761,128.03976890003466,0.9505133855218731,1399.692123413086,3969692993
721,1722,9.265081525608139,5.488994886975402,1.4889948869754024,-3.8369130651406547,0.1630869348593451,0.0673641883116632,0.8909957435592971,44.82631189567264,134.1296759591015,0.9291048383494774,1399.692123413086,3969692993
722,1723,7.8184542036409335,4.08575482472994,1.6207367932426795,-4.907535176907917,-0.9075351769079174,0.05253620520644517,0.8926976986238014,49.14366821550377,146.81207854783926,0.9616134787894397,1399.692123413086,3969692993
723,1724,6.087470818118704,2.087470818118704,2.087470818118704,-0.272233927683033,1.2603428166100188,0.026331076120647917,0.8835364071627174,67.54042349084553,137.22062262774205,1.018319584346102,1399.692123413086,3969692993
724,1725,1.7949371822746134,1.7949371822746134,1.7949371822746134,-0.17257605068759418,0.7832419076601509,0.07230323684231624,0.8978940747017089,56.18396800016868,111.7390746527108,0.802238654843023,1399.692123413086,3969692993
725,1726,5.859897598061064,1.8598975980610641,1.8598975980610641,-2.8753323218382505,1.1246676781617495,0.04373373567455503,0.8908972332049905,60.05152176729184,137.3252610170756,0.9096847776471733,1399.692123413086,3969692993
726,1727,1.7021502992151332,1.7021502992151332,1.7021502992151332,-3.845744033488251,-1.9665538270613823,0.09067580510093995,0.8917608871217187,46.98139041627369,134.32843342193058,1.1369253062015732,1399.692123413086,3969692993
727,1728,2.8464767639123494,2.0109604519742446,2.0109604519742446,-3.2381920320262987,0.7618079679737018,0.03444158281775014,0.8771502083301113,58.36709110347311,142.20378070200894,1.0403044696034331,1399.692123413086,3969692993
728,1729,4.375146714435675,3.9198357736977067,1.5373855594692636,-5.927246701753835,-1.9272467017538342,0.0620997407462429,0.9086655950369769,49.43649332925795,148.12747002208707,0.9950788612951019,1399.692123413086,3969692993
729,1730,1.6075025214479235,1.6075025214479235,1.6075025214479235,-0.34345969198549464,-0.34345969198549464,0.10606379114351516,0.9067430659520083,48.79854685565569,106.37452553179048,1.1815978932163351,1399.692123413086,3969692993
730,1731,4.920428369220772,2.9117232648880087,1.4604906960354163,-2.239180063273851,-1.0908444434233424,0.07212479573349181,0.8827382369510468,42.11125742466807,124.30759534844451,0.9277993180498344,1399.692123413086,3969692993
731,1732,9.516591248493754,5.516591248493754,1.516591248493754,-0.7532149183823571,-0.7532149183823571,0.06385985003872685,0.8946637664729306,46.60389694489325,139.36280109865783,0.9380778774936438,1399.692123413086,3969692993
732,1733,5.885339272149244,1.8853392721492437,1.8853392721492437,0.08705074532084,0.08705074532084,0.042805106245593846,0.8985311691893504,61.79547305901352,141.1945414430799,0.924272288147496,1399.692123413086,3969692993
733,1734,3.2070940053408563,1.8249513151143435,1.8249513151143435,-0.167955371650367,0.5579644394944467,0.04950487201374716,0.8900846057487465,55.92328361200391,127.24936458003496,0.8406875103023103,1399.692123413086,3969692993
734,1735,5.897064724538245,4.207047127656069,1.036328340700829,-6.963671659299171,-2.963671659299171,0.15002438926886583,0.8990198609528604,32.085128068110535,96.24426282317307,2.1667502556607245,1399.692123413086,3969692993
735,1736,3.360735480328847,3.360735480328847,1.4383430076366295,-3.640540451584979,0.3594595484150207,0.07281994852081175,0.8938932374411654,44.38727266894264,126.05986484139454,0.9037998337903144,1399.692123413086,3969692993
736,1737,1.7493391478876426,1.7493391478876426,1.7493391478876426,-0.6404429537316325,0.9810071411055303,0.07818691958440192,0.8961582225831267,54.78397255793218,109.69045741296483,0.8363331333680467,1399.692123413086,3969692993
737,1738,5.765504539639176,1.7655045396391762,1.7655045396391762,0.34635345118692396,0.8215540025424374,0.05022988056447943,0.8927609290332205,63.20484885020601,126.86015796044568,0.8310558676033813,1399.692123413086,3969692993
738,1739,3.6273374311526387,1.6996696252715024,1.6996696252715024,0.2198580387008333,1.6996696252715024,0.04265251044120841,0.896817056981609,81.99779883868766,156.7393905075147,1.02668634026042,1399.692123413086,3969692993
739,1740,5.783330882956913,1.7833308829569134,1.7833308829569134,-2.677128358849645,0.6964302716511539,0.05465639367272451,0.8910871597976653,53.1019977083867,128.13382300162675,0.8468198894373149,1399.692123413086,3969692993
740,1741,3.722949234289681,3.722949234289681,1.4374574185104414,-1.8349505459925075,-0.48422008531791993,0.0752454632147465,0.8848031317315688,41.747992870543065,123.36821748264292,0.9341611158334006,1399.692123413086,3969692993
741,1742,9.528957108036945,5.528957108036944,1.5289571080369442,-3.503273874512911,-0.9577848174635537,0.06313643921959937,0.883474241163987,44.439885395856,133.2664416377182,0.9332278230140455,1399.692123413086,3969692993
742,1743,5.858246324516713,1.8582463245167138,1.8582463245167138,-1.8722622080223714,0.9683740241745077,0.04535561175170478,0.8807025147573804,55.68742377800383,130.39673257015792,0.9066413411072258,1399.692123413086,3969692993
743,1744,3.8302328277745534,3.4423745640507564,1.5085419800836897,-2.854619035249412,0.12153337817214571,0.06505534029005391,0.8871248676811871,44.70636590961576,129.49659515132703,0.9005659535831171,1399.692123413086,3969692993
744,1745,1.871888277485765,1.8717482294901293,1.8717482294901293,0.6201227722789051,0.6201227722789051,0.05629680009134405,0.8958112945887381,73.06173387722052,125.06240277951956,0.8201237871367053,1399.692123413086,3969692993
745,1746,3.0360095956999418,1.8185186852641086,1.8185186852641086,-0.1013762131128495,1.032812286409245,0.047425615387265654,0.8913873746360259,59.80451830840905,128.19150116244776,0.844062371701169,1399.692123413086,3969692993
746,1747,2.462346237119416,1.7661123797077913,1.7661123797077913,-0.17932385129401562,0.7035393229570617,0.057351304703884706,0.8924631052216758,54.942944641416474,119.3162939345637,0.791117860703307,1399.692123413086,3969692993
747,1748,6.969576920490279,5.5299064959655615,1.5299064959655615,-4.67701428931944,-0.6770142893194397,0.06301234060858739,0.8786640391921827,43.68639650786076,130.9747493974145,0.9459349444812541,1399.692123413086,3969692993
748,1749,5.758347364722201,1.7583473647222019,1.7583473647222019,-1.0224583675215406,0.8313529269995693,0.05635741013834512,0.8870865786710902,52.693816692166465,122.05232451738266,0.8237157721495547,1399.692123413086,3969692993
749,1750,5.751309337983528,1.7513093379835287,1.7513093379835287,0.0975469539593421,0.3831842676265851,0.0556769647439426,0.8909223829648459,56.28640029970268,113.94477706267817,0.7568550455872552,1399.692123413086,3969692993
750,2001,7.026587968819546,3.0265879688195456,3.0265879688195456,0.8116860794387684,2.3802792603739293,0.0016800110677351783,0.9210489325990605,140.07492371289402,299.43916965155955,2.370735505969676,1467.1053738594055,3492088811
751,2002,6.390967952710617,2.390967952710617,1.4809943223683169,-5.099383027163808,-1.0993830271638072,0.07028000704227487,0.8950479538260345,44.74725182253645,130.61499714143977,0.9145065935635212,1467.1053738594055,3492088811
752,2003,7.538621959868643,3.5386219598686433,1.3988734032613717,-1.5889921594145242,0.18444039917969723,0.0793832020900326,0.8917926219588692,42.28297682043731,122.79618296197212,0.9400776558779402,1467.1053738594055,3492088811
753,2004,7.712113705891647,7.712113705891647,3.712113705891647,-4.287886294108353,-0.2878862941083531,0.00010276780417151252,0.9267285851671817,160.0,479.9895330404081,3.607714835979461,1467.1053738594055,3492088811
754,2005,7.912541246040259,7.912541246040259,3.912541246040259,0.17452097140541367,2.1526030057356245,4.4630620417715423e-05,0.8916637444597284,160.0,479.2653079640415,3.504496919353807,1467.1053738594055,3492088811
755,2006,6.785148874492156,2.7851488744921564,0.9308046223541652,-0.8557776338584234,0.9308046223541652,0.11280595178667809,0.8632735062184984,39.173941437972296,94.6436476982819,1.4299512812061868,1467.1053738594055,3492088811
756,2007,6.032385689550213,2.032385689550213,2.032385689550213,-1.967614310449787,-1.967614310449787,0.0326833105424242,0.9246042229361382,69.19821416604098,202.16148440712678,1.4510072558097802,1467.1053738594055,3492088811
757,2008,11.879803266470315,7.879803266470315,3.8798032664703155,-0.12019673352968452,-0.12019673352968452,5.220429536401265e-05,0.9002510264346997,160.0,475.87798790375666,3.471703392303562,1467.1053738594055,3492088811
758,2009,3.8888472677974586,3.8888472677974586,3.8888472677974586,-4.111152732202541,-0.1111527322025414,0.00013629499619987928,0.9039895905206847,160.0,471.49949047845035,3.4444491652233906,1467.1053738594055,3492088811
759,2010,3.238322762634534,3.238322762634534,1.3534022777050492,-2.646597722294951,1.3534022777050492,0.05004498851579308,0.9978616410822574,160.0,414.9377037499922,4.168064276526177,1467.1053738594055,3492088811
760,2011,7.645960028238898,3.6459600282388975,3.6459600282388975,0.6559247302224955,1.5281688766326305,0.00023331500319298895,0.9339230807981096,160.0,409.6088120461226,3.2163983363838566,1467.1053738594055,3492088811
761,2012,6.293377601517813,2.2933776015178133,2.2933776015178133,-1.1343281787832225,1.087453140837103,0.016938769624189554,0.8655437675345145,68.13656855715732,165.91761158404984,1.4278469077328342,1467.1053738594055,3492088811
762,2013,4.5942260943140765,4.5942260943140765,1.9298135676679657,-4.810025115093783,-0.810025115093782,0.026815133577597388,0.8948797434428352,60.78777970794512,181.8880360027127,1.2668499927889427,1467.1053738594055,3492088811
763,2014,6.582181919138215,2.582181919138214,1.3575163255544334,-0.7274502382418933,-0.7274502382418933,0.08601158397921507,0.9101148664332281,44.618506637390645,124.48809843895467,1.0232587009793164,1467.1053738594055,3492088811
764,2015,7.195444371315966,3.1954443713159657,3.1954443713159657,0.7783537954007604,1.0395918719063832,0.0011509337067445466,0.9302405720188877,135.76871372820446,328.0762430092568,2.6371065811302166,1467.1053738594055,3492088811
765,2016,9.385815005322183,5.385815005322183,3.0646391626666523,0.8267256989399949,2.5359032472573055,0.0006521013317055787,0.8915613410086873,136.72708586284054,336.12360374481983,2.566871223638098,1467.1053738594055,3492088811
766,2017,10.802510749383458,6.802510749383458,2.8025107493834582,-0.158334324208536,0.5041806229388404,0.002510525794552042,0.8856578877787317,96.83768319541336,289.06002983640616,2.254548834435241,1467.1053738594055,3492088811
767,2018,2.128454664168106,2.128454664168106,1.0652894002202447,-2.9347105997797556,1.0652894002202447,0.0957090942616364,0.8856915509743146,47.74278805981505,107.19829525642584,1.0490454031844656,1467.1053738594055,3492088811
768,2019,8.640457199999375,4.640457199999375,1.8479375244799399,-1.7287115774212354,0.6724871427107169,0.031241218767013502,0.8766379447620796,55.32964825463631,163.35913918240107,1.1981228707549896,1467.1053738594055,3492088811
769,2020,3.7852711460026787,3.7852711460026787,3.7852711460026787,-1.2818281434269445,2.718171856573056,0.0001928137432838951,0.8949244323481739,160.0,373.94790996740664,2.8122598380990316,1467.1053738594055,3492088811
770,2021,3.4293212184122894,3.4293212184122894,1.249510050154993,-1.6827542458325668,1.249510050154993,0.06202977899686978,0.9060754970501889,60.80223282689797,162.88755415501242,1.0846849844429143,1467.1053738594055,3492088811
771,2022,2.3314020591135702,2.3314020591135702,2.3314020591135702,-5.66859794088643,-1.6685979408864298,0.022513691110577314,0.9161498522962853,78.71421744941333,230.53306464608804,1.652182722067639,1467.1053738594055,3492088811
772,2023,5.885091533242395,1.8850915332423948,1.8850915332423948,-1.113987810268338,-0.24860088490885746,0.045299150758087055,0.8973467788537528,56.65118065482448,150.72029002439973,0.9822471037930359,1467.1053738594055,3492088811
773,2024,2.8946842093642884,2.8946842093642884,1.3823436697790006,-4.337471830301611,-0.33747183030161176,0.08387231423661459,0.8999432994171027,42.59127807376768,121.9203154381445,0.9677849429064044,1467.1053738594055,3492088811
774,2025,5.571430344114303,5.571430344114303,1.5714303441143025,1.5714303441143025,1.5714303441143025,0.014075756555499273,0.9199254431123789,160.0,439.8564982826465,3.1135839066851023,1467.1053738594055,3492088811
775,2026,3.588318500104665,3.588318500104665,3.588318500104665,-0.4116814998953351,-0.4116814998953351,0.00043998162058598884,0.9463002083678509,160.0,456.44679119879,3.670142292214519,1467.1053738594055,3492088811
776,2027,10.388402439575815,6.388402439575815,2.388402439575815,-1.611597560424185,-1.611597560424185,0.008460354287729756,0.9188292909776936,85.99043314266552,257.9280696290547,1.9938793930327172,1467.1053738594055,3492088811
777,2028,3.363279124268715,3.363279124268715,1.1649703220697367,-0.3757047757932439,1.1649703220697367,0.07226588527593321,0.987971271985462,108.59875181437344,287.6832338959348,3.135639277284624,1467.1053738594055,3492088811
778,2029,7.275580729990082,3.2755807299900823,1.2688143370740341,0.1765150292229729,0.1765150292229729,0.08442146492064245,0.9874707918183931,108.29306152006897,289.43020596289784,3.239656406254176,1467.1053738594055,3492088811
779,2030,6.207943237676838,2.207943237676839,2.207943237676839,-3.4506772620121526,-1.7920567623231611,0.021545653600107847,0.9014417443728917,70.54440544613331,208.40376057545632,1.4770882260262566,1467.1053738594055,3492088811
780,2031,6.807108934758264,2.807108934758264,2.807108934758264,-0.6476410350371418,1.510353032078279,0.004065347845199232,0.8482021932756733,87.65271752415283,216.3441205673634,2.1423098926094815,1467.1053738594055,3492088811
781,2032,6.548145631785058,2.5481456317850584,1.3194163022389973,-4.951921414044746,-1.907189352283559,0.09377259955342042,0.8983669949797007,40.277351658054926,119.78559115423816,1.072842671911225,1467.1053738594055,3492088811
782,2033,6.617386053789729,6.617386053789729,2.617386053789729,-3.89000631017499,0.10999368982500934,0.004429947710953567,0.8968498103162147,90.38446879521382,271.04737086054087,2.0799843676897014,1467.1053738594055,3492088811
783,2034,5.693246060458902,1.6932460604589017,1.6932460604589017,-2.3067539395410983,-2.3067539395410983,0.06750954800336108,0.9997826439564546,160.0,468.146330958182,4.6190263867683905,1467.1053738594055,3492088811
784,2035,9.773550174186981,5.7735501741869815,1.7735501741869815,-6.2264498258130185,-2.2264498258130185,0.03806879272387368,0.9511684190970457,70.58596865065891,211.7532126857696,1.7992279081026672,1467.1053738594055,3492088811
785,2036,10.074584745737754,6.074584745737754,2.0745847457377544,-0.9143817778703474,1.5000791344912887,0.014803239477934053,0.8809041389193206,73.3940289841621,218.28178504938742,1.6632145575692758,1467.1053738594055,3492088811
786,2037,5.654962781307657,1.6549627813076568,1.6549627813076568,-3.2516105759970495,0.7483894240029498,0.069386735431378,0.9360385273353616,60.732612820425075,142.69900632799784,1.1838613129916962,1467.1053738594055,3492088811
787,2038,11.86611266723603,7.866112667236029,3.8661126672360298,0.7996967042548073,1.182373829730206,5.368241848521153e-05,0.8966184764078351,160.0,475.6443884534345,3.471918157547919,1467.1053738594055,3492088811
788,2039,5.599803252102736,1.5998032521027359,1.5998032521027359,-3.570729248737865,-2.4001967478972643,0.08096402685409239,0.9298661040708437,53.44468467498057,156.9482418215371,1.30345017839828,1467.1053738594055,3492088811
789,2040,5.586020732162733,1.5860207321627329,1.428031459730902,1.428031459730902,1.428031459730902,0.030047662669345405,0.9392826212923768,160.0,313.980239840191,2.3360962892530526,1467.1053738594055,3492088811
790,2041,10.27244658290121,6.2724465829012095,2.2724465829012095,-0.5209049703841209,-0.5209049703841209,0.011444249853025114,0.885376390087422,72.81799816516478,218.05049890453947,1.6766561450450204,1467.1053738594055,3492088811
791,2042,8.39799291427753,4.39799291427753,4.39799291427753,-1.9955310557772217,2.0044689442227788,1.0130651467273075e-05,0.783985122169341,160.0,442.96347282648367,5.333582603567573,1467.1053738594055,3492088811
792,2043,7.14745968068389,3.1474596806838906,1.2531215073924564,-1.0417594331896518,-0.33541626910804134,0.10401165049855784,0.8996288864358971,38.91910872027892,112.4572589438211,1.179249327034894,1467.1053738594055,3492088811
793,2044,7.395221811900205,3.395221811900206,1.2288138882059791,1.2288138882059791,1.2288138882059791,0.03425509180260807,0.9411163381800324,141.06873967244348,283.49737444604676,2.1379210808701967,1467.1053738594055,3492088811
794,2045,9.507030927646195,5.507030927646196,1.5070309276461955,-1.4064968070116095,0.7825635704832846,0.05884934657607418,0.8814751379271473,47.35256135544633,141.16914554982586,0.9807662516158708,1467.1053738594055,3492088811
795,2046,5.522426943410679,2.3269725753878974,2.3269725753878974,-1.6730274246121026,2.3269725753878974,0.00998335748766704,0.9705630138990994,160.0,319.9479874932009,3.089947373909288,1467.1053738594055,3492088811
796,2047,4.962342669015499,2.3906681178245606,2.3906681178245606,0.9232729404613658,2.3906681178245606,0.007680548863787083,0.954896038746778,160.0,313.0416109708642,2.7713813515100565,1467.1053738594055,3492088811
797,2048,6.766418661613334,2.7664186616133337,1.3063614562545578,-1.9537325537080827,0.7771176565833783,0.08102896433715362,0.889061372570856,44.356242066143125,118.84595349270455,0.93783864828392,1467.1053738594055,3492088811
798,2049,7.04578982257401,3.2340305076781126,3.2340305076781126,0.8770400529252349,1.720278535788065,0.0009889122643177003,0.9426248881839867,146.97093575004052,342.8933450913272,2.874775049724949,1467.1053738594055,3492088811
799,2050,2.45029683446469,1.4767812648803917,0.7652288060090346,-3.2347711939909654,0.7652288060090346,0.15810870876888983,0.7403706236518961,20.0,44.67424355512241,6.019389905980043,1467.1053738594055,3492088811
800,2051,7.250132063789411,3.250132063789411,1.4420491059917284,-3.47324488807877,-0.680694330718228,0.0746350570952011,0.886857063647772,42.20886710596209,124.52796593884105,0.9280184941182568,1467.1053738594055,3492088811
801,2052,5.3809246137013185,1.8591766594285053,1.8591766594285053,-5.585373709798855,-1.585373709798855,0.047959593847564624,0.9006837894325433,56.26386763374581,164.00267428177708,1.0646351471247721,1467.1053738594055,3492088811
802,2053,2.696450428737199,1.5208418012817662,1.5208418012817662,-2.479158198718234,1.5208418012817662,0.06486954310325219,0.9168532660990676,75.84022265115256,150.94525804762478,1.057081306474713,1467.1053738594055,3492088811
803,2054,5.756853296471043,1.756853296471043,1.756853296471043,-1.4454788725924541,-1.4454788725924541,0.05936424423837932,0.9242082136945309,57.9476549052803,162.80845908520502,1.1600286370907125,1467.1053738594055,3492088811
804,2055,3.570912212331089,2.630244786216883,2.630244786216883,-4.205940544520017,-0.2059405445200171,0.007106705750223568,0.9021136421584517,89.82583787791661,255.09764089857768,1.9391721329568783,1467.1053738594055,3492088811
805,2056,7.544598127399918,7.544598127399918,3.544598127399918,0.5649610169637382,1.4802631211168542,0.00019127862631784193,0.8958657321791798,140.23120784421533,417.30446317153616,3.0922105250799934,1467.1053738594055,3492088811
806,2057,7.843797948548743,5.335914298601128,3.7599498011756483,0.16050180985142593,2.756074005219495,6.779177376006325e-05,0.8646724288779883,152.08714528683788,425.68825203230904,3.3382458793118372,1467.1053738594055,3492088811
807,2058,9.107562962252441,6.802802281171938,2.802802281171938,0.8274332738585584,2.802802281171938,0.0008057322320799619,0.9153629241034079,160.0,449.1421109636652,3.3231184798421056,1467.1053738594055,3492088811
808,2059,3.8618799913264112,2.375598865117482,2.375598865117482,-3.141608993982451,0.8583910060175493,0.013982837053622072,0.9974574451442673,160.0,407.7646140750465,4.309328873595888,1467.1053738594055,3492088811
809,2060,3.301938622760507,2.787254131324401,2.787254131324401,-1.212745868675599,-1.212745868675599,0.004733053690371167,0.9036736360352204,97.80261633074164,283.080520508791,2.15435242674251,1467.1053738594055,3492088811
810,2061,9.973358016621106,6.479955085594782,2.4799550855947823,0.18313928200928276,2.0483840521192613,0.0041898987401337035,0.9024749188299307,106.50296253843791,313.7567853525734,2.3598455463601806,1467.1053738594055,3492088811
811,2062,6.156948040408194,4.017028772075296,2.2479206590802696,-3.5207192399940976,0.4792807600059026,0.012244606230243085,0.8771873192938149,69.84554351432244,204.15762963587673,1.6243725139213876,1467.1053738594055,3492088811
812,2063,6.935359796314386,2.935359796314386,1.6145684584530935,-1.1484815064068696,-0.22841356241663013,0.053075332943246574,0.8915851289800367,48.862556028535025,139.891674031851,0.9198811735433642,1467.1053738594055,3492088811
813,2064,9.594614737423909,5.594614737423909,1.5946147374239081,-2.960346109910636,-0.1289566091895218,0.05527538726882491,0.890934054023676,47.98766919281307,143.75926944554328,0.949557571280314,1467.1053738594055,3492088811
814,2065,4.822642930895082,3.5622502036793726,1.391857544437499,0.33374024461007723,0.33374024461007723,0.06510240288999812,0.9958702463534758,160.0,422.7571142944581,4.194478686799313,1467.1053738594055,3492088811
815,2066,8.287943313418157,5.529982399767885,1.529982399767885,-5.497964618410972,-1.4979646184109718,0.06301052846093222,0.9214133701918792,52.02586370124816,156.05423031073403,1.1091338776856607,1467.1053738594055,3492088811
816,2067,11.783849706069248,7.7838497060692475,3.7838497060692475,-2.0040484437092587,-0.21615029393075247,7.721054066276444e-05,0.8723186867090362,145.31358599231427,435.9308869778327,3.3302807568557102,1467.1053738594055,3492088811
817,2068,4.155452119814785,4.125344397559286,1.6997816014947233,-2.300218398505277,-2.300218398505277,0.04458784770899662,0.9530854747148512,68.39992813687333,204.9091690745424,1.7682089738548337,1467.1053738594055,3492088811
818,2069,2.3208064170301257,2.3208064170301257,2.3208064170301257,-0.24415870617507895,-0.24415870617507895,0.022945542455534866,0.9021812199485587,75.49779853086582,186.47140945970793,1.323242889668562,1467.1053738594055,3492088811
819,2070,6.169824751758435,2.1698247517584353,1.3556361436806397,-2.4946649584177454,-1.6172895862830872,0.0895683532814675,0.9135307869256766,44.12597878317477,129.5896398677813,1.1102428754438631,1467.1053738594055,3492088811
820,2071,7.494753191096503,6.892362780613505,2.8923627806135044,-5.107637219386495,-1.1076372193864956,0.001911780815192608,0.8996651611401145,104.43443787318331,313.29638012046706,2.3889061704538705,1467.1053738594055,3492088811
821,2072,7.403104832543056,3.4031048325430553,3.4031048325430553,-0.5968951674569447,-0.5968951674569447,0.0005840691644935488,0.8883935155522973,126.18999225036539,363.40620167758505,2.754683568452915,1467.1053738594055,3492088811
822,2073,7.27924256471148,3.464316413406049,1.1577815290425157,-1.050614308484121,0.47434771520496155,0.11162901316015214,0.9023650920902675,39.81818405152083,113.72187988379504,1.3240807401468402,1467.1053738594055,3492088811
823,2074,7.225375745783282,5.727475401180664,1.7274754011806637,-6.272524598819336,-2.272524598819336,0.04204115953807662,0.9996002973334548,160.0,479.98956968555376,4.65275626050226,1467.1053738594055,3492088811
824,2075,5.944615757170209,5.944615757170209,1.944615757170209,-0.9111915984713428,0.2947883533563742,0.025704824776731517,0.8845137763026207,59.546188449544275,178.25837313225102,1.2843571585032116,1467.1053738594055,3492088811
825,2076,2.795611449694698,2.795611449694698,1.564037807337686,-2.2083949416980166,1.2119689667602533,0.044425436980526416,0.9156178603936378,64.9742078643834,161.0367611954017,1.0870707944208484,1467.1053738594055,3492088811
826,2077,1.9982451751243202,1.9982451751243202,1.9982451751243202,-2.4079055734186543,1.5920944265813455,0.04293022405156255,0.9392761603958588,89.60086740877773,179.86055969089986,1.4122927578253384,1467.1053738594055,3492088811
827,2078,2.005545769086163,2.005545769086163,2.005545769086163,-2.3878748906392384,-1.3572282785463292,0.048552508655445116,0.9034897389610851,61.22357533396471,174.33009490856523,1.1331178017424153,1467.1053738594055,3492088811
828,2079,1.817535544505797,1.817535544505797,1.817535544505797,-4.208672508424919,-0.2086725084249197,0.07221540773213199,0.9089284365177743,54.93005822825556,140.66252537627122,1.000873365911149,1467.1053738594055,3492088811
829,2080,4.697271823080329,3.4498262554109482,3.4498262554109482,-3.537300259840534,0.4626997401594659,0.0004941133534402851,0.9594526640493615,160.0,458.2591848452317,3.8954807765658956,1467.1053738594055,3492088811
830,2081,2.4326473632001746,2.4326473632001746,2.4326473632001746,0.3596007232531595,2.4326473632001746,0.01295727610178023,0.9166494425276654,128.8395433113879,219.02138329749457,1.6750884789427265,1467.1053738594055,3492088811
831,2082,3.798269743410768,3.1734068452022557,1.5257956349512123,-6.474204365048788,-2.474204365048788,0.06355190543561531,0.9015182607477695,47.604460560683904,142.57145845430662,0.9535577929568788,1467.1053738594055,3492088811
832,2083,7.138684387762456,3.1386843877624564,1.388675018733924,-4.786123094322313,-2.611324981266076,0.08247214018864882,0.9209492030787398,47.059310984999655,140.98618896261974,1.1448007873148043,1467.1053738594055,3492088811
833,2084,6.390168371891029,3.5921680713104527,1.5835730312751497,-5.846313968433608,-1.846313968433609,0.05664569151169363,0.9046831479531768,50.20340997874807,150.27968379345413,0.9850860776093573,1467.1053738594055,3492088811
834,2085,9.637403701272893,6.847998197100321,2.8479981971003214,-2.7941412825003082,-1.1520018028996786,0.002199758661034325,0.889470362565323,99.47355193156008,298.4137197711261,2.305176198244707,1467.1053738594055,3492088811
835,2086,5.719405221474542,5.719405221474542,1.7194052214745423,1.30695357812978,1.30695357812978,0.017632374366716882,0.8811498972947082,112.94716336303823,320.24092786113494,2.2937429100006512,1467.1053738594055,3492088811
836,2087,3.17468522277858,3.17468522277858,1.6148002437571725,0.3451581245294506,1.6148002437571725,0.026297595804420388,0.9921373359379769,160.0,379.0228060290648,3.8540232137227943,1467.1053738594055,3492088811
837,2088,1.5425410707359064,1.5425410707359064,1.5425410707359064,-2.4614526438406856,0.21277135848015383,0.12088153703197782,0.9185672912174,47.22817403646562,108.4984844722429,1.5314710210513767,1467.1053738594055,3492088811
838,2089,5.357329601649367,3.3743668680264163,0.9107246808855447,0.9107246808855447,0.9107246808855447,0.07002791183754163,0.8823908577003807,81.09413672923439,196.7725157479341,1.3861372723588192,1467.1053738594055,3492088811
839,2090,7.2493769879089935,3.2493769879089935,1.1326507418548442,-4.054087077967917,-0.054087077967916564,0.12664672962116177,0.8894349841207788,33.799436631116635,98.0628733357163,1.5589453079443443,1467.1053738594055,3492088811
840,2091,2.665828945307462,2.665828945307462,2.665828945307462,-5.334171054692538,-1.334171054692538,0.009195257873208556,0.9947525700825619,160.0,469.4777194379248,4.686227195646014,1467.1053738594055,3492088811
841,2092,6.759033318187771,4.780728693307217,1.5793661922165072,-4.691295712516236,-0.6912957125162353,0.05712118330705909,0.901094922568505,49.32921080568074,147.67870086300078,0.9660260181552318,1467.1053738594055,3492088811
842,2093,8.256865170560207,6.675272000677133,2.675272000677133,-1.324727999322867,-1.324727999322867,0.003732985437507253,0.9935598400588649,160.0,479.90370155648003,4.792554874473186,1467.1053738594055,3492088811
843,2094,2.608093300909893,2.608093300909893,2.608093300909893,-1.6380851833412629,2.361914816658737,0.008682124837422861,0.9294976683396903,131.36156457520707,261.73099026626653,2.0951919922008404,1467.1053738594055,3492088811
844,2095,5.957334520438534,1.9573345204385344,1.0852696042091972,-1.9844327738596874,1.0852696042091972,0.08800606168534889,0.9092431415660192,54.269896256085474,126.77815379943192,1.0582700670606031,1467.1053738594055,3492088811
845,2096,3.0362937890783304,3.0362937890783304,0.941399872935144,-0.25115196633350556,0.941399872935144,0.10729902811042222,0.9491461364686207,64.70899195016237,166.63614860211086,1.9594280399555,1467.1053738594055,3492088811
846,2097,7.944051870919161,4.6544343148848135,2.5721528343928006,1.2942466270030455,2.5721528343928006,0.0015805474407235766,0.8744146541681335,138.08285180576064,301.90210223346264,2.420806960146757,1467.1053738594055,3492088811
847,2098,6.119033101377346,2.209648244022962,2.209648244022962,-0.8017127721183739,0.2713224518097779,0.0213942409307045,0.8783378876909944,65.76206985564637,171.91482449329973,1.3137219604885462,1467.1053738594055,3492088811
848,2099,9.254021843983717,5.2540218439837165,1.2540218439837167,-2.7459781560162835,1.2540218439837167,0.06141688386586301,0.9056827378246812,60.89689523755674,179.91440729000615,1.1922148510116566,1467.1053738594055,3492088811
849,2100,8.542331056554417,5.25958848000493,1.2595884800049297,-2.74041151999507,1.2595884800049297,0.06072179001754358,0.9941720247414183,129.21840551928193,381.7642607968017,3.861361613293229,1467.1053738594055,3492088811
850,2101,6.751530318130764,2.7515303181307647,1.2223571266637991,-2.777642873336201,1.2223571266637991,0.06554633491453227,0.9204166135828471,63.67155142457167,162.70879579879318,1.1570390245479893,1467.1053738594055,3492088811
851,2102,5.669440796135894,5.669440796135894,1.669440796135894,-1.768501485434343,1.1593662448163264,0.03788859021960394,0.8767504020750572,56.3005004623839,167.49411501681902,1.1925070489464453,1467.1053738594055,3492088811
852,2103,3.801948383244703,3.3092103254933516,1.984961522192412,-0.7796909192487467,-0.7796909192487467,0.023504702800144484,0.8984381907675115,63.92716562267678,184.80752891477033,1.3074758654086467,1467.1053738594055,3492088811
853,2104,1.986252115721843,1.8379627180435723,1.8379627180435723,-2.090319090698738,1.1879661986781245,0.05751321622903925,0.9436937777688551,75.50015070392445,158.54425505866453,1.3315062896597853,1467.1053738594055,3492088811
854,2105,6.816570520039088,2.8165705200390883,0.938982391540872,0.938982391540872,0.938982391540872,0.06600370782425642,0.9263457654377796,103.81675530234084,209.05100409832022,1.502635099538368,1467.1053738594055,3492088811
855,2106,7.430359928985295,6.682044705417108,2.682044705417108,-3.9017744309422158,0.09822556905778468,0.0036584929980633986,0.9934482294736187,160.0,479.83860485062695,4.789978581707697,1467.1053738594055,3492088811
856,2107,5.975821238418757,1.9758212384187568,1.9758212384187568,-6.024178761581243,-2.0241787615812434,0.037155716486276545,0.8948505194841863,59.54615394663093,175.92008704300713,1.1707506456803503,1467.1053738594055,3492088811
857,2108,8.089408468015504,5.38969074755598,1.38969074755598,-6.61030925244402,-2.61030925244402,0.08231140224141778,0.9067702480942083,44.092016764982844,132.27316161643935,1.0260865654695919,1467.1053738594055,3492088811
858,2109,4.868267918027901,3.1295002201510833,1.1505906616231723,-6.128065051348192,-2.128065051348192,0.12495119281352864,0.8762858040058609,31.946653148660687,95.56457515842422,1.5725975763338518,1467.1053738594055,3492088811
859,2110,5.630330370010008,1.6303303700100082,0.617253260191221,0.617253260191221,0.617253260191221,0.1257046470055889,0.6113205709721121,20.0,39.80141647554667,13.987812946142597,1467.1053738594055,3492088811
860,2111,3.2439367242563666,2.347059702376705,2.347059702376705,-0.427946980102762,-0.427946980102762,0.015316582397509104,0.9976496817893243,160.0,423.31663309968474,4.4014641211671535,1467.1053738594055,3492088811
861,2112,8.88436715918993,4.88436715918993,1.119055206769344,-1.0936901574508642,-1.0936901574508642,0.13046836503402487,0.8963875392282987,34.363936920965685,102.68938488915045,1.6663209136204318,1467.1053738594055,3492088811
862,2113,7.315212168294613,5.750850944534568,1.750850944534568,-4.722563689988284,-2.2491490554654323,0.039985794214648776,0.9180951960197095,59.28020581727504,177.83664525519936,1.219598097434155,1467.1053738594055,3492088811
863,2114,9.552992901020513,5.552992901020512,1.5529929010205121,-0.6792721862142419,-0.6792721862142419,0.05930329318948827,0.9153649806768556,52.266223788477575,156.2510549495393,1.0633686283128425,1467.1053738594055,3492088811
864,2115,2.44060296852555,2.195337467101754,2.195337467101754,-5.097192475318898,-1.0971924753188977,0.026452981894555923,0.8872822587290238,66.2141827844165,190.24295980814955,1.3445499524589595,1467.1053738594055,3492088811
865,2116,5.563687654918113,1.5636876549181136,1.5636876549181136,-3.8139043567131585,-1.7109321729772142,0.0866755221546785,0.9166519660259049,48.844616692627895,141.51948074649238,1.16815685904642,1467.1053738594055,3492088811
866,2117,9.748004011765287,5.748004011765287,1.748004011765287,-3.6898971667884943,-0.8591922214389396,0.04023125395109278,0.9039586494542333,55.90537345186712,167.66203768552612,1.1047862764395948,1467.1053738594055,3492088811
867,2118,7.566119236753994,3.566119236753994,0.9857668832171077,-2.5322927299032996,0.9857668832171077,0.10280884320676971,0.8895048234150675,45.74916398624963,128.2309679975315,1.2787291659345832,1467.1053738594055,3492088811
868,2119,5.553010443770601,5.553010443770601,1.5530104437706016,-1.320667427167971,-0.13526071185454058,0.05996782733881647,0.8820182935982565,45.11983511157592,135.10232166898504,0.9415971727938512,1467.1053738594055,3492088811
869,2120,4.739309170280922,4.739309170280922,1.5485083085535614,-5.978218565432394,-2.4514916914464386,0.06075000966285941,0.9167635978626613,51.593155502440574,154.7585664598234,1.0650854069423457,1467.1053738594055,3492088811
870,2121,7.527039832593886,3.5270398325938848,1.7313057683454658,-3.814313295078588,-2.268694231654534,0.041700417385907,0.917174687370014,58.33365861900383,174.77900246673562,1.1899173741319962,1467.1053738594055,3492088811
871,2122,8.989261898336853,6.205744920645063,2.2057449206450626,-3.886595504900667,-1.7942550793549374,0.013700932375354816,0.9103856688457442,75.56803340453398,226.69910843561033,1.690384183381512,1467.1053738594055,3492088811
872,2123,7.563007020948314,5.1184351705632665,1.1184351705632662,1.1184351705632662,1.1184351705632662,0.04442244449425497,0.8790002451114911,95.84836545224465,255.7246061888685,1.7317152747756828,1467.1053738594055,3492088811
873,2124,8.67864930170607,6.866180331862053,2.8661803318620533,-2.531713825254169,1.4682861747458313,0.002005999833389856,0.9122520688918047,108.32099613670034,324.20493979123256,2.481399464429057,1467.1053738594055,3492088811
874,2125,7.335263173712815,5.452743184845015,1.4527431848450147,-3.924712455099689,-2.5472568151549853,0.07314753547038813,0.9997717280956934,160.0,479.98945102345,4.730854246759008,1467.1053738594055,3492088811
875,2126,7.6047414182865385,7.158749500607923,3.158749500607924,-0.8412504993920762,3.158749500607924,0.00021955637926128775,0.8530498564555798,160.0,472.69841881570255,3.7882880676450434,1467.1053738594055,3492088811
876,2127,3.73522730855228,3.73522730855228,1.382142572185808,-1.16998050115222,-1.16998050115222,0.08314293486492008,0.9177378193503969,46.31997984716595,136.81340044582046,1.1053644263088904,1467.1053738594055,3492088811
877,2128,5.298101288435841,1.2981012884358418,1.2981012884358418,-3.5715629490442526,0.42843705095574725,0.1324841234309156,0.921252058524526,43.31136266938722,101.1880285173884,1.7748250097540583,1467.1053738594055,3492088811
878,2129,6.373252598376055,4.810592653177594,0.8105926531775942,-5.259802474021785,-3.1894073468224056,0.20879980882541133,0.8449797323864144,20.0,59.998691512659,4.743110047163172,1467.1053738594055,3492088811
879,2130,3.8637849928656425,3.8637849928656425,1.4383409391360993,-4.010960602463648,-1.3800255828481398,0.07517537140918575,0.9048112985423933,45.316849553893846,135.45205475585422,0.9799752102862684,1467.1053738594055,3492088811
880,2131,3.672176755248141,2.194226897260844,1.2155567975214554,-5.086334252203739,-1.0863342522037391,0.11325508297911041,0.8880139373278353,35.37835029484567,102.53954667106213,1.3041253227235914,1467.1053738594055,3492088811
881,2132,4.740899442808942,4.456711822434087,1.3499999202558173,-2.7939161675067203,-0.024679808502444445,0.08771170561743584,0.8683337437382044,36.81926813212675,109.49427938517518,1.0841137017724063,1467.1053738594055,3492088811
882,2133,7.738353530330325,3.7383535303303246,1.8621084733114266,-3.3529476537715928,-0.11713189900430532,0.03127058546588887,0.877997986114126,55.007785543017576,162.05390531245703,1.1799752808814339,1467.1053738594055,3492088811
883,2134,6.361299913997431,2.361299913997431,2.361299913997431,-1.0936226909897906,-1.0936226909897906,0.014619672641929506,0.9177015435111708,81.68949971367869,231.35799275895482,1.74213090525069,1467.1053738594055,3492088811
884,2135,5.173095163879516,1.824472154633557,1.824472154633557,-6.175527845366443,-2.1755278453664433,0.051620394991371735,0.9971798242883039,123.27642002294012,363.7979316483791,3.8162146359780955,1467.1053738594055,3492088811
885,2136,6.139209469737841,2.1392094697378408,2.1392094697378408,-3.0496132641974523,0.950386735802548,0.02479911703787649,0.9174785335715832,73.47258069344107,179.84108361554206,1.3116588076213471,1467.1053738594055,3492088811
886,2137,8.883791471286903,5.895464220700336,1.8954642207003356,-6.104535779299664,-2.104535779299664,0.02901546373503432,0.9946990256888861,119.0037421581318,357.00346007583175,3.766235388744997,1467.1053738594055,3492088811
887,2138,7.451123324653235,3.485915833142745,3.485915833142745,-1.9514590547796922,2.0485409452203083,0.00042073480660429494,0.8933640763613165,134.49406306325574,339.94649934615666,2.591010340267542,1467.1053738594055,3492088811
888,2139,4.5985624173432065,2.6914234828105776,2.6914234828105776,-2.275605950289995,1.7243940497100052,0.00546639670648447,0.9074477198644261,100.2324621605008,237.55084332647027,1.8553100850182234,1467.1053738594055,3492088811
889,2140,5.456678973733547,5.456678973733547,1.4566789737335473,-3.959889747538245,0.04011025246175537,0.07199258469076515,0.9054075875801011,46.29990259590731,138.5689922605483,0.9779930214965487,1467.1053738594055,3492088811
890,2141,6.03617310376306,6.03617310376306,2.0361731037630606,-3.838393752553825,-1.2358994013096254,0.020866486620563333,0.9052422292125752,67.26280206088171,201.76854639915732,1.4439889390561145,1467.1053738594055,3492088811
891,2142,8.297233005438708,4.297233005438708,1.400261194916768,-0.4233227056607298,-0.4233227056607298,0.0775753125835635,0.9085528017455393,47.02796882357731,138.06522922185653,1.024150259878364,1467.1053738594055,3492088811
892,2143,5.9510056233408335,3.9153533744695075,2.225000724905369,0.7985774637828877,1.9775199560576293,0.006741422832652042,0.923594351551235,117.35760069638047,299.1518640425504,2.3149378015155557,1467.1053738594055,3492088811
893,2144,5.647714897846076,5.647714897846076,1.647714897846076,-1.7472393764394683,0.5229027350969859,0.048052613429549966,0.8738458603070736,47.867129644870964,143.0801146645301,1.0342207633521412,1467.1053738594055,3492088811
894,2145,8.333984864425712,4.3339848644257115,4.3339848644257115,0.3339848644257115,0.3339848644257115,1.3528718534111908e-05,0.8020439784791573,160.0,453.56481535257745,4.806660009405666,1467.1053738594055,3492088811
895,2146,8.401826445379335,4.401826445379335,2.269536406865275,-1.2846465776260216,1.2619955145743447,0.010676938459500775,0.8606680301739377,70.41210379205738,202.99173822548477,1.7936828799943145,1467.1053738594055,3492088811
896,2147,2.830094406207514,2.3608863570139818,2.3608863570139818,1.229001477216742,1.229001477216742,0.011516854121288706,0.9590404640088881,160.0,278.83195546724755,2.57446158196711,1467.1053738594055,3492088811
897,2148,6.319852900256327,6.051755783292928,2.0517557832929283,-1.9482442167070717,2.0517557832929283,0.008934733725267738,0.8887813217082107,97.42051537896148,287.7877769843161,2.1462939745470844,1467.1053738594055,3492088811
898,2149,11.628255346197948,7.628255346197948,3.6282553461979474,-3.517112635235344,0.4828873647646561,0.00014267100382712273,0.8878963820315224,140.76726839271473,422.25110779017746,3.144995019280836,1467.1053738594055,3492088811
899,2150,6.153121367359113,2.1531213673591134,2.1531213673591134,-0.9848672213740213,2.1531213673591134,0.01565332489636361,0.8968676074063655,105.08867011720145,210.13921533897573,1.5465806235734256,1467.1053738594055,3492088811
900,2151,9.745054615965884,5.745054615965884,1.7450546159658842,-1.123146536415451,1.7450546159658842,0.020137444317758012,0.8743642049571146,76.67693826695451,225.45057450677297,1.7013192958632617,1467.1053738594055,3492088811
901,2152,3.7168574115535122,1.9316254181504298,1.9316254181504298,-2.0683745818495702,1.9316254181504298,0.026714232515068066,0.9579742822086751,120.5571187242041,240.64955363170117,2.1628286220029227,1467.1053738594055,3492088811
902,2153,7.1731117583404895,6.887140329093917,2.887140329093917,-0.5332424177838604,1.4002043282999017,0.0018927029283258559,0.8698798555334925,97.58489437454648,292.11589291085556,2.3916170816987834,1467.1053738594055,3492088811
903,2154,10.29974236738288,6.29974236738288,2.2997423673828794,0.33861243511031125,0.33861243511031125,0.00989006248173068,0.9111483830952438,85.71779550353229,254.45173952206596,1.917839300176261,1467.1053738594055,3492088811
904,2155,7.818300170928622,3.8183001709286217,2.5845156223211108,0.17762040005952295,0.22775646455559428,0.004707251609551342,0.8914176528783645,89.76689879874068,203.20396665475207,1.6458096824949044,1467.1053738594055,3492088811
905,2156,6.804758249256649,2.8047582492566496,1.3781005814528557,-3.772498889654919,-2.006955350567397,0.0841558037725813,0.9161968772881329,45.63908146719111,136.1765627697908,1.1036799931711567,1467.1053738594055,3492088811
906,2157,10.885098681942136,6.885098681942136,2.8850986819421363,-1.1149013180578637,-1.1149013180578637,0.0019560876144459442,0.9207394766225415,110.70092286899504,332.0261524053079,2.5760400428094097,1467.1053738594055,3492088811
907,2158,5.480728258595424,1.4807282585954242,1.4807282585954242,-2.5192717414045758,-2.5192717414045758,0.10092853960853887,0.9339469030984968,50.17517627651691,146.22474020675324,1.526051757706591,1467.1053738594055,3492088811
908,2159,5.494065348438124,1.4940653484381239,1.4940653484381239,-2.5059346515618763,-2.5059346515618763,0.0985282143628517,0.9831154006326597,74.91202486563844,218.40085521125621,2.8447230254762843,1467.1053738594055,3492088811
909,2160,9.344665390633045,5.344665390633045,1.3446653906330446,-2.6553346093669554,-2.6553346093669554,0.08936619438629774,0.9394878794148217,50.29393265480406,150.86886718457748,1.4579678880126403,1467.1053738594055,3492088811
910,2161,6.144546309051444,2.144546309051444,1.3834118134230402,-3.183541229032761,-1.2659700543767318,0.08563324314400618,0.8985920398766205,42.096822966198594,122.56463573910538,0.9911368692315592,1467.1053738594055,3492088811
911,2162,7.029214746671202,3.029214746671202,3.029214746671202,-2.439394010342621,-0.9707852533287982,0.00209087373482904,0.8900115401656774,106.41881836208553,314.29983249667174,2.4081276683628046,1467.1053738594055,3492088811
912,2163,9.494989361764148,5.494989361764148,1.4949893617641477,0.25136381391833607,0.25136381391833607,0.056654499263686604,0.9624282819798305,83.6132508717196,240.88537139613481,2.170266715659027,1467.1053738594055,3492088811
913,2164,7.056406536389737,3.0564065363897375,3.0564065363897375,-4.943593463610263,-0.9435934636102625,0.0019143742530475542,0.9079472645518947,113.11117586630766,334.1766860727136,2.53404147754131,1467.1053738594055,3492088811
914,2165,5.482455516445328,1.482455516445328,1.482455516445328,-5.935007141302315,-1.9350071413023155,0.10061563808655527,0.8952430004766554,41.736864806595456,121.2164439311022,1.184767471153579,1467.1053738594055,3492088811
915,2166,10.064942346511133,6.064942346511133,2.064942346511133,-4.099040984566525,-0.09904098456652521,0.01945762585040155,0.8907578077095222,65.17224134145619,195.3812755878983,1.4244443822978028,1467.1053738594055,3492088811
916,2167,6.8349458742459035,2.834945874245904,1.6589594161960728,-0.7991363264628986,-0.667523919067637,0.04830269047986543,0.9022142942534898,52.73795519994006,149.7769752698823,0.9728359715256373,1467.1053738594055,3492088811
917,2168,8.002355982181564,4.002355982181563,1.473018030292047,-1.3480776975063573,-0.6293297310496817,0.07023728805682462,0.8931471143376288,44.35838835204414,131.79198676317264,0.9253341712170926,1467.1053738594055,3492088811
918,2169,4.92646915461886,2.1225872041852467,1.055089562725161,-2.9449104372748387,1.055089562725161,0.09156833898405221,0.9954051021091193,121.07670754322771,291.35615045617,3.559536933519319,1467.1053738594055,3492088811
919,2170,9.67842791453567,5.67842791453567,1.6784279145356702,-2.647705807390751,-1.4839994382672959,0.04663170000819131,0.9127966626382158,55.32675629922538,165.9591834369392,1.1036051498541997,1467.1053738594055,3492088811
920,2171,7.2297842495379,3.2297842495379006,1.283154279881503,-2.1861267235729165,1.283154279881503,0.057851005205998576,0.8506272887059754,50.38275807161268,134.49554042754343,1.2577677353829304,1467.1053738594055,3492088811
921,2172,9.958500818590396,5.958500818590395,1.9585008185903956,-1.6358140548640383,-0.5862984831812341,0.025080729228635214,0.8960640649590392,62.13897949152186,186.3284631073979,1.3068636823502655,1467.1053738594055,3492088811
922,2173,10.367038745770307,6.367038745770307,3.875415816632904,0.6888512594460945,1.8906575523547038,5.181936469447006e-05,0.8644739292207613,150.09555276347967,410.1888992919704,3.2401121189272986,1467.1053738594055,3492088811
923,2174,9.145483115320552,7.676463579634168,3.676463579634168,-1.3788670526275841,2.6211329473724154,9.811168043505948e-05,0.9088445328665077,160.0,478.1541408849933,3.4978114296636176,1467.1053738594055,3492088811
924,2175,6.081636176817444,2.0816361768174443,2.0816361768174443,-4.359005472324046,-1.6324170130627538,0.02916138201133689,0.8869868563822214,62.11466759826144,182.40569912875242,1.2763486990703867,1467.1053738594055,3492088811
925,2176,5.557252313269967,3.308688489201588,3.308688489201588,0.962351488042835,0.962351488042835,0.0007674971840224414,0.9548917072885447,160.0,380.0203260023106,3.3033752422314935,1467.1053738594055,3492088811
926,2177,3.732170089239233,3.732170089239233,1.5615165806671036,-1.6119109139277585,0.8429018972991625,0.05254544139387333,0.8877120188182736,50.555558010456565,143.01059123934974,0.9520155245985451,1467.1053738594055,3492088811
927,2178,3.277876808007944,1.8136240667469024,1.8136240667469024,-4.911324404409308,-0.9113244044093085,0.05288277055501174,0.8912699996292865,52.6425767158831,148.72410157026275,0.9778350568331723,1467.1053738594055,3492088811
928,2179,2.405910849990545,1.745394998865215,1.745394998865215,-0.15970479029531126,-0.15970479029531126,0.06137825433267884,0.9968791109152787,132.46061221643694,304.49439628433106,3.4420561825468226,1467.1053738594055,3492088811
929,2180,8.561117421792467,5.513884147644458,1.513884147644458,-3.7435787052084364,-2.486115852355542,0.06502761221660354,0.9365744361374927,55.47058859254303,166.40801805599818,1.320540510295603,1467.1053738594055,3492088811
930,2181,9.644835678999424,5.644835678999424,1.6448356789994247,-2.8971938497538043,1.1028061502461954,0.04071759888414986,0.9323513208031177,68.49531585877502,203.89557046649708,1.4973310653456315,1467.1053738594055,3492088811
931,2182,4.864187842434458,4.113272677019563,1.6710757004966286,-1.5077028957280956,0.03272940579910655,0.047151741643468775,0.8767603901894195,48.186456936516876,142.4477610814322,1.0085932536659867,1467.1053738594055,3492088811
932,2183,7.983428403355514,3.9834284033555147,1.3874331143693799,-6.221407743709916,-2.221407743709916,0.08265469014902696,0.9040190780517923,43.497621272711626,130.40845414375968,1.0128519932297977,1467.1053738594055,3492088811
933,2184,9.933530128563277,7.281055868824106,3.2810558688241063,0.2814497729370289,2.866708986362815,0.0002654345877711467,0.8641109450894133,145.32316598722545,428.0554016367794,3.3567295641003936,1467.1053738594055,3492088811
934,2185,6.585498646722472,2.5854986467224723,1.2026406222376587,-1.5709545589694207,0.31224439995589404,0.10885478564480709,0.8644751636793366,33.397979584213395,91.47987467429138,1.321943924733243,1467.1053738594055,3492088811
935,2186,8.372668952973749,4.372668952973749,1.516062475488205,-3.5491064817841096,-0.14074764049217858,0.06456689837707152,0.8824636733269453,43.93608107420989,130.74933659539147,0.9283136462136999,1467.1053738594055,3492088811
936,2187,6.692687469508829,5.506134185321174,1.5061341853211738,-2.927697099182608,-0.8956999368859133,0.06601428815335693,0.9029754160684064,47.20369349682045,141.54537857367126,0.9591333266009556,1467.1053738594055,3492088811
937,2188,6.679157340054505,2.679157340054504,1.7467562951062874,-2.2532437048937126,1.7467562951062874,0.020540022305757556,0.9126392626182327,87.78062632081735,207.06148670948977,1.5016633961878285,1467.1053738594055,3492088811
938,2189,5.173086083119951,1.7028064991483545,1.7028064991483545,-1.9272656360188831,-1.02979271228554,0.0662337185560316,0.9052173564993828,51.37778700293814,144.34265839369937,0.981202052491627,1467.1053738594055,3492088811
939,2190,1.9356478010782963,1.9356478010782963,1.9356478010782963,-2.119037311974992,0.0589716563353162,0.056461844867395194,0.9031837138376169,58.35978352991526,146.97624944243782,0.9614661893105823,1467.1053738594055,3492088811
940,2191,5.648410319455406,1.6484103194554058,1.6484103194554058,-5.3104839662394845,-2.351589680544594,0.07373228737551227,0.8972300729164883,47.794179395448715,140.55914006470005,0.9998408390547548,1467.1053738594055,3492088811
941,2192,10.487728001547136,8.249511048046724,4.249511048046723,-3.750488951953277,0.24951104804672308,1.0711882105204959e-05,0.8197639212226733,160.0,479.9894836911276,4.491391478182594,1467.1053738594055,3492088811
942,2193,5.104349506132462,3.9389811298262085,1.4039237150608936,-2.596076284939106,-2.596076284939106,0.08017008307931923,0.9995156572698847,134.10147604756673,401.9515499058714,4.2744561878577985,1467.1053738594055,3492088811
943,2194,6.448689607410895,6.448689607410895,2.4486896074108953,-0.7347167417728961,0.059750452061834824,0.00715035508005607,0.8751666453216802,77.8706505642877,233.3619575235727,1.891965558314535,1467.1053738594055,3492088811
944,2195,9.735919170823609,5.735919170823609,1.7359191708236088,-1.4494472440400454,-1.4494472440400454,0.04126154724787824,0.9198447962883318,59.188299610401224,177.4516941488607,1.2236454050617174,1467.1053738594055,3492088811
945,2196,5.8726832505555935,3.9710550944638756,1.5251877751482283,-5.273536172227014,-2.474812224851772,0.06360594933138726,0.9949561851540587,101.01772342807557,302.92335615941187,3.3835806623299085,1467.1053738594055,3492088811
946,2197,6.633478965246878,2.633478965246878,2.633478965246878,-4.0368094851147625,-1.3665210347531218,0.0069666464098479,0.8976708182786063,88.79109009939248,262.3249413176488,1.9880599894797006,1467.1053738594055,3492088811
947,2198,11.125716184075433,7.523170193495441,3.5231701934954414,0.09059617987080326,0.09059617987080326,0.00021197200683069093,0.888486118943504,135.245852301985,403.1073122465371,3.017593530812248,1467.1053738594055,3492088811
948,2199,1.6406145855931442,1.6406145855931442,1.6406145855931442,-3.6815167644581175,-0.8006610328596724,0.1018478463178526,0.9160683288359872,49.75380890319043,132.52868824803875,1.3139265311014612,1467.1053738594055,3492088811
949,2200,9.694963979402171,5.694963979402171,1.6949639794021711,1.6949639794021711,1.6949639794021711,0.009903756909698174,0.846045950786378,133.74328902113083,344.4290583520658,2.9309484709955775,1467.1053738594055,3492088811
950,2201,3.6045084309023383,3.6045084309023383,3.6045084309023383,0.06098535219835988,2.253107438037038,0.0004028475714110152,0.8758306337693962,136.9757237261113,329.1978520030318,2.604814490544071,1467.1053738594055,3492088811
951,2202,4.116257970017233,1.8733385565815677,1.8733385565815677,-4.127114365992024,-2.126661443418432,0.04652729835055318,0.8916683399053474,54.94715741628365,162.23890504756028,1.0650388489929785,1467.1053738594055,3492088811
952,2203,9.584817762251364,5.5848177622513635,1.5848177622513635,-4.358248254512163,-1.75225576457141,0.056503871776409004,0.9125685454868387,51.91748983892213,155.73953008335118,1.04118774846208,1467.1053738594055,3492088811
953,2204,5.91496083578607,2.6379038845764313,1.0598134297786521,-1.522946534401841,1.0598134297786521,0.08980395796314176,0.873396582912299,45.51703930323895,116.86530840991989,1.1114558994493184,1467.1053738594055,3492088811
954,2205,9.765953748924812,5.765953748924811,1.7659537489248107,-6.234046251075189,-2.2340462510751893,0.03870180425634167,0.8950808583535107,54.72171101833022,164.16154031509993,1.0883590371761633,1467.1053738594055,3492088811
955,2206,8.652922189361766,4.652922189361766,1.694358753452245,-0.8687470081143782,-0.27679790907798196,0.04478384940465976,0.8932500093078928,52.127920723278635,155.06607457315675,1.017165160831794,1467.1053738594055,3492088811
956,2207,5.541982849347901,1.5419828493479013,1.5419828493479013,-1.53124478735569,-0.4827088587141799,0.09018253656425998,0.9121475232046843,47.127141372821875,125.1912671974233,1.0837847921354424,1467.1053738594055,3492088811
957,2208,9.332206431674248,5.332206431674248,1.3322064316742477,-3.301364245680916,0.698635754319084,0.08039749978609644,0.9132526255796805,48.557002070439,144.6714248675587,1.1080239510040721,1467.1053738594055,3492088811
958,2209,10.079723403403593,6.079723403403593,2.0797234034035923,-5.305285633674041,-1.3052856336740413,0.018775454619696312,0.8897517955865868,65.53591090287532,196.59286048400776,1.4418218658917836,1467.1053738594055,3492088811
959,2210,9.459979371517548,5.459979371517549,1.4599793715175486,-2.3922367040022765,0.5738620941989581,0.06755620833160215,0.8810478538248778,44.02075378516586,131.41833670396977,0.955419439411301,1467.1053738594055,3492088811
960,2211,7.916287617068688,3.9162876170686878,3.9162876170686878,-2.113065822296019,-0.08371238293131222,8.143711996608013e-05,0.8985373280223228,160.0,472.6547829254125,3.4506638100132907,1467.1053738594055,3492088811
961,2212,5.723009778215215,1.723009778215215,1.723009778215215,-6.276990221784785,-2.276990221784785,0.06360945207330429,0.8934315412572383,49.72973600138126,146.5073770354237,0.9856272857240169,1467.1053738594055,3492088811
962,2213,7.173770729032666,3.173770729032667,3.173770729032667,-3.6439922181214146,0.35600778187858584,0.00129771463099959,0.8824205388224863,111.9718065837133,318.1168581814474,2.4769602589280666,1467.1053738594055,3492088811
963,2214,8.535103175997017,4.535103175997017,1.4853083544503893,-2.6187624680335513,-0.3968408937605099,0.06867456738955914,0.8792195442453854,42.36296719156987,126.50637565254455,0.9409983877847901,1467.1053738594055,3492088811
964,2215,7.204149582165219,3.2041495821652197,1.9393072857314602,-1.2726116030535612,0.11508260432294626,0.02620586089380692,0.873694344590269,57.11926045344196,163.78621015985212,1.2564597188334117,1467.1053738594055,3492088811
965,2216,9.518555239925243,5.518555239925244,1.518555239925244,-6.481444760074756,-2.481444760074756,0.06443724221077346,0.9275566986346526,53.15479259859481,159.46090216559332,1.183644347260634,1467.1053738594055,3492088811
966,2217,1.640717528146088,1.640717528146088,1.640717528146088,-2.964026303081642,1.035973696918358,0.09427037817897588,0.9674433263482483,78.65624747117054,160.6556421753137,2.045483954257141,1467.1053738594055,3492088811
967,2218,3.6030074545805997,1.955135445525611,1.955135445525611,-2.699774852704062,0.5830175514131888,0.03850377500894411,0.9015709751998812,60.832756021467254,152.30575338149336,1.008794109652056,1467.1053738594055,3492088811
968,2219,6.144831570185917,5.857332190290986,1.857332190290986,-0.47663593593707887,-0.47663593593707887,0.03109118949240348,0.9036206265822249,60.85247706598152,181.93284398117459,1.2373739878874008,1467.1053738594055,3492088811
969,2220,7.569775943794353,3.569775943794353,1.5851970052104465,-2.4148029947895537,-2.4148029947895537,0.05646047652985824,0.9152517444968014,52.55147623896647,157.32634219494625,1.0629018605462197,1467.1053738594055,3492088811
970,2221,7.2783324266053615,3.2783324266053624,1.6378401476756568,-3.7833324123564487,0.2166675876435511,0.050231305935324884,0.8921855950471084,49.948594995591336,143.55717589071455,0.9407082375900324,1467.1053738594055,3492088811
971,2222,7.518254306215219,3.518254306215219,1.8041776639661884,-6.195822336033812,-2.1958223360338116,0.03560470093660707,0.8845945397982123,54.09959308947807,162.0654801756779,1.1198817937086847,1467.1053738594055,3492088811
972,2223,7.395683972849418,3.3956839728494175,1.3008572135678138,-6.086982021494122,-2.699142786432186,0.09665320815013054,0.894061220151498,39.00443323635529,116.9223926195595,1.0994471176310983,1467.1053738594055,3492088811
973,2224,6.836800932296441,2.8368009322964416,1.6601912812157906,-2.595972631417755,-1.692320949377075,0.04859826482300428,0.8962972952984254,51.165081661378245,152.18740734029092,0.9896893530844167,1467.1053738594055,3492088811
974,2225,5.953287287371575,1.9532872873715752,1.4568920584651235,-1.6208819071658007,1.4568920584651235,0.04602315448838504,0.9209903563465864,75.02059117759016,163.91969761320726,1.1337383367383944,1467.1053738594055,3492088811
975,2226,7.013704576618945,3.0137045766189448,1.5617402482081368,-4.910170510262952,-2.091875638590758,0.059212807978689476,0.8949203717231698,47.542996616634035,142.1183707140008,0.9390140340412554,1467.1053738594055,3492088811
976,2227,9.513026995319008,5.513026995319008,1.5130269953190074,-3.9057905543533655,-0.8092330847821392,0.06513286390006957,0.9078883574826772,48.425987063361795,145.20099073128944,0.9868435138109382,1467.1053738594055,3492088811
977,2228,7.565106918562233,3.5651069185622326,1.5673090978145576,-5.293517103047231,-1.2935171030472312,0.058521586223811775,0.8863008355128821,46.191259081282965,137.872173321218,0.9345296866565025,1467.1053738594055,3492088811
978,2229,4.6434287854906,2.4806565100599123,2.4806565100599123,-2.84563143796915,-1.5193434899400877,0.010656362446040384,0.9967589273310632,160.0,472.557373820341,4.747384298273536,1467.1053738594055,3492088811
979,2230,3.047886780828132,2.364935952935621,2.364935952935621,-1.639203809521832,1.622145931076951,0.013432487754977759,0.8942120239214043,84.11023164585441,188.52991936642434,1.4343247808246862,1467.1053738594055,3492088811
980,2231,9.827124929653031,5.8271249296530305,1.8271249296530307,-1.0084832275018314,0.9956220788729032,0.03044375661872171,0.8796462150082911,57.822041120232704,172.4656685495938,1.2416368968258253,1467.1053738594055,3492088811
981,2232,5.536070584063069,1.5360705840630686,1.5360705840630686,-4.4738032411427575,-0.47380324114275796,0.09121681981201804,0.8992978542231673,44.30123999407312,118.94979941576872,1.0336022218091632,1467.1053738594055,3492088811
982,2233,7.124109658174422,6.419454606686946,2.4194546066869465,-1.5805453933130535,2.4194546066869465,0.0029879044998575503,0.9157100359315128,130.4011440844141,385.25383161003884,2.877961906703707,1467.1053738594055,3492088811
983,2234,7.318733304944146,3.318733304944147,1.4566604037324196,-2.9470033097084993,-1.3620624999088593,0.07260731493038403,0.9008680750795894,45.158016522213074,134.59294530731466,0.9520343556691965,1467.1053738594055,3492088811
984,2235,7.638568345911163,3.638568345911163,1.4454588377021758,-4.657772073593019,-0.657772073593019,0.07414924281220209,0.8853096279435098,42.06330057192273,124.85297914543348,0.9331128195037685,1467.1053738594055,3492088811
985,2236,8.338185036353707,4.338185036353706,1.5218161278152618,-2.1109899511833676,0.4536583929259381,0.061701749689956675,0.8732641790436753,43.74350510904774,128.94375985579407,0.967780767539496,1467.1053738594055,3492088811
986,2237,4.659276689023063,2.621823882314961,2.621823882314961,-3.197547270553541,0.8024527294464594,0.007182722972535799,0.8762964324950606,83.26845877095799,219.55203983891658,1.7934971714098367,1467.1053738594055,3492088811
987,2238,5.5027656371930185,3.290748890823367,1.18524317392688,-0.6650772975685972,0.134846294721513,0.11213221063907655,0.8952350219789414,37.804456466279795,107.54250901686233,1.296231359556494,1467.1053738594055,3492088811
988,2239,2.6098464225043223,1.3513961502468663,1.3513961502468663,-2.6486038497531337,1.3513961502468663,0.08902783253594473,0.8956850410456785,61.15858346761007,121.7911097857394,1.0277514999003672,1467.1053738594055,3492088811
989,2240,9.379773056708109,5.379773056708109,1.379773056708109,-5.477364418484996,-2.620226943291891,0.08382826481185884,0.9170187454865159,45.87470772856798,137.62109635671914,1.1138265909081513,1467.1053738594055,3492088811
990,2241,2.271983210976358,2.0121506858590745,2.0121506858590745,-1.966081966592749,-0.6047244078732121,0.04039716180204264,0.8958272703593723,60.5192508851148,166.5053265781952,1.0970553558495517,1467.1053738594055,3492088811
991,2242,2.782128162171991,1.8308477555181544,1.8308477555181544,-2.646478972634805,-2.169152244481846,0.05167459388757108,0.9068043184538578,56.458884436377986,166.07002481080158,1.084901858005255,1467.1053738594055,3492088811
992,2243,3.6721549914253604,3.6721549914253604,1.1213838721580853,0.6251101497138127,0.6251101497138127,0.07847401551748913,0.9376773618698664,86.11932614582776,222.59767853675692,1.7878472211504453,1467.1053738594055,3492088811
993,2244,9.744462249552466,5.744462249552465,1.7444622495524653,-5.575566415204211,-1.5755664152042108,0.04053925824325265,0.8970686663712626,54.34259304959846,163.01370005980525,1.0726274037702794,1467.1053738594055,3492088811
994,2245,6.3542541472434655,2.354254147243465,1.7232829378504197,-1.9799686465644517,1.029400928544164,0.03882221445767556,0.8964604839408012,58.668395309382745,146.17374636963848,0.9694522058282437,1467.1053738594055,3492088811
995,2246,3.275891861322002,3.275891861322002,1.4717984416751444,-1.3515132113143815,-0.2914378759541194,0.07044835079182031,0.8862983964483684,43.16490815485481,124.94285288211492,0.9039259346275533,1467.1053738594055,3492088811
996,2247,6.67680591522851,2.6768059152285093,2.6768059152285093,-5.32319408477149,-1.3231940847714907,0.006151064075597153,0.9137343862001566,95.43849257617833,281.96456489118094,2.154630916544384,1467.1053738594055,3492088811
997,2248,6.91826366283882,5.600814951767617,1.600814951767617,-3.5388825514156665,0.46111744858433323,0.05306284488796712,0.9124464248836306,53.56497289336081,160.14714369410046,1.0642355126102052,1467.1053738594055,3492088811
998,2249,10.383585007355713,6.383585007355713,2.3835850073557134,-2.794971095048127,1.2050289049518728,0.008136844945538627,0.9065539703018086,84.35248541952764,252.24198847638797,1.9131207223278213,1467.1053738594055,3492088811
999,2250,6.511921659193008,2.511921659193008,2.511921659193008,-0.08617565198596955,0.6566435959292536,0.009647954462181463,0.8918813017260716,82.92336438333128,206.72413556687343,1.6022245886181246,1467.1053738594055,3492088811
1000,2251,7.243452800375893,3.243452800375893,1.2755576149221448,-1.5360790223567458,-0.9597268304876572,0.1009255432286319,0.9009167353318976,39.45373437200658,116.40509750315222,1.1550472985675817,1467.1053738594055,3492088811
1001,2252,4.151954966664936,4.151954966664936,1.4387197066823665,-2.0002536165084672,0.9129547628591472,0.062378122102870526,0.8849956326272116,48.52458005775679,139.88224647864166,0.9657690121385201,1467.1053738594055,3492088811
1002,2253,6.869440047830371,2.8694400478303708,1.5373091929705387,-1.680878097972653,-1.680878097972653,0.06217157194480429,0.9081483262428597,49.318107281758294,145.5834585515322,0.9775033657658097,1467.1053738594055,3492088811
1003,2254,9.689236176368556,5.6892361763685555,1.6892361763685557,-2.1996330980277152,-0.31776580385492603,0.04556229803620139,0.8834291052355127,49.83501769970612,149.3692638082854,1.0143554034075983,1467.1053738594055,3492088811
1004,2255,9.671644871728667,5.671644871728667,1.6716448717286663,-4.310815789101113,-0.3108157891011136,0.04726923323130847,0.8973670317482331,51.820188738568085,155.31527821261233,1.0097824131534214,1467.1053738594055,3492088811
1005,2256,5.1379290588045485,3.5159467172692,1.4944756049942074,-2.505524395005793,1.4944756049942074,0.036597006859891736,0.8910961823139121,68.3680499043167,183.7327019520315,1.231826370659536,1467.1053738594055,3492088811
1006,2257,2.8157920954157643,2.8157920954157643,2.8157920954157643,0.5135615296977991,2.8157920954157643,0.004353884850594158,0.9069073337147979,152.12839808181846,266.2656199013789,2.0558585380408467,1467.1053738594055,3492088811
1007,2258,7.736257334821713,3.7362573348217127,1.6677450420256654,-1.460960982191845,-1.102945683384417,0.04764816854897082,0.9028886681010218,52.82169725079435,156.99152732502773,1.0205773614306972,1467.1053738594055,3492088811
1008,2259,5.88585683911044,1.88585683911044,1.88585683911044,-3.6064051742580014,0.39359482574199833,0.04500989720420748,0.9035038711308562,58.25086081187068,148.21235472508366,0.9672170412875825,1467.1053738594055,3492088811
1009,2260,2.285431537460426,2.285431537460426,1.6891662690998117,-5.8505573579730905,-1.8505573579730903,0.05407967713888155,0.8790941110061925,48.11741375018732,141.34836828602414,0.9868953681136147,1467.1053738594055,3492088811
1010,2261,4.203215401727979,3.1740333459239425,1.6619622562096616,-4.4960299258414915,-0.49602992584149175,0.04827289862107438,0.884748342121484,49.12271792446997,144.0637493701996,0.9708900700828826,1467.1053738594055,3492088811
1011,2262,7.265839791575466,3.265839791575467,1.2993408808516835,-3.9649054496115057,-1.2151916557661164,0.09691382094655701,0.893326835900585,38.830799382815954,115.51640060641135,1.0955127648395642,1467.1053738594055,3492088811
1012,2263,8.635591882843194,5.872584929879103,1.872584929879103,-2.1274150701208967,1.872584929879103,0.01452365493674566,0.9903345796888129,160.0,472.7057039638595,4.518463076700533,1467.1053738594055,3492088811
1013,2264,7.362066435795825,3.3620664357958243,1.500744884414323,-5.601463210932503,-2.499255115585677,0.0667124433507931,0.9008835795236043,46.62880017606568,139.72734939543955,0.9496170742799315,1467.1053738594055,3492088811
1014,2265,7.666205840460956,5.066958605766322,1.0669586057663223,-2.933041394233678,1.0669586057663223,0.08856765840309774,0.976174248792134,84.46768748274202,249.5521405025308,2.742644490963188,1467.1053738594055,3492088811
1015,2266,7.433488270221353,3.4334882702213525,0.9575683392058134,0.4502764526891013,0.9575683392058134,0.08752014646340962,0.9562627122911203,90.36594545706897,193.96602097313718,1.9632638221622916,1467.1053738594055,3492088811
1016,2267,7.821052440275103,3.821052440275103,1.425100134876835,-3.8415904261426195,0.1584095738573803,0.0758748464113207,0.8882266673427341,42.37839694977128,124.28961994886308,0.9308649631389717,1467.1053738594055,3492088811
1017,2268,4.225923675014893,1.5615275063122434,1.5615275063122434,-6.438472493687756,-2.4384724936877564,0.08702647243182232,0.9996586320785337,160.0,469.330825310911,4.786970544927609,1467.1053738594055,3492088811
1018,2269,5.339814830152798,2.3112519325372816,2.3112519325372816,-1.6887480674627184,2.3112519325372816,0.01040946681444207,0.8878162075445932,111.91260776993202,223.7752190406279,1.716176696315765,1467.1053738594055,3492088811
1019,2270,1.994774148230221,1.569780558127946,1.569780558127946,-1.1160420902105723,-1.1160420902105723,0.09439890583318934,0.9163520607998674,48.6094620212032,127.63553522102131,1.1730863483377232,1467.1053738594055,3492088811
1020,2271,8.105418749382743,5.876342956554279,1.8763429565542782,0.3337888389310799,1.8763429565542782,0.01386054498102934,0.9235021078900203,102.6016634250864,294.05844730723476,2.1940940274446166,1467.1053738594055,3492088811
1021,2272,8.472322687195266,4.472322687195267,1.5514529542484934,-3.396418260600146,-0.7689712987134953,0.060393056967146974,0.8911579592607589,46.51416688533625,139.13199074973667,0.9312819086997058,1467.1053738594055,3492088811
1022,2273,6.721948289218824,2.7219482892188234,1.3864413842995318,-0.14497559537839022,-0.14497559537839022,0.07643003222927705,0.9638926785279902,68.97203554691322,182.46692633545018,1.9206629390406662,1467.1053738594055,3492088811
1023,2274,6.957021783981373,2.957021783981373,1.563396832286046,-1.1880887926456432,-0.6077371021791984,0.05887183995982381,0.8929100079545642,47.34127642064477,137.05216158487622,0.908969213622214,1467.1053738594055,3492088811
1024,2275,9.490847669835349,5.4908476698353486,1.4908476698353488,-1.9806752454631942,0.04066850715880754,0.06748593737577586,0.8739772207359678,41.91941035789307,125.48455680794741,0.9655657706559715,1467.1053738594055,3492088811
1025,2276,7.394372386419551,5.266329967940045,1.2663299679400448,-3.8742461937675103,0.1257538062324901,0.10045777352651021,0.9998811738648461,160.0,478.3659656799078,5.033558196634712,1467.1053738594055,3492088811
1026,2277,5.670462468686816,1.6704624686868166,1.6704624686868166,-2.068683730581668,1.4424959298929412,0.05399896926170152,0.8934902982360932,66.3875100239245,138.7493395035813,0.9090947681535152,1467.1053738594055,3492088811
1027,2278,6.391767107941197,2.391767107941197,1.290699394031677,-3.8207627000367386,-1.7580190754282583,0.09895078320343517,0.8997517986207053,39.60057749947366,117.29238866561086,1.130280168554676,1467.1053738594055,3492088811
1028,2279,5.5395856025011,1.5395856025011008,1.5395856025011008,-2.1696823893822463,1.1529077706335535,0.07552669902365305,0.9092405941833959,58.9086435096901,126.79541388403086,0.9361577967075813,1467.1053738594055,3492088811
1029,2280,7.406644472697663,3.4066444726976632,1.640732074050878,-3.878371732825639,-1.9217952825756404,0.05042966094000881,0.8966076969111112,50.581470817759005,151.35123035600319,0.9836509817877348,1467.1053738594055,3492088811
1030,2281,9.899066518492162,5.8990665184921625,1.899066518492163,-2.100933481507837,-2.100933481507837,0.02877726732068555,0.9082554443214309,62.56629759841636,187.67591591820434,1.2974299524573643,1467.1053738594055,3492088811
1031,2282,1.8557300428044288,1.8557300428044288,1.8557300428044288,-2.85236564286713,1.1476343571328698,0.06251547860001741,0.9105937519660157,63.53287085663032,132.86655352419302,0.9033797719413171,1467.1053738594055,3492088811
1032,2283,1.8864172010980917,1.8864172010980917,1.8864172010980917,-2.36535411208434,1.0634564809143152,0.059659519721547885,0.9094879913177524,62.63764049177647,133.68021160767023,0.8954727651607647,1467.1053738594055,3492088811
1033,2284,9.983961660764107,5.983961660764107,1.9839616607641073,0.3736702543523278,0.9837472098599558,0.01989662603157209,0.9470248178176021,91.87919826930275,268.8965882884477,2.22495860884638,1467.1053738594055,3492088811
1034,2285,3.2644090322277393,3.2644090322277393,1.373790900703572,-5.544222175377592,-1.5442221753775918,0.08486840218278985,0.901323597417231,42.56446407846827,126.74608113497169,1.0099151798041246,1467.1053738594055,3492088811
1035,2286,3.2790177266672194,3.2790177266672194,1.5733201091224458,-3.114613940407387,0.8853860595926127,0.0508445699421818,0.8941145811699689,52.68421738522817,143.59439244220735,0.93697770974183,1467.1053738594055,3492088811
1036,2287,1.9475338832905917,1.9475338832905917,1.9475338832905917,-0.916444779598514,-0.5609918477186704,0.05499046424418866,0.9001633894354525,58.29488459781749,149.6514386614387,0.9746648578280858,1467.1053738594055,3492088811
1037,2288,3.175787252019487,3.175787252019487,1.7352097189469848,-2.610699306650499,0.873214126978524,0.038150626591223355,0.8867342829089819,55.177034125470755,148.71791946111858,1.013536556964499,1467.1053738594055,3492088811
1038,2289,6.874183190133863,4.997392943598837,0.9973929435988372,-0.9891800558355665,0.9973929435988372,0.10042835123233534,0.8713481705845408,42.87424963530534,126.59914112330765,1.3398261388013961,1467.1053738594055,3492088811
1039,2290,5.833144285607249,3.7048088122284897,3.7048088122284897,-3.202223989325245,0.7977760106747547,0.00018921793025041618,0.8746171398888405,139.59308060899448,398.3735182550202,3.066114991918117,1467.1053738594055,3492088811
1040,2291,3.0928039167598405,2.2417656096046437,2.2417656096046437,-1.7582343903953563,-1.7582343903953563,0.020196686351985967,0.9805492798189789,108.28989530581785,315.4538112742003,3.183488285013879,1467.1053738594055,3492088811
1041,2292,5.457289099301905,5.457289099301905,1.4572890993019043,-3.3983894682943823,-0.4039657755857595,0.07245375756928008,0.8864797370187913,42.64813281122995,127.79033645608197,0.9348996507745153,1467.1053738594055,3492088811
1042,2293,6.28205249309487,2.28205249309487,1.4555771429480164,-1.203337212521709,0.10124332438216621,0.07330761057883876,0.9003601033556454,45.30390781298871,122.36974659146685,0.8776001333326178,1467.1053738594055,3492088811
1043,2294,5.146769364083484,5.146769364083484,1.1467693640834837,-1.2889505416261393,0.4369571565724357,0.11490168081981363,0.8539908991354965,31.75071497456311,94.60150282085492,1.5893214121829473,1467.1053738594055,3492088811
1044,2295,2.4236264842392465,2.4236264842392465,1.3749055074935548,-1.2972343984784782,0.6440510389795933,0.08003795482397247,0.9048380896699522,46.7673861443999,117.34522396031173,0.9039379784441448,1467.1053738594055,3492088811
1045,2296,5.441778917243421,5.441778917243421,1.4417789172434212,-1.7220076266255766,-1.7220076266255766,0.07465246843901654,0.9072475142175966,45.91462854345619,137.66266340885565,0.994828111720111,1467.1053738594055,3492088811
1046,2297,5.591379866180742,5.591379866180742,1.5913798661807423,-2.0733229766413332,-2.0733229766413332,0.05575902792679834,0.9183799035799951,53.48755054713245,160.4268405148211,1.097911499635936,1467.1053738594055,3492088811
1047,2298,5.58051928550685,5.58051928550685,1.58051928550685,-1.630881798702183,-0.9501661169641782,0.05696863244408486,0.8956360930089432,48.329954140022394,144.89080986703598,0.9503597944890636,1467.1053738594055,3492088811
1048,2299,7.34444196784405,3.34444196784405,1.2316241777271495,-1.778488748107609,-1.778488748107609,0.10898934628021466,0.9007614169094655,38.056460597479884,113.24501059201705,1.2711343615804924,1467.1053738594055,3492088811
1049,2300,1.7808393825006694,1.7808393825006694,1.7808393825006694,-1.4859430166015268,0.3559947602923561,0.07732457976105893,0.9167382159529127,55.78853265437213,130.1421243389417,1.0025410311479683,1467.1053738594055,3492088811
1050,2301,5.521997820712069,5.521997820712069,1.5219978207120688,-4.6058965337570585,-0.6058965337570585,0.0639921439806882,0.9939287093497603,97.54045560256644,292.39396698983745,3.2870007015547196,1467.1053738594055,3492088811
1051,2302,5.601324653787957,5.601324653787957,1.6013246537879575,-1.1113390214549446,-1.1113390214549446,0.054473733145177776,0.8950806406103395,49.065617450706206,146.9695725986194,0.960239457811588,1467.1053738594055,3492088811
1052,2303,4.356228876797549,3.637847207138373,3.637847207138373,0.5562644881625913,0.5562644881625913,0.00024647925058082657,0.8931680641373881,142.62773708241676,375.31796650927254,2.823547950961724,1467.1053738594055,3492088811
1053,2304,1.8352724641909972,1.8352724641909972,1.8352724641909972,-3.4174643913455363,-1.6511812080396913,0.06967687650626879,0.9035332414200505,54.399389879495835,155.71385277705772,1.0717576996044436,1467.1053738594055,3492088811
1054,2305,7.037243056773874,3.037243056773873,1.5420231668876052,-1.5648649002222161,0.046193580671146206,0.061141033570844376,0.8820001017530632,44.82978692105953,128.23112916718128,0.9009406556461825,1467.1053738594055,3492088811
1055,2306,6.016310324703813,2.0163103247038134,2.0163103247038134,-4.216431968214586,-0.21643196821458544,0.03390293932890113,0.8854309865563694,59.22085988539463,162.00900439188018,1.1236495017408514,1467.1053738594055,3492088811
1056,2307,9.475162339377535,6.140435468953312,2.1404354689533123,-1.8595645310466877,-1.8595645310466877,0.016159203822872416,0.9860406979480393,112.98555379275903,338.90690634284357,3.516262235384663,1467.1053738594055,3492088811
1057,2308,6.425152025230411,3.5430545243167564,1.4251013051429018,-3.4486004859967743,-2.574898694857098,0.07706364282780252,0.8984361751719818,43.68107737445454,130.93986035149834,0.9627177606433013,1467.1053738594055,3492088811
1058,2309,3.9436259440619637,3.9436259440619637,1.4701981685524017,-2.599448619537665,-1.8672806728676448,0.07075848701262913,0.897722425617782,45.02069072926966,134.81098803019472,0.9417732562908082,1467.1053738594055,3492088811
1059,2310,3.2109959884075776,3.2109959884075776,1.5740417129437216,-3.9438885022374834,-2.4259582870562784,0.05794442215270593,0.8936943156408466,47.73402745934285,142.84444339151787,0.9425214069182114,1467.1053738594055,3492088811
1060,2311,5.1081195769728005,2.367243097088835,1.5197249127664119,-2.895171071347077,-2.0817938282878523,0.06550299576834569,0.893696412177766,45.742450462124246,135.94035940962067,0.925048748360978,1467.1053738594055,3492088811
1061,2312,3.7923862200857577,3.7923862200857577,1.5980258302864545,-4.684472590557223,-1.4539747139494765,0.05503214552137866,0.8976439692201674,49.310605176508105,147.38354598336534,0.9608684863696696,1467.1053738594055,3492088811
1062,2313,5.723344199396406,5.723344199396406,1.723344199396406,-4.900605881065806,-0.9006058810658062,0.04241278192849616,0.8907651200666483,52.355677144331224,157.01524403325098,1.0406123656060027,1467.1053738594055,3492088811
1063,2314,2.8367070655384117,2.8367070655384117,1.4630382480589035,-0.9217136934977412,-0.22800442504154228,0.07186129418452426,0.8987909701138083,45.34216011745755,126.31931385941026,0.8933568375124986,1467.1053738594055,3492088811
1064,2315,1.6246388283650466,1.6246388283650466,1.6246388283650466,-5.3174707492484625,-1.3174707492484632,0.10490464161773581,0.9102591019949282,47.851739090019606,132.57285067123013,1.3409391863361269,1467.1053738594055,3492088811
1065,2316,9.776651526624912,5.776651526624912,1.7766515266249119,-3.1304959964943455,-2.223348473375088,0.0378127933620292,0.9062003632901919,57.45140017063765,172.349821742322,1.1468927574335512,1467.1053738594055,3492088811
1066,2317,4.37989684702661,2.8548448533761475,1.4258306644838714,-6.574169335516128,-2.5741693355161286,0.07701953506647148,0.8772925991921885,40.1701972030246,120.2394220077564,0.9720403405426501,1467.1053738594055,3492088811
1067,2318,5.392808148772453,2.507970713762263,2.507970713762263,-2.37002792703482,-1.4920292862377371,0.009892696829426067,0.8999171726466945,83.49180289959484,246.30279545520023,1.84578513321584,1467.1053738594055,3492088811
1068,2319,1.7391185540275242,1.7391185540275242,1.7391185540275242,-1.8546997077444671,-0.2378241739732747,0.08439158310445971,0.9095934811931532,52.0462937641155,131.44836236954694,1.0492462624975307,1467.1053738594055,3492088811
1069,2320,6.139922615123122,3.7767354180540416,1.448975513724043,-2.138535381923358,-2.138535381923358,0.07366772175419214,0.9011851218075193,44.96988356904758,134.5616910364604,0.9594961072838009,1467.1053738594055,3492088811
1070,2321,2.616040603417937,2.616040603417937,2.616040603417937,1.3541250379428547,1.3541250379428547,0.008500091071095539,0.9160212681610725,138.11553341321058,230.4912770127733,1.800297027714195,1467.1053738594055,3492088811
1071,2322,5.660668293383664,1.660668293383664,1.660668293383664,-2.7525443224648534,1.2474556775351464,0.06000423516376394,0.9037073344947808,62.069199464036416,134.29293878555433,0.8887344032571798,1467.1053738594055,3492088811
1072,2323,5.1788651233884275,3.5413276405701297,1.5679874384979053,-3.131700134511262,-2.432012561502095,0.058442316526430844,0.9064527978829297,50.03082629148958,149.93257692134662,0.9900506959886204,1467.1053738594055,3492088811
1073,2324,3.9185153180929753,3.9185153180929753,1.4798325129275254,-4.348215274194218,-0.944267482469598,0.06946275907789685,0.8959679414383577,45.016590549111974,134.22806096592987,0.9316645257434071,1467.1053738594055,3492088811
1074,2325,7.850646847022212,5.565567238302039,1.5655672383020387,-2.9492528045705932,0.237749025725563,0.0579121188596757,0.8809964829102207,45.65698033215151,136.616197457973,0.9515777063074683,1467.1053738594055,3492088811
1075,2326,9.551988891517757,6.155639965326875,2.1556399653268747,-5.844360034673125,-1.8443600346731253,0.015555894650877053,0.9001351541655099,70.91812538922956,212.7496269064865,1.563038412040949,1467.1053738594055,3492088811
1076,2327,5.4469089185602755,5.4469089185602755,1.446908918560276,-0.7594148911195044,-0.7594148911195044,0.07293071083114565,0.8897209619878403,43.495774309808795,130.01869755389401,0.9408013721952398,1467.1053738594055,3492088811
1077,2328,5.636611748314927,5.636611748314927,1.6366117483149265,-3.2336402535711795,-1.1859515553681692,0.05085572725580356,0.8993094939753373,50.957352279614554,152.83640995144694,0.9916696806234001,1467.1053738594055,3492088811
1078,2329,9.585298650296437,5.585298650296436,1.5852986502964361,-1.1066569609250956,-0.4494197769977135,0.05623638057517967,0.8888230495284457,47.38861365047636,141.92061517891392,0.9459223659009138,1467.1053738594055,3492088811
1079,2330,1.741775713447934,1.741775713447934,1.741775713447934,1.081299774599803,1.081299774599803,0.059015330144091424,0.9444661429538712,129.49035129052075,172.20979678364165,1.434481113304753,1467.1053738594055,3492088811
1080,2331,1.9664856895702745,1.9664856895702745,1.9664856895702745,-1.810772732694846,0.6388932626699604,0.052377670059588904,0.9008897561741414,59.832096760769716,139.18767397800875,0.9039344497236788,1467.1053738594055,3492088811
1081,2332,3.01371702088891,3.01371702088891,1.4750664180054236,-5.840333888594637,-2.259399098005829,0.07050698291366536,0.8909034626070587,43.942397256398706,131.25452855714911,0.9290576575638124,1467.1053738594055,3492088811
1082,2333,3.4878828632579406,2.1710181098392254,2.1710181098392254,1.1930139399821316,1.1930139399821316,0.01570193008515732,0.9234957252240961,125.98180256371718,230.5805740900688,1.762259344507859,1467.1053738594055,3492088811
1083,2334,1.3167495934886535,1.3167495934886535,1.3167495934886535,1.3167495934886535,1.3167495934886535,0.0939612869999773,0.9199577040174726,133.3217169221499,133.3217169221499,1.2241944284647044,1467.1053738594055,3492088811
1084,2335,1.5330919644304868,1.5330919644304868,1.5330919644304868,-0.23781729015307262,1.5330919644304868,0.09797552198313965,0.9885892931090865,127.75074839389802,207.4748463756982,2.910505578311677,1467.1053738594055,3492088811
1085,2336,1.7309264552880832,1.7309264552880832,1.7309264552880832,-2.353279787040642,1.1815723865007164,0.0782452133216925,0.9140520748587144,62.25973835410001,126.33444178125362,0.9729767129842664,1467.1053738594055,3492088811
1086,2337,4.105808133240173,4.105808133240173,1.5200154691302108,-0.7609820644446346,-0.7609820644446346,0.06346479569476599,0.890977083296259,46.02702866468358,135.59084895781973,0.9201046961186298,1467.1053738594055,3492088811
1087,2338,7.453136074040795,3.453136074040795,1.355609130711927,-4.379136542486614,-0.37913654248661355,0.08747582546104052,0.8807183099007649,38.57947030880195,113.59958677050022,1.0107485777509504,1467.1053738594055,3492088811
1088,2339,2.6050234955553426,2.6050234955553426,2.6050234955553426,0.54559357124832,2.030358397072226,0.009431145442224544,0.9245780011946819,116.4338025887622,219.83623148320146,1.7729477971685437,1467.1053738594055,3492088811
1089,2340,1.6946677627361875,1.6946677627361875,1.4162032020554767,-2.0348365681887453,1.4162032020554767,0.08314306303254877,0.9029767835780407,64.50877062706591,126.50908750559937,0.9913853365170934,1467.1053738594055,3492088811
1090,2341,3.4774251930831523,3.4774251930831523,1.3591452858289037,-3.1444658475884966,0.8555341524115038,0.07231504250475425,0.9066929297538022,50.3846276053713,139.96736680972919,0.9916644970662161,1467.1053738594055,3492088811
1091,2342,1.5027164126182024,1.5027164126182024,1.5027164126182024,-1.158398147547148,0.467931049559122,0.12776042695677955,0.9609851518214442,61.09589180506062,129.67058864398297,2.3466035228938917,1467.1053738594055,3492088811
1092,2343,5.4785974858461515,4.8380768733516994,0.8380768733516997,0.8380768733516997,0.8380768733516997,0.08125446198672681,0.8314351511456971,61.00200446354762,170.65390523771518,1.982325657568881,1467.1053738594055,3492088811
1093,2344,6.668406760665537,2.668406760665537,1.4760551782438767,-1.9427220488769312,1.0542610171071027,0.054851522075068444,0.889423276967409,53.0167338709316,136.77115538651427,0.9081369519945232,1467.1053738594055,3492088811
1094,2345,3.048252406193478,3.048252406193478,1.2283350290773791,-1.2381995796077856,0.8319279969623445,0.08793239462500624,0.8877705442404128,43.88014620168829,117.14900881789296,1.0048260108237794,1467.1053738594055,3492088811
1095,2346,2.5304049090427436,2.5304049090427436,1.4243307884204075,-1.6147107454863923,-0.16456542618890158,0.07943795379374047,0.8808835198348484,40.59539444351433,111.76747854649486,0.9149770966808373,1467.1053738594055,3492088811
1096,2347,3.424604312845159,3.424604312845159,1.414077750184314,-1.7397821751114746,0.6073336811399545,0.0725604057320924,0.8746708003408968,42.10092536727669,118.34790875407693,0.9451037553596663,1467.1053738594055,3492088811
1097,2348,3.910176532112482,1.8318594352979203,1.8318594352979203,-0.6411140779703441,-0.6411140779703441,0.050439293958892295,0.9751704243801709,84.28499272897709,218.85833713582085,2.290846409641956,1467.1053738594055,3492088811
1098,2349,2.885653687545519,2.72205127468501,2.72205127468501,-0.19812922485179785,-0.19812922485179785,0.0067362279025283195,0.9171992795948543,98.91474152544082,259.17386878586524,2.015446886471335,1467.1053738594055,3492088811
1099,2350,4.131598230992372,4.131598230992372,1.558466286678367,-2.486307447898199,0.010366456279201408,0.0592585065837022,0.8718106289120228,43.678831275559254,129.07516423488445,0.9730458188305511,1467.1053738594055,3492088811
1100,2351,6.0250016632437475,2.025001663243748,2.025001663243748,-1.948659150546916,1.1857271781926608,0.030856151020778107,0.893280448154548,66.01889582311703,153.4421200211073,1.058866572832431,1467.1053738594055,3492088811
1101,2352,9.13062119950649,5.130621199506489,1.130621199506489,-0.1259289131165997,-0.1259289131165997,0.11488294973506263,0.8892841213525866,39.41652112656874,116.60621105040524,1.4230881120103334,1467.1053738594055,3492088811
1102,2353,5.790324931060315,1.7903249310603153,1.7903249310603153,-5.049111139753805,-1.8604627213835123,0.05543643450982867,0.8907525888397542,51.66802527878879,151.48007222804938,1.0004223106393888,1467.1053738594055,3492088811
1103,2354,8.070609954047477,4.070609954047476,1.4975062669763917,-1.537105776004485,-1.537105776004485,0.06707841642403557,0.9008099816690478,46.5337491538799,138.90237890177372,0.9461523898874197,1467.1053738594055,3492088811
1104,2355,3.402558012886719,3.402558012886719,1.4382179967105297,-2.6338273850025455,-0.8344215565203521,0.07525012101027514,0.8935106582820396,43.22015572087429,127.77282458350126,0.9336625193242396,1467.1053738594055,3492088811
1105,2356,6.21191802372015,2.21191802372015,2.21191802372015,-1.3624162267597253,-0.7278709614292689,0.021332122439497805,0.8842377767549074,66.8814299835271,188.58600529510443,1.3883839238816849,1467.1053738594055,3492088811
1106,2357,10.098490794396097,6.680836735618836,2.6808367356188367,-3.824512588770038,0.17548741122996203,0.003671589550747078,0.9636417362624938,120.18374921727847,360.41212662149854,3.2932725487727135,1467.1053738594055,3492088811
1107,2358,5.886864321266087,1.8868643212660863,1.8868643212660863,-2.280465745386007,0.32392380371956486,0.04498825822237716,0.8913048522156615,55.61893869500325,142.62497701489173,0.9407658975849611,1467.1053738594055,3492088811
1108,2359,4.982966077131242,1.760731669959682,1.760731669959682,-3.3745508948567107,0.6254491051432891,0.057543035355658835,0.8994687251391261,53.67026889561709,130.40142537138792,0.8547568374958756,1467.1053738594055,3492088811
1109,2360,1.770443210121352,1.770443210121352,1.770443210121352,-1.2915534805916211,1.770443210121352,0.06232894763930456,0.9255822498387543,88.58345799127962,166.02039259826708,1.2013250415423824,1467.1053738594055,3492088811
1110,2361,1.848939734384978,1.848939734384978,1.848939734384978,-1.9901325341921787,1.6372967365307138,0.05633286684030057,0.8999730988415964,74.969858791322,146.97777601690905,0.9596593593064748,1467.1053738594055,3492088811
1111,2362,5.213294849208134,4.0197862224326935,1.503369390326975,-6.496630609673025,-2.496630609673025,0.06637174232654773,0.8891067692423619,44.568336625329955,133.65410278875387,0.9266524355780742,1467.1053738594055,3492088811
1112,2363,5.220130729124685,5.220130729124685,1.2201307291246855,-2.7798692708753148,-2.7798692708753148,0.1112072524115231,0.8869595193792357,35.449032872592426,106.3374965994135,1.2935419959949361,1467.1053738594055,3492088811
1113,2364,7.896104394359176,5.298647192713416,1.298647192713416,-3.664089709778751,-2.7013528072865842,0.09703251518839633,0.904342088826823,40.72772242830305,122.17948644095014,1.1364984153829916,1467.1053738594055,3492088811
1114,2365,3.4658584172861806,3.4658584172861806,1.273470491600736,-3.1304142537252817,-2.3338274674639363,0.10146250810895122,0.8932170394674733,38.03388414343775,113.87718574393237,1.1540857562512443,1467.1053738594055,3492088811
1115,2366,5.481411920072758,5.481411920072758,1.4814119200727578,-2.518588079927242,-2.518588079927242,0.06924791846109143,0.8947175860620735,44.830671472226086,134.478593159988,0.9338030653358329,1467.1053738594055,3492088811
1116,2367,9.344574098064893,5.344574098064892,1.3445740980648921,-2.229671862077401,-2.229671862077401,0.08937706750732827,0.8980202224678937,41.02943552565835,123.06093647820249,1.037944123687161,1467.1053738594055,3492088811
1117,2368,1.8752050520891703,1.8752050520891703,1.8752050520891703,-3.1975613812747463,0.802438618725253,0.06273625283325523,0.9114078538929729,59.85386976941902,133.45348448187514,0.9108077453027337,1467.1053738594055,3492088811
1118,2369,9.412854033459368,5.541659187540998,1.5416591875409977,-4.399194866386749,-2.458340812459002,0.06157821698274989,0.904190604307912,48.64911668598218,145.94417973842596,0.9701434302076285,1467.1053738594055,3492088811
1119,2370,5.491681727124369,5.491681727124369,1.4916817271243699,-3.1186231352257336,-2.50831827287563,0.06789128667155066,0.9003995386426789,46.22167664395617,138.66029594396753,0.9488872395582013,1467.1053738594055,3492088811
1120,2371,8.400383842520421,4.400383842520421,1.4813711568287058,-3.6419840247389343,-2.146602002190971,0.06925380812959435,0.9020686844550249,46.20323114586164,138.55964567254506,0.9566710130764745,1467.1053738594055,3492088811
1121,2372,1.726423908598989,1.726423908598989,1.726423908598989,-3.847538725760581,0.15246127423941913,0.08630259466015106,0.903496914703205,50.408774699152914,121.23203067263026,0.9914937328827177,1467.1053738594055,3492088811
1122,2373,1.603893942637976,1.603893942637976,1.603893942637976,1.603893942637976,1.603893942637976,0.05436871612384331,0.8848308690972422,141.4611021220938,141.4611021220938,0.9561013642976615,1467.1053738594055,3492088811
1123,2374,4.0259131867394755,4.0189111457526305,4.0189111457526305,0.8126178453616171,0.8126178453616171,7.830120680655067e-05,0.8742545064102933,160.0,418.89316441486636,3.2037936935107836,1467.1053738594055,3492088811
1124,2375,7.81185688127277,5.546622786981269,1.5466227869812685,-4.42460242773892,-1.2818042670400411,0.060977038672476926,0.9040681795866629,48.79405912572345,146.35048384329667,0.9705331345900263,1467.1053738594055,3492088811
1125,2376,3.1776523843921956,3.1776523843921956,1.7667895794021111,-1.5073167077101781,1.4209598811483095,0.02743210077619287,0.8880190948916875,67.34817444068106,170.99457061645046,1.2099159462413727,1467.1053738594055,3492088811
1126,2377,3.944037329807773,3.944037329807773,1.5648419927775767,-4.153125855572082,-0.1531258555720818,0.05868575379809923,0.8863399710232365,46.18108150406114,136.3656272652011,0.9250267962413448,1467.1053738594055,3492088811
1127,2378,3.826484596523276,3.826484596523276,1.5814183928403396,-4.832563699628325,-2.4185816071596604,0.056902094045140704,0.8998402657805644,49.170003538818754,147.3859168224034,0.963472193962371,1467.1053738594055,3492088811
1128,2379,4.266546470175943,4.266546470175943,1.475981701149387,-3.5041829723412863,0.49581702765871394,0.06666110001670196,0.8963145640415798,46.6293013776836,136.80333993850013,0.9323576240602817,1467.1053738594055,3492088811
1129,2380,4.804744483436763,3.7151331723410923,1.0064925373913314,0.32426292254382605,0.32426292254382605,0.1122164450435938,0.8978217632117489,51.76915919232479,141.4889076283735,1.5152951502604701,1467.1053738594055,3492088811
1130,2381,3.376951720275595,3.376951720275595,1.9070681152565454,-5.348772038693358,-1.3487720386933582,0.028416652263882975,0.8727243664959194,55.6822044892565,165.70448100129224,1.2614512345390918,1467.1053738594055,3492088811
1131,2382,7.721833202882572,3.7218332028825722,1.0368468401188646,-0.4296649680526201,0.6650698571672227,0.11824828858774768,0.9048463081055347,42.798505121134774,116.74070445343366,1.4789438466597065,1467.1053738594055,3492088811
1132,2383,3.926281051798905,3.926281051798905,1.4205975673488407,-4.743196323271341,-2.0734797470452087,0.07772143043242077,0.9067253315908091,45.110349079806205,135.16883058946556,1.0023022899192129,1467.1053738594055,3492088811
1133,2384,5.87814268773755,3.6064387299015683,1.4840012803814642,-1.3076380968726935,-0.040692899368147906,0.0684265246119702,0.8801959216311719,42.680379016874845,124.83354488963498,0.9226194942580301,1467.1053738594055,3492088811
1134,2385,4.110398003212536,4.110398003212536,1.367822081853978,-2.632177918146022,-2.632177918146022,0.08568485632469422,0.9021321758016877,42.51648459298989,127.44794212060444,1.0237785760241929,1467.1053738594055,3492088811
1135,2386,5.249675871958029,5.249675871958029,1.2496758719580294,-1.5960899194432476,1.2496758719580294,0.06196039572686777,0.8717072731051743,52.91077505951791,156.20574579645992,1.1587852851212908,1467.1053738594055,3492088811
1136,2387,5.627557288431264,5.627557288431264,1.6275572884312641,-3.513239192782226,-0.4419087685834775,0.05179225579053656,0.8870410399109878,48.35181655888432,144.93215580682417,0.9665888294217027,1467.1053738594055,3492088811
1137,2388,1.6530058323593049,1.6530058323593049,1.6530058323593049,-3.056412241648727,0.9435877583512726,0.09377525274930931,0.9118894494348875,54.93654302831105,114.11781181741708,1.0574896653434862,1467.1053738594055,3492088811
1138,2389,1.62870085592183,1.62870085592183,1.62870085592183,-2.3712991440781703,1.62870085592183,0.08261022276920667,0.8960899225564132,70.52953062273978,136.78402521530018,1.05363112645359,1467.1053738594055,3492088811
1139,2390,2.208212701816184,2.208212701816184,2.208212701816184,-3.236777029543831,-0.753085121157671,0.03046876982600354,0.9093800041029506,71.30629702171485,199.75050181807615,1.368191199603727,1467.1053738594055,3492088811
1140,2391,2.102514527800377,2.102514527800377,2.102514527800377,-2.186279911705446,0.40135454073807253,0.03896235306236613,0.8859079994410048,61.5572706561719,152.25813611747503,1.0371235131011305,1467.1053738594055,3492088811
1141,2392,2.3176101751688307,2.3176101751688307,1.350404920251685,-1.2644192889142143,0.2718443892928035,0.09062117084258109,0.8891076401043102,40.41277369104706,104.05493391901115,0.9476745042286496,1467.1053738594055,3492088811
1142,2393,2.8674426180181616,2.8674426180181616,1.5164399632604615,-2.9660647072492488,-1.6396267715675077,0.06550661696203389,0.8967982948696148,46.30926969821947,137.26369988802716,0.9291058745430913,1467.1053738594055,3492088811
1143,2394,5.791890245763345,5.791890245763345,1.791890245763345,-3.4998702283484446,-1.6527755056601035,0.036575273844654706,0.8993758305783145,56.546130446078315,169.62618433832316,1.1282435889741111,1467.1053738594055,3492088811
1144,2395,2.960313770946344,2.960313770946344,1.8017700046251963,-3.453953871171815,0.5460461288281848,0.03578000181126585,0.8923621654239902,56.17345796239568,152.7976689417988,1.0313947785264137,1467.1053738594055,3492088811
1145,2396,2.2500889979967447,2.2500889979967447,1.7526184728314955,-1.2444012391497867,-0.6175514267611037,0.04996896107139927,0.8987403082860004,53.77609501651227,146.79092568138267,0.9525096778111155,1467.1053738594055,3492088811
1146,2397,7.8072369662644245,6.698881791884162,2.6988817918841623,-3.4753913196708415,-0.5907044063295959,0.0034786434867417086,0.8901471638910826,92.49030402605766,277.4455705903304,2.148430266950348,1467.1053738594055,3492088811
1147,2398,5.531723470511649,5.531723470511649,1.5317234705116485,-6.041864776829874,-2.0418647768298746,0.06279534341912309,0.9011888431569921,47.71789758048718,143.14550503647808,0.9540715861259802,1467.1053738594055,3492088811
1148,2399,1.8445140128873847,1.8445140128873847,1.8445140128873847,-5.391556069065498,-2.1554859871126153,0.06836860888902739,0.8966988732014022,53.31153847171728,154.50820729947364,1.0560193022953883,1467.1053738594055,3492088811
1149,2400,4.94880709921167,4.94880709921167,0.9488070992116707,-3.051192900788329,0.9488070992116707,0.10981070670554645,0.9993597761364486,160.0,472.2523714460988,5.136863686452471,1467.1053738594055,3492088811
1150,2401,5.100268154168949,5.100268154168949,1.1002681541689494,-2.8997318458310506,1.1002681541689494,0.0831709986868872,0.8610795009604774,44.89400454951885,132.52562715488364,1.262841656469965,1467.1053738594055,3492088811
1151,2402,1.5273496267617042,1.5273496267617042,1.5273496267617042,1.222756926961798,1.222756926961798,0.07511968521887818,0.9407594788896324,139.80206054671615,158.88793564710457,1.3841024044963508,1467.1053738594055,3492088811
1152,2403,2.970678962280153,2.970678962280153,1.752892028264771,-1.9147889284100308,-1.9147889284100308,0.040545184120390224,0.89967226041104,55.0971940891206,163.01083848790694,1.071283558134055,1467.1053738594055,3492088811
1153,2404,2.9663090865615995,2.9663090865615995,1.5255398018349586,-1.5484486445436696,-0.3172738565944302,0.06399868810535246,0.8849783258630973,44.59049679281579,127.55519080865754,0.8924699688480381,1467.1053738594055,3492088811
1154,2405,5.473850899860912,5.473850899860912,1.4738508998609117,-4.91033350711691,-0.9103335071169099,0.07025853798924825,0.8995144041907627,45.463653919475334,136.3217115603775,0.9476493250683118,1467.1053738594055,3492088811
1155,2406,1.6761648234398496,1.6761648234398496,1.6761648234398496,-2.4449260535729564,-1.8057967586571828,0.09527874616140243,0.9146510744936679,50.76750300365532,143.76760444222205,1.2817721043524304,1467.1053738594055,3492088811
1156,2407,9.475653496276935,5.475653496276935,1.4756534962769352,-2.618855182254098,-1.5692334409603836,0.07001815430636554,0.8980288890655334,45.24555093612199,135.714445639242,0.9427799703068153,1467.1053738594055,3492088811
1157,2408,9.573613666291745,5.573613666291745,1.573613666291745,-2.480438599862273,-1.8828956083558912,0.05778799410868853,0.8951928372000941,47.99446442109435,143.96777955691022,0.946862352000983,1467.1053738594055,3492088811
1158,2409,3.0307756410272706,3.0307756410272706,1.5193782175952804,-2.150140099013208,0.8256871492188044,0.05722408184923658,0.8823309463117541,48.29759526446451,128.7564466692162,0.8914406406890857,1467.1053738594055,3492088811
1159,2410,7.652070218999221,3.6520702189992207,1.454837063476887,-4.9433197922397625,-0.9433197922397631,0.07285500412439139,0.8965602299348878,44.300876601130824,131.9435243869452,0.9382905196608176,1467.1053738594055,3492088811
1160,2411,7.488829731044534,3.4888297310445338,1.4866283472387614,-3.6277683759825945,-1.5241854592073643,0.06855690465762163,0.8998701325068847,45.96148830258769,137.3210698783926,0.9439171282041936,1467.1053738594055,3492088811
1161,2412,9.452614301381617,5.452614301381617,1.4526143013816168,-2.0218389408735815,-0.6748001753794644,0.07314521390419096,0.8870448730680052,42.57646856091953,127.62814615033629,0.9364013545022831,1467.1053738594055,3492088811
1162,2413,7.1673768173104575,3.1673768173104575,1.4314521289789353,-6.290488983940491,-2.2904889839404903,0.07615702765915111,0.8952808235457353,43.31535566678224,129.6690884196807,0.9500922012143663,1467.1053738594055,3492088811
1163,2414,7.075346867497023,3.4730963418942395,1.0884645523223924,-2.9115354476776076,1.0884645523223924,0.08505696974537204,0.9071585534913424,53.97038341487753,149.324798908953,1.1660501375391072,1467.1053738594055,3492088811
1164,2415,7.861413419777808,3.861413419777808,1.424404271279655,-2.22041422098824,-1.427417788549391,0.0771613461692226,0.8952195710913846,43.07641794359718,128.80478216869602,0.952829433752577,1467.1053738594055,3492088811
1165,2416,5.439732282824922,5.439732282824922,1.4397322828249215,-2.3187343498366046,0.9337112816811486,0.06164198973395542,0.879997441036759,48.00845934638992,142.80907063169664,1.0090019968019925,1467.1053738594055,3492088811
1166,2417,3.243420013157318,3.243420013157318,1.476252903724822,-1.0406546161559904,-0.4728962486249322,0.06969209287247194,0.8920798338447278,44.43621693518293,128.201691761748,0.9011178877502005,1467.1053738594055,3492088811
1167,2418,5.484693908704237,5.484693908704237,1.4846939087042368,-3.015501246600968,-0.6035971519683221,0.06879589679247733,0.8884158429195772,43.8389371253988,131.4074448809743,0.9276133443402885,1467.1053738594055,3492088811
1168,2419,3.173150104163733,3.173150104163733,1.3738279874354165,-3.6496780050688207,-0.41951156076152496,0.0848252068663156,0.876683576234961,38.50760361496342,111.98925401965748,0.9972544011628546,1467.1053738594055,3492088811
1169,2420,5.406885948533562,5.406885948533562,1.4068859485335616,-0.970520276115683,-0.430718855430714,0.07906777356724363,0.888528940968647,41.72326376889074,124.81780838313504,0.9602504206439842,1467.1053738594055,3492088811
1170,2421,3.2128558611621587,3.2128558611621587,1.2164808856749332,-0.36400159047111225,-0.36400159047111225,0.10558064669991427,0.9117009631949586,42.97550244134657,119.38368600368926,1.271772261716426,1467.1053738594055,3492088811
1171,2422,2.1198838637215944,1.9424626609095321,1.9424626609095321,-3.14509420832521,-0.4659530370899485,0.04930506161434849,0.9168775593064855,62.4537757423003,168.8046133968789,1.1390567096494852,1467.1053738594055,3492088811
1172,2423,5.815424302375022,1.8154243023750218,1.8154243023750218,-0.5720667352188855,-0.5720667352188855,0.05209468557886175,0.9136194336114057,58.34276792104974,149.75312765436607,1.000750723596252,1467.1053738594055,3492088811
1173,2424,6.004142342879398,6.004142342879398,2.004142342879398,-2.571849121124678,0.09704251017948051,0.022496108617198293,0.8877168482162097,62.198048642390354,186.39114834974092,1.3490260101143743,1467.1053738594055,3492088811
1174,2425,9.62626429130587,5.626264291305869,1.6262642913058687,-5.283482435119353,-2.0055222082830326,0.05194672212387048,0.9075162342116987,52.28228900122241,156.8396047196119,1.0267455630108686,1467.1053738594055,3492088811
1175,2426,6.754743590208353,2.754743590208353,1.4945441889538504,-3.9833739989064894,0.01662600109351131,0.06721970529755361,0.8808655513399896,43.07272194307915,121.84988548044628,0.8926132143600771,1467.1053738594055,3492088811
1176,2427,3.09784963722043,3.0801516802912774,1.9683335643768196,-3.0784976925427108,-2.0316664356231806,0.02510192045931066,0.88451224493451,60.052253981128224,179.19255841112306,1.2949966207437258,1467.1053738594055,3492088811
1177,2428,9.494323989229944,5.494323989229944,1.4943239892299434,-4.3457672694545355,-0.34576726945453573,0.0674744217500277,0.8965083617096631,45.611409824846085,136.67329441223558,0.9355792546050127,1467.1053738594055,3492088811
1178,2429,5.499948992714147,1.4999489927141467,1.4999489927141467,-4.646710869610816,-2.5000510072858533,0.09748323748441441,0.8989056885809477,42.98540497307972,125.8130490811884,1.1639152533607373,1467.1053738594055,3492088811
1179,2430,6.15019841384206,2.1501984138420602,1.5279745438963028,-5.9527637097060815,-2.4720254561036974,0.06652020954156936,0.8924102796538596,45.520204456554445,135.53372787877973,0.930186603679545,1467.1053738594055,3492088811
1180,2431,5.8593584970136465,1.8593584970136467,1.8593584970136467,-2.403116476985841,0.7533705610885115,0.04660183507146473,0.8961919780533443,56.99197518863182,137.87917823092073,0.8984678273379946,1467.1053738594055,3492088811
1181,2432,2.843348766027236,2.843348766027236,1.8722688841097535,-1.8900080767892349,0.4865099277060434,0.031559824318267586,0.8745931055379086,54.986717176805264,148.5274753550484,1.1154521521343863,1467.1053738594055,3492088811
1182,2433,9.621471009655645,5.621471009655644,1.6214710096556442,-1.7271009781863136,-0.627151164007161,0.05243941481953748,0.8904376419120703,48.75953017527962,146.17114271393032,0.9632567625555153,1467.1053738594055,3492088811
1183,2434,6.395771000872128,2.3957710008721285,1.6479904816407516,-4.660715001333494,-2.3520095183592487,0.05114639097548388,0.8917821618602169,49.66138286385996,148.10668910264417,0.9714132927932199,1467.1053738594055,3492088811
1184,2435,9.402271332564494,5.402271332564494,1.4022713325644942,-1.2630771571177697,-1.2630771571177697,0.08019451554437795,0.8973536135974407,42.85954948671741,128.39010210690984,0.974513532341679,1467.1053738594055,3492088811
1185,2436,4.570378299273054,1.7664473859210652,1.2745142996345624,-1.8883694713820196,1.2745142996345624,0.06750034344794652,0.8928894010529744,58.20741007817073,127.62194125210692,0.8829154594039157,1467.1053738594055,3492088811
1186,2437,8.44682105979603,4.446821059796029,1.4610397803808584,-2.7718840684735895,-2.243275331160943,0.07200209372145588,0.8997068961649235,45.08148827036188,135.19232090657346,0.9516579118346407,1467.1053738594055,3492088811
1187,2438,2.3921049924332465,2.3921049924332465,1.3632371285114713,-1.7124691576102864,0.9681145261370852,0.07160661721063338,0.8923182464990549,49.55979935789626,118.74528346877189,0.85138688380607,1467.1053738594055,3492088811
1188,2439,7.402375559190711,3.4023755591907108,1.497212305903862,-1.6205869301733675,0.2734075657790358,0.06582442168707593,0.8732210326131586,42.40530992763068,122.1340694036016,0.9414538079900766,1467.1053738594055,3492088811
1189,2440,2.3501764617982803,2.3501764617982803,1.4448275832922421,-2.146246735989014,1.1291903609321083,0.05958437383147856,0.894350091309344,55.22441236581584,128.16048541715372,0.8504860255616477,1467.1053738594055,3492088811
1190,2441,6.979320907896587,2.9793209078965863,1.4063592637117486,-1.6901371230550044,0.9909460266421523,0.06280391584603719,0.8921187461994529,50.9866132432933,136.58265757983656,0.9208877683555,1467.1053738594055,3492088811
1191,2442,5.572047794963031,1.5720477949630307,1.5720477949630307,-6.427952205036969,-2.427952205036969,0.08532735221863638,0.8899374374155992,43.802184879238595,128.53063226979884,1.041796432113126,1467.1053738594055,3492088811
1192,2443,7.020167051432609,3.0201670514326096,1.6089187097572826,-6.391081290242718,-2.3910812902427176,0.05386094533351221,0.8789914473750657,46.33385454980983,138.68374438708867,0.9700049498256114,1467.1053738594055,3492088811
1193,2444,5.663934769292515,5.663934769292515,1.6639347692925153,-1.3635470851435896,0.23696910959883977,0.04754172590683573,0.8786804328206462,48.474118686867236,145.06354350527084,1.0120550821081746,1467.1053738594055,3492088811
1194,2445,5.9863311701163635,1.9863311701163633,1.28889201589914,-1.4807055231162596,0.7032054541783255,0.08933780797563828,0.8882536498357494,42.41659661767901,104.82121836074576,0.939807524706634,1467.1053738594055,3492088811
1195,2446,5.656370133331356,5.656370133331356,1.6563701333313556,-2.1260735070444827,0.7168968606775976,0.04575056984838651,0.878550943034351,50.054696744780315,149.460123197439,1.0432823857255402,1467.1053738594055,3492088811
1196,2447,6.072499780492256,2.072499780492256,2.072499780492256,-0.39939312367732205,-0.18453210701615674,0.029472415208557493,0.9013669238708193,65.7747249301093,168.36075532132287,1.1574368408549134,1467.1053738594055,3492088811
1197,2448,6.959826425697555,2.9598264256975546,2.9598264256975546,0.08857866012060178,0.8305944656752189,0.0025833838986199778,0.8813145402578575,101.58192237754565,261.3929975418569,2.096113581576445,1467.1053738594055,3492088811
1198,2449,10.045095808824575,6.595283834702002,2.5952838347020024,-0.5704022069668917,-0.5704022069668917,0.004709611845404074,0.8978930573281781,89.8046058531948,269.1212362629056,2.062726685393316,1467.1053738594055,3492088811
1199,2450,8.0616529957592,4.061652995759201,1.5057860454553438,-1.3586240285201028,-0.32043239403058643,0.06588770729174194,0.8830325385275316,43.70894021182603,129.64473568540436,0.9243228253973409,1467.1053738594055,3492088811
1200,2451,5.373455159944094,5.373455159944094,1.3734551599440943,-3.7102211369840896,0.2897788630159108,0.08226222482250997,0.8896693211135085,41.494714570143195,124.00124914951262,0.9813209788471136,1467.1053738594055,3492088811
1201,2452,2.8953202784415284,2.8953202784415284,1.4090690884024522,-1.8003612898434427,0.7462025678477757,0.07068612765957985,0.8817729757509427,44.64720182816836,118.25920263705018,0.8843484355965231,1467.1053738594055,3492088811
1202,2453,6.297998364795786,2.297998364795786,1.4288883707438067,-1.282471333948376,-0.24955304616981122,0.07749410707086718,0.8902543585123187,42.35585627577743,117.32307403658798,0.8922666375227915,1467.1053738594055,3492088811
1203,2454,7.819062227927359,3.819062227927359,1.416585132594864,-4.1435921546249315,-2.583414867405136,0.07830181901767873,0.9006854040389523,43.81785016458154,131.39269292044295,0.975918091285347,1467.1053738594055,3492088811
1204,2455,5.516177456398745,5.516177456398745,1.5161774563987458,-3.191766482846876,0.8082335171531239,0.05746492713829885,0.8940460844525886,50.233877093434515,149.72820669138565,0.9853741497440325,1467.1053738594055,3492088811
1205,2456,4.510362646737137,4.510362646737137,1.4839608998286695,-3.8192385670803355,-0.5607366181810303,0.06888822133645678,0.8869833890212495,43.57750740720873,130.17941721292698,0.9256153082442656,1467.1053738594055,3492088811
1206,2457,8.074831735234516,4.0748317352345165,1.4383620653734124,-3.254047783393891,-1.0780346431359338,0.07516468492816701,0.899563016360228,44.312322531887325,132.49171422817784,0.957149003457289,1467.1053738594055,3492088811
1207,2458,5.469776506853915,5.469776506853915,1.4697765068539146,-1.34346552666168,-0.833504285057191,0.07068201737414669,0.8943248962064405,44.4559361811282,133.19478340398268,0.9349651219531231,1467.1053738594055,3492088811
1208,2459,7.62099927710171,7.456366062411098,3.456366062411098,-4.543633937588902,-0.5436339375889019,0.00027375561330944076,0.8665159086155084,125.11431638844918,375.33476642213196,2.988873423285437,1467.1053738594055,3492088811
1209,2460,5.899367391452859,1.8993673914528588,1.8993673914528588,-2.6407209343603513,1.359279065639649,0.03776748917051191,0.9059919663105402,69.96660971146746,154.82172118400814,1.032962994142146,1467.1053738594055,3492088811
1210,2461,6.906027266150971,2.9060272661509705,1.494844895734015,-4.507955155115109,-0.50795515511511,0.0675100228274769,0.8797087607759168,42.726614785000216,124.42337177261372,0.9178925426150348,1467.1053738594055,3492088811
1211,2462,8.516417916335033,4.516417916335033,1.5536032942476512,-5.121869731083272,-1.1218697310832721,0.06013925791501158,0.892734751026935,46.86939223757868,140.38086002747914,0.9346652548181438,1467.1053738594055,3492088811
1212,2463,6.623404915527495,2.6234049155274946,1.5547277767752117,-2.258391593945377,1.0688272366726441,0.04839812411959865,0.8874862039316596,54.27727228664589,139.1015414164147,0.9269167642258079,1467.1053738594055,3492088811
1213,2464,5.455122679393279,5.455122679393279,1.4551226793932786,-3.2622785066588413,0.0488609553024022,0.07217822258727603,0.8807660543532033,41.88826824190886,125.36084949073467,0.9460919530679398,1467.1053738594055,3492088811
1214,2465,2.7800234469738996,2.7800234469738996,1.502994843394047,-3.7659311561019564,-2.1449475888076446,0.06753314807987738,0.8970247904492532,45.88066306757936,136.63912956979573,0.935159722972736,1467.1053738594055,3492088811
1215,2466,3.8806868450811476,3.8806868450811476,2.0290703301785165,-1.0875017640806912,2.0290703301785165,0.009536112163260347,0.8730474187885767,91.62751500863722,238.5655313320841,1.9119999590825087,1467.1053738594055,3492088811
1216,2467,8.438655556478126,4.438655556478127,1.516432382575373,-3.8395151592188395,0.16048484078116032,0.06395044281830106,0.8870525757438004,44.9983496705712,133.5321408908116,0.9220929443041798,1467.1053738594055,3492088811
1217,2468,1.8192888856809983,1.8192888856809983,1.8192888856809983,-1.3621626947233636,-0.7429854395537012,0.07195352454847523,0.9215012003911811,58.10257720277639,153.09299080602128,1.1387045970100202,1467.1053738594055,3492088811
1218,2469,6.692103868832641,2.692103868832641,1.5079299646930837,-1.9053116016594929,-0.9782864204711339,0.06599610661091786,0.8942391003118637,45.59351387573968,133.3728463030862,0.9097778043208014,1467.1053738594055,3492088811
1219,2470,2.283489556482917,2.283489556482917,1.4584915386184925,-5.071527896851629,-2.238433733859036,0.07881879793306087,0.897646312868301,44.08338857160642,130.34497624268943,0.9744549213552076,1467.1053738594055,3492088811
1220,2471,1.6334264097725721,1.6334264097725721,1.6334264097725721,-1.8763210277369355,1.6334264097725721,0.0818622609172818,0.9128428695610575,75.9836004042126,145.77011484008202,1.1275608542714877,1467.1053738594055,3492088811
1221,2472,7.9473657407318345,3.9473657407318345,1.382632772106768,-2.923511682853584,0.5477185150757533,0.0775428902348627,0.8762138095969638,41.05717775250951,119.50669291508387,0.979420413027974,1467.1053738594055,3492088811
1222,2473,5.828645907461334,1.8286459074613342,1.8286459074613342,-2.618943262809246,0.9771954310769188,0.048008924114829946,0.9048276094002543,60.1200583279736,140.0514660857728,0.9127482498115789,1467.1053738594055,3492088811
1223,2474,5.116280735924887,2.223828586830445,1.1589394021845165,-1.3349214653623962,1.1589394021845165,0.07510567052772091,0.9024945027504382,55.81206586871586,133.93103432428967,0.9669586427805248,1467.1053738594055,3492088811
1224,2475,6.274995851921494,4.234757284904747,4.234757284904747,0.09174720852215046,2.6644434349739448,2.046305066639951e-05,0.8204255667860352,160.0,409.24370935468124,4.015998440258003,1467.1053738594055,3492088811
1225,2476,3.51914155928763,2.8593332058525656,2.8593332058525656,-1.1406667941474344,2.8593332058525656,0.0022538546320211,0.9132222244376424,160.0,316.8228947135452,2.4336622596300064,1467.1053738594055,3492088811
1226,2477,9.61913178712671,5.61913178712671,1.61913178712671,-1.8666786077260018,-1.3555019751492479,0.052702138648891124,0.8921598547643909,48.98832614446412,146.91254901299655,0.9636546752177225,1467.1053738594055,3492088811
1227,2478,6.718909958310515,2.7189099583105154,1.5358742450627898,-1.6687590830768788,-0.18635066017881186,0.06234209567326977,0.8820372208342666,44.469515842625285,126.62314676249494,0.8946512800201802,1467.1053738594055,3492088811
1228,2479,9.532530770483046,5.532530770483047,1.5325307704830466,-3.534135819760447,-1.8465888515532072,0.06269575371658502,0.9050988739941939,48.52030294098002,145.54973211196327,0.9730667884773777,1467.1053738594055,3492088811
1229,2480,6.014244980978446,2.0142449809784457,2.0142449809784457,-1.46732995000513,0.4258600580622436,0.03390862814530508,0.8865429065863561,59.60115358198784,152.7345163679256,1.0586519167035047,1467.1053738594055,3492088811
1230,2481,7.242971400129957,3.2429714001299565,1.709296679626411,-0.8425967629558799,-0.8425967629558799,0.04341327750311733,0.8914468486389672,52.31501871243005,151.59272051957993,1.0013799737169542,1467.1053738594055,3492088811
1231,2482,6.724051333822034,6.328229447615497,2.3282294476154974,-4.567935227337973,-0.5679352273379723,0.009949932920494876,0.8856051266870173,74.83832976542651,224.4718815559885,1.7353965629521257,1467.1053738594055,3492088811
1232,2483,2.084693058259913,2.084693058259913,1.300649247065525,-1.8928918881665198,1.300649247065525,0.0668420332348004,0.898112869316901,60.23210415700037,128.41193753127783,0.8773104263971804,1467.1053738594055,3492088811
1233,2484,2.483880670633143,2.483880670633143,1.6240876435106255,-1.0073467711190132,-0.47293699552471624,0.055923091770713265,0.891540130619643,48.826366108237856,133.811606659919,0.88450562187741,1467.1053738594055,3492088811
1234,2485,7.5230677773622965,3.5230677773622974,1.3798488885867075,-6.620151111413293,-2.6201511114132927,0.0838161690924684,0.9063758687126318,43.70868151602223,131.0319457722113,1.032574194966231,1467.1053738594055,3492088811
1235,2486,8.517530934465317,4.5175309344653165,1.4382026388114628,-5.273398310531514,-1.7796981249118073,0.07518825850598912,0.9033569405073256,45.021100988303196,134.98863228209635,0.9752377134254488,1467.1053738594055,3492088811
1236,2487,9.53091250106582,5.5309125010658216,1.5309125010658216,-2.6120203121065595,-1.1608214200935878,0.06289504075042734,0.8984241838234787,47.159602926365444,141.438309358614,0.9435563665213136,1467.1053738594055,3492088811
1237,2488,5.552081818657923,5.552081818657923,1.5520818186579233,-2.5115549205327277,-0.1067237950363571,0.06014265184566727,0.875904424130818,44.04548972449152,131.91940816195955,0.9611465412617141,1467.1053738594055,3492088811
1238,2489,2.750812086006351,2.750812086006351,1.3260829824834304,-1.3518071157011018,0.5690396678123051,0.08546021401984757,0.8873045481957369,41.68312085021071,110.34161801742479,0.9344865964931635,1467.1053738594055,3492088811
1239,2490,3.029468559434926,3.029468559434926,1.4314995607085934,-1.3651046229959647,-0.043851379256973244,0.07592058951193248,0.8821235366134466,41.31826859946655,117.00896781628093,0.9118933213772096,1467.1053738594055,3492088811
1240,2491,6.82038808471668,2.8203880847166802,1.4819489604371343,-1.1724550626490582,-0.4809069037389053,0.06901605962622556,0.8918048674508868,44.47404036691351,127.65132278663556,0.8941968070643415,1467.1053738594055,3492088811
1241,2492,2.120814302075776,2.120814302075776,1.337982724229582,-1.8507148633702617,1.046163294039849,0.0763289390236177,0.8935241228616257,51.07856122250063,114.70899505718745,0.8574652282584365,1467.1053738594055,3492088811
1242,2493,9.38297922038447,5.38297922038447,1.3829792203844709,-1.8338348337895045,0.7690260197603115,0.07238784359993378,0.8715535322225495,42.744138059004186,127.32741487706208,1.0280006709126113,1467.1053738594055,3492088811
1243,2494,9.58160691398336,5.58160691398336,1.58160691398336,-1.7217673115370413,-1.7217673115370413,0.05685299281880643,0.8929651044603412,47.86399163424609,143.52640752379978,0.945955475401902,1467.1053738594055,3492088811
1244,2495,7.20065436188292,3.2006543618829197,1.7900749530484998,-4.5858900424240225,-0.5858900424240221,0.03674726455312572,0.8762547353404424,52.09159072584943,153.2318718299248,1.1080378986016544,1467.1053738594055,3492088811
1245,2496,4.036782205921947,4.036782205921947,1.5473339603509089,-2.901864482760577,-1.579957538996111,0.06089471068243752,0.8970997911079139,47.47341192636391,142.11743409730835,0.9415402414835717,1467.1053738594055,3492088811
1246,2497,8.0399553211996,4.0399553211996,1.512590837099382,-0.9534062768366851,-0.6068087851657442,0.064745389819997,0.8918861128532047,45.66520147935905,135.09292795728516,0.9200420224772953,1467.1053738594055,3492088811
1247,2498,5.873147472366623,5.873147472366623,1.8731474723666224,0.2952653871067423,0.2952653871067423,0.026955936917920666,0.9754263978291347,105.54065759804917,312.8058238672612,2.9880745743050743,1467.1053738594055,3492088811
1248,2499,6.4978302120040725,2.4978302120040725,1.427426730340665,-1.8818062118812193,0.8862447675669706,0.0647702003933771,0.8872650868018693,48.18859435377809,124.2563686590656,0.8647069477020212,1467.1053738594055,3492088811
1249,2500,9.580481393066195,5.580481393066195,1.5804813930661954,-0.7115213514174688,-0.27477687435566467,0.05621071786238782,0.8895182041497443,47.84134476224063,143.04883767115413,0.9508712547465369,1467.1053738594055,3492088811
1250,2501,7.2674710324916445,3.2674710324916445,1.3389823897585398,-2.619040903378213,-0.6498130919837173,0.09025743750058068,0.881900626200798,38.22291497433132,112.7393039607123,1.0316856510388035,1467.1053738594055,3492088811
1251,2502,4.1932018872116235,2.339290237573958,2.339290237573958,-4.061278297111797,-0.06127829711179755,0.01548396514102543,0.9823186232049893,115.69840277807255,320.4307904306356,3.3069217056325533,1467.1053738594055,3492088811
1252,2503,2.487127560368192,2.487127560368192,1.4410896262207031,-1.827366708773149,1.2068320526855034,0.05475707776534079,0.8917857519895809,57.08874578041159,134.2227660172312,0.8846219258348557,1467.1053738594055,3492088811
1253,2504,3.3351123669593052,2.1265805913002156,1.5081719212595994,-2.797019619505842,1.2029803804941583,0.05071819956368688,0.8951281500978043,58.46966311556373,136.85849616307027,0.8915693057423532,1467.1053738594055,3492088811
1254,2505,7.160183618493864,3.160183618493863,1.3586009282159996,-2.6598154716716578,-1.2601812481205008,0.08714094176711774,0.8997351839350822,41.78134914276203,124.18430964495674,1.0182627741846242,1467.1053738594055,3492088811
1255,2506,9.573776318649701,5.573776318649701,1.5737763186497014,-4.337857912885687,-0.8875633346627048,0.05776828493010565,0.8986897894715912,48.66417285866764,145.93157975866362,0.9562571062590238,1467.1053738594055,3492088811
1256,2507,9.026801120370092,5.982192890048044,1.982192890048044,-3.26474830326439,0.73525169673561,0.023054369104077963,0.90582101406319,66.29633841798295,198.30881847367132,1.4036187023028754,1467.1053738594055,3492088811
1257,2508,7.240601901293671,3.2406019012936707,1.4301089538714613,-2.9538903173754276,-1.8977810751728101,0.07634653909694993,0.8974797382925838,43.66586072792344,130.5304577955081,0.9547599946985471,1467.1053738594055,3492088811
1258,2509,5.938107484829734,1.938107484829734,1.938107484829734,-3.0740048975308714,0.18668705515225636,0.04033074450281897,0.8882696129654611,56.83572242757943,148.83363698550485,1.0011397877128778,1467.1053738594055,3492088811
1259,2510,3.0720930416131713,3.0720930416131713,1.5505920865699068,-3.51721264364501,0.48278735635499004,0.05860842262359946,0.8907256577210756,47.661336943481004,131.58247866128167,0.8782865173303839,1467.1053738594055,3492088811
1260,2511,4.080164180365356,4.080164180365356,1.4136371273926855,-3.509255611034499,0.4907443889655009,0.07445705258624621,0.8931075889848196,44.2799857969682,129.20707495780022,0.9377215152311137,1467.1053738594055,3492088811
1261,2512,2.7989525402902826,2.7989525402902826,1.4389895251713154,-4.824920003640813,-0.8249200036408129,0.07601041401741437,0.8845830945677104,41.67047504749365,121.05617079559214,0.926244655744656,1467.1053738594055,3492088811
1262,2513,5.7621106213621065,1.762110621362106,1.762110621362106,-2.644618072437536,-0.8865210345880818,0.05875460900382469,0.9057113313111278,53.677237314847034,150.9835298479716,0.9963059944671493,1467.1053738594055,3492088811
1263,2514,9.36128035979275,5.361280359792748,1.3612803597927485,-0.6555636206196678,-0.6555636206196678,0.08482719306375022,0.9069780348750682,44.368881440026726,132.4935257610662,1.053993311571998,1467.1053738594055,3492088811
1264,2515,6.183036412975095,2.1830364129750954,1.2683181089247506,-2.731681891075249,1.2683181089247506,0.061099533038784695,0.8780852163008352,54.92335651838549,129.2093351429827,0.9312317924186282,1467.1053738594055,3492088811
1265,2516,2.693159898410422,2.693159898410422,1.5599857163230024,-2.7928243617469515,-1.0070998733940586,0.06107489053742442,0.8971643285047175,47.745042368189914,138.93146480152814,0.9214252939567681,1467.1053738594055,3492088811
1266,2517,5.476147667699411,5.476147667699411,1.4761476676994119,-5.548012553341065,-1.548012553341065,0.06995211217984651,0.8965489836533095,44.98965742889873,134.94679778510775,0.9386300891797359,1467.1053738594055,3492088811
1267,2518,5.552980083486523,3.959696741467935,1.4948602498242287,-5.771579672470594,-1.7715796724705941,0.06747530707433907,0.8910263325894411,44.62239866287583,133.6800102149024,0.9266997485267974,1467.1053738594055,3492088811
1268,2519,6.025795676104203,2.0257956761042033,1.4397611903431826,-2.250282305308583,1.1721150272903542,0.05755204599944906,0.8929056884367278,56.125608012690954,130.77997652187415,0.8649482568225415,1467.1053738594055,3492088811
1269,2520,9.485366985053995,5.485366985053995,1.4853669850539948,-3.7443418280882383,-1.1684452054864125,0.06872300276019769,0.9023076588993401,46.37706014076402,139.0898548215251,0.957164424525311,1467.1053738594055,3492088811
1270,2521,3.8948674670263532,2.6340290296937847,2.6340290296937847,-2.2713638987345584,1.7286361012654412,0.006390760705485604,0.9564715202743926,119.52244283196374,279.68360014093656,2.5991116001703665,1467.1053738594055,3492088811
1271,2522,3.843842716602577,3.843842716602577,1.475091137139631,-3.1473819549841444,0.16071515197078812,0.06916863884411298,0.8740473867661173,41.61676198457015,121.68604903756085,0.9498695767821759,1467.1053738594055,3492088811
1272,2523,7.5114789906715,3.5114789906715,1.9166643326582549,-2.988253096797396,-1.186885529906392,0.027645917001245805,0.8882237444002433,58.931097206783654,175.67530032667392,1.2380507982409612,1467.1053738594055,3492088811
1273,2524,2.039286106533018,2.039286106533018,2.039286106533018,-2.5432764121900404,0.8058544806470622,0.044409682004212636,0.8925463387424905,61.407149065347554,141.4501203757168,0.9309994460985004,1467.1053738594055,3492088811
1274,2525,8.873499530307054,4.873499530307055,0.8734995303070547,-1.8361475953304478,0.8734995303070547,0.1251201743318541,0.823612657577936,31.44809605788024,92.90858994159784,2.372053790762257,1467.1053738594055,3492088811
1275,2526,1.9623975198250063,1.9623975198250063,1.2451996034483492,-1.9439796563163958,1.2451996034483492,0.07768200072640821,0.890495891884566,55.68377706992598,116.7364015978153,0.8893421568484696,1467.1053738594055,3492088811
1276,2527,2.9654107831725667,2.9654107831725667,1.555418679208314,-4.17528194745362,-0.17528194745361958,0.060371473211491354,0.882906771826037,45.22914415611293,128.98360009151898,0.8983654285041487,1467.1053738594055,3492088811
1277,2528,6.005458036557771,2.0054580365577706,2.0054580365577706,-1.3689995372549109,-1.3689995372549109,0.034742574374309415,0.9014842240825556,62.19934754727238,176.19742298489328,1.1792551522514996,1467.1053738594055,3492088811
1278,2529,4.05637711513068,4.05637711513068,1.4270839402043607,-4.092615516545367,-0.09261551654536704,0.07639331409139064,0.8870743784084428,41.91608519326859,123.91342150145537,0.9369889650053432,1467.1053738594055,3492088811
1279,2530,2.507389979235702,2.507389979235702,1.3146442209617386,-1.6396442871735126,0.9785549975714674,0.07423246688289481,0.8937240956694272,49.50580037960865,120.80669254425075,0.8802893368534539,1467.1053738594055,3492088811
1280,2531,5.666038152431126,5.666038152431126,1.6660381524311254,-0.9987649600250634,-0.6378702013212787,0.047642935760788804,0.8887647182487971,50.171670644381265,150.24444981013798,0.9949836049359302,1467.1053738594055,3492088811
1281,2532,6.8158866032067795,2.8158866032067795,1.494952938247751,-4.2323570371441654,-1.5743071401255935,0.06756604139363068,0.899021686591787,46.05901287263957,136.8765070384383,0.9356606387656542,1467.1053738594055,3492088811
1282,2533,2.971798258226911,2.006830149599466,2.006830149599466,-4.816102948899156,-0.816102948899156,0.03509061824985986,0.886346674405589,58.990000238927195,167.2643726422,1.1480819176415367,1467.1053738594055,3492088811
1283,2534,3.861288562724551,1.9127762467201355,1.9127762467201355,1.9127762467201355,1.9127762467201355,0.00966685853394959,0.8558937707848221,160.0,267.2062954201428,2.284065726490804,1467.1053738594055,3492088811
1284,2535,10.155056198410872,6.155056198410872,2.1550561984108714,-0.7596817314938344,0.861129335017077,0.015104400615446541,0.8790637668235348,67.44203073596566,201.48606775963023,1.5623598897181015,1467.1053738594055,3492088811
1285,2536,10.049692050030428,6.049692050030428,2.049692050030428,-1.4546180607053905,-1.4546180607053905,0.020190857396227772,0.9117709425504956,69.43373520443025,208.2184913397462,1.5090918833261837,1467.1053738594055,3492088811
1286,2537,2.3806125009708112,2.3806125009708112,1.4432495396488194,-2.185335800473566,0.98045485148673,0.06443747584730765,0.8894521631853458,50.4889824672868,120.63256230216524,0.8318510241425964,1467.1053738594055,3492088811
1287,2538,1.6678826870194647,1.6678826870194647,1.6678826870194647,-6.332117312980535,-2.332117312980535,0.0967731627435482,0.9255732744780519,53.132772389052896,152.25549359205695,1.4257639579540349,1467.1053738594055,3492088811
1288,2539,5.9512532789457095,1.951253278945709,1.5502824142605691,-2.300050316752338,1.2825113144267626,0.04934925377983819,0.8937021490798338,60.813740844471134,137.53666934271834,0.8984098197461274,1467.1053738594055,3492088811
1289,2540,2.875259900150909,2.875259900150909,1.619322689501455,-1.442801813025358,-0.3870801810588551,0.05352400683622245,0.8858512332341949,47.807862878016934,136.25064645315848,0.916660909820173,1467.1053738594055,3492088811
1290,2541,7.976400332212253,3.976400332212253,2.0830798763235485,-5.098982781776936,-1.9169201236764515,0.01862222484935485,0.8840455492450151,64.5058359150662,193.30767296258256,1.445037028870773,1467.1053738594055,3492088811
1291,2542,6.9896316645758185,2.989631664575819,1.4104420056531526,-1.8052607307740332,0.8200550655584274,0.06797548766816912,0.882967318695134,45.993844388863074,125.1529403099984,0.9064235720438343,1467.1053738594055,3492088811
1292,2543,3.3508325443426057,2.817941210505379,1.575869436633015,-5.781368378563387,-2.424130563366985,0.05776275034290121,0.880685704352865,45.50833320455709,136.07736742062832,0.9495569470867817,1467.1053738594055,3492088811
1293,2544,7.095107512545558,3.0951075125455576,1.5528808234514564,-6.1769074276120275,-2.176907427612028,0.06024706154541713,0.8799163294834637,44.63909924799531,133.5407070632259,0.9446705595914451,1467.1053738594055,3492088811
1294,2545,4.07744322297435,4.07744322297435,2.4590851781903607,-0.07480280114307813,2.4590851781903607,0.0026410372283931925,0.8705814394099031,116.91903173698164,295.7053638385785,2.3974512103819983,1467.1053738594055,3492088811
1295,2546,6.896287850108091,2.8962878501080906,1.4894949139357763,-1.306551483215831,-0.22532999856936575,0.06797828365831039,0.8867772739967642,43.838901178708056,125.62437987683496,0.8917283459596732,1467.1053738594055,3492088811
1296,2547,5.736272088119177,1.7362720881191775,1.7362720881191775,-1.1169512159494135,-0.43873397468790754,0.061816173363870915,0.8977932479947769,51.195440610500775,135.86375770286065,0.9036512756739864,1467.1053738594055,3492088811
1297,2548,7.26663314867953,3.2666331486795297,1.4439352617631125,-5.3307094078791195,-2.5560647382368877,0.0743814352557331,0.8941554445801148,43.52086236034274,130.40468718987776,0.9428640563962856,1467.1053738594055,3492088811
1298,2549,6.0100431856522665,2.010043185652267,2.010043185652267,-3.584993988668885,0.41500601133111514,0.03424494588093208,0.8857706894342874,59.262458976245725,152.58988563524872,1.0593583451765844,1467.1053738594055,3492088811
1299,2550,9.437893941615673,5.437893941615672,1.4378939416156726,-1.198236180923099,0.06736202629975452,0.07427481484995713,0.8781339197031578,41.08750473828531,122.90882214507224,0.9618741741145684,1467.1053738594055,3492088811
1300,2551,9.516485686430102,5.516485686430102,1.5164856864301024,-1.794142770199799,-0.27933959529217134,0.06459473188628417,0.8811985196070525,43.70554267823938,130.9418278893001,0.9367741878240374,1467.1053738594055,3492088811
1301,2552,3.2288532909098784,3.2288532909098784,0.9843455924303444,-1.2686600069882312,0.9843455924303444,0.10306709245591836,0.9074414233461311,49.731567104146464,133.54190377235767,1.308953814944058,1467.1053738594055,3492088811
1302,2553,9.576423164927405,5.576423164927405,1.5764231649274056,-3.6431075116792377,-0.16380748409724943,0.057349040199396455,0.8841993509739677,46.18346957620185,138.3594299971333,0.944378294530619,1467.1053738594055,3492088811
1303,2554,8.206820528858827,4.206820528858827,1.4522777251010264,-6.040393803626538,-2.5477222748989736,0.07321210769995729,0.8995458636227388,44.7662979666317,134.26556362143666,0.9540978600858431,1467.1053738594055,3492088811
1304,2555,6.180895196375414,2.1808951963754146,1.3603535322099944,-1.9749554321250835,1.07881515148196,0.0650529100061175,0.8930692538256886,52.65483390836795,127.29256303862249,0.8681080589904643,1467.1053738594055,3492088811
1305,2556,7.661195416934133,6.106862857126641,2.1068628571266417,1.4406957213545764,1.4406957213545764,0.008034183251830014,0.937408592893313,160.0,410.27645489600087,3.14874706091077,1467.1053738594055,3492088811
1306,2557,8.117408374504873,4.117408374504872,1.4248728406771571,-5.24579347973199,-1.2457934797319898,0.07709662455354228,0.8970692892286756,43.418811684834445,129.9362443937813,0.9574294591655876,1467.1053738594055,3492088811
1307,2558,5.887035575081739,1.8870355750817387,1.8870355750817387,-2.722948368877055,0.8128037749141486,0.043737821258771424,0.9012932012631558,59.43411048706108,143.15774502251747,0.93499842144847,1467.1053738594055,3492088811
1308,2559,6.677019246641646,2.677019246641646,1.5441382938015653,-1.138073237943859,-0.7666467148502243,0.06134177069768418,0.8940637182651613,46.900201567699256,134.4299185947293,0.8973375984003003,1467.1053738594055,3492088811
1309,2560,6.903530195979166,2.903530195979166,1.5105838697092604,-2.4280021403447734,0.9228176821762285,0.05550864110132403,0.8860884322352263,50.31336009344042,134.73268515794575,0.9085509195907369,1467.1053738594055,3492088811
1310,2561,9.587377063308491,5.58737706330849,1.5873770633084903,-3.1856346911759923,-0.7178316706510703,0.056209783591240806,0.8920737684715365,47.88625073066607,143.58038239963517,0.9470660856321406,1467.1053738594055,3492088811
1311,2562,8.522465163216784,4.5224651632167845,1.5346609781755427,-3.644021242450222,-2.465339021824457,0.0624335355951685,0.9012805439640021,47.8405195396786,143.4978501638236,0.9549851572492236,1467.1053738594055,3492088811
1312,2563,6.570311054207723,2.570311054207723,1.690402243491813,-2.851635849320793,1.1483641506792064,0.03752010380147254,0.8969226240857435,60.5995591133903,152.8842248534636,1.01726172862352,1467.1053738594055,3492088811
1313,2564,8.29571278563228,4.295712785632279,1.4307053698462169,-2.144127169841231,-1.7847632001199458,0.07625279233254964,0.8978012117436074,43.74196582120993,131.03939090756634,0.9570675907743152,1467.1053738594055,3492088811
1314,2565,3.782671126669034,3.782671126669034,1.4682329833578156,-1.705723556579656,-0.0551503464158456,0.0706409403691352,0.8738030948087647,41.12457672339868,120.64101109654737,0.9540889533429995,1467.1053738594055,3492088811
1315,2566,7.266593557457325,3.266593557457326,1.4400441659628522,-4.396061541840741,-1.2155643528705173,0.07493061518228997,0.8979502703399129,44.071640210525906,131.10885789854777,0.9469887946866378,1467.1053738594055,3492088811
1316,2567,6.105283306463449,2.1052833064634493,1.3426656592113246,-2.030411355107929,1.3426656592113246,0.05360197882004243,0.8916492311184594,61.230951712963154,140.61304229632333,0.924937259365337,1467.1053738594055,3492088811
1317,2568,6.515780690179534,2.515780690179534,2.515780690179534,1.4603355245005092,1.9695207428636148,0.005719635115712283,0.9000439032510344,140.8140805448447,280.07609025603256,2.1191635633752806,1467.1053738594055,3492088811
1318,2569,6.474596148539906,2.4745961485399066,1.553641345879859,-2.7565193591476227,-1.3259504440654817,0.06092795533366618,0.8954547515813076,47.24948824979822,138.98616205151856,0.9232268574707552,1467.1053738594055,3492088811
1319,2570,11.753763944727632,7.753763944727632,3.7537639447276323,0.05677202756922295,2.3606293575190627,8.104888497196226e-05,0.8415676845208747,138.47330192574054,413.5389854911745,3.59316011957356,1467.1053738594055,3492088811
1320,2571,9.609304629792291,5.609304629792291,1.6093046297922908,-2.390695370207709,-2.390695370207709,0.05377432488763335,0.9040480178104608,50.95904939401649,152.86168107728986,0.9963691393572041,1467.1053738594055,3492088811
1321,2572,8.478752772643611,4.478752772643611,1.437400688239692,-3.49302183963489,-0.7123660405476901,0.07529065980409626,0.8899682442904255,42.58024699997277,127.33642142868713,0.9401688251557923,1467.1053738594055,3492088811
1322,2573,10.917572247938676,6.917572247938676,2.917572247938675,0.6850809514391272,0.6850809514391272,0.0016218091601869558,0.9319577439324559,124.20282061122211,366.64735240440024,2.896732517069235,1467.1053738594055,3492088811
1323,2574,5.665735956467992,5.512094720187648,1.5120947201876473,-1.2238534532143246,1.2113631724058804,0.046623550918446055,0.8815294914072257,56.119554219379964,166.53677154444185,1.1347074286728303,1467.1053738594055,3492088811
1324,2575,9.55764143682719,5.55764143682719,1.5576414368271898,-5.253939874935472,-2.44235856317281,0.05965913485745227,0.9120561229040195,50.850323460814,152.54760910458754,1.026397352027874,1467.1053738594055,3492088811
1325,2576,9.403888388863502,5.403888388863501,1.403888388863501,-6.107827424634842,-2.1078274246348423,0.08017604327614124,0.9097950092436415,45.157695027457706,135.46508217269584,1.033948431487723,1467.1053738594055,3492088811
1326,2577,2.4865864070813624,2.4865864070813624,1.4486460232282345,-1.8537998826650055,1.1000893814464656,0.05840113444870271,0.8915538363629963,54.00500431498463,129.0807567677728,0.8592515320379724,1467.1053738594055,3492088811
1327,2578,9.485302020841525,5.485302020841525,1.4853020208415249,-3.1226524308780528,0.45163132325702526,0.0660002187567166,0.8884067592880103,45.20182325261278,135.06773605459986,0.9363954651625371,1467.1053738594055,3492088811
1328,2579,7.692213445539596,3.692213445539596,1.5122669256592811,-1.1226741088849246,-1.1226741088849246,0.064989654750561,0.8938309608245114,45.86022597196029,135.54630791626954,0.9198208424692047,1467.1053738594055,3492088811
1329,2580,7.05925891812821,3.0592589181282097,1.5472882660411422,-0.6282246285394242,-0.6282246285394242,0.0598464198990764,0.9008232134571053,49.095431543595645,139.5518195312416,0.9203527926750465,1467.1053738594055,3492088811
1330,2581,5.219720212584295,1.2197202125842945,1.2197202125842945,-1.877775232265307,1.2197202125842945,0.11128366542101088,0.8796867008752102,51.545103263774635,103.0698593577784,1.3111798451998746,1467.1053738594055,3492088811
1331,2582,9.412448558634065,5.412448558634066,1.4124485586340656,-2.5875514413659344,-2.5875514413659344,0.0789084756045833,0.9011332080524509,43.75666289275208,131.25826471333167,0.9805216207936496,1467.1053738594055,3492088811
1332,2583,6.595090622573925,2.5950906225739248,1.3781957732247907,-1.821377937982795,1.0946915247953868,0.06124252482063983,0.8963604551904868,54.18187495098751,137.94350682476724,0.9163952775036062,1467.1053738594055,3492088811
1333,2584,9.496649987771686,5.496649987771687,1.4966499877716872,-1.8223924257646416,0.3969587100108889,0.06510406841412524,0.8717736447537869,42.552188226418664,127.19303595544504,0.9831105185655095,1467.1053738594055,3492088811
1334,2585,6.378152116921641,5.612602699674983,1.612602699674983,-3.12662153586792,-2.0276371794421486,0.053415418782718806,0.9002236294003998,50.301734235744824,150.8977349187104,0.9807125669334021,1467.1053738594055,3492088811
1335,2586,5.462403813615287,1.8007314570291406,1.8007314570291406,0.0780797780474003,1.5828552845124593,0.03959499411781559,0.9591169590585805,103.52897633758853,208.6700515239859,1.9091003124591266,1467.1053738594055,3492088811
1336,2587,9.19334337087922,5.885318531703004,1.885318531703004,-0.14462150983144118,-0.14462150983144118,0.02846177413310988,0.9985842352246052,160.0,477.2159710389672,4.665467419260873,1467.1053738594055,3492088811
1337,2588,5.710934405050603,1.710934405050603,1.710934405050603,-4.485577898427663,-1.9834671191206972,0.06517028665867614,0.8965326074795792,49.895954537397074,146.3297829573113,0.9866022335868625,1467.1053738594055,3492088811
1338,2589,5.576858267482421,1.5768582674824205,1.5768582674824205,1.5768582674824205,1.5768582674824205,0.023668377290364386,0.8661152026476177,130.7627950826227,255.56814174907862,1.9417976393510432,1467.1053738594055,3492088811
1339,2590,6.861205967177849,2.861205967177849,1.7373532364823987,-0.9683523839516317,-0.395979419566423,0.04115969637207272,0.8879402537870695,52.4821675042349,149.67178070781483,1.005419651853489,1467.1053738594055,3492088811
1340,2591,4.224652687820192,4.224652687820192,1.5543809568018134,-1.9347038563240937,-1.9347038563240937,0.06004099845909586,0.9005668822829959,48.3798177808505,144.79215769270908,0.9548895941641793,1467.1053738594055,3492088811
1341,2592,4.208696330900853,2.2625427013447235,2.2625427013447235,0.36408200444854866,0.36408200444854866,0.0176207791864763,0.9429779058106543,94.49074044421437,214.853871995208,1.8401455473407604,1467.1053738594055,3492088811
1342,2593,5.410102633427428,5.410102633427428,1.4101026334274283,-2.589897366572572,1.4101026334274283,0.044155626899281285,0.8577618536871288,57.095140744729335,168.58026571384207,1.3738940473531494,1467.1053738594055,3492088811
1343,2594,2.407010579028847,2.407010579028847,2.407010579028847,-0.03582371466511969,1.622957484308896,0.01717376785307213,0.9299336633445803,96.95170072598368,198.05927049634823,1.5890806789286136,1467.1053738594055,3492088811
1344,2595,2.5536604678539936,2.5536604678539936,1.0030416325081144,1.0030416325081144,1.0030416325081144,0.0588287708669337,0.9469149922301546,124.16967911656283,231.72430358266607,1.854546916456891,1467.1053738594055,3492088811
1345,2596,1.9567395902381088,1.9567395902381088,1.9567395902381088,-2.031194008989215,0.7861850559287216,0.05308928202534177,0.8996950157056781,59.85633221182167,135.81472603362357,0.8825453946667314,1467.1053738594055,3492088811
1346,2597,7.747661442001419,3.74766144200142,1.5640093283043903,-3.4339282362808667,-1.041061956198127,0.058907192558472835,0.8971822943540977,48.0498200847083,143.34608489303088,0.9433712523562136,1467.1053738594055,3492088811
1347,2598,1.5718646285428448,1.5718646285428448,1.5718646285428448,-2.6913529583947904,1.3086470416052092,0.09913853848630672,0.9156197905398265,63.57722428663321,125.1000608002729,1.2213686917928888,1467.1053738594055,3492088811
1348,2599,6.905648137278273,2.905648137278274,1.553004429724868,-2.4981227440220186,-0.47428257741458757,0.06026257313172072,0.8850184600969053,45.49076883863943,132.30650356737837,0.9091346274741045,1467.1053738594055,3492088811
1349,2600,6.643492532053594,2.6434925320535942,1.6158833856811758,-3.520231726212316,0.4797682737876834,0.05182679529524263,0.8908339999783276,49.61090102036523,134.972733397356,0.8890630761370688,1467.1053738594055,3492088811
1350,2601,8.35743001741822,4.357430017418221,1.4098947970887479,-3.0544301302278662,-2.590105202911252,0.079285289145764,0.9034506401578376,44.115616300495425,132.31507433468994,0.9923950819982097,1467.1053738594055,3492088811
1351,2602,5.792435172946634,1.7924351729466337,1.7924351729466337,-3.438813446201181,0.5611865537988194,0.05426892126460406,0.9055612967003085,55.76611853541798,137.28677230525153,0.8981860940742245,1467.1053738594055,3492088811
1352,2603,5.785113200007445,1.7851132000074454,1.7851132000074454,-2.2148867999925548,-2.2148867999925548,0.056037357899862424,0.9148577876391523,56.6378737201289,165.74664229024145,1.1148825457348237,1467.1053738594055,3492088811
1353,2604,7.494288743851596,3.4942887438515955,1.6007029339967305,-2.147312268482427,0.7390237434717368,0.05052582686171357,0.8760895181406352,48.28484106209766,136.71653256955474,0.9750815910834136,1467.1053738594055,3492088811
1354,2605,6.206352456914586,2.206352456914586,2.206352456914586,-4.162266163509094,-0.16226616350909362,0.021628688846434412,0.9289991057306675,78.13215453341753,215.92917841766428,1.6544910106016213,1467.1053738594055,3492088811
1355,2606,5.845525579966495,1.8455255799664942,1.8455255799664942,-0.8937999021251715,-0.8937999021251715,0.0492204305463217,0.8964008697769815,55.07653920302971,147.90408203908396,0.9615767010453424,1467.1053738594055,3492088811
1356,2607,4.680389503369398,2.405897981313909,2.405897981313909,-0.8421004507803924,2.405897981313909,0.008065933818917938,0.9380579851411097,140.05968121205825,279.3092939203253,2.3062781928691596,1467.1053738594055,3492088811
1357,2608,6.021682022851276,2.0216820228512757,2.0216820228512757,-1.2306305858529316,1.6408860082235392,0.026664575100669892,0.9142935617682291,84.17544703013846,180.18382943479025,1.2843263640189393,1467.1053738594055,3492088811
1358,2609,7.144322135635195,3.1443221356351962,1.2350222162839277,-4.660875928648089,-2.7649777837160725,0.10841264224328265,0.8974735920835238,37.58079991328741,112.62366188607481,1.2575612012843667,1467.1053738594055,3492088811
1359,2610,6.901064222639142,2.9010642226391417,1.4881787977537753,-4.324278464687218,-2.1682412469315766,0.06841051364942446,0.8960181229345808,45.28713923171886,135.34911575733472,0.932731910043832,1467.1053738594055,3492088811
1360,2611,2.341315708918374,2.341315708918374,1.40045521783111,-4.3352916583655166,-0.33529165836551744,0.08546697877077752,0.881743640709911,39.743165860009405,109.41726468969706,0.9550962689894793,1467.1053738594055,3492088811
1361,2612,5.876478885118364,1.876478885118364,1.876478885118364,-2.132472339134634,-0.2819628863540289,0.04620534532555517,0.8943501966154714,55.61348824372904,151.02971495588392,0.986903021557406,1467.1053738594055,3492088811
1362,2613,3.5148639375001456,1.8200181783597476,1.8200181783597476,-2.202826836210514,1.2754725029563283,0.04509388220517802,0.9015850113373289,64.99885222810164,143.4292844023696,0.9345548519936387,1467.1053738594055,3492088811
1363,2614,6.334783113588253,2.3347831135882533,1.5920212602995933,-2.0025961397891825,-0.7204349341742948,0.05737835739404934,0.8920928163982476,47.79306878315201,137.03034322116056,0.9069757515679433,1467.1053738594055,3492088811
1364,2615,5.55922290537492,3.290575847569349,3.290575847569349,-1.4785987563992413,2.5214012436007587,0.0007357845742456721,0.9445409239338548,160.0,367.8420549414063,3.0662023488462933,1467.1053738594055,3492088811
1365,2616,6.569841052586031,2.5698410525860313,1.5332751545241825,-1.9639469407742158,1.1329915842084364,0.04822774175944075,0.8890536737643755,55.771306646608316,140.9307128567953,0.9332030840636537,1467.1053738594055,3492088811
1366,2617,9.53124158698281,5.53124158698281,1.53124158698281,-1.2799465937316072,-1.2799465937316072,0.06272795638807685,0.8990022237287029,47.369685313474385,141.939920975957,0.9459211685022766,1467.1053738594055,3492088811
1367,2618,6.499943412797102,2.4999434127971023,1.6043333089596568,-1.590938949595803,-0.11648935673368954,0.054979243631651284,0.8818912679188421,46.619854621410596,130.55531810905927,0.9013123524132005,1467.1053738594055,3492088811
1368,2619,9.595941206920585,5.595941206920586,1.595941206920586,-3.882957697778733,0.11704230222126655,0.054843162334934664,0.8900598301641343,48.03686966220942,143.8128596855331,0.9517923350960837,1467.1053738594055,3492088811
1369,2620,6.917368128821837,2.917368128821838,1.3441348999638898,-1.604436646942532,0.8294259305332006,0.07482701463715893,0.8839812646588368,45.05307529827666,121.7183276126393,0.9241827775308267,1467.1053738594055,3492088811
1370,2621,6.5459686407192965,2.5459686407192965,1.4219695759582311,-1.6934106044439532,0.061460881385889676,0.07706359666306825,0.8772126032624534,40.310131820436936,112.09455947449293,0.9201311779386959,1467.1053738594055,3492088811
1371,2622,6.080673278042591,2.0806732780425903,2.0806732780425903,-3.2130661114705537,-1.3697258800938212,0.02922715127701389,0.8843887322231847,61.55064217348494,179.427173502512,1.2680685265790983,1467.1053738594055,3492088811
1372,2623,4.060318524795289,2.5919324808244246,1.4607902953876517,-1.5232928815642548,-0.4858652407929096,0.07226722007568519,0.8886139197880869,43.102499936721216,123.29999852333047,0.8962901540204842,1467.1053738594055,3492088811
1373,2624,8.068256324914108,4.068256324914108,1.5120526915530972,-3.132683252614279,-0.3029183251744345,0.06517973609332187,0.8762162694574903,42.75666882497781,127.03309953194625,0.9468082843360666,1467.1053738594055,3492088811
1374,2625,9.291271794294486,5.291271794294486,1.2912717942944862,-1.674311118427529,-0.42808479214016804,0.09808953358908425,0.8765968673250067,36.06374288601063,108.01703540037225,1.141644819771079,1467.1053738594055,3492088811
1375,2626,8.0475340414011,4.047534041401099,1.503576627845181,-4.457160884906238,-0.4571608849062381,0.06630983436310312,0.8904458590070928,44.81756642237548,133.36022229155975,0.9202133458447951,1467.1053738594055,3492088811
1376,2627,9.501583703753493,5.501583703753493,1.501583703753493,-1.2024445956943497,-0.3446551455536271,0.0663518918198375,0.8877849074841625,44.42090198459441,133.02039394354117,0.9271499393863474,1467.1053738594055,3492088811
1377,2628,3.2514299051329223,3.2514299051329223,1.6842935830097006,-4.400563652745514,-1.67763194225695,0.04626639723914417,0.8919817527545217,51.20868816224289,152.64625506035367,1.002309143669014,1467.1053738594055,3492088811
1378,2629,5.997279348142441,5.602564965902708,1.6025649659027084,-4.889941327933067,-1.4799566269201,0.054515358037223696,0.901413938251359,50.190063051410235,150.54961437024193,0.9800994034490444,1467.1053738594055,3492088811
1379,2630,7.867752150258916,3.867752150258916,1.437560093635168,-1.0342010190309114,-0.35552068292365613,0.07476338069346167,0.8883646905227731,42.59824137186714,125.60463724868714,0.930221793510742,1467.1053738594055,3492088811
1380,2631,6.911109499077145,2.911109499077145,1.4479263340658308,-3.3388479826735447,-0.9995981919197559,0.07386539536560527,0.8973553645901895,44.211321974969685,130.3938166353275,0.9347682151485325,1467.1053738594055,3492088811
1381,2632,6.183316417355481,5.558414755180101,1.558414755180101,-5.063605886921588,-1.0636058869215868,0.05956708433625254,0.8991071259706908,48.220449403173035,144.61575089631714,0.9523861201428564,1467.1053738594055,3492088811
1382,2633,7.926216569758292,3.9262165697582923,1.4155494480475141,-0.7871037850932368,-0.7871037850932368,0.07739552598539648,0.8940877172724138,43.23752245630423,127.2831713353748,0.9467934443760528,1467.1053738594055,3492088811
1383,2634,6.31592992634311,2.31592992634311,1.6091715186856907,-5.515691059278571,-2.1108929938632723,0.05570952291031214,0.8822909976098833,46.60142659649681,138.54855804056376,0.9521624900573897,1467.1053738594055,3492088811
1384,2635,2.5657466074552815,2.5657466074552815,1.5037469955173046,-1.0503190887074108,-0.5271202166350739,0.06851560870839243,0.8953377403308806,45.680196532825086,126.62004863036124,0.8776093538664911,1467.1053738594055,3492088811
1385,2636,2.9994608910187583,2.9994608910187583,1.5438514693984424,-1.9231024411031634,-1.3095256096600854,0.06179221138862187,0.8926608802216802,46.49481832262785,136.98668739631944,0.9184009867558112,1467.1053738594055,3492088811
1386,2637,8.029415213135152,4.029415213135152,1.5359033934126303,-3.596399898762962,0.4036001012370374,0.06046879397517902,0.8927958189237328,47.272890856362984,138.5124032154366,0.9234547991866584,1467.1053738594055,3492088811
1387,2638,6.7291649577809025,2.729164957780902,1.4107111051419208,-2.194944859880252,0.937829739724908,0.06438375454074702,0.8862096350000562,48.71081939923745,128.07459372532514,0.8920554859433786,1467.1053738594055,3492088811
1388,2639,4.872671865109707,2.959566496909329,1.5059225569545334,-3.8901236902372514,0.10987630976274865,0.06544986203372213,0.8834725704056356,43.979913452788345,125.1506761281882,0.8907818147477033,1467.1053738594055,3492088811
1389,2640,9.724970449644694,5.724970449644694,3.7341334670855493,-0.2658665329144507,-0.2658665329144507,9.409008748970148e-05,0.8680699426884583,141.28046066352547,421.4109550066745,3.274868936772357,1467.1053738594055,3492088811
1390,2641,7.068188062051714,3.068188062051714,1.4823601806377351,-3.2332418249828088,0.7667581750171911,0.061728078429076225,0.8937925283436761,48.82799524773949,134.28107226752755,0.8982534413008717,1467.1053738594055,3492088811
1391,2642,6.373248347002582,2.373248347002581,1.34525257145333,-1.693707513248879,1.34525257145333,0.05150332026077023,0.8912097063603459,61.33429517452366,146.6755459580953,0.9637758000951637,1467.1053738594055,3492088811
1392,2643,5.987094611905883,1.9870946119058832,1.9870946119058832,-2.16381841582794,0.5974362239145967,0.03584696921876407,0.8925483122054688,60.096455387482884,150.94756727177779,1.0186668846332185,1467.1053738594055,3492088811
1393,2644,6.922177000907653,2.922177000907653,1.3849279988495766,-1.2139979386578146,0.07017100716068092,0.08184713147731126,0.8857008820393366,40.70351538778193,115.26397276857173,0.9356050616121541,1467.1053738594055,3492088811
1394,2645,9.474627459843612,5.474627459843612,1.4746274598436124,-2.127821399458354,-2.127821399458354,0.0701523521617774,0.8999888186971976,45.57986221216343,136.70830570862236,0.9494594521696147,1467.1053738594055,3492088811
1395,2646,9.675386660199171,5.675386660199171,1.6753866601991718,-2.426104932042811,-1.060507307990922,0.04692871478737312,0.894655070276798,51.40676460402049,154.1786107533966,1.0060482906505555,1467.1053738594055,3492088811
1396,2647,3.6952176148588762,1.89797428799837,1.89797428799837,-3.1302211092719694,0.8697788907280302,0.04247774014036651,0.9081903176507116,61.881077214929896,147.86411680416188,0.978289922490978,1467.1053738594055,3492088811
1397,2648,6.744285725625209,2.7442857256252093,1.7139177827984557,-3.984944481594943,0.0150555184050567,0.043461831051146545,0.8818380293913209,50.41813194729977,142.55946365580377,0.9822512555880591,1467.1053738594055,3492088811
1398,2649,3.264687149996357,3.264687149996357,1.4068236013528597,-5.910323730336481,-1.9103237303364806,0.07986143022970749,0.8927052520962958,42.08460598870095,125.67145651983542,0.9609167534308537,1467.1053738594055,3492088811
1399,2650,2.3005950230196244,2.3005950230196244,1.2200617335438544,-1.13396188426014,0.605724566304175,0.10240917757288738,0.8947228005988574,40.97443313928223,100.94415832901302,1.082544892183474,1467.1053738594055,3492088811
1400,2651,9.591569872972837,5.591569872972837,1.591569872972837,-6.0305105292398675,-2.0305105292398675,0.05574069171465061,0.9043880659504758,50.409818832718486,151.22231291190872,0.9890605371636781,1467.1053738594055,3492088811
1401,2652,3.299338109239401,3.299338109239401,1.5401113537591702,-3.5846189484655646,-1.6532841541228025,0.06189838559026523,0.8971396381631107,47.23399806394189,140.83429007665325,0.9367072718526789,1467.1053738594055,3492088811
1402,2653,2.882833969505959,2.882833969505959,1.4228339108550643,-1.8220335299988466,0.4848294899933384,0.07401115751109826,0.8779143438924721,41.86251651188648,113.5166221270312,0.9004701006692484,1467.1053738594055,3492088811
1403,2654,2.3798862136501064,2.3798862136501064,1.448287787281646,-1.9239009815221182,0.9048813229345463,0.06632955000164563,0.8920009777733433,49.56634806532008,119.70246377941918,0.8275038164385607,1467.1053738594055,3492088811
1404,2655,2.498285594545706,2.498285594545706,1.4347871520058615,-1.89891604442167,0.9092369969011733,0.06584351911735178,0.8913448028159368,49.38653962499913,121.60356046404532,0.8391107550295084,1467.1053738594055,3492088811
1405,2656,5.689567801900681,5.689567801900681,1.6895678019006815,-1.1904389161648632,-0.17682399129031312,0.0454136101115773,0.8880632214683536,50.78313025951851,152.09967509351833,1.0119106838624194,1467.1053738594055,3492088811
1406,2657,6.015972039371938,2.0993015816717366,1.1732483915563352,-1.7151431721790653,1.1732483915563352,0.07385080219576898,0.937573616146709,67.22800706930978,158.29539915790906,1.3322107373651768,1467.1053738594055,3492088811
1407,2658,9.433477450748807,5.433477450748807,1.433477450748807,-1.906887244930818,-1.2680344799142027,0.07584678868598932,0.8953811449160125,43.39641118765801,130.12851680425328,0.9504412222206611,1467.1053738594055,3492088811
1408,2659,2.1162715528366642,2.1162715528366642,1.5891885459259163,-2.4238670419493493,0.9563123977999674,0.06110302217977358,0.8954814507357522,53.30726284475784,121.60173355065155,0.8110074917344688,1467.1053738594055,3492088811
1409,2660,3.708112591006816,3.708112591006816,1.2854417885666123,-3.2453648750727506,0.754635124927249,0.08429153621359652,0.882624507798605,42.45781342154729,120.53899705736869,1.0097673185958165,1467.1053738594055,3492088811
1410,2661,8.079851614474345,7.168466723621309,3.1684667236213087,-3.4175771596619833,-0.8315332763786913,0.000766226453489282,0.8926474958286749,116.64654687711972,349.93204534519805,2.6520714197911626,1467.1053738594055,3492088811
1411,2662,6.401612703880638,2.4016127038806383,1.6194010634578417,-1.3532741339060383,-0.7729696171959637,0.05394884242457599,0.8894313085882491,48.33318938909513,137.81985083630806,0.913689342076758,1467.1053738594055,3492088811
1412,2663,2.1560322727037486,2.1560322727037486,1.5307116844766104,-2.313383052302174,1.0084070913933039,0.06242160311233501,0.8937884052396756,53.01293644747131,120.82550868074253,0.8135538965196905,1467.1053738594055,3492088811
1413,2664,1.733236802922114,1.733236802922114,1.733236802922114,-2.5157796127271284,0.9090000771821808,0.08161319496077081,0.9084803128553922,55.75417374044453,118.36993384950128,0.9330333207499164,1467.1053738594055,3492088811
1414,2665,6.907985200264011,2.9079852002640108,1.7006689617250805,-5.095127217877908,-2.2993310382749197,0.0446237408899068,0.8834233515319254,50.196885019712305,150.12516797493217,1.0207083821100291,1467.1053738594055,3492088811
1415,2666,6.748786756987368,2.748786756987368,1.7240673511771192,-2.1087913667869955,-0.04753023788502553,0.04257869379369102,0.8786781824315074,50.19364540399784,142.3817387302433,1.0022307686923657,1467.1053738594055,3492088811
1416,2667,6.4376357109814215,3.4332355528189007,1.4000970592310478,-3.787112482283361,0.21288751771663939,0.07907066774798714,0.8849844462797931,41.230696674565706,119.26171765036528,0.938704566839339,1467.1053738594055,3492088811
1417,2668,7.1048925809544645,5.398926357973716,1.3989263579737157,-2.9557304036992527,-0.5610823654283366,0.08087991132863956,0.8841589096712759,40.41575931546292,121.12962075011734,0.9714685818540179,1467.1053738594055,3492088811
1418,2669,6.496925046069501,4.5574276300375285,1.5728920635276702,-5.547458318523871,-1.5474583185238715,0.05787188278937019,0.8930264147188695,47.57230701671369,142.60777319228143,0.9421764054460865,1467.1053738594055,3492088811
1419,2670,5.858702944801681,1.8587029448016812,1.8587029448016812,-4.39302267660392,-1.3453299472445541,0.048008164016263274,0.8997837639211155,56.05417836003155,162.0386758232729,1.0517992013212192,1467.1053738594055,3492088811
1420,2671,2.277187202658085,2.277187202658085,1.4766666193685525,-2.3713967799165063,1.0171988718545684,0.06263043753932535,0.8921402566841874,52.24017510084504,121.75954947771434,0.8239946673803039,1467.1053738594055,3492088811
1421,2672,2.183879458875169,2.183879458875169,1.4992379124473878,-2.076716607117902,1.000243620559816,0.0639705065492816,0.8933553440989603,52.297426078392256,119.977555721306,0.8152127132486199,1467.1053738594055,3492088811
1422,2673,5.488778928495146,5.488778928495146,1.488778928495146,-3.9372010575216083,-0.5557056306037347,0.06825116241320082,0.8920922888268354,44.6122821527961,133.71735683858014,0.9284409347966223,1467.1053738594055,3492088811
1423,2674,2.6584267887693374,2.6584267887693374,1.4913522424479047,-2.530259315988321,0.8269851599615349,0.06127473675628426,0.8855727411182184,48.16074976796326,122.88079669902669,0.8488355964803838,1467.1053738594055,3492088811
1424,2675,6.218347106515004,2.218347106515005,1.501008331733724,-2.0518494693852958,0.9634234417035038,0.05752908410782157,0.8902314021143299,51.437892664299326,126.99315019453128,0.8472804564858,1467.1053738594055,3492088811
1425,2676,6.741789231290079,4.85443399261231,2.913599134322572,-3.5414858330591223,0.4585141669408772,0.0017861477039694778,0.8745646672127524,99.00314690996113,294.23439196547235,2.366822408240492,1467.1053738594055,3492088811
1426,2677,5.759138280359661,5.759138280359661,1.7591382803596611,-2.7592274604628395,0.21933073743796072,0.039015181984202216,0.8804353222805504,51.93284750701897,155.49485398365866,1.0863345506318483,1467.1053738594055,3492088811
1427,2678,6.0738549639268795,2.9360821730853353,1.4476061880117177,-4.755189217248307,-0.7551892172483066,0.0738966925883546,0.9088665275634336,46.41946534347268,136.23932406175405,0.9839600857377627,1467.1053738594055,3492088811
1428,2679,1.9421196601119761,1.9421196601119761,1.9421196601119761,-2.057880339888024,1.9421196601119761,0.04323582319554112,0.9249840422243638,98.79366754748919,193.0506335581381,1.3556350764567495,1467.1053738594055,3492088811
1429,2680,9.834549309418247,5.834549309418246,1.8345493094182457,-2.084558968152699,-1.4923449596094844,0.033285345941457406,0.8896351330560277,56.151459515659255,168.4270330761421,1.1522495863742444,1467.1053738594055,3492088811
1430,2681,3.037903548087035,3.037903548087035,3.037903548087035,-0.862502294187061,1.890484808678593,0.002879115443234982,0.8734577170646325,105.91944346807662,246.513890672586,2.0500562694019555,1467.1053738594055,3492088811
1431,2682,2.2628650783161994,2.2628650783161994,1.4648832926404767,-2.360437712177305,1.0409026289693721,0.06309755243186287,0.8926691921800083,52.69339771606332,122.00592411176078,0.8262069463999211,1467.1053738594055,3492088811
1432,2683,3.5466090042703957,3.5466090042703957,3.5466090042703957,-2.7090482664230713,-0.4533909957296043,0.0005141745724760196,0.9019854300074913,138.30019302080223,407.18962581541234,3.019623954382258,1467.1053738594055,3492088811
1433,2684,6.305132365463375,2.3051323654633746,1.5858783127428797,-2.362686440038039,1.0485200038808857,0.04809145903736635,0.8907983544624426,54.92186827054009,135.65600521948087,0.8936436046114522,1467.1053738594055,3492088811
1434,2685,6.381019907471699,2.381019907471699,2.381019907471699,-3.3266235725311466,-0.719637561720754,0.01389356302098212,0.950738541985044,94.7960654909607,272.89867738902035,2.3681558330438324,1467.1053738594055,3492088811
1435,2686,2.6189783426993754,2.6189783426993754,1.415057103773732,-2.204853152602542,0.8732085499888416,0.06775446637910632,0.8824487174322906,46.748728228872324,117.90624989159416,0.8609600843988479,1467.1053738594055,3492088811
1436,2687,4.241091138796632,4.241091138796632,1.5056530190407198,-6.259200929934284,-2.2592009299342846,0.06607898597719866,0.893915116833378,45.49540048488256,136.41770876117383,0.9305318793027811,1467.1053738594055,3492088811
1437,2688,8.16723355956724,6.341502560587681,2.3415025605876814,-2.395136473683108,-1.0396904690785544,0.009603136781032843,0.8837491734178251,74.9964930834128,224.97105926763805,1.7517029446391228,1467.1053738594055,3492088811
1438,2689,7.045700770893648,3.045700770893647,1.4328440473654112,-1.8732221152267503,-1.8732221152267503,0.07595293462161484,0.8971301278655524,43.6961790513921,129.7896402658366,0.9470714253706518,1467.1053738594055,3492088811
1439,2690,2.1996102375424,2.1996102375424,1.4295115622985155,-2.213767852092801,1.0467041900280278,0.06714691890998584,0.8953674309668712,52.79118459920814,120.58346038076135,0.8308819722211065,1467.1053738594055,3492088811
1440,2691,3.9814498822108706,3.9814498822108706,2.248213195892716,-0.08167209592873403,0.13597679398155904,0.011934863466076796,0.8843900819965045,72.88872048546098,207.52167390737648,1.6071553504611948,1467.1053738594055,3492088811
1441,2692,9.335324410221984,5.335324410221984,1.3353244102219841,-4.368872395661908,-0.3688723956619089,0.09072241875922443,0.8876001424142141,39.04086496986049,116.95166182500084,1.038020596215936,1467.1053738594055,3492088811
1442,2693,2.6436896033298414,2.6436896033298414,1.5623428464362683,-2.7982333089393028,0.7208171234465397,0.056481792533600236,0.8869874670940057,48.84247395406884,125.93922456737735,0.8495732129986929,1467.1053738594055,3492088811
1443,2694,6.798541522249222,3.697594876659486,1.3511875272889708,-4.718102112773635,-0.7181021127736351,0.08829793959159067,0.8853136065970918,39.12227853169704,116.29756612166256,1.0137919559140944,1467.1053738594055,3492088811
1444,2695,2.496838030674022,2.496838030674022,1.4832359438127538,-2.5836924609748984,0.9669123429584335,0.059900620441475164,0.890719901605572,51.27345237198651,125.27851170772382,0.8410946056642189,1467.1053738594055,3492088811
1445,2696,6.6831104996682695,2.6831104996682695,1.4376653519880822,-3.7301476699514797,-2.562334648011918,0.07544468886307362,0.8964890730760364,43.70485237479445,130.72624695873216,0.9497511539226998,1467.1053738594055,3492088811
1446,2697,2.7786371416017572,2.7786371416017572,1.4501265986556096,-2.2586965060724875,0.7204818011817946,0.06714794455581069,0.8799466266578334,44.9060468561239,117.80168580220244,0.8715225009407497,1467.1053738594055,3492088811
1447,2698,9.148059386416792,5.148059386416791,1.1480593864167912,-6.851940613583209,-2.851940613583209,0.125472022420227,0.8881581477167164,33.55569578570813,100.66486614203438,1.5526895016493238,1467.1053738594055,3492088811
1448,2699,5.756332719874117,5.756332719874117,1.7563327198741174,-4.554503550179477,-1.4810299626129237,0.03951580457227136,0.910369462315423,57.637281488683776,172.89333807020998,1.1551158401390038,1467.1053738594055,3492088811
1449,2700,3.5253530438046945,3.5253530438046945,1.6811801858410638,-1.3887256707060356,-1.3887256707060356,0.046378675231291626,0.8918391402063774,51.1193392456436,151.13002249373477,0.9927013899365879,1467.1053738594055,3492088811
1450,2701,6.892352559098737,2.892352559098737,1.5081334303330545,-5.065333567975762,-1.8202162147784584,0.06582759623757824,0.8961931041040305,45.97681441444255,137.07870353253455,0.9301099695513564,1467.1053738594055,3492088811
1451,2702,2.743064612837119,2.743064612837119,1.2555770737141705,-6.7444229262858295,-2.7444229262858295,0.10550538294995157,0.8709261011938917,34.13823554478642,102.01812347668773,1.2670253475573752,1467.1053738594055,3492088811
1452,2703,5.45937442434089,5.45937442434089,1.45937442434089,-3.6327703794939765,-1.548532740002392,0.07223102291749546,0.9061314904953195,46.26041005096847,138.7577741070903,0.9821307679738455,1467.1053738594055,3492088811
1453,2704,9.275486597799116,5.275486597799115,1.2754865977991152,-1.8539571773771384,-1.8539571773771384,0.10103489510430946,0.8971593199414172,38.75411201075593,116.19862952205868,1.1565409467585726,1467.1053738594055,3492088811
1454,2705,2.456405291705481,2.456405291705481,1.5919035781126658,-3.331661159351392,0.6683388406486083,0.056434675678723456,0.894991369515838,50.48629392570049,127.5828111396657,0.8379072751847508,1467.1053738594055,3492088811
1455,2706,1.6598691653708688,1.6598691653708688,1.6598691653708688,-3.5539607420017347,0.44603925799826527,0.09711086351260236,0.9119537680047709,50.5050214654722,114.44445874115017,1.1065770893554272,1467.1053738594055,3492088811
1456,2707,2.5931615075473857,2.5931615075473857,1.5392141831125674,-2.6051606485732783,0.9105768045029636,0.05559001241742109,0.8923227063748895,51.74527219709298,129.39426208272627,0.8533115290326596,1467.1053738594055,3492088811
1457,2708,5.898211579451431,5.898211579451431,1.8982115794514312,-1.699397472663394,1.0587298487753345,0.025891717467144693,0.879011168409179,60.37331743605012,180.1525910469718,1.326189869311944,1467.1053738594055,3492088811
1458,2709,2.4292991224117024,2.4292991224117024,1.5043409459382806,-2.083348871951225,0.9323015289955048,0.05994847242217893,0.890579439052775,50.90583472508294,123.53832306111175,0.8303569445099185,1467.1053738594055,3492088811
1459,2710,2.4144180243515283,2.4144180243515283,1.4085516344937663,-4.174846657667328,-0.84327218858701,0.08331586243935518,0.8854468279395433,40.62041267001742,115.92417180591264,0.9557709862261315,1467.1053738594055,3492088811
1460,2711,8.103113838047232,4.103113838047232,1.3233319419831342,-6.472890944183936,-2.472890944183936,0.09286237614360171,0.8930206758025305,39.51532676935628,118.50557487698534,1.059480838239236,1467.1053738594055,3492088811
1461,2712,5.408931064881299,5.408931064881299,1.4089310648812992,-4.429670508206618,-2.5910689351187006,0.07942777554222889,0.9097611266150261,45.317263869647086,135.94729486696346,1.0300995124077654,1467.1053738594055,3492088811
1462,2713,5.843947211948212,3.954858306349446,2.1482926414532773,-5.851707358546722,-1.8517073585467227,0.01584573905166138,0.9550731712669399,88.71272254196573,265.80751668153914,2.371711870512972,1467.1053738594055,3492088811
1463,2714,6.369198109286315,2.3691981092863155,1.6804539147398556,-3.742905471363831,-2.3195460852601446,0.04822210659468374,0.8834085527964324,49.20484036169462,146.66806113251562,0.9943887316816628,1467.1053738594055,3492088811
1464,2715,1.817929367753127,1.817929367753127,1.817929367753127,-5.885567900151839,-1.8855679001518393,0.0721730430256246,0.8880946038413309,50.59844643360644,145.67306970559608,1.042648552019933,1467.1053738594055,3492088811
1465,2716,2.557785981282205,2.557785981282205,1.4711050797633802,-3.0703068477375295,0.9296931522624702,0.06136474952825975,0.8930674481858807,50.84764540044879,126.1318946235858,0.84556324968668,1467.1053738594055,3492088811
1466,2717,9.477454499132445,5.4774544991324445,1.4774544991324448,-2.957800176061947,-0.0797663114684457,0.06946482457138582,0.8759180738037854,41.70082927159665,124.87326419511254,0.9578814106345601,1467.1053738594055,3492088811
1467,2718,3.1617716979619006,3.1617716979619006,1.4897668295041513,-3.29589305192067,0.7041069480793306,0.06234599535689771,0.8948407898417866,48.46117138070859,132.59897621349694,0.887797677742848,1467.1053738594055,3492088811
1468,2719,9.568458670573552,5.568458670573553,1.5684586705735528,-0.7075107154127975,-0.7075107154127975,0.05759814200181805,0.8864451602342973,46.88898239797352,140.2083396458412,0.9467839602059968,1467.1053738594055,3492088811
1469,2720,2.3627346410661225,2.3627346410661225,1.4315140021692776,-2.3832320252354577,1.004961047518934,0.0648783373062396,0.8903057397955054,51.00101594907827,121.02545657020796,0.8337286544358067,1467.1053738594055,3492088811
1470,2721,2.224793504174656,2.224793504174656,1.4449342906062363,-5.027436644545597,-1.0274366445455967,0.08197849844721367,0.8773299062079793,40.15296129564592,114.33016260138618,0.9785440260746829,1467.1053738594055,3492088811
1471,2722,5.52249577102619,5.52249577102619,1.5224957710261897,-6.47750422897381,-2.4775042289738103,0.06394245148099065,0.8910434807496266,45.52741123483227,136.57889559296552,0.9283483529914959,1467.1053738594055,3492088811
1472,2723,3.1380367259987327,3.1380367259987327,1.4766904489082067,-2.5136438155149134,0.8838447274967413,0.05981012458947955,0.8835455274853546,48.475824859248824,130.32951327884416,0.9020470881551248,1467.1053738594055,3492088811
1473,2724,3.276781705530161,3.276781705530161,1.511085983253305,-4.364491771909238,-2.488914016746695,0.06552156679835863,0.8979029381957618,46.41066549317331,138.94883271025077,0.9392069315672984,1467.1053738594055,3492088811
1474,2725,5.770743502832146,5.770743502832146,1.7707435028321463,-4.257001677714552,-0.2570016777145516,0.03828186441879489,0.9068544445213325,57.3925411797244,172.02159429205108,1.1443512173298374,1467.1053738594055,3492088811
1475,2726,1.959493026082642,1.959493026082642,1.482264347104907,-2.2357944080326924,1.0582425514934368,0.07301816840872405,0.8951810175382098,53.041145433307655,115.04152846038193,0.8315532005270202,1467.1053738594055,3492088811
1476,2727,5.914155871436706,1.9141558714367062,1.9141558714367062,-1.1344433635896858,-0.38920433859355774,0.0425402995672268,0.8833321240980619,54.95177639524177,147.99979036766965,1.011510505946232,1467.1053738594055,3492088811
1477,2728,2.2269997323513957,2.2269997323513957,1.5540925532152283,-2.543247473636135,1.0035630206305017,0.058637632004056875,0.8955233192138805,53.87289248260707,124.64205643819444,0.8231704780242721,1467.1053738594055,3492088811
1478,2729,5.43471742373847,5.43471742373847,1.43471742373847,-2.761791796375472,-1.9675188060914999,0.0756836575141555,0.8999232446760232,44.2552442659448,132.7523126221742,0.9628788635601607,1467.1053738594055,3492088811
1479,2730,7.48126966622206,3.48126966622206,1.6097552915713347,-1.69528568447829,0.40678675133556497,0.05243784459705635,0.8740189422984075,46.31245096225778,133.12326646553257,0.9685690546939679,1467.1053738594055,3492088811
1480,2731,3.333281104480655,3.333281104480655,3.333281104480655,0.2794640597527569,2.7286950408398494,0.0009508176696283416,0.8792815559181586,141.86226316868584,296.02399855268413,2.3573974660853123,1467.1053738594055,3492088811
1481,2732,11.25501732408162,7.255017324081621,3.2550173240816203,0.006462977960179472,0.6771683274050013,0.0005627877794331493,0.8639142004608574,114.08440558161888,340.7950307135992,2.788289546271117,1467.1053738594055,3492088811
1482,2733,5.317217603163459,5.317217603163459,1.317217603163459,-3.0073701204233094,0.37030085053222594,0.08954478771927186,0.8826658546708899,39.19984755203695,117.04553862160871,1.0466747949378974,1467.1053738594055,3492088811
1483,2734,4.580155073010177,4.473759774640342,3.003036543918187,0.9748368658560476,1.6250974492753427,0.001132401311279358,0.9106470459153003,126.71679798001531,338.52538717872267,2.581677630372161,1467.1053738594055,3492088811
1484,2735,6.09476246504176,2.09476246504176,1.4465635944439583,-2.080545519410058,0.9535455819086642,0.06382167964125705,0.8907775614091364,50.25009435420855,122.1537592036179,0.8349976270216124,1467.1053738594055,3492088811
1485,2736,2.842629906911983,2.842629906911983,1.7382548169726257,-2.8557893953652913,0.46913903550853764,0.04143709394175072,0.877082913067109,50.93539705629266,137.85880219005776,0.9865811079716633,1467.1053738594055,3492088811
1486,2737,5.402244727950251,5.402244727950251,1.402244727950251,-3.769478943456802,0.23052105654319877,0.07864471609400503,0.9080493564639375,45.521047944658,136.09668035929081,1.0193591747462578,1467.1053738594055,3492088811
1487,2738,5.417075711341363,5.417075711341363,1.4170757113413628,-2.6151129901702466,-1.003645782053317,0.0782281789689423,0.8938620539559284,42.595669666430666,127.72475860100904,0.9572167552383104,1467.1053738594055,3492088811
1488,2739,7.772251422759432,3.772251422759431,1.7710688839224615,-2.2289311160775385,-2.2289311160775385,0.03827416590719814,0.8995627431353005,55.83462095298672,167.13370888781986,1.1054572692403384,1467.1053738594055,3492088811
1489,2740,1.7786941361626596,1.7786941361626596,1.7786941361626596,-1.3142638432719052,-0.10037343371835727,0.07800920276618371,0.9042889828301934,52.46307166464215,129.39522172171462,0.9631832772988833,1467.1053738594055,3492088811
1490,2741,2.991016729775631,2.991016729775631,1.557142332586909,-4.743691331886541,-0.743691331886541,0.06022814025344131,0.8805161969416594,44.84156584070559,130.86387897198856,0.9235868992650001,1467.1053738594055,3492088811
1491,2742,3.1988566224935813,3.1988566224935813,1.469320954971749,-3.357270274399546,-2.1813937051433223,0.07105640907417764,0.8979708075539314,45.03112305119046,134.60367442166475,0.9421837970908621,1467.1053738594055,3492088811
1492,2743,7.7571115093542495,6.971045146619312,2.971045146619313,-5.028954853380688,-1.0289548533806872,0.001483940739892581,0.9655623623303595,137.68546744465692,413.04725800367413,3.7049646218183323,1467.1053738594055,3492088811
1493,2744,4.028754032278595,4.028754032278595,1.510731783076136,-2.3739458919081207,-0.8878469711078834,0.06542873140565851,0.8923942904664681,45.38744670154909,135.38669117658495,0.9238947703301564,1467.1053738594055,3492088811
1494,2745,2.037153964052847,2.037153964052847,2.037153964052847,-2.1041226655896943,1.4711347141273199,0.040883397844551805,0.9022787261630334,73.26288244791414,150.40237815843724,0.9893053597986486,1467.1053738594055,3492088811
1495,2746,2.1585435920749196,2.1585435920749196,1.4160765763634506,-2.321536562409432,1.0786244257438422,0.06812881367720891,0.8980721228331388,53.97126239699292,121.61773586589707,0.8401955984596321,1467.1053738594055,3492088811
1496,2747,3.8478427180450367,3.8478427180450367,1.500619536529685,-2.499380463470315,-2.499380463470315,0.06673495221935434,0.9018045979901127,46.80553648365154,140.19890310240757,0.9531738519899398,1467.1053738594055,3492088811
1497,2748,6.479703462799328,6.479703462799328,2.4797034627993284,-2.145978305241613,1.8540216947583867,0.004965263558339933,0.9205569981813377,104.17448858345453,310.328181978872,2.39094325705633,1467.1053738594055,3492088811
1498,2749,2.1888274784901545,2.1888274784901545,1.5292822812617988,-2.5338804588130373,1.0063586828058204,0.06148352435400321,0.8960192315581308,53.50970225893338,122.8202578914989,0.8195325396694664,1467.1053738594055,3492088811
1499,2750,5.542967711783518,5.542967711783518,1.542967711783518,-4.516227238744222,-0.5162272387442226,0.06140009773976819,0.8906866558716559,46.15133273209359,138.33365935165475,0.9308050171819888,1467.1053738594055,3492088811
1500,3001,3.360501187716951,3.360501187716951,3.360501187716951,-1.1144924155355764,2.8855075844644236,0.0008324906751840501,0.9039350703311699,160.0,334.3998805569505,2.54435949692181,1423.8837933540344,3028314106
1501,3002,9.69551032679746,5.695510326797462,1.6955103267974614,-1.3841089617164564,0.42905705794753946,0.04405265073078618,0.8671831472280463,47.98063746148,143.5200565775698,1.1025088779977665,1423.8837933540344,3028314106
1502,3003,7.34236351850949,3.34236351850949,1.2351430390379698,-6.76485696096203,-2.76485696096203,0.10838799639801597,0.9331218925100062,44.88718981264669,134.55907202477323,1.5675443229529566,1423.8837933540344,3028314106
1503,3004,5.448911137531815,1.448911137531815,1.448911137531815,-2.551088862468185,1.448911137531815,0.07368119538159609,0.9202825233869113,73.40546736046615,146.80616607458154,1.102224574064977,1423.8837933540344,3028314106
1504,3005,5.987527274292402,1.987527274292402,1.0990576491968373,1.0990576491968373,1.0990576491968373,0.04806016201796241,0.887646851642653,97.78041808355695,194.21056111641025,1.2839897718621947,1423.8837933540344,3028314106
1505,3006,6.467133165895814,6.467133165895814,2.467133165895814,-1.532866834104186,2.467133165895814,0.0025670375604233708,0.8546357871281336,112.73553801704543,333.00128040476807,2.824296123063003,1423.8837933540344,3028314106
1506,3007,5.666624553110591,5.666624553110591,2.8409033239331327,0.26845071461453074,1.7339715551365582,0.00200726346616254,0.875949186425451,100.86436304683814,296.0838066383715,2.3649793194828552,1423.8837933540344,3028314106
1507,3008,10.169468754174481,6.169468754174482,2.169468754174482,0.8908908955344343,1.6302016863827764,0.009372399944977126,0.948604590587333,125.84300342245855,354.1120748178746,2.915804875420143,1423.8837933540344,3028314106
1508,3009,7.741737176896352,3.7417371768963523,3.7417371768963523,-0.2582628231036477,-0.2582628231036477,0.00016373722146307602,0.9263131859894074,160.0,458.4841370765614,3.4638708337872353,1423.8837933540344,3028314106
1509,3010,10.097356859268352,6.097356859268352,2.0973568592683525,-3.018505461982024,0.981494538017976,0.017079982846530107,0.8695941395321178,64.0294382315671,191.41062002801868,1.5512919552500422,1423.8837933540344,3028314106
1510,3011,6.3674697882268525,2.3674697882268534,1.5858210066924843,-2.705351726678982,0.37151799728462587,0.05657368145303315,0.8751352970690258,45.429589533314925,121.821127454451,0.8922449688251751,1423.8837933540344,3028314106
1511,3012,9.9764153254198,5.9764153254198,1.9764153254197998,1.6238929687995263,1.9764153254197998,0.006188729528031479,0.9091741750542971,160.0,401.3629342469145,2.9125817099193565,1423.8837933540344,3028314106
1512,3013,6.88996597300261,2.8899659730026106,1.0733376744843497,-0.09398286724347016,-0.09398286724347016,0.1238264385456378,0.8751928295310775,36.26726295672445,90.28391690689764,1.5207206562189075,1423.8837933540344,3028314106
1513,3014,5.251830710618829,1.2518307106188284,1.2518307106188284,-6.748169289381171,-2.7481692893811713,0.14893936981146633,0.9998832756775279,160.0,462.6534933085439,6.0481975480062555,1423.8837933540344,3028314106
1514,3015,11.823856565348525,7.823856565348525,3.8238565653485246,-4.176143434651475,-0.17614343465147542,6.569018171279575e-05,0.9098958643368248,160.0,479.98952939984486,3.5132540592458916,1423.8837933540344,3028314106
1515,3016,6.066166750089385,2.066166750089385,2.066166750089385,-2.87854311971238,1.12145688028762,0.028593782900581247,0.9027732406921529,68.6361822738135,162.2069657268275,1.1240929100668142,1423.8837933540344,3028314106
1516,3017,9.260306115816636,5.260306115816637,1.260306115816637,-2.739693884183363,1.260306115816637,0.060632629346798944,0.8726999848151904,53.556589169147614,158.22809852182246,1.1587733994335552,1423.8837933540344,3028314106
1517,3018,10.843178823126944,6.8431788231269435,2.8431788231269435,-1.1568211768730565,-1.1568211768730565,0.0022329157565894086,0.8974313144336661,101.3722865686444,304.0484975259059,2.325167847329421,1423.8837933540344,3028314106
1518,3019,6.756186034477817,2.7561860344778166,1.3363687346134412,-5.02220999449719,-1.9094730858831925,0.09079445581205076,0.9096885446891951,42.93737989224488,127.96516248247916,1.101141012323322,1423.8837933540344,3028314106
1519,3020,7.602189438462352,3.6021894384623527,1.4454914678080917,-0.8713269311797405,0.27724934385019906,0.07188476015012042,0.8868410800648042,43.43241617355667,125.38496170239844,0.9139204518035418,1423.8837933540344,3028314106
1520,3021,10.25747917587808,6.25747917587808,2.2574791758780797,-4.892116050065697,-0.8921160500656979,0.011989070977103328,0.8890597897416187,72.62196852329093,217.83933671017368,1.6543409654148056,1423.8837933540344,3028314106
1521,3022,7.1139293332309945,3.1139293332309945,3.1139293332309945,-2.6465775096330466,1.3534224903669538,0.0015759926757314456,0.8996716046536958,114.0063656448645,298.836008582227,2.300093527507339,1423.8837933540344,3028314106
1522,3023,5.685876518877569,1.6858765188775684,1.6858765188775684,0.8881526170876164,1.6858765188775684,0.036035888292797136,0.9787139272349678,160.0,317.3617792091907,3.0439446314696523,1423.8837933540344,3028314106
1523,3024,11.325866942814175,7.325866942814175,3.3258669428141743,-4.674133057185825,-0.6741330571858257,0.00044071997305568226,0.8819998796989369,122.09016341670417,366.26253960898805,2.8045798364354932,1423.8837933540344,3028314106
1524,3025,9.428713115995574,5.428713115995574,1.4287131159955746,-3.656369464806232,0.3436305351937683,0.0741392530312772,0.87197359238435,40.442825515075356,120.88124116246908,0.9950875128478929,1423.8837933540344,3028314106
1525,3026,5.956720384639526,1.9567203846395267,1.9567203846395267,-4.307298608462009,-2.0432796153604733,0.03877441473660774,0.9181336949560961,64.26084762932858,189.83940892278454,1.3016438355377327,1423.8837933540344,3028314106
1526,3027,7.179382970687525,3.179382970687525,0.9420380646126456,-3.0579619353873544,-3.0579619353873544,0.17308427859993017,0.8115184282837546,20.0,59.93337873663963,3.9309547362060107,1423.8837933540344,3028314106
1527,3028,5.622129780901666,1.6221297809016657,1.6221297809016657,-4.327881034910508,-0.3278810349105086,0.07754360380368118,0.872480692776956,42.619712191964425,113.8114178134331,0.972004090236898,1423.8837933540344,3028314106
1528,3029,7.455618909104101,7.455618909104101,3.4556189091041007,0.9389418289386282,2.29644427339894,0.00023115203356363542,0.8852617175726337,139.7878732538474,414.9598486416989,3.1072375354391912,1423.8837933540344,3028314106
1529,3030,9.78408245178287,5.78408245178287,1.7840824517828706,-0.7724794873169907,-0.7724794873169907,0.03692078628320662,0.9100820528842956,59.011967727486095,176.64605243591473,1.1879802761665836,1423.8837933540344,3028314106
1530,3031,10.796736672278765,6.796736672278765,2.7967366722787657,-1.2032633277212343,2.7967366722787657,0.0008445828245194675,0.9211832451560198,160.0,448.9902971326128,3.354333789672189,1423.8837933540344,3028314106
1531,3032,6.526457990567108,2.5264579905671076,2.5264579905671076,-1.4735420094328924,2.5264579905671076,0.005760953911787302,0.9544761358730925,160.0,319.9895593920066,2.8349878220717746,1423.8837933540344,3028314106
1532,3033,6.655901292135312,2.6559012921353125,1.1286906898835825,-2.8713093101164175,1.1286906898835825,0.0788350015021684,0.9000213288091913,53.92113297660895,137.76066298363017,1.0218522205489637,1423.8837933540344,3028314106
1533,3034,6.84690380648377,2.8469038064837697,1.3033382243191833,-1.0535355967354914,1.3033382243191833,0.05547206471312775,0.9227703241709773,68.32645384575693,174.48579671568518,1.2164678752330267,1423.8837933540344,3028314106
1534,3035,10.62610996360965,6.626109963609649,2.6261099636096494,-1.3738900363903506,-1.3738900363903506,0.004317876320517088,0.9943917154550957,160.0,479.8934762156864,4.808299947119547,1423.8837933540344,3028314106
1535,3036,8.005674755120392,8.005674755120392,4.005674755120391,-1.755101103219662,2.244898896780338,3.0252785727123597e-05,0.8738086672101134,160.0,479.35820790558734,3.600352946453473,1423.8837933540344,3028314106
1536,3037,6.750092256402331,2.7500922564023313,2.7500922564023313,-1.2499077435976687,-1.2499077435976687,0.004962386638836493,0.9026092823173612,95.78708342701498,278.04482196358214,2.1174615100303327,1423.8837933540344,3028314106
1537,3038,6.606614038024237,2.606614038024236,1.6825502974418973,-2.3174497025581027,-2.3174497025581027,0.04681479255498868,0.9103969129388898,54.822454547292914,163.08187997638763,1.0761747292564656,1423.8837933540344,3028314106
1538,3039,7.500768973641488,3.500768973641488,3.500768973641488,-4.499231026358512,-0.4992310263585118,0.0004095374869293521,0.9087095250373579,138.28773722422335,408.55885584994456,3.0411899964726934,1423.8837933540344,3028314106
1539,3040,9.854671852211043,5.854671852211043,1.854671852211043,-1.7885472057274094,1.0730852385981113,0.028119695836966187,0.8715311784811546,57.96060335480381,172.9027342011701,1.3203904807517064,1423.8837933540344,3028314106
1540,3041,6.6702059596310574,2.6702059596310583,1.320115347992638,-1.518923440551548,-1.518923440551548,0.09341247582468541,0.9147056992518545,43.47553294621792,127.20613858549413,1.1490663774761054,1423.8837933540344,3028314106
1541,3042,7.595722061509578,3.5957220615095773,0.7401109135707684,0.7401109135707684,0.7401109135707684,0.09847220175194595,0.7724134043571247,43.67436337304913,110.99842874647146,3.5915470365565416,1423.8837933540344,3028314106
1542,3043,6.376346344452703,2.3763463444527027,1.4168336419172745,0.5643362390415291,0.5643362390415291,0.0560837105732631,0.9367157226887821,83.07674447744982,167.62781766595376,1.3009437290180506,1423.8837933540344,3028314106
1543,3044,7.778842588130991,7.778842588130991,3.778842588130991,-0.22115741186900895,-0.22115741186900895,7.869703222448466e-05,0.9168364874040409,160.0,479.80560313939236,3.5404614045623166,1423.8837933540344,3028314106
1544,3045,9.140192792525754,5.140192792525754,1.1401927925257542,-6.052317986819592,-2.8598072074742458,0.1271029927527971,0.9509631815653208,46.85741800216496,140.56916866065006,2.2286640248914193,1423.8837933540344,3028314106
1545,3046,5.681667252579705,1.6816672525797045,1.6816672525797045,-3.3548806326086185,0.6451193673913811,0.06692126029390714,0.8926985070167541,49.898555247945616,119.54226542221319,0.8278522708227888,1423.8837933540344,3028314106
1546,3047,8.188033958548017,4.188033958548018,1.4869051285496349,-2.513094871450365,1.4869051285496349,0.03722804766075071,0.9433200217312995,85.86702731847943,242.40930089318738,1.8869877704595028,1423.8837933540344,3028314106
1547,3048,3.512577947134302,3.512577947134302,3.512577947134302,0.5427699162172215,2.753438072895542,0.0005150988794151335,0.9121799487747351,160.0,342.34185850190994,2.6211887404677823,1423.8837933540344,3028314106
1548,3049,10.851703060449033,6.851703060449033,2.851703060449033,-0.18946287891068492,2.4257328196109396,0.0012751207451931882,0.866599177493844,117.1736376668862,346.6020646289093,2.7864226782340893,1423.8837933540344,3028314106
1549,3050,4.125836487719937,4.125836487719937,2.0235931525404682,-0.45085116151196525,0.8465242116511897,0.020481838941752803,0.88165957236305,63.60635600584745,182.3939238413178,1.3693943685974361,1423.8837933540344,3028314106
1550,3051,6.293218888162335,2.293218888162335,2.293218888162335,-1.7067811118376648,2.293218888162335,0.010917698138585903,0.862631137127673,103.15072185948073,206.29473447514516,1.7889897369128365,1423.8837933540344,3028314106
1551,3052,10.192400776821469,6.192400776821468,2.1924007768214677,-5.807599223178532,-1.8075992231785323,0.014175290290887219,0.9984577443693844,160.0,479.9895656104211,4.805945889036994,1423.8837933540344,3028314106
1552,3053,10.273518481670846,6.2735184816708465,2.273518481670846,-0.9737270023920455,-0.9737270023920455,0.011481068086581758,0.9034208446225429,76.74609387124286,230.0611751255659,1.7229736671426554,1423.8837933540344,3028314106
1553,3054,6.359478529339132,2.3594785293391323,2.3594785293391323,0.09584081293254743,1.2382955175328256,0.013849951764667186,0.9311530188699052,91.45902898515996,210.4015195706845,1.7159705219776138,1423.8837933540344,3028314106
1554,3055,5.896907402540189,1.8969074025401893,1.8969074025401893,-1.0584155247719425,-1.0584155247719425,0.04415189004827528,0.918761718892648,62.132636192643844,170.46892004558813,1.1654020874246964,1423.8837933540344,3028314106
1555,3056,7.740469527361903,3.740469527361903,1.8852859596890243,0.869223664618795,1.8852859596890243,0.012095289057125898,0.9577156930399191,137.69855982480254,280.46255934558263,2.5543854583232473,1423.8837933540344,3028314106
1556,3057,5.858403213651897,1.858403213651897,1.858403213651897,-3.0852501983705247,-1.4135407601681136,0.04803887939400243,0.904829048345124,57.13963627037836,165.5557244248495,1.0781838583332475,1423.8837933540344,3028314106
1557,3058,6.947391897751253,2.9473918977512534,1.293947421649728,-4.624798944802215,-2.7060525783502722,0.09785903006064865,0.9010008023073497,39.98517484690782,119.76605052820395,1.1301798487672283,1423.8837933540344,3028314106
1558,3059,2.836364221947772,2.836364221947772,2.836364221947772,-1.1636357780522282,2.836364221947772,0.004112545610712125,0.8641786431388796,136.7326544311708,267.23570384821693,2.256001921932979,1423.8837933540344,3028314106
1559,3060,5.64296900723357,1.64296900723357,1.64296900723357,0.17134510464538377,0.17134510464538377,0.06744063989928609,0.997379769612771,160.0,327.5146228905133,3.633317203694342,1423.8837933540344,3028314106
1560,3061,6.973519792568853,2.973519792568852,1.29668203239742,-3.8174135006664325,-0.778083449225103,0.09736747139027002,0.8548395274171392,33.25702775234923,97.74970903901334,1.2943674924596758,1423.8837933540344,3028314106
1561,3062,7.5831311606730525,3.5831311606730525,1.2317175122696298,-3.3834494479047033,0.6165505520952966,0.09622167216774957,0.8970936530037429,41.92244339314089,119.97839809124874,1.1089593397552506,1423.8837933540344,3028314106
1562,3063,4.170285937655878,4.170285937655878,2.2633267780209647,0.7169884879151305,1.3703080238793555,0.00907503574030998,0.9329936371469085,105.6892391726345,282.11356335172115,2.2561136430801065,1423.8837933540344,3028314106
1563,3064,10.553131422610948,6.553131422610948,2.553131422610947,-2.456766003097601,1.543233996902399,0.004815428507281878,0.902777659729849,93.2790585574319,278.68957768488366,2.123827848219946,1423.8837933540344,3028314106
1564,3065,6.319400365509756,2.3194003655097553,2.3194003655097553,-5.680599634490244,-1.6805996344902447,0.016294410324687314,0.9087508463110148,77.25039419735927,228.22944032447404,1.667502602430913,1423.8837933540344,3028314106
1565,3066,6.122928898784418,2.1229288987844184,2.1229288987844184,-1.8770711012155816,-1.8770711012155816,0.026456183935116465,0.9244695479251238,73.03697793088908,213.22831469643572,1.561003718089494,1423.8837933540344,3028314106
1566,3067,5.91290084720623,1.9129008472062299,1.9129008472062299,-2.784048735929294,0.4036779617328461,0.042455569156482374,0.882125885725177,54.90300792367484,139.96585494382828,0.966011339482893,1423.8837933540344,3028314106
1567,3068,6.643948490066528,6.643948490066528,2.6439484900665278,0.9521791880992161,2.6439484900665278,0.001361141656519419,0.9321226333138849,160.0,470.354477921653,3.575030457952152,1423.8837933540344,3028314106
1568,3069,5.711342452506857,1.7113424525068566,1.7113424525068566,-6.288657547493143,-2.2886575474931434,0.06511703473623659,0.9221620723529453,55.62659049153755,163.83976854375018,1.1738029751519181,1423.8837933540344,3028314106
1569,3070,9.50264583307245,5.5026458330724495,1.50264583307245,-2.49735416692755,-2.49735416692755,0.0664646808703631,0.9197676992257835,50.675967629345884,152.01335252032487,1.088167269927025,1423.8837933540344,3028314106
1570,3071,7.417571414938776,7.417571414938776,3.4175714149387764,-0.5824285850612236,-0.5824285850612236,0.0003157435422451488,0.8968526541598975,131.5205950637566,394.4342182010425,2.9408295658389974,1423.8837933540344,3028314106
1571,3072,6.4508390705942364,2.450839070594236,2.450839070594236,-0.49027134304364495,-0.49027134304364495,0.011504087138218504,0.898972903295439,80.96936978757222,218.7515712870826,1.647691244384193,1423.8837933540344,3028314106
1572,3073,8.396104891889442,4.3961048918894425,1.7502271541372763,-1.7702840738168535,-1.7702840738168535,0.04003328707296502,0.9048558027378193,56.195161010723545,168.21440382075983,1.1101908518914925,1423.8837933540344,3028314106
1573,3074,9.533378378524041,5.533378378524041,1.5333783785240416,-3.7009077861212027,-0.995896332685531,0.06259052378525437,0.9097606471059221,49.514037293242005,148.4871586353369,1.0023905300168225,1423.8837933540344,3028314106
1574,3075,9.586637594224285,5.5866375942242845,1.5866375942242847,-0.043883314218083225,-0.043883314218083225,0.05191250906463209,0.8787011105178817,49.86141439382007,148.14776407659343,1.0315595421626265,1423.8837933540344,3028314106
1575,3076,7.736034336770437,3.7360343367704383,1.7089176761487033,-3.5027118916062006,0.49728810839379967,0.042626603314248064,0.8582528361357815,47.19183475690297,136.59853298608564,1.1631805416399659,1423.8837933540344,3028314106
1576,3077,7.377434928279792,3.3774349282797917,1.9697977598526943,-4.796633485046517,-1.5213133736577857,0.02444802385637406,0.883730843327974,60.05442307130151,179.30018698643931,1.3046052776649506,1423.8837933540344,3028314106
1577,3078,5.366791278494764,1.366791278494764,1.366791278494764,-2.6332087215052358,1.366791278494764,0.08584536382505101,0.9863068364073146,114.90146008448885,229.79543426862793,2.8370359613862632,1423.8837933540344,3028314106
1578,3079,10.75914397181511,6.75914397181511,2.75914397181511,-4.087866894732155,-0.08786689473215459,0.0028976248385911077,0.901965178975226,98.51162714156337,295.4730283038666,2.259394369325808,1423.8837933540344,3028314106
1579,3080,3.370865946770974,3.370865946770974,1.9361443662431805,-0.05378493039562238,-0.05378493039562238,0.025312397655385954,0.8899778616464974,62.83838870080722,171.60470450893075,1.2226711320699775,1423.8837933540344,3028314106
1580,3081,6.188533262156499,2.188533262156499,0.9385446978953211,0.9385446978953211,0.9385446978953211,0.06646362262777473,0.8754132255127766,80.62952627215361,160.73666249493414,1.177700947538313,1423.8837933540344,3028314106
1581,3082,6.198347802067481,6.198347802067481,2.198347802067481,-1.2940290716854772,0.6214296398784849,0.01383282829733294,0.8658627977613754,65.84195895278464,197.1567636610545,1.6602739033449496,1423.8837933540344,3028314106
1582,3083,5.8909617744356835,1.8909617744356833,1.3072496009936552,-0.2800540784275263,1.3072496009936552,0.05979396930561766,0.9667992471460285,91.48550575391111,196.89915981849953,1.9799497580535605,1423.8837933540344,3028314106
1583,3084,5.810575468503894,1.8105754685038946,1.8105754685038946,-1.4904793928242255,1.3766245805289778,0.04411387029160759,0.9068850889817901,69.25712505599338,149.5426495475235,0.9827640539535947,1423.8837933540344,3028314106
1584,3085,5.331651326608363,5.331651326608363,1.3316513266083636,-1.9176018205155676,0.6788874384737713,0.08103007221150524,0.8963168885062481,44.739834069607774,133.2777178462892,1.0151178404909917,1423.8837933540344,3028314106
1585,3086,3.365200361358606,3.365200361358606,2.044831853247927,-2.2486992612247354,1.7513007387752642,0.013063337190587037,0.8787327467685322,80.48554891234913,200.7186905049108,1.5821357109337786,1423.8837933540344,3028314106
1586,3087,7.5604111469750634,3.5604111469750634,1.0802309759151214,-2.9197690240848786,1.0802309759151214,0.08638940329536293,0.9468717044668549,66.65223086444904,185.62532023250404,1.7469740776115366,1423.8837933540344,3028314106
1587,3088,7.922688868346224,3.9226888683462238,1.6369328281929718,-3.6283870041049298,-2.363067171807028,0.0508220862951254,0.9054610732873855,52.23721853926895,156.6220049999608,1.0207427096428392,1423.8837933540344,3028314106
1588,3089,8.09446844896395,4.09446844896395,0.8853974641871009,0.8853974641871009,0.8853974641871009,0.07379333998903763,0.9201700528439444,95.89723080465153,219.78999263631354,1.5758060163208731,1423.8837933540344,3028314106
1589,3090,7.355411714205401,3.3554117142054007,1.2555060046135857,-5.376711482545863,-1.3767114825458628,0.1046472198857155,0.8853924353173406,36.25358040166662,108.10656451545304,1.1945422874891438,1423.8837933540344,3028314106
1590,3091,5.2986275422780595,1.2986275422780598,1.2986275422780598,-1.5463680202377599,0.19234380229510162,0.13549752011981947,0.9080039174150143,39.110610491256914,93.83267433741082,1.745392553668533,1423.8837933540344,3028314106
1591,3092,6.410694969407679,2.410694969407679,2.410694969407679,-1.589305030592321,-1.589305030592321,0.012849958201660051,0.997456479721522,160.0,465.98161658533974,4.69974369378221,1423.8837933540344,3028314106
1592,3093,3.6443102443145006,3.6443102443145006,3.6443102443145006,-3.169677884638524,0.8303221153614766,0.0003561573128032214,0.8653167312559278,133.19020563509557,375.0411402883056,2.9983072842430567,1423.8837933540344,3028314106
1593,3094,6.1328301599254065,2.132830159925407,0.8261127801336451,-3.173887219866355,0.8261127801336451,0.13592818134680174,0.9996436221318088,160.0,397.83070613047346,5.249524536374311,1423.8837933540344,3028314106
1594,3095,7.341272310645366,3.3412723106453663,0.9992664755641981,-1.4546189478851992,0.9992664755641981,0.10030508164867676,0.8958305533825104,47.63247500569523,131.31538984132658,1.2446417909257597,1423.8837933540344,3028314106
1595,3096,3.840949456003479,3.840949456003479,3.840949456003479,-2.7196571639992135,-0.15905054399652085,0.0001652844605268741,0.912054070089586,160.0,471.4451353460255,3.4635954407056104,1423.8837933540344,3028314106
1596,3097,5.563929532807189,1.5639295328071892,1.5639295328071892,-6.436070467192811,-2.4360704671928106,0.08663636938176338,0.9988255639824553,123.67917085137204,362.82072245263157,4.066097794937773,1423.8837933540344,3028314106
1597,3098,3.9531136787590606,3.9531136787590606,3.0224175607931243,-0.21444006958780815,3.0224175607931243,0.00041041397368001074,0.8825334814548897,160.0,362.7515310780461,2.77934905878759,1423.8837933540344,3028314106
1598,3099,2.609472629820153,2.609472629820153,2.609472629820153,-2.207932003923253,1.7920679960767467,0.010018792285547055,0.9057042573911279,97.6380628566032,213.0915230230325,1.6337943406702033,1423.8837933540344,3028314106
1599,3100,6.487105102826317,2.487105102826317,2.487105102826317,-3.486042635813278,-1.512894897173683,0.010471483157536248,0.9254543801218688,89.97182669219148,265.8072123407627,2.065085664680787,1423.8837933540344,3028314106
1600,3101,5.565619422352083,1.5656194223520832,1.5656194223520832,-5.177110998202013,-2.434380577647917,0.0863626537669763,0.9190200149292813,49.45799858386837,145.09626730890483,1.2008591904248882,1423.8837933540344,3028314106
1601,3102,9.394964486909945,5.394964486909945,1.3949644869099453,-0.3474037677768589,-0.3474037677768589,0.0776229500808323,0.9809377955329582,78.4020765714299,233.47317171061457,2.6420322170314035,1423.8837933540344,3028314106
1602,3103,6.98787669690764,2.98787669690764,1.2639928865185617,-1.0956466383585601,0.7035528913974276,0.08863374046266195,0.9205955493897895,49.10465299632993,134.4199193514788,1.167475923047011,1423.8837933540344,3028314106
1603,3104,5.597613997540987,5.597613997540987,1.5976139975409867,-2.943038829553786,1.0569611704462143,0.04509911559043928,0.8803166865890769,53.46500077558495,159.10774098245005,1.0955917435415876,1423.8837933540344,3028314106
1604,3105,3.1276588447274363,3.1276588447274363,1.4311540587211664,-0.43117305241616677,-0.43117305241616677,0.07365483873157898,0.8834619554937596,43.10625796174021,119.6983822653943,0.9049249678286373,1423.8837933540344,3028314106
1605,3106,10.098196978292515,6.098196978292515,2.098196978292515,-4.217181359223077,-0.21718135922307713,0.017941425769274932,0.8721794518135666,62.79326276389153,188.278781791857,1.4991418572298039,1423.8837933540344,3028314106
1606,3107,9.759045862676222,5.759045862676222,1.7590458626762226,-6.240954137323778,-2.2409541373237776,0.039284859441811884,0.925065971361181,61.404587168864545,184.20971818134845,1.3095597876448957,1423.8837933540344,3028314106
1607,3108,9.498287871555664,5.4982878715556645,1.4982878715556647,-5.704326937845724,-1.7043269378457235,0.0670292337641177,0.9222272080844268,51.10692629589099,153.3042845731639,1.1153782409200468,1423.8837933540344,3028314106
1608,3109,10.599769141280001,6.599769141280001,2.599769141280001,-5.400230858719999,-1.4002308587199992,0.004664324710714677,0.8969194128507387,89.58167890480718,268.7391464618053,2.061659222171996,1423.8837933540344,3028314106
1609,3110,10.254285495770251,6.254285495770251,2.2542854957702505,1.2785600595529916,1.2785600595529916,0.007070458085801323,0.9545348712137909,160.0,419.7976988855482,3.4658563226931705,1423.8837933540344,3028314106
1610,3111,5.251594782642791,1.2515947826427916,1.2515947826427916,1.2515947826427916,1.2515947826427916,0.050601217654706585,0.9220900570001507,129.2090806805949,252.5314190883756,1.7135027132576288,1423.8837933540344,3028314106
1611,3112,3.6910254459287035,3.6910254459287035,3.6910254459287035,0.6645409690402442,0.9476787762135528,0.000294780394157419,0.9291518328399423,160.0,410.5378302823152,3.1750919915611635,1423.8837933540344,3028314106
1612,3113,5.543238424249693,1.5432384242496928,1.5432384242496928,-2.917641184580668,-1.1175611152911382,0.09004010697219635,0.8999337353378077,44.652983813108136,125.71451461562813,1.0626719469999426,1423.8837933540344,3028314106
1613,3114,5.0663689402952965,1.0663689402952963,1.0663689402952963,1.0663689402952963,1.0663689402952963,0.07447958930737353,0.9720278494520662,160.0,312.7103088211893,2.9207223573037155,1423.8837933540344,3028314106
1614,3115,5.737985512586462,1.7379855125864623,1.7379855125864623,-2.2620144874135377,-2.2620144874135377,0.06171384160137244,0.9978599811286968,123.06432943909745,360.14957237918765,3.833742710209517,1423.8837933540344,3028314106
1615,3116,9.935736475132778,5.935736475132777,1.935736475132777,-4.187488934616205,-1.5614991984030842,0.02644999215870636,0.8950652220793265,61.044131802355004,183.12129523286944,1.2771934604523647,1423.8837933540344,3028314106
1616,3117,5.606941467010316,1.6069414670103157,1.6069414670103157,-4.843847340464312,-0.8438473404643121,0.0798682003514126,0.9998220637915687,160.0,444.72036252918235,4.558528158183433,1423.8837933540344,3028314106
1617,3118,6.574692673514636,2.574692673514636,2.574692673514636,-4.309501678927304,-0.3095016789273033,0.0082255227585509,0.8856415310438758,83.06930880538161,236.8005106798919,1.8369640451406606,1423.8837933540344,3028314106
1618,3119,2.2644811405847305,2.2644811405847305,2.2644811405847305,-1.2872659038775973,1.4049218684367943,0.025163089192424715,0.9002543171443652,77.24832048187767,167.23445077567516,1.1799869004803465,1423.8837933540344,3028314106
1619,3120,6.805643714151866,2.805643714151866,2.805643714151866,-5.194356285848134,-1.194356285848134,0.004203269448716702,0.9917916149577742,160.0,472.7058442533109,4.688665380213099,1423.8837933540344,3028314106
1620,3121,3.188656713195629,3.188656713195629,3.188656713195629,-0.8113432868043708,-0.8113432868043708,0.0018205980216221924,0.9147427180541674,122.05300904207454,349.56402979388815,2.6590221889831454,1423.8837933540344,3028314106
1621,3122,9.722003799118776,5.7220037991187755,1.7220037991187758,-2.2779962008812245,1.7220037991187758,0.021330470741751664,0.968604639829298,116.16482501646358,343.198601750681,3.0786246609033014,1423.8837933540344,3028314106
1622,3123,5.745323972251123,1.7453239722511231,1.7453239722511231,0.18999013402274856,0.9378627969398127,0.05302756169039322,0.9353546719183795,73.8066436988816,155.6561325366921,1.2038677081076397,1423.8837933540344,3028314106
1623,3124,8.1391938468356,4.1391938468355995,0.7700006370615349,-5.35975759453325,-3.2299993629384653,0.2206496124449183,0.8544421499905519,20.0,59.99519901410484,5.198166627304051,1423.8837933540344,3028314106
1624,3125,7.1976775861403635,3.1976775861403635,1.2510440125935876,-3.5562609324097822,-1.8785694980478633,0.10546056933374157,0.917471264200068,41.80626357404963,124.94905806840347,1.331769030006279,1423.8837933540344,3028314106
1625,3126,5.376690477040583,1.376690477040583,1.376690477040583,-2.623309522959417,-2.623309522959417,0.12113021090588644,0.8836628150389407,36.41514258030084,105.7302683359163,1.5069576326768699,1423.8837933540344,3028314106
1626,3127,5.824741595723256,1.824741595723256,1.824741595723256,-3.59257553696043,-0.7727556782626488,0.05159093568017001,0.8885395709673196,52.517486927040665,147.35639953132335,0.9765696218593412,1423.8837933540344,3028314106
1627,3128,7.326412754321066,3.3264127543210673,1.3204923249966793,-2.679507675003321,-2.679507675003321,0.09333494828055254,0.906648316003706,41.859379398277646,125.35138902400247,1.1094749755033018,1423.8837933540344,3028314106
1628,3129,3.905841852613835,3.905841852613835,3.905841852613835,-1.3247850999986648,2.6752149000013348,0.00012150369250465272,0.8826576336797547,160.0,383.6761772852307,2.918855496655284,1423.8837933540344,3028314106
1629,3130,5.723630711421364,1.7236307114213636,1.7236307114213636,0.9487775764051507,0.9487775764051507,0.0411753397751519,0.9582194831024743,130.2456053193566,258.37644894282334,2.2106391507938206,1423.8837933540344,3028314106
1630,3131,5.612691184565575,1.6126911845655747,1.6126911845655747,-0.7739059027170279,-0.7739059027170279,0.07840977913401162,0.8997312132148532,47.563833187727596,122.92936155767867,0.9218971184510897,1423.8837933540344,3028314106
1631,3132,9.50991524657227,5.50991524657227,1.5099152465722696,-3.8695382919248615,0.13046170807513846,0.06484584174052913,0.9998028470645872,160.0,478.84885350030714,4.675792172627024,1423.8837933540344,3028314106
1632,3133,8.19421153850389,4.194211538503891,1.286345781038226,-0.6292808073187528,0.3386511017217626,0.09291190928318023,0.8843428529181702,39.469513403556284,115.5602684926153,1.0713092720059876,1423.8837933540344,3028314106
1633,3134,5.481225165494478,1.481225165494478,1.481225165494478,-3.9066052704987806,0.09339472950121963,0.10016220339816298,0.876067617309388,38.85675870016388,97.61639161856377,1.1094268389828381,1423.8837933540344,3028314106
1634,3135,8.478953137993242,4.478953137993242,2.258239821191589,-0.28535448540999653,1.3862865615239606,0.01045844634694897,0.8933215039897737,79.19587614165941,207.25682520256902,1.592413551586637,1423.8837933540344,3028314106
1635,3136,6.691636993282207,2.6916369932822066,0.9318383805956036,0.9318383805956036,0.9318383805956036,0.06701777998659045,0.9474528919630558,118.11593075052332,236.47137124334836,1.9257937392221611,1423.8837933540344,3028314106
1636,3137,9.449697771688266,5.449697771688266,1.4496977716882662,-4.709291043942617,-0.7092910439426166,0.07356067287962344,0.8917369595984326,43.27624036547496,129.73804940711605,0.9377332195511188,1423.8837933540344,3028314106
1637,3138,2.6217778152640694,2.6217778152640694,1.4873748147583894,-2.3296159465599384,1.230128466652824,0.04964103251276666,0.9022704073046474,60.94495371927757,146.3738562677077,0.9503737650185743,1423.8837933540344,3028314106
1638,3139,2.55797447730369,2.55797447730369,2.55797447730369,-0.5212529788323819,2.127402912980175,0.010559173769203217,0.9042525783242326,107.84521695222712,215.31389766581526,1.6393674710409563,1423.8837933540344,3028314106
1639,3140,1.5936320902042063,1.5936320902042063,1.5936320902042063,-1.7642175141624934,-1.7642175141624934,0.11102508473956503,0.9071275614027555,46.06363742673576,126.85949303032164,1.4048576720181145,1423.8837933540344,3028314106
1640,3141,7.680777544205732,3.680777544205732,1.298695801523837,-2.656585706373341,0.25359877095404637,0.09390355053702056,0.8787592640111549,37.55105768452925,109.39642702783111,1.076351989245302,1423.8837933540344,3028314106
1641,3142,2.2182932973667167,2.2182932973667167,2.2182932973667167,-2.701713245843521,-0.7673643517898348,0.029740522977547184,0.903544143310921,70.27356101756337,197.1118763855672,1.3439142311899364,1423.8837933540344,3028314106
1642,3143,1.7148712301367413,1.7148712301367413,1.7148712301367413,-1.4088490442974813,1.7148712301367413,0.06975936835795526,0.9212553956693239,83.6132810382991,157.32818873305595,1.1504507319354156,1423.8837933540344,3028314106
1643,3144,2.842910195139153,2.842910195139153,1.848758561239566,-2.337488257351178,0.9358099686652261,0.0310814776469837,0.8740514963388355,56.46521055387726,145.86102028490174,1.1051965766020038,1423.8837933540344,3028314106
1644,3145,7.835569842895253,3.8355698428952527,1.5698440588122988,-5.643065767172434,-2.430155941187701,0.058225476903735605,0.9195605211840979,53.01208042165493,158.94344739699827,1.1005101576735412,1423.8837933540344,3028314106
1645,3146,8.282142898428422,4.282142898428422,1.7351542049591655,-0.3799587950416028,0.12818974277673334,0.04010241988059374,0.8739827663017152,51.219075711415925,149.831795708426,1.0914355771499085,1423.8837933540344,3028314106
1646,3147,3.1432999741873315,3.1432999741873315,3.1432999741873315,0.0307245139140071,0.7384511149715363,0.0021096317733007392,0.9472918039039075,134.15742542136243,347.7747783510671,2.9543876780481084,1423.8837933540344,3028314106
1647,3148,5.924996158024504,1.9249961580245039,1.9249961580245039,0.48391231191581596,0.48391231191581596,0.03622080097244844,0.9340628206087437,84.10951548330624,178.00724581999378,1.3628954263903426,1423.8837933540344,3028314106
1648,3149,7.674098617855738,3.674098617855738,1.4122237617075541,1.4122237617075541,1.4122237617075541,0.0216150838842499,0.9411402371130477,160.0,321.25583680906874,2.4691561967116398,1423.8837933540344,3028314106
1649,3150,9.58197596194093,5.58197596194093,1.5819759619409306,-2.4180240380590696,-2.4180240380590696,0.0568269876813641,0.96721048602459,70.32001681794979,210.93908447785392,2.071923267423146,1423.8837933540344,3028314106
1650,3151,5.301478670095911,1.3014786700959102,1.3014786700959102,-0.5430469637634887,-0.5430469637634887,0.13385344509786395,0.9160539622373007,41.79771080376848,99.86127420748699,1.771435915406838,1423.8837933540344,3028314106
1651,3152,6.209559679744242,2.2095596797442423,2.2095596797442423,-1.7904403202557577,2.2095596797442423,0.013567862997104396,0.9436523050202513,129.67063022033227,259.33284266383714,2.180686469075455,1423.8837933540344,3028314106
1652,3153,5.464776726962156,5.464776726962156,1.464776726962156,-1.4570232858363725,-1.4570232858363725,0.07140872385062903,0.9063046947312796,46.52576791524001,139.4424861961612,0.9813730488588344,1423.8837933540344,3028314106
1653,3154,4.869398938591823,4.869398938591823,2.933127837416809,-0.3822834360119405,-0.3822834360119405,0.0016724044875676743,0.8684965664647679,98.71277919015661,292.214220647674,2.4086699512776555,1423.8837933540344,3028314106
1654,3155,5.828231676797673,1.8282316767976732,1.8282316767976732,-6.171768323202327,-2.171768323202327,0.051213371650197154,0.9654701348347027,76.51868682545161,225.823220457758,2.125927580175759,1423.8837933540344,3028314106
1655,3156,6.664104222805927,6.664104222805927,2.664104222805927,0.8366834624345376,0.9644578033426834,0.0032873644119033184,0.9366251184684932,121.31595772101723,359.7363758968771,2.876828958167025,1423.8837933540344,3028314106
1656,3157,7.66052562231609,7.66052562231609,3.6605256223160896,0.8459699109268293,0.8459699109268293,0.00012026909960992114,0.9249146533626832,160.0,478.23128736446347,3.581599243565169,1423.8837933540344,3028314106
1657,3158,1.839429542867643,1.839429542867643,1.839429542867643,-1.5480528974243557,-0.5579326184019326,0.06907717124813346,0.9020215534886522,54.2527668802256,142.52429377567992,0.9813171453434959,1423.8837933540344,3028314106
1658,3159,5.594844764035633,5.594844764035633,1.5948447640356331,-2.6858052256521674,0.4776089741972567,0.05357363680774491,0.8730320865042549,45.94739331989306,137.3377857484099,1.0050168254303766,1423.8837933540344,3028314106
1659,3160,6.669323983713584,6.669323983713584,2.6693239837135834,-3.005006937817495,-1.3306760162864166,0.0038002048741840795,0.9012362948808782,93.99288645841985,281.9722274510951,2.1584706850098248,1423.8837933540344,3028314106
1660,3161,5.584831222942432,1.5848312229424317,1.5848312229424317,1.0357912295748477,1.0357912295748477,0.046694453136470304,0.9073362838793109,101.8995587313528,201.49901680493343,1.3171491143643093,1423.8837933540344,3028314106
1661,3162,5.66207998158015,1.66207998158015,1.66207998158015,-5.5021188472882985,-1.502118847288298,0.0717904161053411,0.9081886749610768,50.520902415710445,145.8174816584715,1.0294798544820774,1423.8837933540344,3028314106
1662,3163,6.142750087316218,6.142750087316218,2.1427500873162177,-1.4710036727952946,1.648710183124973,0.01172044926399332,0.8759115333196912,77.72848544297585,231.2271349302884,1.8153454803252287,1423.8837933540344,3028314106
1663,3164,9.63866486633184,5.638664866331841,1.6386648663318413,-2.3613351336681587,-2.3613351336681587,0.050640981314161324,0.9988697397828414,133.32243700957687,399.92605240295484,4.101315020374101,1423.8837933540344,3028314106
1664,3165,1.7131857044463026,1.7131857044463026,1.7131857044463026,-2.619571173998299,-0.04463135364041926,0.08868295564084405,0.8873857374654266,46.64993879798534,115.05178336580838,1.0015587960347427,1423.8837933540344,3028314106
1665,3166,9.642714718695986,5.642714718695986,1.6427147186959858,-2.695204919900762,-1.806583110118227,0.05022090182026267,0.9059627408441248,52.535252190683366,157.59267218384824,1.0278264072895997,1423.8837933540344,3028314106
1666,3167,7.287216148983408,3.2872161489834073,1.3943370138100857,1.3943370138100857,1.3943370138100857,0.02264625422852578,0.8694733706387077,115.39731418948446,232.76657333982146,1.7689943452985668,1423.8837933540344,3028314106
1667,3168,6.250340514237641,2.2503405142376414,2.2503405142376414,-0.3657787085087918,0.17092691544761873,0.019229028411368115,0.8990234165088395,72.54277753533643,181.65203790072098,1.3245202497424784,1423.8837933540344,3028314106
1668,3169,3.7738191091525968,3.7738191091525968,3.7738191091525968,-1.3491850895810327,-0.22618089084740323,0.00021574471268241897,0.8655326724286709,140.8580823948407,413.9552716320304,3.2506020304807035,1423.8837933540344,3028314106
1669,3170,8.100309335153932,4.100309335153932,1.24865216674525,-6.75134783325475,-2.75134783325475,0.10589601715365125,0.9782732347326402,64.1399547084277,192.3797433090309,2.674054177985285,1423.8837933540344,3028314106
1670,3171,6.841446693079975,2.8414466930799747,2.8414466930799747,-1.9375061842461396,2.062493815753861,0.003297315705678857,0.9625590454027227,141.11841578788287,322.8132088343938,3.033665059916189,1423.8837933540344,3028314106
1671,3172,10.350197583887653,6.3501975838876525,2.3501975838876525,0.6642450293859739,2.3501975838876525,0.0035671897944788314,0.9290344164462424,135.8220224029704,381.6909857649095,2.9384072191669426,1423.8837933540344,3028314106
1672,3173,11.632862711981971,7.632862711981971,3.632862711981972,-3.4831928857542453,0.5168071142457542,0.0001401464809028289,0.8774668120501424,137.96850555986424,413.85302908089443,3.1462396001249315,1423.8837933540344,3028314106
1673,3174,7.723744136061056,3.7237441360610553,1.6841044986263842,-0.848758727196413,-0.848758727196413,0.045756321519644046,0.879424285079529,49.26929593258367,144.68483938121162,1.006638956517004,1423.8837933540344,3028314106
1674,3175,8.960132620036584,4.960132620036584,0.9601326200365836,-3.0398673799634164,0.9601326200365836,0.10762877728121847,0.840386794078954,36.5301908788228,107.92510469674627,1.7598806850293598,1423.8837933540344,3028314106
1675,3176,3.739295051640615,3.739295051640615,1.2709051409601675,-4.305120147105216,-0.30512014710521584,0.10156632060440278,0.8580056162773488,33.00665950194937,97.32079649021985,1.3130839391241445,1423.8837933540344,3028314106
1676,3177,7.881402572751632,3.8814025727516333,1.1043678021847136,-2.506576555450838,0.9052599567948656,0.09740382499625429,0.9063154007374482,47.87472961137501,137.0732197945728,1.2417644381282542,1423.8837933540344,3028314106
1677,3178,7.416544740957907,3.416544740957906,1.2431997402323898,0.6443322071058918,0.6443322071058918,0.06654838724642521,0.9521807633880446,97.92795460017238,205.934581736837,1.797878951510705,1423.8837933540344,3028314106
1678,3179,8.338914734141678,4.338914734141678,2.2367509713911,-0.9782498458401148,-0.5396030790288395,0.012632180204757646,0.8697878769924845,67.89544157316992,201.6916758955186,1.6643682241025588,1423.8837933540344,3028314106
1679,3180,10.428169210453774,6.428169210453775,2.428169210453775,-1.5718307895462251,-1.5718307895462251,0.007587095747208354,0.8921626450299229,80.65309999132008,241.91768151577716,1.8561335974090434,1423.8837933540344,3028314106
1680,3181,5.712003185690362,1.7120031856903624,1.7120031856903624,0.00140908328298317,0.00140908328298317,0.06124951139486832,0.9130928758740169,58.85799122770554,132.73220571898338,0.906995531498728,1423.8837933540344,3028314106
1681,3182,5.738909457950513,1.7389094579505122,1.7389094579505122,-2.6505073440117672,1.3494926559882323,0.050493803672518905,0.9083148436991422,67.72818104324321,145.90572118268483,0.9572173532455176,1423.8837933540344,3028314106
1682,3183,1.8539636482332325,1.8539636482332325,1.8539636482332325,-3.715516415199928,0.28448358480007174,0.06685487868175867,0.8815051951217155,50.95392497504014,122.97068497080696,0.8942575410954979,1423.8837933540344,3028314106
1683,3184,9.469543726045348,5.469543726045347,1.4695437260453474,-4.741912565878409,-1.290496158678385,0.07084254933232698,0.8993163546514462,45.2835222016861,135.8171973282024,0.948112248367321,1423.8837933540344,3028314106
1684,3185,5.494426057048541,1.494426057048541,1.494426057048541,-1.2265082772009606,1.3100189878495827,0.07498447436779583,0.9356162393886759,72.9015667183036,149.97347230600445,1.2646753273844895,1423.8837933540344,3028314106
1685,3186,5.8062493582922805,5.8062493582922805,3.7352514202018634,-1.6803735352028584,2.3196264647971416,8.793382958539227e-05,0.8736159648153935,145.48994645878227,424.3312117619329,3.2440544062252146,1423.8837933540344,3028314106
1686,3187,7.512582446890497,3.5125824468904967,1.1021449496035816,-1.3970382062236828,-1.3970382062236828,0.13479586573986205,0.9161265141787401,37.097384834521684,109.95784667653417,1.8617947608716734,1423.8837933540344,3028314106
1687,3188,5.695227090428052,1.6952270904280522,1.6952270904280522,-4.444482867238017,-1.663614080438684,0.0672449103396155,0.9041807769827064,50.8763395150481,147.88887542530932,1.0079238945134679,1423.8837933540344,3028314106
1688,3189,5.653727849300845,1.6537278493008452,1.6537278493008452,-3.5217416292150037,-2.346272150699155,0.07297215849287773,0.9022896065314483,48.98401879932156,144.06416291892108,1.0167315636571757,1423.8837933540344,3028314106
1689,3190,10.454296318499937,6.454296318499937,2.454296318499937,-4.330707231211779,-0.33070723121177936,0.007057970489157273,0.9966039762855664,160.0,479.8875636280545,4.835961249966033,1423.8837933540344,3028314106
1690,3191,9.974041718685001,5.974041718685002,1.974041718685002,-6.025958281314998,-2.025958281314998,0.024188499690740356,0.9712900148933535,90.06217738039886,270.1806320317924,2.6388479441264887,1423.8837933540344,3028314106
1691,3192,5.834509607939067,5.834509607939067,1.8345096079390668,-1.487242253100816,-1.487242253100816,0.03327423604953509,0.8806782214488847,54.48341887424436,163.36435173029548,1.160452519702212,1423.8837933540344,3028314106
1692,3193,10.720946783767022,6.7209467837670225,2.720946783767023,-3.1875178930417083,0.8124821069582919,0.00324441323003431,0.957252122319025,118.44688449914263,354.9654868811508,3.144993567082366,1423.8837933540344,3028314106
1693,3194,7.188746195347437,7.188746195347437,3.188746195347437,1.5814910309889354,2.181966520402495,0.0004557663024315911,0.9024905698995003,160.0,461.65810151254345,3.374213058078713,1423.8837933540344,3028314106
1694,3195,3.4740365630231196,3.4740365630231196,1.493867398391023,0.12853581788735502,0.12853581788735502,0.05917147622866834,0.8549071076653945,45.66779789077735,123.39644259550087,1.1269084966887764,1423.8837933540344,3028314106
1695,3196,5.570438031777223,5.570438031777223,1.5704380317772229,-1.3496498522715878,-0.6655936451016156,0.058069205170076285,0.893107369500879,47.56301722292457,142.52001173814713,0.9419189211171847,1423.8837933540344,3028314106
1696,3197,7.194552630657941,3.194552630657941,3.194552630657941,-4.805447369342059,-0.8054473693420592,0.0012096960081111703,0.8710624410134784,110.1641499486684,325.47013429886135,2.6074293192557505,1423.8837933540344,3028314106
1697,3198,6.555238566903216,2.555238566903216,1.213606359015901,-0.17166267614099961,-0.17166267614099961,0.10243096622861128,0.968515939090068,66.75641560008442,173.87415793567018,2.2753605183775196,1423.8837933540344,3028314106
1698,3199,6.7974579410832305,2.7974579410832305,1.2438495351338532,-0.5533294251752396,0.3459526065763451,0.09886352362300324,0.8988821992011,41.28468569010885,112.29229063424071,1.0967108461013109,1423.8837933540344,3028314106
1699,3200,6.830198502637801,2.8301985026378014,1.6160761429549457,0.5951654489529772,1.1670942265366577,0.0343047331362749,0.9259528771484911,85.89337244552542,176.33841304138514,1.2857468053208607,1423.8837933540344,3028314106
1700,3201,3.6780030267853716,3.6780030267853716,1.5849471782852167,-0.969102672553076,0.6206918463541152,0.05325019541394105,0.8812224765952444,47.95759817972281,136.41932930264161,0.9409628140863117,1423.8837933540344,3028314106
1701,3202,9.537891876833948,5.537891876833947,1.5378918768339471,-0.7693291916595422,-0.7693291916595422,0.06131065126731681,0.9030958062912531,48.896953557345526,146.24524049061344,0.9699227533110545,1423.8837933540344,3028314106
1702,3203,6.261471114286334,2.2614711142863344,2.2614711142863344,-1.4660481250163397,1.784521672039284,0.015356347561259809,0.8982786821468205,88.20898329625867,192.67480345024978,1.4353876907535166,1423.8837933540344,3028314106
1703,3204,5.545194572262253,5.545194572262253,1.5451945722622533,-0.43611485980319875,0.4715706575015812,0.057517798618529216,0.8943175062279566,49.50205835835287,147.5340747022316,0.970775583998527,1423.8837933540344,3028314106
1704,3205,1.9864122004967255,1.9864122004967255,1.9864122004967255,0.15075584410509912,0.5883709512567112,0.04840340301598096,0.9150143677382755,69.44321448527681,141.08164147210272,0.9503705452654099,1423.8837933540344,3028314106
1705,3206,9.838303061812399,5.8383030618123986,1.838303061812398,-5.27077202133475,-1.2707720213347504,0.033008873533230114,0.8977182168156365,57.91970296115294,173.73635538472894,1.1723710550965558,1423.8837933540344,3028314106
1706,3207,7.137800119096548,3.137800119096548,1.5447759165121238,-2.4552240834878765,1.5447759165121238,0.03263346372476799,0.8819011667601326,68.51072487420905,176.36048335880835,1.2410743396965551,1423.8837933540344,3028314106
1707,3208,8.553689455291297,4.5536894552912965,2.0947849234618943,-5.905215076538106,-1.9052150765381057,0.018095041181472846,0.9036255626073671,69.26120602332625,207.69659127294838,1.506312168511804,1423.8837933540344,3028314106
1708,3209,5.594758407559832,1.5947584075598313,1.5947584075598313,0.7144262766456554,1.5947584075598313,0.0458498157146682,0.9466394179842283,111.75334592354831,221.86137147543403,1.7772293321353514,1423.8837933540344,3028314106
1709,3210,5.804323716498037,1.804323716498037,1.804323716498037,-2.195676283501963,1.804323716498037,0.0355902817793905,0.9225012326413317,93.68885133083698,187.36953169532418,1.325561393802173,1423.8837933540344,3028314106
1710,3211,7.382604263820795,3.382604263820795,1.6113185981066025,-5.946339047587345,-1.946339047587345,0.05355838877198978,0.9087974481089152,52.03944486765708,155.71472210001613,1.0240377995013707,1423.8837933540344,3028314106
1711,3212,5.667418780417396,5.667418780417396,1.6674187804173957,-4.317921425304707,-2.3325812195826043,0.04771558084177127,0.9217705876458279,57.086275138524584,171.25467026968633,1.1848313821035794,1423.8837933540344,3028314106
1712,3213,8.02891602462042,4.02891602462042,1.2193330764881474,-5.200374011183505,-2.1430743161526484,0.11135874585656798,0.9146663520449061,40.23770781603471,120.63058908130107,1.396070732447863,1423.8837933540344,3028314106
1713,3214,5.458323433470807,1.4583234334708068,1.4583234334708068,-4.509991700657033,-1.1822149049741744,0.10505624481265838,0.8939871358785824,40.72156131650885,114.5567272947302,1.2159834897347253,1423.8837933540344,3028314106
1714,3215,6.423966770379999,6.423966770379999,2.423966770379999,-1.576033229620001,-1.576033229620001,0.007675476971500323,0.9784039885922157,118.60970389610671,355.76727398789774,3.5316619665869258,1423.8837933540344,3028314106
1715,3216,5.411384671658398,1.411384671658398,1.411384671658398,-3.0880373315202183,0.9119626684797817,0.1000847371777069,0.9158234061457742,52.097573065650415,114.46554990057825,1.1678394937733407,1423.8837933540344,3028314106
1716,3217,3.675431426614912,3.675431426614912,1.3578563044857608,-1.311723684354445,0.4129362770108934,0.08295784981211007,0.8794152845057998,40.05691158534171,115.20374613442529,0.980109683380354,1423.8837933540344,3028314106
1717,3218,7.382626193171964,3.382626193171964,1.6012916148871532,-5.046996615117893,-1.0469966151178929,0.05465922462941929,0.8840454967002183,46.93701006768395,139.55080760453745,0.9478811204692714,1423.8837933540344,3028314106
1718,3219,5.8362256373271375,1.8362256373271373,1.8362256373271373,-0.3328879394947417,-0.3328879394947417,0.04937017710496223,0.8977877662687372,56.366924931201964,139.57415473180959,0.9062636966271291,1423.8837933540344,3028314106
1719,3220,6.742625823134503,2.7426258231345026,1.5982873366694006,-3.9296412640038367,-2.0446953514245205,0.05521174900027966,0.8995576652749422,49.64071204364275,148.09002553360463,0.9649096806250381,1423.8837933540344,3028314106
1720,3221,8.442088374922092,4.4420883749220925,1.8975982475961721,1.3252292896536502,1.3252292896536502,0.013162613388984843,0.9346556057758504,145.72577386832472,306.7345923572769,2.3841689720868593,1423.8837933540344,3028314106
1721,3222,7.136683458409283,3.1366834584092826,1.7645405109455352,0.582108456867168,0.582108456867168,0.03018075697871627,0.8935504500534448,71.79203809377569,156.2828475492101,1.080803394825864,1423.8837933540344,3028314106
1722,3223,5.84141814747769,1.8414181474776898,1.8414181474776898,-4.505767312080728,-0.5057673120807278,0.04980371469628857,0.8892989854357647,53.28497262175861,147.03322132196865,0.97149458058234,1423.8837933540344,3028314106
1723,3224,9.50954928782689,5.509549287826888,1.5095492878268886,-2.7740486287412702,-1.3317672955417212,0.06557906088316834,0.9113366869214308,49.02970938743963,147.05708846074626,1.01121603626617,1423.8837933540344,3028314106
1724,3225,5.7364751133490675,1.7364751133490675,1.7364751133490675,-3.1784508019505893,0.3214630095805391,0.061436311166680545,0.8753225711580301,47.34988370098161,119.35371450749098,0.8883078931818357,1423.8837933540344,3028314106
1725,3226,7.119513442528152,3.1195134425281523,1.5538036585610586,-3.0704943783866874,0.9295056216133132,0.05150514889314029,0.8895716941341454,52.0266357798457,141.8464288285121,0.9373017712866136,1423.8837933540344,3028314106
1726,3227,7.559265237867447,3.559265237867448,0.8280801053511636,0.8280801053511636,0.8280801053511636,0.0829004121837077,0.8907914227842548,78.22756468408743,175.55422491027863,1.3187871557246913,1423.8837933540344,3028314106
1727,3228,9.84372860979254,5.8437286097925405,1.8437286097925403,-3.3496666013743273,-0.4452305386224247,0.032607693394006564,0.8835070830360923,55.322756833548176,165.87521700154775,1.1646289812462272,1423.8837933540344,3028314106
1728,3229,7.251262332961006,3.251262332961006,1.638924481777473,-3.2322001213332205,-0.8470027142372925,0.05062441778141638,0.8903800287866204,49.33895959111227,146.01549343508353,0.9615601897866274,1423.8837933540344,3028314106
1729,3230,5.152270439907074,5.152270439907074,2.5478375724173703,0.08084275065438229,2.088879397915864,0.003509075064374041,0.8877952710141712,104.21926066181875,298.0677390322791,2.289771279799063,1423.8837933540344,3028314106
1730,3231,6.253775873053323,2.2537758730533235,2.2537758730533235,-3.457159161933262,0.542840838066738,0.019173533483730097,0.8799923176283313,67.90254249267537,177.06715163811083,1.3568640874072293,1423.8837933540344,3028314106
1731,3232,10.259266737519567,6.259266737519567,2.259266737519567,-2.479255626832303,-1.0331746164010416,0.011933387950907311,0.8718082373523003,69.12579106208501,207.3576919804118,1.691061448644016,1423.8837933540344,3028314106
1732,3233,6.520019523046464,2.520019523046465,2.520019523046465,0.17876016526188865,0.17876016526188865,0.009313542470341574,0.994256868965074,160.0,363.7756015036173,3.9845859299418294,1423.8837933540344,3028314106
1733,3234,9.401974975228114,5.401974975228113,1.4019749752281134,-3.479028713534868,-0.646846306909894,0.08043943173968868,0.8877092004615903,41.08121424255735,123.14031668810998,0.9649529776984573,1423.8837933540344,3028314106
1734,3235,6.697243903686157,2.6972439036861573,2.6972439036861573,-1.7082532762231981,2.2917467237768023,0.004390007048055591,0.899028279257545,117.15489032799805,253.08863031559073,1.962659283301037,1423.8837933540344,3028314106
1735,3236,6.934192604499097,2.934192604499097,2.934192604499097,0.07136108116569728,1.339887297571254,0.0027788360797360067,0.8764520710543888,99.5641254555504,203.0161417624441,1.7462146616225998,1423.8837933540344,3028314106
1736,3237,5.4447061386155875,1.4447061386155875,1.4447061386155875,-6.180941225721013,-2.180941225721013,0.10762483327406328,0.9052895109126768,42.34261598098488,123.26108088201885,1.3158058971133593,1423.8837933540344,3028314106
1737,3238,7.791146295426531,3.7911462954265316,1.5254142136253113,-0.3970747735544271,0.3897964333649433,0.059994897525167803,0.8781906136576587,45.88842608245275,124.84691055177092,0.8986294712656133,1423.8837933540344,3028314106
1738,3239,7.386216657084873,3.386216657084873,1.6686634164143768,-0.7743099011641585,1.447430406231094,0.030691685909459934,0.9194962028485856,76.03384397130807,170.10973152390943,1.2196000917439156,1423.8837933540344,3028314106
1739,3240,8.293177406112752,4.293177406112752,1.3699965557170477,-4.400422083735755,-1.0803104255101978,0.08534246718783471,0.891996474873093,40.7892084737399,122.07155625714536,0.994325487975947,1423.8837933540344,3028314106
1740,3241,2.63769377539257,2.63769377539257,1.6383324760531017,-0.42310174682639423,-0.42310174682639423,0.05159237049473201,0.8948532554362777,51.38441395841306,136.26973639785672,0.8884857838249235,1423.8837933540344,3028314106
1741,3242,5.773200492221816,1.7732004922218163,1.7732004922218163,-1.4587492189360534,0.5776729596919774,0.05633391540227618,0.8942049670833332,52.79054318683734,128.75294144823306,0.8466095000024467,1423.8837933540344,3028314106
1742,3243,6.170876193335799,2.1708761933357987,1.7443461867946732,-0.2993636206495789,0.4522281775124992,0.04328025602949079,0.8989326025344624,56.29791468119342,139.33720545794552,0.9110472353984108,1423.8837933540344,3028314106
1743,3244,8.28184526096782,4.281845260967821,1.468777691335325,-2.0632804009738797,-2.0632804009738797,0.07094087525175256,0.9122302382374932,47.84071005631127,143.30702665387912,1.0203191234005669,1423.8837933540344,3028314106
1744,3245,6.898282312477013,2.8982823124770127,1.4590159092953878,-3.324296049702894,-2.540984090704612,0.07233295880896931,0.8949464219107901,44.14057872106529,132.1123186312623,0.9378619860274813,1423.8837933540344,3028314106
1745,3246,9.562462237278915,5.562462237278914,1.5624622372789139,-4.321404649866983,-0.3214046498669825,0.059036369314354624,0.996600822941399,109.54796022522255,328.28353632110156,3.5807119950613315,1423.8837933540344,3028314106
1746,3247,9.66443206042702,5.6644320604270195,1.6644320604270195,-4.359359501826788,-1.4725623597008068,0.048013053405908876,0.9024624656285819,52.57527721666458,157.70654157967084,1.024620210589139,1423.8837933540344,3028314106
1747,3248,7.088611348056279,3.08861134805628,1.0465447603367974,-0.8743605163138521,0.5531266197172788,0.12584476909524536,0.9097713994655575,40.397543068502415,112.17525965558647,1.6291563439712609,1423.8837933540344,3028314106
1748,3249,6.989050513229804,2.989050513229804,1.5078254081483382,-2.008120252728267,0.8588053668174245,0.057243166314361105,0.8953926500768459,51.04071607981863,138.45973305149386,0.9095780811554511,1423.8837933540344,3028314106
1749,3250,9.491080409053414,5.4910804090534135,1.4910804090534138,-0.8951305959573299,0.019024089405929256,0.06700038916585122,0.8723025329045421,41.978657290157436,125.52778964103167,0.977133019547617,1423.8837933540344,3028314106
1750,3251,6.348656909290376,2.3486569092903764,1.1730722007039698,-1.9378951812366854,1.1730722007039698,0.07271156588838172,0.9089813420811186,58.108182951768555,141.92845387567894,1.0126679053969492,1423.8837933540344,3028314106
1751,3252,6.341001704977675,2.3410017049776743,2.3410017049776743,-4.149535458452856,-1.1343764161845908,0.015415138675821331,0.8903949874240711,73.69654272505763,215.0197478215981,1.5934813539666033,1423.8837933540344,3028314106
1752,3253,5.825934966677014,1.8259349666770142,1.8259349666770142,-3.014308074205619,0.9856919257943804,0.04818448916179874,0.9991577652659105,160.0,372.0904404115152,3.929976262721929,1423.8837933540344,3028314106
1753,3254,9.499326616389604,5.499326616389605,1.4993266163896048,-2.425579467792004,0.8249121919980383,0.058765584717068865,0.878608570726416,47.20201429921283,140.68564414521,0.9950404095406561,1423.8837933540344,3028314106
1754,3255,5.576046024410641,1.5760460244106413,1.5760460244106413,-2.4239539755893587,-2.4239539755893587,0.08468761273128395,0.9880992650462908,84.738458468781,247.54357106700422,2.9877729188615003,1423.8837933540344,3028314106
1755,3256,5.7249005163687,1.7249005163687,1.7249005163687,-2.3514731630517423,0.6885305435487699,0.06132654478385248,0.8907883690145402,51.1500887005829,122.50290918838624,0.8275593387946215,1423.8837933540344,3028314106
1756,3257,6.439192788404043,2.4391927884040423,2.4391927884040423,-0.478180127377116,1.0939112303762846,0.011664977375288486,0.8764353751938434,76.26446979382865,186.86512840631755,1.5243665649713114,1423.8837933540344,3028314106
1757,3258,5.761554083527908,1.7615540835279082,1.7615540835279082,-0.8743533847776586,-0.11564575726252757,0.05855097809978521,0.9013101931180663,53.04603052423145,136.2169749952651,0.8952052726634404,1423.8837933540344,3028314106
1758,3259,9.70484345445243,5.70484345445243,1.7048434544524302,-4.40813043043927,-0.408130430439269,0.04409936081372164,0.8796683658002729,49.7110977650241,149.0207617307377,1.0358189562761329,1423.8837933540344,3028314106
1759,3260,6.188760004442864,2.188760004442864,1.1049853991505623,-3.989317218031955,-2.8950146008494375,0.13542546225865681,0.877232211506773,30.752253401575818,91.75499734614837,1.8000471217251437,1423.8837933540344,3028314106
1760,3261,6.857293334356459,2.8572933343564593,1.4811148089419,-1.681676878167655,-0.8830932456020983,0.06933192277461245,0.8897472357539509,43.95519553038595,128.63069916081037,0.9082687501798816,1423.8837933540344,3028314106
1761,3262,3.780022701336091,3.780022701336091,3.780022701336091,-3.7855876186177726,0.21441238138222696,0.00021052816327230537,0.9214958542889569,160.0,466.1023805942908,3.477071047148306,1423.8837933540344,3028314106
1762,3263,7.133178969961276,3.133178969961275,1.200127589689491,-3.38955789721543,-1.3002666228739825,0.11504611077632113,0.891090905053068,35.50772715259554,105.57336185383153,1.3493176288281417,1423.8837933540344,3028314106
1763,3264,6.550408621405885,2.550408621405885,1.6557183785254006,-2.1344291869177705,-1.2373387820715593,0.04960846495249953,0.8896819564738976,49.66152428999295,145.77026310976962,0.9620783319428726,1423.8837933540344,3028314106
1764,3265,11.026783955702722,7.026783955702722,3.0267839557027227,0.6205729491209504,2.0628738117641903,0.0010134421735870222,0.8747890196407905,114.18906951631273,339.51688698508644,2.6704060759031494,1423.8837933540344,3028314106
1765,3266,5.206679022320676,1.2066790223206765,1.2066790223206765,-0.8283091588063398,1.2066790223206765,0.11338872071389704,0.9986285085318042,160.0,319.58967210362624,4.1921396004163185,1423.8837933540344,3028314106
1766,3267,6.597154813636809,2.5971548136368097,0.8089971583431219,0.8089971583431219,0.8089971583431219,0.08613763736025715,0.9227544999699154,91.15234872803636,183.74875211101374,1.4731398361684562,1423.8837933540344,3028314106
1767,3268,9.136344208992508,5.136344208992508,3.2451411468496745,0.753571762262049,2.656683128800505,0.00036286870866060895,0.91020700410837,151.84833987766623,343.09523754422867,2.6215935916955027,1423.8837933540344,3028314106
1768,3269,9.793387627626402,5.793387627626402,1.7933876276264014,-2.2066123723735984,-2.2066123723735984,0.03645489571829916,0.898426359393261,56.4042675781103,169.19350228996768,1.1262588152470077,1423.8837933540344,3028314106
1769,3270,5.83702221362501,1.8370222136250103,1.8370222136250103,-3.1731771562117643,0.8268228437882359,0.04836032355080368,0.8896302645677714,55.4430273304248,132.31368918605585,0.8753382372843387,1423.8837933540344,3028314106
1770,3271,9.485171253499589,5.485171253499588,1.485171253499588,-1.5345065610673607,0.48111394574443933,0.06569582825617379,0.8752866760458843,43.179798554155965,128.99565536602518,0.9689455669012385,1423.8837933540344,3028314106
1771,3272,9.456400730109593,5.456400730109593,1.4564007301095923,-1.497704045681504,1.4564007301095923,0.039863171849286665,0.9058168468184805,70.52233097714908,206.56430584805776,1.361083344587279,1423.8837933540344,3028314106
1772,3273,7.392257014261436,3.3922570142614363,1.1427116650076539,0.2990903292419518,1.1427116650076539,0.06816141612854934,0.935499064434519,76.36756186165411,170.32917813829175,1.3500632150281875,1423.8837933540344,3028314106
1773,3274,6.797745828167809,2.797745828167809,1.7603184619632284,-1.8519151448855204,0.4704020882073361,0.038681502564158865,0.8630413384746791,49.42770672333011,136.1223331185838,1.1133622740849154,1423.8837933540344,3028314106
1774,3275,2.742285754440681,2.742285754440681,2.742285754440681,-5.257714245559319,-1.257714245559319,0.007378998285435893,0.8829335312226004,89.48646498539156,262.67408038327426,2.028942330160196,1423.8837933540344,3028314106
1775,3276,9.411761345541045,5.411761345541044,1.411761345541044,-3.9302007977963465,-2.588238654458956,0.07901012121081334,0.9163564344012541,46.79730441172572,140.38882911761272,1.0817031483950887,1423.8837933540344,3028314106
1776,3277,2.5720554206292174,2.5720554206292174,1.3823449751326962,-3.6365585861436616,0.36344141385633844,0.08233238300290388,0.8770923137197643,39.87827784112327,105.86409636217364,0.9288002961973688,1423.8837933540344,3028314106
1777,3278,1.8950766969863118,1.8950766969863118,1.8950766969863118,-2.9220602929920148,-2.1049233030136882,0.061566547145001024,0.9172952297626877,60.042025372362914,174.28778254958888,1.1973758119875515,1423.8837933540344,3028314106
1778,3279,5.990710302473082,1.9907103024730823,1.9907103024730823,-2.8852757721319646,-0.35543223348940445,0.03593077890660103,0.8901961807923146,59.171997883032894,163.24896017943183,1.1043605984377756,1423.8837933540344,3028314106
1779,3280,6.550017483048437,2.5500174830484372,0.9429063594624216,-3.0570936405375786,0.9429063594624216,0.11102394292772302,0.8732610401285814,41.04345112446613,105.8225744986924,1.3707463717413702,1423.8837933540344,3028314106
1780,3281,9.879529513723845,5.8795295137238455,1.879529513723845,-0.7402337084254236,0.011012930336741888,0.029834157580396897,0.8807063381622395,56.47867003991247,169.04624901601304,1.2167079521777422,1423.8837933540344,3028314106
1781,3282,6.324248853150305,2.324248853150304,1.187844055600784,-2.460681373643378,0.6013617817784718,0.10359628850891936,0.8976142024645895,40.87389476950529,106.71061307133435,1.1359358739407148,1423.8837933540344,3028314106
1782,3283,7.154993931368101,3.154993931368101,1.40957816670677,-4.994392948285974,-2.59042183329323,0.07933842671366521,0.9996587331071646,135.92940641215642,407.2307192163727,4.3054671707949606,1423.8837933540344,3028314106
1783,3284,2.5871477196777666,2.5871477196777666,2.5871477196777666,-1.6898906546565367,-0.7271139735968375,0.011464629345371274,0.9064308122906741,88.02505003902283,250.89115459018106,1.8628685822270168,1423.8837933540344,3028314106
1784,3285,5.672757404635716,1.6727574046357163,1.6727574046357163,-2.36848108853633,1.0517543247462358,0.06292132904840946,0.9103127381360419,58.87422189109557,132.07723808576975,0.8989450467202519,1423.8837933540344,3028314106
1785,3286,3.084353325955007,3.084353325955007,3.084353325955007,-2.1063565417775383,-0.9156466740449929,0.0025699134456352592,0.8676142895154813,102.9995840815932,302.4479106234804,2.470499107292152,1423.8837933540344,3028314106
1786,3287,5.866493351143171,1.866493351143171,1.866493351143171,-0.25707717301606503,-0.25707717301606503,0.046121541306034436,0.9406499418863846,69.85819180062708,171.37494658219723,1.3687846015450331,1423.8837933540344,3028314106
1787,3288,9.915729236323708,5.915729236323708,1.915729236323708,-2.084270763676292,1.915729236323708,0.012956958824938313,0.8920891958890996,90.64561839371031,267.80436767248034,1.958474025921203,1423.8837933540344,3028314106
1788,3289,7.145942147015026,3.1459421470150257,1.4433453080336085,-0.5851351921899803,0.4182110806345125,0.07028421778048237,0.8817392790159805,43.617059055973485,121.51413738343918,0.9031151590867608,1423.8837933540344,3028314106
1789,3290,7.537293436568515,3.5372934365685147,1.878849921735563,-4.072148513522966,-0.772869673855791,0.03013625011596246,0.8786637885644822,55.717684654206685,165.41266460595523,1.2040646418527567,1423.8837933540344,3028314106
1790,3291,5.9955307547956735,1.9955307547956735,1.9955307547956735,-1.3567427432322234,1.0032573880565612,0.03394826201814817,0.8969322452715356,63.664018553589656,151.03926928285773,1.0209934082340886,1423.8837933540344,3028314106
1791,3292,9.517988613912209,5.517988613912208,1.517988613912208,-1.3091717513348748,0.9929547195776002,0.05296190829310569,0.9087259696965789,56.73094007122049,168.8348928876228,1.1083586233299247,1423.8837933540344,3028314106
1792,3293,9.71514501703596,5.71514501703596,1.7151450170359601,-2.612014749043004,1.3879852509569963,0.030168519212058313,0.8981487884945543,68.09198662649617,202.1939654541613,1.3728298500728406,1423.8837933540344,3028314106
1793,3294,6.0705227673937205,2.0705227673937205,2.0705227673937205,-4.036785938407373,-0.036785938407372765,0.029918468977516745,0.9663530146411143,88.22839516338125,238.91384539057645,2.290726334573921,1423.8837933540344,3028314106
1794,3295,5.390891533957852,1.3908915339578525,1.3908915339578525,1.00773850795633,1.00773850795633,0.06056256832355496,0.8768914648182786,86.47834439577802,170.51859803740012,1.2057060143382512,1423.8837933540344,3028314106
1795,3296,5.864684538604786,1.8646845386047857,1.8646845386047857,-4.225234253691259,-2.1353154613952143,0.04739809767861161,0.9888501467421925,99.98041881944476,295.1839174681683,3.132874302345501,1423.8837933540344,3028314106
1796,3297,7.068729706734992,3.0687297067349917,1.1470326521895888,0.8254455692150116,0.8254455692150116,0.06283223280494753,0.8981104770340654,81.29397310770568,170.3821576475678,1.1312399463341096,1423.8837933540344,3028314106
1797,3298,9.578272806499154,5.578272806499154,1.5782728064991534,-2.3854890151569763,-0.5695394111759975,0.05724002359766625,0.8954141165533989,48.199339425919874,144.49383491675763,0.9486851859176844,1423.8837933540344,3028314106
1798,3299,9.57853195448422,5.57853195448422,1.5785319544842198,-5.059843404724216,-1.0598434047242156,0.057221379024876264,0.8899273055030967,47.19770951557606,141.54984526910692,0.9419433634931548,1423.8837933540344,3028314106
1799,3300,2.682463924222678,2.682463924222678,2.682463924222678,-3.172336342258906,0.8276636577410939,0.00875594193560245,0.9059750152948944,92.70981794501887,237.3338315447063,1.8073588852838465,1423.8837933540344,3028314106
1800,3301,7.70578561284298,3.7057856128429796,1.4793061177631808,-1.029975512442598,-1.029975512442598,0.06914777700626318,0.9172186109634345,49.572255974450556,146.2379452463117,1.0508967491190189,1423.8837933540344,3028314106
1801,3302,9.65825496789392,5.658254967893919,1.6582549678939194,-1.6188309905932046,-1.1286523153599506,0.04861416423143818,0.8876110615256652,49.51207818891289,148.45515932788734,0.9870169409692386,1423.8837933540344,3028314106
1802,3303,5.732223500053041,1.7322235000530408,1.7322235000530408,-2.348917768723835,-0.5542714960564703,0.06243408232508332,0.8957507044574821,50.52114942912147,138.62693417682115,0.9259191780678332,1423.8837933540344,3028314106
1803,3304,6.555617695007934,2.555617695007934,1.1416694674394705,-3.7916451954899406,0.20835480451005917,0.12169007468197975,0.8781712102264827,33.24368091600163,91.73226839329568,1.4607838167281695,1423.8837933540344,3028314106
1804,3305,7.017019672354128,3.0170196723541283,1.762792210195516,-4.418628502057836,-2.2372077898044838,0.039046349947453075,0.8954643067678265,54.67285684660633,163.5450921421597,1.0826193155894788,1423.8837933540344,3028314106
1805,3306,5.725764161081648,1.7257641610816485,1.7257641610816485,0.866250336514518,0.866250336514518,0.04351320721613208,0.8948769591728951,84.71076404938256,168.22776566662125,1.1018625009433456,1423.8837933540344,3028314106
1806,3307,7.356866851594624,3.3568668515946243,1.2510730590392962,-0.14260312984604484,-0.14260312984604484,0.09569140163894943,0.9983997049969427,143.64425247013978,384.10564068595477,4.306145987906365,1423.8837933540344,3028314106
1807,3308,6.4492054826839205,6.4492054826839205,2.449205482683921,-3.63321012114359,0.3667898788564101,0.00715210895759342,0.9081173493216532,85.68935533509843,256.8606602528313,1.9594775793232013,1423.8837933540344,3028314106
1808,3309,5.708096720957459,5.708096720957459,3.900235081140772,-0.4187317171268492,0.44440005956609685,4.8037961573944995e-05,0.896732645858097,160.0,477.4351920433943,3.483505398980885,1423.8837933540344,3028314106
1809,3310,8.812852580047299,6.8841336842311325,2.884133684231132,-5.1158663157688675,-1.115866315768868,0.001962460480354683,0.976445643432004,142.27922965530004,426.82781414411687,4.025479664003673,1423.8837933540344,3028314106
1810,3311,6.656822416736396,2.6568224167363956,1.1841296455409924,-2.2663304583710184,-2.2663304583710184,0.11825255261449699,0.8924178214108529,35.24463967135755,104.82674823238878,1.4069866172060737,1423.8837933540344,3028314106
1811,3312,5.762352824543808,1.762352824543808,1.762352824543808,-2.6054202821180086,1.394579717881991,0.04758623526236201,0.9368371177384076,79.37152931278591,170.3149923034801,1.3149452244935977,1423.8837933540344,3028314106
1812,3313,5.708066753780885,1.7080667537808851,1.7080667537808851,-3.593488123826166,0.4065118761738338,0.06476893311990639,0.8773301886092368,46.91849952849779,116.58219564251695,0.8691379520259387,1423.8837933540344,3028314106
1813,3314,9.550223820268915,5.550223820268915,1.5502238202689147,-3.817923332767357,-0.5334012415855633,0.0605274418506883,0.8880589595008785,45.92858758523951,137.6763394432595,0.9322004089955516,1423.8837933540344,3028314106
1814,3315,9.70956659603267,5.709566596032669,1.7095665960326696,-3.3780812665750886,0.6219187334249117,0.04192613528203281,0.8700068084277398,49.56748971270214,148.15625928714508,1.1098420757922989,1423.8837933540344,3028314106
1815,3316,5.97234650125065,1.9723465012506498,1.9723465012506498,-5.463441365461607,-1.4634413654616072,0.037446117807945364,0.905003772305703,61.65397739334133,179.66513945896907,1.1936806189684754,1423.8837933540344,3028314106
1816,3317,7.220373371887033,3.220373371887033,1.3493650947554665,-0.7925532978366985,0.007057139661067913,0.08656659140100273,0.866248152046976,37.11377418457053,105.9965405183488,1.069343032519082,1423.8837933540344,3028314106
1817,3318,7.195482459325727,3.195482459325726,1.4232863059175684,-5.727722085572247,-1.7277220855722477,0.0773319651094253,0.8924738557965992,42.55954422293506,127.0874054935669,0.9483304079706008,1423.8837933540344,3028314106
1818,3319,5.789022624771289,1.7890226247712888,1.7890226247712888,-2.7679894198143176,0.5724963341586025,0.05460307873751226,0.8810750317206294,50.783207091314175,124.76475036887152,0.8678516953179601,1423.8837933540344,3028314106
1819,3320,6.145009005107886,2.1450090051078856,1.6658140141470636,-1.1679790803235814,-0.5921340375565887,0.052209927626356456,0.8843382181951505,48.57641505249652,134.72138417290438,0.9125314778353397,1423.8837933540344,3028314106
1820,3321,10.192053894969103,6.192053894969104,2.1920538949691037,-4.8056120995614675,-1.8079461050308963,0.014187807637077077,0.8896036920897042,70.03438658777415,210.0985174248746,1.5773145368421473,1423.8837933540344,3028314106
1821,3322,1.8162514493905089,1.8162514493905089,1.8162514493905089,0.3860133217683399,0.3860133217683399,0.06609734027006446,0.8991832824453581,64.66025747151048,118.75976788431126,0.8104673034090093,1423.8837933540344,3028314106
1822,3323,2.1112786330221867,2.1112786330221867,1.63417546550857,-1.1690819200896743,0.954045013808638,0.05837140237276699,0.9170487853655354,59.280304870340444,133.84687420987024,0.9239020479125862,1423.8837933540344,3028314106
1823,3324,2.2480107102174096,2.2480107102174096,1.4090568128529868,-0.0027116951825922886,0.9972159559147349,0.06578298223182791,0.9472080782149881,72.32106269188371,155.1376128687899,1.3883481121152994,1423.8837933540344,3028314106
1824,3325,4.32468763298866,4.32468763298866,1.4150127437617153,-3.3832902046956033,-2.247059068587782,0.0785328065343704,0.9104839610136765,45.67426003304952,136.96144313042748,1.0309381383964458,1423.8837933540344,3028314106
1825,3326,1.860664924517638,1.860664924517638,1.860664924517638,-0.14909505695776493,0.220270293013902,0.06455931771186314,0.9072536199197788,59.19198567076332,127.42934168081351,0.8674482364133606,1423.8837933540344,3028314106
1826,3327,3.725167006144349,3.725167006144349,1.5747177829049706,-2.4252822170950292,-2.4252822170950292,0.05767867958679346,0.8939776036560252,47.82126997722416,143.1568001899901,0.9433693984763877,1423.8837933540344,3028314106
1827,3328,7.005452223409795,3.0054522234097947,1.4986272351495395,-0.8593850275490589,-0.8593850275490589,0.06639058341204562,0.8736174154907443,42.292304778996346,121.59594496754396,0.9375261062702827,1423.8837933540344,3028314106
1828,3329,1.7459395303670142,1.7459395303670142,1.7459395303670142,-3.025925246319172,-1.1178097548336554,0.08330291541521932,0.9035547403800972,50.9626767528153,140.78632703151195,1.0862241275435238,1423.8837933540344,3028314106
1829,3330,5.782348078164776,1.7823480781647758,1.7823480781647758,-3.5776478621652688,-0.2678943921814323,0.05634239657569579,0.8817603052271077,49.73434034650086,134.01520224195536,0.9268701792549222,1423.8837933540344,3028314106
1830,3331,9.506618542995813,5.506618542995813,1.5066185429958128,-6.493381457004187,-2.4933814570041872,0.06595423049721288,0.9037935539478158,47.380521594693086,142.13824488350787,0.9635370918018333,1423.8837933540344,3028314106
1831,3332,7.298105164321576,3.2981051643215764,1.5336662191242325,-6.466333780875767,-2.4663337808757673,0.06255984905669638,0.8910290316746535,45.905277632791424,137.53311991174527,0.9289301862751065,1423.8837933540344,3028314106
1832,3333,6.4741737971612165,2.4741737971612165,2.4741737971612165,-0.42183469197439916,2.4741737971612165,0.006673948072447,0.9112640950522468,131.54952395889532,263.02392542091945,2.015213081371885,1423.8837933540344,3028314106
1833,3334,9.559673167687293,5.5596731676872935,1.5596731676872932,-5.457080565312108,-2.1630203973681006,0.059418567829092744,0.9019998529524371,48.82823126756385,146.47889232663792,0.9645316899996967,1423.8837933540344,3028314106
1834,3335,8.365497475411646,4.365497475411646,1.4635656135503348,-6.175680215418463,-2.1756802154184642,0.0716562912124813,0.8997627435810965,45.175565935593944,135.47756213400433,0.9511765495742531,1423.8837933540344,3028314106
1835,3336,8.085357600215715,4.085357600215715,1.486151775110698,-4.840715501405671,-2.513848224889302,0.06861935391926301,0.8990682182864362,45.79502886936633,137.34008565274362,0.9445296004269955,1423.8837933540344,3028314106
1836,3337,7.296895033642656,3.2968950336426563,1.4596693251610964,-4.4839448161566215,-0.48394481615662155,0.07215385154610789,0.8752827914599275,40.934600752806745,120.39709283268698,0.9508737415074586,1423.8837933540344,3028314106
1837,3338,6.951600312579373,2.951600312579373,1.63538338521098,-1.7945002100805514,1.196580240401878,0.039248757178134086,0.9017662834837503,62.0343645265081,162.4794423438727,1.0723386697362705,1423.8837933540344,3028314106
1838,3339,6.868574613296527,5.876758604723646,1.8767586047236455,-2.1232413952763545,-2.1232413952763545,0.03027500497493919,0.9994025949680514,160.0,479.9422353530793,4.696595834006024,1423.8837933540344,3028314106
1839,3340,6.554787830246379,2.5547878302463793,1.7033046676023034,0.16355605921061533,0.16355605921061533,0.04030518192015365,0.8764726944321906,55.317055192146384,119.22487889833825,0.8732532113574543,1423.8837933540344,3028314106
1840,3341,9.61430804535015,5.614308045350151,1.6143080453501506,-2.5699104053134176,-0.8298331839461808,0.053228672687655645,0.9418566186215557,60.862487255995845,182.50805479089328,1.455642543168705,1423.8837933540344,3028314106
1841,3342,5.2429583445527514,2.347792630323556,2.347792630323556,-2.6942651432483906,1.3057348567516096,0.014421229254732194,0.9089089982136395,82.05371815134816,196.7294188664083,1.4835914072935543,1423.8837933540344,3028314106
1842,3343,1.6058297671748474,1.6058297671748474,1.6058297671748474,-1.845399897261798,0.6493251462461952,0.10560594146238793,0.9111400548716762,49.78449433871448,107.13044515015447,1.1907414201838555,1423.8837933540344,3028314106
1843,3344,5.718320923106896,1.7183209231068959,1.7183209231068959,-2.9684010234606006,1.0315989765393996,0.058362416575442826,0.9076546647463751,58.819732988761096,133.44000484667544,0.8854664343902027,1423.8837933540344,3028314106
1844,3345,7.1539354131663995,7.1539354131663995,3.1539354131663995,-4.036138569150856,-0.036138569150856004,0.0008054228022024543,0.8861488334340727,114.07015708259513,342.1721158557443,2.622377415868564,1423.8837933540344,3028314106
1845,3346,7.0016974095635796,3.001697409563579,3.001697409563579,-3.8059752449125797,0.1940247550874199,0.0022844330070276074,0.8937321563531818,106.01898557028674,301.0454907353686,2.3099672104329017,1423.8837933540344,3028314106
1846,3347,5.492026327008639,1.492026327008639,1.492026327008639,-3.8664226374050177,-2.07055598440325,0.09889284379611823,0.8943342258457638,41.892591091783174,122.02454570049679,1.1650436849271557,1423.8837933540344,3028314106
1847,3348,6.101206241409894,2.1012062414098938,2.1012062414098938,-2.0207238973475348,-1.2782702630391136,0.027851969115998212,0.9080859638878624,67.66350893499249,195.8845648138048,1.3564404804868835,1423.8837933540344,3028314106
1848,3349,6.670902159675813,2.670902159675813,1.511872179171543,-5.43602164064884,-2.1702754011055747,0.06553280695316704,0.885959853373625,44.26697699556294,132.1121648415894,0.9246186594112344,1423.8837933540344,3028314106
1849,3350,4.835607941785289,4.835607941785289,4.835607941785289,-3.1643920582147107,0.8356079417852893,1.8896804322114985e-06,0.6354294108221896,160.0,472.1997897871951,14.238684765930879,1423.8837933540344,3028314106
1850,3351,5.264432617454421,3.7719847532509734,1.949184615619728,-2.050815384380272,-2.050815384380272,0.025636865332812554,0.8994395233838438,62.5183940523565,186.9874419388007,1.3045741495492464,1423.8837933540344,3028314106
1851,3352,2.0475664168504095,2.0475664168504095,2.0475664168504095,-0.13873800838809824,1.2001932469409637,0.04160710218243972,0.9204224541366008,74.39141970016078,148.87435763255817,1.0409310391617455,1423.8837933540344,3028314106
1852,3353,8.686359327354058,4.686359327354058,1.3456206587986932,0.15284052180645102,0.15284052180645102,0.07544353601603344,0.8720992184870202,45.848351067779724,132.84803551264446,1.0816045225497437,1423.8837933540344,3028314106
1853,3354,5.842154307129852,1.8421543071298518,1.8421543071298518,-0.034178611047024576,0.5405286265285161,0.04713937042722023,0.9159911859476959,63.841798918574405,144.73649267573637,0.9796175415288286,1423.8837933540344,3028314106
1854,3355,6.017221482708139,4.3266381982394115,2.263455239521203,0.8574352563859617,0.9848779018379032,0.009090698811102693,0.9605209191045342,129.75858184325048,351.1284423121976,3.1004419562928893,1423.8837933540344,3028314106
1855,3356,5.969464481198007,1.9694644811980069,1.9694644811980069,-3.793281052528622,0.20671894747137776,0.03761913359127843,0.8852113342352498,57.44063969800836,150.6002955225821,1.0343191947411452,1423.8837933540344,3028314106
1856,3357,5.746376558551827,1.7463765585518263,1.7463765585518263,-2.2536234414481737,1.7463765585518263,0.04037276511661925,0.8801355871354694,76.84518006943975,153.68538443429898,1.0721044115078922,1423.8837933540344,3028314106
1857,3358,3.6742560548029672,3.6742560548029672,1.010210460987264,-2.989789539012736,1.010210460987264,0.09836490597427924,0.894006255536262,47.66896556440583,133.00248802693005,1.2289345125789248,1423.8837933540344,3028314106
1858,3359,4.2497214799162695,2.716658872338863,2.716658872338863,0.04110137210813125,1.7537907965811177,0.005035248756825474,0.9116378123800324,103.8825039038162,239.40200226183939,1.8855944592598433,1423.8837933540344,3028314106
1859,3360,8.340727707009547,4.340727707009547,1.5511868263467796,-6.44881317365322,-2.44881317365322,0.06042840514587527,0.9138244464997437,51.02395692022878,153.03630981968274,1.0390043649102616,1423.8837933540344,3028314106
1860,3361,10.552070689954576,6.552070689954575,2.552070689954575,-0.23569999568118716,-0.23569999568118716,0.005292839158639271,0.9295168543395141,97.9498454928945,293.21210833270027,2.344535727433306,1423.8837933540344,3028314106
1861,3362,5.633957081677109,1.6339570816771092,1.6339570816771092,-4.867205548891026,-0.8672055488910262,0.07582804338865884,0.8994751686166151,47.72441244428763,133.09572999475034,0.9662947339241534,1423.8837933540344,3028314106
1862,3363,9.155701774409595,5.155701774409595,1.1557017744095948,-1.323237387177627,1.1557017744095948,0.07471827864922975,0.9159483242327336,59.31474113716449,175.2266681813986,1.2701256938907144,1423.8837933540344,3028314106
1863,3364,7.727061465423886,3.727061465423887,1.3147718720881756,-1.863610305456756,1.0472744482766556,0.06850969016336439,0.9163206886094567,56.936940868295714,160.53019503988008,1.1352673853475928,1423.8837933540344,3028314106
1864,3365,9.484803915207339,5.484803915207339,1.4848039152073391,-4.097476256930813,-0.09747625693081274,0.06852308802177556,0.8930689169394301,44.76606223528209,134.06143075111865,0.92998056028331,1423.8837933540344,3028314106
1865,3366,1.743039269828255,1.743039269828255,1.743039269828255,-0.16031973052595871,-0.16031973052595871,0.08153743927045215,0.8965315325567296,52.488724033707676,112.65298396940713,0.8859774644777832,1423.8837933540344,3028314106
1866,3367,7.061584321042615,3.0615843210426137,1.4957559720848042,-2.6723684056827905,-0.6516790140672093,0.06736920843232301,0.8863762352477558,43.85048483692593,128.7581257355931,0.9103985651137328,1423.8837933540344,3028314106
1867,3368,6.149098204008206,6.149098204008206,3.7965082683262534,0.31662063158972,2.3450379092347857,6.88334922559604e-05,0.8247519544496354,136.71661732199675,401.5061848875219,3.861805891447471,1423.8837933540344,3028314106
1868,3369,7.154892373039541,7.154892373039541,3.1548923730395404,-1.3138666822965246,2.686133317703475,0.0004567562966764402,0.887690842990632,141.22841043970047,420.05822505901335,3.1267302155272714,1423.8837933540344,3028314106
1869,3370,6.889449478549681,2.8894494785496807,1.4136110394968922,-3.48509561954671,0.014333490566888818,0.07810742177503978,0.8699397328600714,38.94413434719761,110.96550701139122,0.9809319662358507,1423.8837933540344,3028314106
1870,3371,8.002051684597904,4.0020516845979035,1.4339320785669503,-0.633816010699495,0.4839162685138735,0.07092726944165352,0.8845347498480723,44.04265366348621,127.86589276994226,0.9338723294709445,1423.8837933540344,3028314106
1871,3372,9.444978594067546,5.444978594067546,1.444978594067546,-3.539499880934178,-1.2249251384239523,0.07423166837422387,0.8929199135324264,43.32632998782891,129.9414710882604,0.9411983458681025,1423.8837933540344,3028314106
1872,3373,6.986003122099726,2.986003122099726,1.3827174372709694,-5.831951630719022,-2.617282562729031,0.08339624188373312,0.884469051766703,39.95610955362016,119.66374510799065,0.9853913928353115,1423.8837933540344,3028314106
1873,3374,7.558363439963165,5.70110492943921,1.7011049294392098,-0.5303572126944835,-0.5303572126944835,0.0436328271628617,0.869896110866907,48.815680244824954,145.89636439651994,1.0924079110940028,1423.8837933540344,3028314106
1874,3375,2.689915649278113,2.689915649278113,1.5278932081165364,-4.273144869696755,-2.472106791883464,0.06490532740591923,0.8892798794484218,45.26026592322759,135.02244697874693,0.9278823558392748,1423.8837933540344,3028314106
1875,3376,7.747879530077698,3.7478795300776984,1.5430934156532123,-2.458072992235344,-0.9649719939509314,0.06140255164657307,0.8947078938627293,46.88156195381154,139.75786703555445,0.9309992976490583,1423.8837933540344,3028314106
1876,3377,7.737310032212404,3.7373100322124033,1.497532342087664,-2.502467657912336,-2.502467657912336,0.06712659157333305,0.9278038854526824,52.48789371353079,157.24252488809228,1.1844478290914546,1423.8837933540344,3028314106
1877,3378,6.627057205037942,2.6270572050379415,1.9793106666049576,0.36107476095683144,0.8809362249077453,0.02153635893067856,0.9157462768744036,77.73876930511425,159.86354434473,1.2001789039976334,1423.8837933540344,3028314106
1878,3379,5.8209584750144066,1.8209584750144063,1.8209584750144063,-0.5957385200581997,1.3349529189055045,0.04389247555667306,0.9190569286947597,71.9802585642671,154.94488182160174,1.0668933253784134,1423.8837933540344,3028314106
1879,3380,9.646027855892779,5.646027855892779,1.6460278558927794,-3.3032373708673233,-2.3539721441072206,0.04987901009160216,0.8960541418926685,50.64915018463687,151.94370468420993,0.9880944578948602,1423.8837933540344,3028314106
1880,3381,6.6914014355044396,5.987266923453311,1.9872669234533111,0.20596284421901,0.20596284421901,0.02146210480916442,0.9393270507003942,82.51748803989975,243.65662894144685,1.9446047377121176,1423.8837933540344,3028314106
1881,3382,1.8737150615996374,1.8737150615996374,1.8737150615996374,-2.0485980874353027,0.20701477596650464,0.06425043056654407,0.8905521135908014,53.34678351480601,130.36932907539264,0.8907980044265562,1423.8837933540344,3028314106
1882,3383,5.660313675475448,1.6603136754754484,1.6603136754754484,0.47248744183118396,0.47248744183118396,0.059632370977630106,0.9013629575295166,66.03852067733176,131.85771208061215,0.8699786104101405,1423.8837933540344,3028314106
1883,3384,10.153058940849641,6.1530589408496414,2.153058940849642,-3.5202036631590086,-0.6427822549899269,0.015656948912683048,0.8674733148632129,64.06303452280754,192.14403027674422,1.5913786796313796,1423.8837933540344,3028314106
1884,3385,2.889979093663981,2.889979093663981,1.6088786921959255,0.39296087667800284,0.39296087667800284,0.044660875229259295,0.8826769551147494,59.42172009842888,142.72324548337983,0.9765295289225958,1423.8837933540344,3028314106
1885,3386,9.58826082987449,5.588260829874488,1.5882608298744885,-1.7784210307666843,-1.7784210307666843,0.05610112106823983,0.9033478219593583,50.09217662359426,150.21611763707068,0.9819505863581174,1423.8837933540344,3028314106
1886,3387,5.773696772454952,1.7736967724549515,1.7736967724549515,-0.813624190967926,-0.813624190967926,0.057100348309468404,0.897664984528997,52.771322666860264,139.42105496158305,0.9130668481346215,1423.8837933540344,3028314106
1887,3388,2.073988331341639,2.073988331341639,2.073988331341639,-0.44474202204603364,-0.44474202204603364,0.04139635301816216,0.8957955183993797,63.08559077832406,155.16929161348656,1.0207527677753714,1423.8837933540344,3028314106
1888,3389,6.221677011530961,2.221677011530961,1.5592945346202325,-3.4091262946438365,0.5908737053561639,0.05891040358259181,0.8772342264864432,45.85016155372235,118.52813381616673,0.8610492614667284,1423.8837933540344,3028314106
1889,3390,2.5139365356683245,2.5139365356683245,1.601585531776558,-0.4550073951904663,0.45138002980762915,0.05539268605317768,0.8928315534228122,50.34895118623824,126.56445807111702,0.8334554253763545,1423.8837933540344,3028314106
1890,3391,3.851915994228426,3.851915994228426,1.5460802502927857,-1.4165508629519048,-1.4165508629519048,0.060982459970001575,0.8894819016564673,46.088895936632,136.98127110706903,0.9242737575728647,1423.8837933540344,3028314106
1891,3392,9.828344690171766,5.828344690171766,1.828344690171766,-0.6916461721085363,0.7715910786789777,0.03189831175172185,0.8905684065942885,58.213115504023854,173.7175000470352,1.1911661112119118,1423.8837933540344,3028314106
1892,3393,9.409502825467175,5.409502825467176,1.409502825467176,-3.3061364423970483,0.6938635576029518,0.07126893346673618,0.9016515425091981,47.74636841043208,142.3582219692687,0.9936615737655847,1423.8837933540344,3028314106
1893,3394,9.421117367606978,5.421117367606978,1.4211173676069782,-5.684874778690649,-1.6848747786906488,0.07764131354238424,0.8904383377602793,42.134834733524414,126.38815595800163,0.9517773715695108,1423.8837933540344,3028314106
1894,3395,2.753466117232354,2.753466117232354,1.5781365459725527,-4.455141688614489,-1.3995432361873097,0.05864204137920638,0.8875598799115394,46.643310380165914,137.3876380401765,0.9266319634950821,1423.8837933540344,3028314106
1895,3396,1.7278706876108205,1.7278706876108205,1.7278706876108205,-3.725993891209367,0.2740061087906327,0.08589426624754765,0.886589547220551,47.29890439336402,111.7062652225325,0.9509909176491262,1423.8837933540344,3028314106
1896,3397,1.7636379716611303,1.7636379716611303,1.7636379716611303,-1.0658347724316553,0.3007509463089255,0.07999971310737908,0.903010219401894,51.9979781313099,120.033877773307,0.9188145697863268,1423.8837933540344,3028314106
1897,3398,7.523800216028665,3.5238002160286657,1.1437305833722464,-6.856269416627754,-2.856269416627754,0.1263668441511944,0.8641858034441035,30.19454332607759,90.54015125221605,1.6840566174752247,1423.8837933540344,3028314106
1898,3399,6.6294396993358475,2.629439699335847,1.5653395343742997,-3.823850830234503,-0.711692707173551,0.05911976271979746,0.8840527180769773,45.67891418112971,132.70131533615722,0.9128857249136664,1423.8837933540344,3028314106
1899,3400,1.8199976917483016,1.8199976917483016,1.8199976917483016,-0.7867621306354855,0.8048814252640293,0.06985280062874381,0.9164955705772769,59.57155622700628,126.74051648645337,0.9248935396762457,1423.8837933540344,3028314106
1900,3401,5.3591658748683635,1.3591658748683633,1.3591658748683633,-2.6408341251316365,1.3591658748683633,0.08704701128453961,0.8962155329847388,61.75382330391902,123.50355452038266,1.0149693206423733,1423.8837933540344,3028314106
1901,3402,2.7365249156540585,2.7365249156540585,1.737546277643706,-2.8363787228860984,-1.8620823421940844,0.04296139856854094,0.8846721980631596,51.50614139457135,152.74768218219265,1.0347606140927121,1423.8837933540344,3028314106
1902,3403,5.655073547899387,1.655073547899387,1.655073547899387,0.22884382064693676,0.22884382064693676,0.06506683143396344,0.8908360465649336,55.885709224091606,112.49722106685218,0.7777326234936818,1423.8837933540344,3028314106
1903,3404,5.770635796114906,1.770635796114906,1.770635796114906,0.2839988628481198,0.2839988628481198,0.051790741024905995,0.8952198589699927,61.1394576060826,123.0469390109819,0.8022490640755483,1423.8837933540344,3028314106
1904,3405,9.638222350350457,5.638222350350456,1.6382223503504563,-5.806857253436548,-1.8068572534365483,0.05068765901465213,0.8910562003712217,49.435229963813136,148.29572899128152,0.9744304419349928,1423.8837933540344,3028314106
1905,3406,7.574980989284033,3.5749809892840334,1.3279043753844462,-6.217162677095249,-2.2171626770952493,0.09210440969290422,0.8822127741872757,37.93022877141025,113.64622585600925,1.0592914737843224,1423.8837933540344,3028314106
1906,3407,9.429094423792291,5.429094423792291,1.4290944237922916,-2.2712970711975617,-0.8489792638586815,0.07648128528870188,0.8985123897924086,43.815095556036766,131.3663810958932,0.9606421175893082,1423.8837933540344,3028314106
1907,3408,8.65800040425944,4.65800040425944,1.4544248124021972,-0.4599939223548515,-0.4599939223548515,0.07052519029938938,0.882571634217436,43.51310364167523,128.7138536770763,0.9467580355368768,1423.8837933540344,3028314106
1908,3409,1.907857025439183,1.907857025439183,1.907857025439183,-2.146727677961543,1.1542722533272571,0.056405777512727656,0.9069815869462197,64.10235290719945,135.19062085895007,0.8908501875097985,1423.8837933540344,3028314106
1909,3410,5.675095117995287,1.675095117995287,1.675095117995287,-0.09458158670216088,0.3061232644774059,0.06627897156709245,0.9057755545826338,54.89660402857485,123.85922272885801,0.8494942073071754,1423.8837933540344,3028314106
1910,3411,5.5836351232163715,5.5836351232163715,1.583635123216372,-0.833547201490414,-0.08479559022332994,0.05600597994326233,0.8886163160483848,47.61484546460124,142.41409888241932,0.9494078602154287,1423.8837933540344,3028314106
1911,3412,9.683903803255332,5.6839038032553315,1.683903803255332,-5.118529827354415,-2.316096196744668,0.04610013048890984,0.8902220378650916,50.86552672539161,152.59326520465194,1.006988409185811,1423.8837933540344,3028314106
1912,3413,5.80916701013077,5.591286633468242,1.5912866334682418,-3.7210523918259497,-2.0418050459093946,0.05577254138503581,0.8897297983206214,47.59249957264496,142.7705296499348,0.9475795357883504,1423.8837933540344,3028314106
1913,3414,9.295018850377517,5.2950188503775175,1.2950188503775175,-6.7049811496224825,-2.7049811496224825,0.09765686245693556,0.9990844400513107,118.37551091079347,355.1188019986754,4.167228863158119,1423.8837933540344,3028314106
1914,3415,1.7919506506286853,1.7919506506286853,1.7919506506286853,0.4938451010327376,0.4938451010327376,0.06754676007162175,0.9083464741097471,70.50069608826809,123.22127558841092,0.8575628565365546,1423.8837933540344,3028314106
1915,3416,6.007203834120228,2.007203834120227,2.007203834120227,-1.5091792973119005,-0.6458765693319473,0.034610453693898646,0.8895646356012613,59.699454694965816,166.34797699678535,1.1324305882919399,1423.8837933540344,3028314106
1916,3417,8.220228682425162,4.220228682425161,1.4543234812486834,-2.0502508985550163,-1.3646461199320299,0.07292181382256052,0.895309346108843,44.05972420965083,131.86930299878554,0.9398482005204404,1423.8837933540344,3028314106
1917,3418,5.939446761517339,1.9394467615173392,1.9394467615173392,-5.58357629641453,-2.060553238482661,0.04028737278451911,0.9001504008916619,59.25669016845778,175.04517329331185,1.1501015975285147,1423.8837933540344,3028314106
1918,3419,5.584880661372729,1.5848806613727286,1.5848806613727286,-2.717382795541637,1.2826172044583626,0.06661117437149917,0.9068781997591918,63.12499543576572,133.82677310226137,0.9179909405649969,1423.8837933540344,3028314106
1919,3420,8.163519069268364,4.163519069268364,1.445891853307236,-3.3168031373091837,-0.9000953326242422,0.07410064925955238,0.8964693139805263,43.99154950408917,131.47285006177742,0.9443510427322184,1423.8837933540344,3028314106
1920,3421,2.0828944179658637,2.0828944179658637,2.0828944179658637,-2.362547520660908,0.6646522530336005,0.040540304674608174,0.8876610645081069,61.532546496935915,146.15089641222903,0.9853762063808432,1423.8837933540344,3028314106
1921,3422,9.392496293936802,5.3924962939368015,1.392496293936801,0.5220951051848457,0.5220951051848457,0.05883651561435779,0.9034769329664477,66.60306347144892,193.9464132095186,1.2720730205333663,1423.8837933540344,3028314106
1922,3423,9.504559499311313,5.504559499311313,1.5045594993113127,-0.3647446465011439,1.1217796569393506,0.04942438363496722,0.9539766697825913,77.00431704193099,224.50394567268697,1.905568296802052,1423.8837933540344,3028314106
1923,3424,5.7316800472994025,1.7316800472994027,1.7316800472994027,-5.374472782232941,-1.903328253855843,0.06250689822834574,0.8940376279770362,50.161053756389755,146.95894619767236,0.9829473069913044,1423.8837933540344,3028314106
1924,3425,9.460757071281192,5.460757071281192,1.4607570712811921,-3.231269415049176,-0.05554206487483926,0.07165677527879531,0.8775140073166127,41.44743589525326,124.09978147445395,0.955301870878551,1423.8837933540344,3028314106
1925,3426,7.358570835455582,3.3585708354555814,1.375855271051242,0.5627682657191113,0.5627682657191113,0.058804693485635245,0.8935802945185292,65.17853350376319,149.9691596991956,0.9911857720232224,1423.8837933540344,3028314106
1926,3427,7.784350274241244,3.784350274241244,1.456519586212823,-1.8651552776274218,0.6095545245257906,0.06741622330355168,0.8860007354984807,45.07222334937698,130.12973538285812,0.9211475023162488,1423.8837933540344,3028314106
1927,3428,8.607033486624921,4.607033486624921,1.4858896082346391,0.2903328590876513,0.2903328590876513,0.05671620870191196,0.8960771459445909,57.338152794986826,162.15084476523128,1.0612335354176978,1423.8837933540344,3028314106
1928,3429,5.954230503238956,1.9542305032389564,1.9542305032389564,0.2245343715198953,0.2245343715198953,0.03624051303309811,0.8927386080034632,64.62873713915043,130.72245759508598,0.8853372720809447,1423.8837933540344,3028314106
1929,3430,4.324218789968462,4.324218789968462,2.795580675406513,0.29519360929491434,0.8575722947130684,0.002496677689679318,0.859685805043476,92.20299357142213,259.8632459568522,2.28416641586926,1423.8837933540344,3028314106
1930,3431,7.23006214128373,7.23006214128373,3.2300621412837303,-2.1142444045612003,-0.7699378587162697,0.0006188164009032033,0.856868306644982,110.75537425663092,332.2577182679449,2.818092301741002,1423.8837933540344,3028314106
1931,3432,5.806677075042278,1.8066770750422776,1.8066770750422776,-5.0723082351299835,-1.0723082351299842,0.05358218063142432,0.8824739577629452,50.728735201971936,144.57192101027448,0.9871966145818655,1423.8837933540344,3028314106
1932,3433,5.997347059056503,1.997347059056503,1.997347059056503,-1.4043130831341861,1.5462802745657676,0.029131670949296924,0.8990756053550564,75.64542357871728,164.15454938948062,1.1321682970769311,1423.8837933540344,3028314106
1933,3434,5.830033227936198,1.8300332279361982,1.8300332279361982,-2.169966772063802,-2.169966772063802,0.05101865001638348,0.8926589323221227,53.50963364997207,156.55254910495643,1.0240579656005588,1423.8837933540344,3028314106
1934,3435,8.486800180689157,4.486800180689157,1.5275635726116599,-5.136522317862638,-1.6022354382732933,0.06331043655829781,0.8881057757261731,45.183757162079495,135.44484818878124,0.9277785919818972,1423.8837933540344,3028314106
1935,3436,5.881228431581714,1.8812284315817138,1.8812284315817138,-2.157921501414929,0.7037049710383305,0.04473787354662866,0.8853561935419874,55.25310548811482,134.9771534113975,0.9129507097184143,1423.8837933540344,3028314106
1936,3437,5.645000541982301,5.645000541982301,1.645000541982301,-2.785114187653998,-0.9784756287269356,0.049984421979420095,0.8842316420117986,48.44229215419804,145.27817524441662,0.9807792570749011,1423.8837933540344,3028314106
1937,3438,5.690965201975673,1.6909652019756731,1.6909652019756731,-4.331486589846476,-1.0136255461988408,0.06781638438287252,0.8994468042300798,49.75501542862596,140.48995964103432,0.9603669502670229,1423.8837933540344,3028314106
1938,3439,6.2433511062681735,2.2433511062681735,1.4553459247915506,1.4553459247915506,1.4553459247915506,0.020480250110195258,0.9117297697870257,142.54329522929547,282.75145265061036,1.9898077506589387,1423.8837933540344,3028314106
1939,3440,8.409351129477916,4.4093511294779155,1.4333728795848786,-5.2399889950129275,-1.2399889950129275,0.07587535326777049,0.888251814539355,42.15923366469035,126.27672229230944,0.943668595755192,1423.8837933540344,3028314106
1940,3441,6.92294365439439,2.9229436543943903,1.5996634221211259,-0.2620631649867653,0.670247993542814,0.04983499703471396,0.9077149696973374,55.94471673742478,127.11019693690288,0.8337709960567525,1423.8837933540344,3028314106
1941,3442,6.737259960518482,2.7372599605184824,1.7256643701785346,-2.8770024904023814,1.122997509597619,0.03540801385211332,0.8904287879502457,59.39897434518662,153.27092747959492,1.0412458272650953,1423.8837933540344,3028314106
1942,3443,7.974073593825489,3.974073593825489,1.4721025765111333,-3.5905712045907174,-2.5278974234888665,0.07049639553869524,0.8875319179821674,43.28380165572657,129.79953684398146,0.930759475653884,1423.8837933540344,3028314106
1943,3444,6.628750406873577,2.628750406873577,1.5979813314969906,-0.7104014522685689,0.5294806204038041,0.05282903552349611,0.8875239158756885,49.15868650272686,131.10152254051118,0.8757117913873088,1423.8837933540344,3028314106
1944,3445,6.772702972118104,2.772702972118104,1.6095563414386915,-0.3614376500953609,-0.3614376500953609,0.05210095547839649,0.8730900028567811,47.04359147173529,128.58934622000865,0.9464945660927799,1423.8837933540344,3028314106
1945,3446,5.629251554595262,1.629251554595262,1.629251554595262,-1.7836730477453695,-0.40979420957823387,0.07649118428050636,0.8888702652111424,45.59801083252013,122.07741140920655,0.9192168579492748,1423.8837933540344,3028314106
1946,3447,9.841478321346546,5.841478321346546,1.841478321346546,-3.236887362762575,-1.7798110649425787,0.032775746292832315,0.8853384618711988,55.58082203108854,166.73442720647128,1.1605110367606926,1423.8837933540344,3028314106
1947,3448,5.36825065306267,1.3682506530626704,1.3682506530626704,1.010897735248744,1.010897735248744,0.06183653789090635,0.9318288628396455,113.56335392932307,223.81628794681302,1.6297071922228008,1423.8837933540344,3028314106
1948,3449,7.589872134587144,3.5898721345871447,1.4405095258375369,-3.7247125741147302,0.27528742588527044,0.07310495991489371,0.8768715334238584,41.29483619041287,119.85595774922994,0.9422812257408104,1423.8837933540344,3028314106
1949,3450,5.925581798868489,1.9255817988684887,1.9255817988684887,-1.5870441777007407,-1.5870441777007407,0.04152991602901675,0.8980208233582372,58.266625318752745,166.66832419462537,1.0928768139534595,1423.8837933540344,3028314106
1950,3451,5.789814387856963,1.7898143878569632,1.7898143878569632,0.18121414053073082,0.18121414053073082,0.05106263624106139,0.8922538025143768,58.86840676300974,118.94748684561021,0.7810619997233276,1423.8837933540344,3028314106
1951,3452,5.551935547505108,1.5519355475051078,1.5519355475051078,-1.8244072609919857,1.5519355475051078,0.06033847009614166,0.8937292816742894,70.4871529139808,140.95814238213057,0.936963903365631,1423.8837933540344,3028314106
1952,3453,6.6753436386457015,2.6753436386457015,1.588676409273026,-5.639257179017759,-1.6392571790177584,0.056378876215155624,0.8771078610599546,45.305510819931676,134.50925084254516,0.9596452661758821,1423.8837933540344,3028314106
1953,3454,8.08364686959972,4.08364686959972,1.4170032519067166,-0.07786766429104919,0.6008563470358006,0.06756617356932819,0.9139211794489104,54.29273456664567,147.7994641833212,1.0362474443631513,1423.8837933540344,3028314106
1954,3455,9.482232727924744,5.482232727924744,1.4822327279247438,-4.499324204980589,-1.770003933557513,0.06913918844808091,0.8928363423670371,44.52113464112799,133.54949312329518,0.9307416618358167,1423.8837933540344,3028314106
1955,3456,7.258793592202773,3.2587935922027738,1.0350949657817563,1.0350949657817563,1.0350949657817563,0.05361026730865132,0.8728254086818621,86.95152341981964,182.3568547620461,1.298830900424474,1423.8837933540344,3028314106
1956,3457,3.2078314845533047,3.2078314845533047,3.2078314845533047,-0.24155646695340227,2.80526951308958,0.0013904887646374164,0.8763310195943856,142.69958253572872,290.3007078844926,2.333838829653032,1423.8837933540344,3028314106
1957,3458,1.9748413988169493,1.9748413988169493,1.9748413988169493,-3.9319195101205993,-1.2039236198602423,0.051924254386443366,0.8999696377301302,59.17539208975267,167.34974470047825,1.0862054076024403,1423.8837933540344,3028314106
1958,3459,5.590382826659636,1.5903828266596358,1.5903828266596358,-6.409617173340364,-2.409617173340364,0.08242565135388343,0.8788211072988419,42.54332194784861,124.90916968650242,1.041532174004349,1423.8837933540344,3028314106
1959,3460,1.700578130427826,1.700578130427826,1.700578130427826,-2.926712707248302,0.7582134236384457,0.08817003784836158,0.8972814211795236,50.606943657782345,109.58854426328392,0.9366522114378109,1423.8837933540344,3028314106
1960,3461,5.516319884110862,1.5163198841108618,1.5163198841108618,-5.194895060569699,-2.483680115889138,0.09461717780529362,0.8795305024209045,40.21133749175947,117.76623205200302,1.1354277266291295,1423.8837933540344,3028314106
1961,3462,9.574310741733733,5.574310741733732,1.574310741733732,-1.7759031672462113,0.7091515458981791,0.05340975383801988,0.8820913288245281,48.35845675470769,144.3454562189806,0.9876316549905022,1423.8837933540344,3028314106
1962,3463,9.51880069341997,5.518800693419969,1.5188006934199691,-4.242335458145166,-0.24233545814516577,0.06429884181885938,0.8640009402787511,41.14519295365874,123.27094598426976,1.0309695261692786,1423.8837933540344,3028314106
1963,3464,7.471333608859825,3.4713336088598252,1.5548423553409048,-3.594727377771375,-1.5546149998354017,0.05999282766351723,0.8911782717731485,46.634999836770625,139.3435697705839,0.9313414520098041,1423.8837933540344,3028314106
1964,3465,3.329202533830223,3.329202533830223,3.329202533830223,0.8504335725168031,1.5418099611746927,0.001088884340178971,0.9579143552935526,160.0,368.0950245789817,3.273711742245479,1423.8837933540344,3028314106
1965,3466,9.494662990239346,5.4946629902393465,1.494662990239347,-2.6971316742509015,-1.8034024007665699,0.06750103132411302,0.8928276245109228,44.926922842925244,134.76617645731633,0.9294014051055964,1423.8837933540344,3028314106
1966,3467,7.911800429197575,3.9118004291975743,1.5238786048611086,-1.3340141293486614,-0.5221340031963915,0.06364516552628643,0.8793413166579853,43.67526026654939,129.4930439923332,0.9345389056299326,1423.8837933540344,3028314106
1967,3468,5.668491102381324,1.6684911023813243,1.6684911023813243,-0.041755229964281604,0.586006908754557,0.06578143677895266,0.9145640343738805,58.33927475312885,117.74574786836561,0.8349307003936309,1423.8837933540344,3028314106
1968,3469,6.935641834954853,2.935641834954853,1.4159957861797494,-6.584004213820251,-2.5840042138202506,0.07842250031480141,0.8743741700363881,39.427410910133254,118.05270603722565,0.9915887122482478,1423.8837933540344,3028314106
1969,3470,7.282709391158628,3.282709391158627,1.7558661057469924,-6.244133894253007,-2.2441338942530074,0.03956947401500665,0.884232084564525,52.30316758330174,156.60835127260918,1.0710492069202031,1423.8837933540344,3028314106
1970,3471,6.786895341865517,2.7868953418655167,1.5881218394723449,-0.1155058071141919,0.4185783466598334,0.05172895590813764,0.8891048744499733,51.62506593127516,117.04549020300588,0.7780586520286039,1423.8837933540344,3028314106
1971,3472,7.178054895201596,3.178054895201597,1.0750828139685817,-0.8342809825325013,1.0750828139685817,0.0869082649394714,0.933962915767238,61.625520454275346,141.91742017990646,1.3084426457925318,1423.8837933540344,3028314106
1972,3473,5.74966791878599,1.74966791878599,1.74966791878599,0.3835870564221695,0.3835870564221695,0.052414607660568956,0.8882223306334428,61.37456928865782,123.17319635555039,0.8213328555845625,1423.8837933540344,3028314106
1973,3474,5.750031210702481,1.7500312107024816,1.7500312107024816,-4.479472893268822,-2.2499687892975184,0.060222419009012165,0.8917181859479277,50.380029163448725,148.50134036462163,0.9900418796470636,1423.8837933540344,3028314106
1974,3475,9.55808219255161,5.558082192551611,1.5580821925516108,-2.797777311596291,-0.3510263297766627,0.059560593524964275,0.8878554481820601,46.16855359421184,138.359748850575,0.9343955279917495,1423.8837933540344,3028314106
1975,3476,8.615858069050633,7.514473599576088,3.514473599576088,-1.2641621171648412,2.7358378828351584,0.0001562510954236416,0.9116719050813473,160.0,477.2888732198255,3.500246142680375,1423.8837933540344,3028314106
1976,3477,9.459166852081292,5.459166852081292,1.459166852081292,-2.273673827309256,1.110002461264046,0.05401860090369925,0.9010543243229762,56.79844010197749,168.7059925703493,1.0970934980765172,1423.8837933540344,3028314106
1977,3478,7.10664272401018,3.1066427240101797,1.7203126664407122,-4.40662305770205,-0.40662305770205,0.04271659697728488,0.8748599664834412,49.42270096045339,144.35999460620857,1.0420978506439647,1423.8837933540344,3028314106
1978,3479,7.101049849911902,3.1010498499119032,1.5258816911463193,-0.28292662207768426,0.38956073936575475,0.05930647534977125,0.8839728694818246,47.545230255270916,115.8233013504611,0.8043182444853723,1423.8837933540344,3028314106
1979,3480,6.592807350604536,2.5928073506045357,1.6131578284533354,-5.674946447382221,-2.3868421715466646,0.053871202313057115,0.8803297699339797,46.61559172624182,139.2483414464539,0.9652877493850437,1423.8837933540344,3028314106
1980,3481,6.351751234266831,2.3517512342668305,1.3127770978746616,-2.1894328706530306,1.3127770978746616,0.0551148984982628,0.9124530030686302,65.47858306393057,156.9073519769682,1.0458303264037947,1423.8837933540344,3028314106
1981,3482,5.827692002493917,1.8276920024939167,1.8276920024939167,-0.034656330098673305,-0.034656330098673305,0.048972099470286135,0.8928849868038784,57.20332279101528,132.45010270494387,0.8671992907034818,1423.8837933540344,3028314106
1982,3483,6.553074223066677,2.553074223066677,1.658879916999415,-0.02221294492800152,0.48287635620101277,0.04489487997256235,0.8949074651120189,55.85239195132917,120.54504427266403,0.7900173035735957,1423.8837933540344,3028314106
1983,3484,5.930851672950272,1.9308516729502716,1.9308516729502716,-2.9974658601395388,0.052488509106848324,0.04101883853222471,0.8741088354465851,53.86552658378469,142.8625624385155,1.0425489626269746,1423.8837933540344,3028314106
1984,3485,5.744322400702206,1.7443224007022056,1.7443224007022056,-0.08842336921387917,0.2877172563047101,0.058031002031752724,0.9016205394069343,56.09328872748223,127.9532905011998,0.8404080338449325,1423.8837933540344,3028314106
1985,3486,5.994643642936956,1.9946436429369558,1.9946436429369558,-0.6257952713051764,1.9946436429369558,0.02302097532980755,0.8890684258388243,93.1425528970652,186.19745540776654,1.3385247233895086,1423.8837933540344,3028314106
1986,3487,10.012670028432593,6.012670028432593,2.0126700284325927,-1.957839135627737,0.7224120965696756,0.021527821615405677,0.8484290520684958,56.296849359782904,168.4277453808046,1.6275607071994957,1423.8837933540344,3028314106
1987,3488,6.9027166350814975,2.9027166350814975,1.6979184799041078,-0.48969458338085325,0.616533157745869,0.04240994865825846,0.8909940263952587,53.77439230275006,123.1943977502366,0.8205721064977735,1423.8837933540344,3028314106
1988,3489,6.88178423161465,2.88178423161465,1.703633150705534,-1.9807328633364418,-0.4291736443909786,0.04435534586343101,0.8751989468070084,48.88649964664499,141.7417924094609,1.019237617876392,1423.8837933540344,3028314106
1989,3490,10.096228006300498,6.096228006300498,2.0962280063004974,-0.44421248978301575,-0.44421248978301575,0.0177989237438097,0.8710058705716834,63.11861383770641,188.85000899696152,1.5145372523480516,1423.8837933540344,3028314106
1990,3491,5.55760448642386,1.5576044864238596,1.5576044864238596,-2.44239551357614,1.5576044864238596,0.05966351233907373,0.9911158181786688,138.90097825399067,277.79292089251845,3.096259905694432,1423.8837933540344,3028314106
1991,3492,9.677580725135277,5.677580725135277,1.6775807251352766,-0.04457807621114518,0.43097881246369085,0.04290660874643341,0.9203322185051056,62.44444135325516,185.30895702470227,1.2736212049881057,1423.8837933540344,3028314106
1992,3493,7.040244216613042,3.040244216613041,1.4569170987264388,-2.836251632922456,0.6180387216720292,0.06726047217726032,0.8846154091771163,44.90805347093041,124.57743296610289,0.8905707837334417,1423.8837933540344,3028314106
1993,3494,7.94425431319323,3.9442543131932304,1.5714883224275558,-0.5036342037777817,0.3748253596406397,0.05552644335909064,0.876230835303402,46.41334650969604,134.42235778359475,0.9638254656932558,1423.8837933540344,3028314106
1994,3495,7.304470957240343,3.3044709572403432,1.264008729888605,-1.4693358895982158,0.3990948068292728,0.09708017433272403,0.8869123598916624,38.743559487558116,110.43634950252127,1.0845068909577198,1423.8837933540344,3028314106
1995,3496,5.66955194437023,1.6695519443702307,1.6695519443702307,-0.5433826743388863,0.5758395896322663,0.06822502943383843,0.9120457126703874,54.11287585350336,124.60138832014087,0.8818843954406607,1423.8837933540344,3028314106
1996,3497,5.550056850155313,1.5500568501553131,1.5500568501553131,-3.3055029192193466,-0.27623189580167584,0.08883434395268298,0.8811509841477119,41.62014011068906,109.82316672579243,0.9996873959524313,1423.8837933540344,3028314106
1997,3498,5.839724659020755,1.8397246590207543,1.8397246590207543,-4.9010600717122035,-0.9010600717122044,0.04998498670537868,0.9161874096233401,59.0871926626577,167.1785335412501,1.124915911389483,1423.8837933540344,3028314106
1998,3499,5.653903725371021,1.6539037253710207,1.6539037253710207,-3.12863838930683,-0.6118281936473626,0.0729423724546765,0.8952705873360736,47.62099032716263,130.59692932736291,0.9317956630787,1423.8837933540344,3028314106
1999,3500,5.9241905698269015,1.9241905698269015,1.9241905698269015,-3.2957362669721277,0.7042637330278727,0.04085413485127632,0.8849242659676059,56.64658285573691,139.2421434465611,0.9512231116434254,1423.8837933540344,3028314106
2000,3501,8.208632558352836,8.208632558352836,4.208632558352835,-1.9799186240470918,0.20863255835283478,1.2846039177878249e-05,0.8302981263297448,160.0,479.98931313428955,4.2478822607655005,1423.8837933540344,3028314106
2001,3502,5.654960442666728,1.6549604426667284,1.6549604426667284,-2.0923269073154316,1.354054489038138,0.05779010942738029,0.9095211546877054,67.22629256899195,142.4388019975483,0.9473604101262633,1423.8837933540344,3028314106
2002,3503,8.32159469735893,4.321594697358931,1.4879320726264058,-1.0219768172800399,-1.0219768172800399,0.0680043682483469,0.8856640734483912,43.7192490172209,130.03192333485444,0.9251947682861628,1423.8837933540344,3028314106
2003,3504,7.631767831199962,3.631767831199962,1.388564447907165,-4.458475039055805,-1.4168742396632654,0.08248230660518843,0.8868403488354044,40.51872300807238,121.08403461788043,0.9748366115707823,1423.8837933540344,3028314106
2004,3505,6.412247309769837,2.412247309769837,1.6034838738142143,0.07618892062610838,0.5342946301954461,0.04913479833911634,0.9046661153171272,58.08842764727625,122.50328624331561,0.7981773061888819,1423.8837933540344,3028314106
2005,3506,5.675143056601634,1.675143056601634,1.675143056601634,-1.5836909989243961,-0.8253914068964392,0.06995033316646423,0.8899301407015535,47.39033756673891,130.43033416013623,0.9231150667806542,1423.8837933540344,3028314106
2006,3507,7.004568193463895,3.0045681934638937,1.7130369540858932,-0.778897068459818,0.8893712236490043,0.039212654903370205,0.9022740749449677,58.2595216422993,132.76732124090572,0.8800257521829261,1423.8837933540344,3028314106
2007,3508,5.808825448169127,1.8088254481691268,1.8088254481691268,-1.5686511761872364,0.9982748559350646,0.04967960208602416,0.9053947716527966,60.00830640831714,138.5940485898899,0.9035920990311797,1423.8837933540344,3028314106
2008,3509,9.440069382177201,5.440069382177201,1.4400693821772015,-2.195385719131079,-2.195385719131079,0.07492052824946221,0.8892455395827494,42.53860894222066,127.58953490119968,0.941261678926279,1423.8837933540344,3028314106
2009,3510,5.771217572861536,1.7712175728615365,1.7712175728615365,-2.9734172479119443,0.32653165508080795,0.0572722942739866,0.8757953393808984,48.623260457305236,123.006511580125,0.8964333337990993,1423.8837933540344,3028314106
2010,3511,8.176635670944739,4.176635670944739,1.4738466973211468,-2.5261533026788534,-2.5261533026788534,0.070260830317554,0.8807783954352398,42.22870318220179,126.59601931480367,0.9414881328722124,1423.8837933540344,3028314106
2011,3512,8.972533510269901,4.9725335102698995,1.5363002201538878,-2.649987541538822,-2.1722236850010437,0.06223219246798607,0.8921784948986917,46.18926969623355,138.54077923097574,0.9312394565076437,1423.8837933540344,3028314106
2012,3513,8.201682204463722,4.2016822044637205,1.4145550076197795,-1.8949058280167104,-1.8949058280167104,0.0785837647502315,0.8914277412248389,42.10709321817626,126.03365756153663,0.9548802284956956,1423.8837933540344,3028314106
2013,3514,8.033028301633102,4.033028301633102,1.2996235987797329,-3.356600554849779,-2.700376401220267,0.09686481683792002,0.8912821378609445,38.503657604637695,115.47692439248883,1.0993993523036962,1423.8837933540344,3028314106
2014,3515,9.462652979803186,5.462652979803186,1.4626529798031862,-4.192312225194891,-2.5373470201968136,0.07178117881823673,0.9923639814009305,90.80416207943432,272.4063363525214,3.1553545506439096,1423.8837933540344,3028314106
2015,3516,6.31942728194164,2.31942728194164,1.6103711857324035,-0.11346855206895912,0.33670083854848,0.05157349593359821,0.891732595849142,52.37298337007956,111.53143269260833,0.7344466128285255,1423.8837933540344,3028314106
2016,3517,6.193253471335794,2.1932534713357934,1.6887470980950052,0.09082195482868416,0.43293716652966885,0.04475476485779048,0.8969157236741397,58.038038278720535,120.15347533273776,0.7851693554291996,1423.8837933540344,3028314106
2017,3518,9.63146358549472,5.6314635854947195,1.631463585494719,-4.388732283509505,-1.066519280271364,0.051396053328672336,0.8873045464539542,48.523021387275435,145.52912963713038,0.969224740505078,1423.8837933540344,3028314106
2018,3519,6.459035270580997,2.4590352705809964,1.5920144716396922,-0.09970216040169189,0.425529331965083,0.05198260317757099,0.8931020689491977,52.60650339855446,113.66317329674196,0.7452984902636348,1423.8837933540344,3028314106
2019,3520,5.579860141168875,1.5798601411688749,1.5798601411688749,0.6786442204522367,0.6786442204522367,0.061530875147325394,0.8904251196426882,70.83387987202985,140.76810339562698,0.9478215508417812,1423.8837933540344,3028314106
2020,3521,6.502250708062806,2.502250708062806,1.560616831787625,-0.06415836395834251,0.4895291955669281,0.05417409551952023,0.8969638833773901,53.2049987005112,115.23782038501005,0.7516797111790335,1423.8837933540344,3028314106
2021,3522,6.450852112956893,2.450852112956893,1.5885080631697532,-2.411491936830247,-2.411491936830247,0.05706117684330871,0.8798515463181624,45.648575399495286,135.74130433925973,0.9508479796896188,1423.8837933540344,3028314106
2022,3523,6.025559017307029,2.0255590173070295,1.5577648176172076,0.35703973978334114,0.35703973978334114,0.05422900824203786,0.8809403798739961,56.438062546866384,115.12606776088053,0.8056025923064714,1423.8837933540344,3028314106
2023,3524,6.241941943035401,2.2419419430354006,2.2419419430354006,-2.6605698114330094,0.13049496974513053,0.01980296956407547,0.8918641345874019,69.79419896686998,189.0452245335768,1.3771439548798636,1423.8837933540344,3028314106
2024,3525,7.5678619705158,3.5678619705158,3.5678619705158,-0.9326071584873779,0.4882278060718477,0.00031912042212894204,0.8948854281380173,137.60459383390443,394.2316302220934,2.9419690062903627,1423.8837933540344,3028314106
2025,3526,7.891436691040536,3.8914366910405356,1.4394319878985533,-3.6412774534458627,-0.4617055326032615,0.07496225714628174,0.885863897755076,41.97538871575238,124.68389029330733,0.9357078869217659,1423.8837933540344,3028314106
2026,3527,8.47784657245905,4.477846572459051,2.5379309655453195,-5.0033151099633315,-1.0033151099633315,0.005575537188851664,0.882784623356361,83.35288788133077,249.54417062386895,1.9687514621460993,1423.8837933540344,3028314106
2027,3528,9.368296889033353,5.368296889033354,1.3682968890333536,-3.178939952525404,0.821060047474596,0.07244115938334181,0.8647634441195725,42.154175190452584,125.49036252994536,1.0831079338909748,1423.8837933540344,3028314106
2028,3529,7.776510601876572,3.7765106018765713,1.6418111529360222,-4.67499945593371,-1.8906843915856366,0.05031449532031344,0.8889957027844041,49.19120859591987,147.34553577944894,0.9745446809448712,1423.8837933540344,3028314106
2029,3530,7.111300827853242,3.111300827853243,1.8592068497855438,-1.037814142524202,-1.037814142524202,0.0314794959425377,0.8727985518707779,54.05860826982321,157.2989615274404,1.187365372835392,1423.8837933540344,3028314106
2030,3531,6.568415512428857,2.568415512428856,2.568415512428856,-3.069135593093369,-1.4315844875711439,0.008370994858228242,0.975285481621364,120.60442937431506,356.27725097868733,3.452088429066083,1423.8837933540344,3028314106
2031,3532,7.547696278281042,3.547696278281042,2.00184719949711,-1.1682395035039175,1.291611881978984,0.01915975434033254,0.8837603011446098,67.71375464302841,160.70089547202846,1.229769944687854,1423.8837933540344,3028314106
2032,3533,5.669713057103652,1.669713057103652,1.669713057103652,0.39177706340105733,0.39177706340105733,0.06041317167631803,0.8921020452170487,60.826597602269075,121.80459507033892,0.8165036327863867,1423.8837933540344,3028314106
2033,3534,10.43685482567415,6.43685482567415,2.4368548256741493,-0.75788856886849,1.3288052155432655,0.00690530123391686,0.8729330417265018,79.35749431324223,236.93719783950056,1.9362751721271305,1423.8837933540344,3028314106
2034,3535,9.290901701017267,5.290901701017268,1.2909017010172679,-1.6454467150791905,-1.6454467150791905,0.09829207619417815,0.9998460774908541,160.0,479.60906960449245,5.007575232497105,1423.8837933540344,3028314106
2035,3536,6.14630299348496,2.146302993484959,1.5958601571943871,-0.13830322066307854,0.24703847749864982,0.05530790823411608,0.89053713401821,51.10164218246984,107.42805233972128,0.7150557384307742,1423.8837933540344,3028314106
2036,3537,5.633660577940138,1.633660577940138,1.633660577940138,0.0378106165779768,0.0378106165779768,0.07049587126405935,0.8903275051269034,51.69978668164881,104.71233417260684,0.758468769632821,1423.8837933540344,3028314106
2037,3538,6.097865589852699,2.097865589852699,1.6016936251264833,-0.1367721106604669,0.21626367239459054,0.05565423228356447,0.8905293261838164,51.132769126565094,107.02561952236184,0.7130530767536367,1423.8837933540344,3028314106
2038,3539,5.649806844911616,1.6498068449116163,1.6498068449116163,-0.3338080063350579,0.059831410414458386,0.07144775589972506,0.9019009280813758,50.98112376913831,119.00738244019934,0.8434936240658458,1423.8837933540344,3028314106
2039,3540,6.219129244675719,2.2191292446757194,2.2191292446757194,-0.16132602916321526,1.6905329291356739,0.017379629427151697,0.9053113447276239,86.83315625239331,187.2806439890337,1.3833076703676856,1423.8837933540344,3028314106
2040,3541,5.620637558124873,1.6206375581248724,1.6206375581248724,-0.03094027817622602,0.35280900051465935,0.07255598152381029,0.9019186640015592,53.26048778892029,107.76076544240998,0.7780620493746955,1423.8837933540344,3028314106
2041,3542,9.474866546354983,5.474866546354983,1.4748665463549828,-5.100677030664107,-2.525133453645017,0.07012421257619289,0.8934226992054255,44.38464422207889,133.1510407987162,0.9328766011214871,1423.8837933540344,3028314106
2042,3543,6.344922422881083,2.3449224228810834,1.5306369465397585,-0.1302307057255392,0.3216789907684998,0.05928196952432353,0.8860116572601102,48.92845800023356,105.70748449823044,0.7291913123586764,1423.8837933540344,3028314106
2043,3544,7.641106067033229,7.641106067033229,3.64110606703323,-0.0920444820527564,0.41295757559814117,0.00013541559073343513,0.8630559875582011,134.65770030064655,403.7115787472813,3.2126462263308877,1423.8837933540344,3028314106
2044,3545,6.123337276976335,2.123337276976334,2.123337276976334,-2.326411551534505,1.673588448465495,0.021510013994447547,0.9523821471375679,103.48623528979893,225.37207057365308,2.010126286671689,1423.8837933540344,3028314106
2045,3546,6.283665086393908,2.2836650863939085,1.5659800333812668,0.19614571345241227,0.19614571345241227,0.052827736498602076,0.8751420613429913,51.98594833398735,109.70747186218901,0.8081804785109922,1423.8837933540344,3028314106
2046,3547,9.348837403917257,5.348837403917257,1.348837403917257,-6.651162596082743,-2.651162596082743,0.08869459811540784,0.8928651059163616,40.27246531822726,120.81472512481044,1.022402192209813,1423.8837933540344,3028314106
2047,3548,6.275019524207831,2.275019524207831,2.275019524207831,-5.724980475792169,-1.7249804757921692,0.0182367704599257,0.9921110269149312,128.89271136173983,380.8020552741958,3.933738315082044,1423.8837933540344,3028314106
2048,3549,5.9727436301925945,1.9727436301925951,1.3694255535741893,-4.662321384030216,-0.6623213840302151,0.0901527342416727,0.8640360997746762,36.08122378988496,101.46983039532613,1.1061599178618835,1423.8837933540344,3028314106
2049,3550,9.72037788356443,5.7203778835644306,1.7203778835644303,-4.301453716886901,-0.30145371688690115,0.0426605196565584,0.9269023515036535,60.44250997223303,181.16863986743638,1.2951478420444233,1423.8837933540344,3028314106
2050,3551,6.356166772910572,2.3561667729105724,1.526893285624367,-0.21076003559002698,0.36291889296732305,0.060101994813318044,0.8883050082919475,48.6577284267925,105.48974851735238,0.721149536296176,1423.8837933540344,3028314106
2051,3552,6.320858337707245,2.3208583377072456,1.5840013848456178,-0.10950734174563359,0.33686226976251255,0.053968893247801325,0.8887841326804278,51.10162671868246,109.26321273577558,0.730633905633088,1423.8837933540344,3028314106
2052,3553,8.446881588598627,4.446881588598627,1.4315541300551746,-5.993515869407545,-2.568445869944825,0.07613569500669116,0.8896655824968682,42.34056397271958,127.0022224424618,0.945649865093705,1423.8837933540344,3028314106
2053,3554,4.676224360626861,4.676224360626861,3.080156327671293,0.5196662533335883,1.3996599722895215,0.0009812129759174761,0.8804017397512226,111.94791615594335,315.3858558660782,2.475580883842495,1423.8837933540344,3028314106
2054,3555,6.105959605115112,2.1059596051151117,2.1059596051151117,0.4190597193448111,0.4190597193448111,0.02507888985810929,0.8974766997605411,74.27842600232245,149.65219149090288,1.0675442568993438,1423.8837933540344,3028314106
2055,3556,6.26073181686755,2.2607318168675503,2.2607318168675503,-0.027915084296037396,2.2607318168675503,0.011824339966059506,0.9743406214344159,160.0,319.7316902646049,3.1507339349676533,1423.8837933540344,3028314106
2056,3557,6.259861884949297,2.2598618849492977,1.5392673662946712,-0.08318371958294923,0.4402969756254209,0.05811805365516176,0.8974286344215234,52.19440710419504,110.46859769255995,0.7278121049082033,1423.8837933540344,3028314106
2057,3558,5.670296116957317,1.6702961169573176,1.6702961169573176,-0.4313416955468101,1.6702961169573176,0.047190445064684686,0.914973144849587,83.61196429699774,167.0318750405948,1.119348692683974,1423.8837933540344,3028314106
2058,3559,9.640594146744279,5.64059414674428,1.6405941467442797,-2.498624926529362,-0.5255918362911454,0.05043130198848516,0.9873679755289063,90.26046723742635,270.59351299496626,2.932074518845451,1423.8837933540344,3028314106
2059,3560,6.668263315246058,2.6682633152460573,1.4613616491485,-0.22262425250723283,0.3127196704597428,0.06677121046389872,0.8811325924149603,45.49561546189425,104.44048451612211,0.7757603307917003,1423.8837933540344,3028314106
2060,3561,2.1872336150459577,2.1872336150459577,1.5849042541467526,-0.09057852055035753,0.35859312903690865,0.062266242317068406,0.8947938351027283,51.89669438708333,118.41064149278188,0.7955272846298456,1423.8837933540344,3028314106
2061,3562,6.507122318457002,2.507122318457002,1.51021363397885,-0.4057850164182979,0.5349979098403519,0.06123438723530017,0.8974518127618174,49.525147607733196,109.24951331305664,0.7291818805213842,1423.8837933540344,3028314106
2062,3563,6.244697178681882,2.244697178681882,1.5576054043248262,-0.4295806980508403,0.3483415923209401,0.05916992913408791,0.8890284823838801,48.15690845824532,122.77604113742066,0.8279927333789535,1423.8837933540344,3028314106
2063,3564,6.203704013183218,2.2037040131832186,1.5303497088810663,-0.033119347043223835,0.49438098350481696,0.05873735298021632,0.9081486514843213,55.197166837057374,115.25106177991147,0.7696624595276171,1423.8837933540344,3028314106
2064,3565,9.601681537714148,5.601681537714148,1.6016815377141482,-1.400804218287654,-1.400804218287654,0.05455355996995234,0.8816546917708612,46.58076834686603,139.62333228924717,0.9608424247003972,1423.8837933540344,3028314106
2065,3566,7.907619476489305,3.9076194764893053,1.428809213822454,-4.3203228774567055,-2.22361148846346,0.07652932280808025,0.8847622122630648,41.444253643458616,124.24181390145667,0.9502668408172541,1423.8837933540344,3028314106
2066,3567,6.70511780488849,2.7051178048884896,1.5298246233492074,-0.009531183580203662,0.4425584338014863,0.056468226142538686,0.8888457963138101,51.27314296988235,114.82789821824059,0.7705417160722021,1423.8837933540344,3028314106
2067,3568,8.205079226319382,4.205079226319383,1.721372999405509,0.765587801542257,0.765587801542257,0.029385927967713124,0.9194425974528475,89.73829285501664,214.41846056108614,1.5147544144100737,1423.8837933540344,3028314106
2068,3569,6.493645118492143,2.493645118492143,2.493645118492143,-1.506354881507857,-1.506354881507857,0.01028646161949651,0.8795976741483433,78.02460890348375,227.06421017514998,1.7802995269954638,1423.8837933540344,3028314106
2069,3570,6.967890917923245,2.967890917923244,1.3445792185895467,-2.95480877586237,1.04519122413763,0.06604383704313473,0.8873775078592432,50.47958835298236,134.455889249562,0.936483764169955,1423.8837933540344,3028314106
2070,3571,9.578852209940106,5.578852209940105,1.5788522099401048,-4.266259047810368,-2.421147790059895,0.05718497971131577,0.8895150755193817,47.134879225982985,141.40155630979766,0.9422068802140526,1423.8837933540344,3028314106
2071,3572,6.871650826857957,3.2134099429185397,3.2134099429185397,-0.7865900570814603,-0.7865900570814603,0.0011343699525997917,0.9642780659471402,148.84695072529234,429.7393404530865,3.792792396202362,1423.8837933540344,3028314106
2072,3573,5.591363382194109,1.591363382194109,1.591363382194109,0.0026904114049421946,0.38296116472685515,0.07597101899125688,0.9124306086007763,55.60965917891827,112.1423488442861,0.8552838726759151,1423.8837933540344,3028314106
2073,3574,6.786027562698461,2.786027562698461,1.4874671331619862,-0.604029859052696,0.5915364933240761,0.06337986639090332,0.8956641730513395,48.261627369782886,129.57761264120302,0.8710922246408052,1423.8837933540344,3028314106
2074,3575,9.538038600691333,5.538038600691333,1.5380386006913334,-4.702544265853893,-0.7025442658538932,0.062013522107970565,0.906864238935983,49.07151717654539,147.12494144285452,0.9839424718075206,1423.8837933540344,3028314106
2075,3576,7.583131351176177,3.5831313511761764,0.9080975872854813,-2.120821426102474,0.9080975872854813,0.1179174702563598,0.8687530861208527,39.0120000773689,109.96533990631141,1.5749329344713763,1423.8837933540344,3028314106
2076,3577,6.3674821113995,2.367482111399501,1.5009901529613097,0.3001309408385917,0.3001309408385917,0.056191442869943105,0.8724322550237149,52.379526211031425,111.01381124982004,0.8432305231205731,1423.8837933540344,3028314106
2077,3578,7.403584446037371,3.403584446037371,1.7200026367931815,-5.309708703507382,-1.3097087035073816,0.042721082820312686,0.8925781760874799,52.589751897873334,156.79590807051818,1.0338277455992906,1423.8837933540344,3028314106
2078,3579,7.13412972266644,3.1341297226664393,1.435715008235611,-2.8619219421095665,-2.1013773883311315,0.07555075373269521,0.8852550403270305,41.74256666428149,124.81577638745466,0.9438564445033918,1423.8837933540344,3028314106
2079,3580,9.453841570614516,5.453841570614516,1.4538415706145162,-2.133716553571433,-0.1576550530022598,0.07274853843351577,0.8744233255157975,40.69845199997504,121.88770165201043,0.9713231110876295,1423.8837933540344,3028314106
2080,3581,5.452925648083981,1.4529256480839805,1.4529256480839805,-1.3819914896667982,-1.3819914896667982,0.10594842838393849,0.999897205922008,160.0,438.12694511914816,4.863072682744523,1423.8837933540344,3028314106
2081,3582,10.197885185972096,6.197885185972096,2.1978851859720954,-3.5795518233295653,-1.8021148140279046,0.013978644403469135,0.9711629023664938,100.673707831663,302.0144934693341,2.939885036456326,1423.8837933540344,3028314106
2082,3583,5.44720146813198,1.44720146813198,1.44720146813198,-3.4186596028997895,0.5813403971002109,0.10219525198161868,0.8914256863716045,42.51318161009367,99.26438532104882,1.0752383510710064,1423.8837933540344,3028314106
2083,3584,5.866649505918292,1.8666495059182917,1.8666495059182917,0.6184045637704514,0.6184045637704514,0.03873495511335078,0.9581004181641675,104.61514187778921,213.12773555927345,1.9225233315492232,1423.8837933540344,3028314106
2084,3585,9.625015703689366,5.625015703689366,1.6250157036893662,-3.3713017129792333,-1.5348700512938622,0.052079600679075085,0.8872269750341404,48.28938616395734,144.8511976475356,0.9654976121146921,1423.8837933540344,3028314106
2085,3586,7.09445025612188,3.0944502561218803,1.4684264750553009,-2.363333193507112,-0.10199590103438139,0.070715635515322,0.8668330945138565,40.052573051020175,115.73464703258287,0.986518167068049,1423.8837933540344,3028314106
2086,3587,5.669674228575502,1.6696742285755017,1.6696742285755017,-0.5911654839528304,-0.2628030209732206,0.06985740641397303,0.8942115536500987,48.87215192882437,122.12516900469551,0.8582012991010249,1423.8837933540344,3028314106
2087,3588,9.419264733660674,5.4192647336606745,1.4192647336606743,-0.8587780219503192,0.6151561455553128,0.07130816622166758,0.8937718898951968,45.89522549058819,136.8015358147999,0.9634305195632925,1423.8837933540344,3028314106
2088,3589,6.472497710520308,2.4724977105203076,1.5906185520667702,-0.060461259180963456,0.42284502541587754,0.051743826580756436,0.8874011667448367,51.81767339669255,112.37820661955692,0.7539590279479562,1423.8837933540344,3028314106
2089,3590,10.052199609331382,6.052199609331382,2.0521996093313812,-1.444295057424457,-1.444295057424457,0.02006852709071822,0.8851641520961593,63.52177933438517,190.48831805655277,1.4077693522863977,1423.8837933540344,3028314106
2090,3591,6.189098821109185,2.1890988211091846,2.1890988211091846,-0.9291334255919765,-0.9291334255919765,0.02253252191365074,0.8944785098260744,68.23205499507006,188.8333675913155,1.3460027942236534,1423.8837933540344,3028314106
2091,3592,7.459586794140728,3.459586794140728,1.1447214099120973,-2.8552785900879027,1.1447214099120973,0.07636079573995845,0.9965081990407187,133.1383966555603,366.5080508621142,3.9204554164909333,1423.8837933540344,3028314106
2092,3593,9.972758593297478,5.9727585932974785,1.9727585932974783,-3.9389629505740746,-2.0272414067025215,0.024261536359947405,0.8984859700047519,63.20922728827637,189.6234708722539,1.332601414101523,1423.8837933540344,3028314106
2093,3594,7.0291811039888525,3.0291811039888534,1.4336230957130616,-0.20905517070184776,0.35075875630811404,0.06954501108850313,0.8823844528991189,45.24136108712517,110.13552535151933,0.8211931354904627,1423.8837933540344,3028314106
2094,3595,6.447360440074473,2.4473604400744726,1.5713251327296274,-0.21128614707671067,0.16816091196431615,0.05560898053299941,0.8874754389724524,49.463428793868275,108.15634532735614,0.7306641304262897,1423.8837933540344,3028314106
2095,3596,9.541567464104075,5.541567464104075,1.541567464104075,-3.37036689007504,0.6296331099249597,0.057731060866223406,0.8736502842798651,45.39154399831695,135.5341659024309,0.9954802308264736,1423.8837933540344,3028314106
2096,3597,8.80571004787328,4.805710047873279,2.5603069783941796,-0.9652308278523605,-0.9652308278523605,0.005224890839484774,0.8813437676730668,84.06203179485844,250.83898660979037,1.9899399504807205,1423.8837933540344,3028314106
2097,3598,6.444808250480282,2.444808250480281,1.5852628755867513,-0.10774395860638197,0.2855682205804331,0.0532026307981802,0.8895090780200938,51.31454537252741,111.21811940677044,0.7400429931882538,1423.8837933540344,3028314106
2098,3599,7.21035434885377,3.210354348853769,1.5558785015783125,-4.8194948815589065,-2.4441214984216875,0.05987769288405664,0.8815060065562074,45.00287723553834,134.79580103581804,0.9422134067297484,1423.8837933540344,3028314106
2099,3600,5.633653551685549,1.6336535516855486,1.6336535516855486,-0.44332379579421444,0.8176084912132416,0.0703593134209594,0.9292337586136266,60.229253348415874,133.5446600620504,1.0619665103446492,1423.8837933540344,3028314106
2100,3601,6.432474511064092,2.432474511064093,1.5540372438957208,-0.32556416067929916,0.19069443122174023,0.05817351429716952,0.8859404825144352,47.90980220945746,124.85324763061398,0.850719228272032,1423.8837933540344,3028314106
2101,3602,5.991940459546828,1.9919404595468277,1.9919404595468277,-0.39888075711411863,-0.041309784878107436,0.03538442188890009,0.8928502644206663,60.76231142900859,153.1725081055784,1.0344721700263924,1423.8837933540344,3028314106
2102,3603,6.347055658612808,2.347055658612808,1.536677026207431,-2.4864970324801607,-0.9065239073294453,0.0635807039932979,0.916684031187722,50.94979533011646,147.4750385094846,1.0280420167632278,1423.8837933540344,3028314106
2103,3604,1.667654678549467,1.667654678549467,1.667654678549467,0.18652800994421148,0.18652800994421148,0.09008341571939066,0.8906744707362587,53.78726420613002,101.05106881350505,0.9166146609779603,1423.8837933540344,3028314106
2104,3605,6.693341820228152,2.693341820228152,1.5618394774177458,-0.04665439941854288,0.4387520436997572,0.053712194192809766,0.8917665080163819,52.22819425304069,116.39010143282809,0.7676221829372326,1423.8837933540344,3028314106
2105,3606,9.432291145997578,5.432291145997578,1.4322911459975778,-2.587287420031057,0.4019848031915174,0.07311335264938831,0.8733024603621753,40.992535142598726,122.48752161097624,0.9868253227685061,1423.8837933540344,3028314106
2106,3607,8.861068259910397,4.861068259910397,0.8610682599103963,0.8610682599103963,0.8610682599103963,0.07755531618228557,0.9828242322546439,160.0,342.7117704423495,3.397732507102118,1423.8837933540344,3028314106
2107,3608,6.976701954663274,2.976701954663273,1.343292363614357,-1.8724119399843346,-0.7411350724040557,0.08956823515892762,0.8842318901673966,38.716890124450295,113.50552362576887,1.0160048976181701,1423.8837933540344,3028314106
2108,3609,9.417571147785495,5.4175711477854955,1.4175711477854953,-6.133624100053276,-2.133624100053277,0.07815800380311043,0.8969731125124741,43.1613629579603,129.47704575170073,0.9635791165988821,1423.8837933540344,3028314106
2109,3610,9.484456914292599,5.4844569142926,1.4844569142925994,-1.1557774424779181,-0.5824869392065606,0.06858772023629968,0.8810516032929405,42.756463675125424,128.043532905458,0.9392515715281483,1423.8837933540344,3028314106
2110,3611,6.888108687874679,2.8881086878746784,1.4684044535751788,-4.93926088876285,-0.93926088876285,0.07105554535801158,0.8835936545359218,42.499323611572635,125.1285411794642,0.9215682673342575,1423.8837933540344,3028314106
2111,3612,9.582563955851322,5.582563955851322,1.5825639558513216,-1.8836041738254443,-0.8704456312564104,0.056751184926340174,0.8867818364132334,46.78293871465459,140.27419206697203,0.9439482672118523,1423.8837933540344,3028314106
2112,3613,6.425580149727844,2.4255801497278435,1.6031341375844446,-0.0895531160082439,0.43434517270400774,0.05100793506812263,0.8889048245957678,52.149946982521534,112.39100570324833,0.7482379259125704,1423.8837933540344,3028314106
2113,3614,5.757003133397973,1.7570031333979723,1.7570031333979723,-5.839439197858631,-1.8394391978586309,0.05937193307174413,0.8898833406969644,50.28681461038632,147.21575865070142,0.9843369995508686,1423.8837933540344,3028314106
2114,3615,9.617150286255406,5.617150286255406,1.6171502862554055,-2.0830779675730637,-2.0830779675730637,0.052920324960532186,0.8881278794968142,48.18424061553788,144.52249390451155,0.9605906505650282,1423.8837933540344,3028314106
2115,3616,6.246310382544282,2.246310382544282,2.246310382544282,-3.4826297870034937,-1.7536896174557182,0.019595785168276196,0.8921653510395,70.02332684828644,206.8671862576897,1.493952822175141,1423.8837933540344,3028314106
2116,3617,5.814584965147687,1.814584965147687,1.814584965147687,-2.101846679566255,-1.336059805060303,0.052702371305450926,0.8902203266080042,52.4627449645091,150.5555826069701,0.9925559440316812,1423.8837933540344,3028314106
2117,3618,6.696736903048202,2.696736903048202,1.0874702915484769,-2.159051481672585,1.0874702915484769,0.08526113663973912,0.8967885196006655,51.426870574266985,132.6142721404702,1.0535488234928365,1423.8837933540344,3028314106
2118,3619,5.928626533530736,1.9286265335307362,1.9286265335307362,-3.5426727390183332,-1.7257702030775504,0.04125938777378716,0.8865518442283833,56.038262980434354,164.30753748275558,1.105554102786853,1423.8837933540344,3028314106
2119,3620,6.5416139566606875,2.541613956660687,1.4748772356308837,-2.0637710940934175,-1.2564055992244494,0.07056518748702091,0.8882658254231517,43.4332869866981,127.44176620697925,0.9131614945607406,1423.8837933540344,3028314106
2120,3621,10.967386550662743,6.967386550662743,2.967386550662743,-5.032613449337257,-1.0326134493372572,0.001501715494718366,0.879405188860889,102.80835461669149,308.41830731296915,2.4287309412902043,1423.8837933540344,3028314106
2121,3622,7.797204588992798,3.797204588992798,1.5683535621797429,-2.7836577950110133,-1.6875262953139054,0.058399104209423576,0.8883979515485694,46.59294619712142,139.47775490785213,0.9364468806947075,1423.8837933540344,3028314106
2122,3623,9.438242227665803,5.438242227665803,1.4382422276658033,-3.8319618089564154,-2.030669486635364,0.07518266803055641,0.896780912156069,43.794476564411184,131.37480283210047,0.9516108615011832,1423.8837933540344,3028314106
2123,3624,5.370831888286898,1.370831888286898,1.370831888286898,1.370831888286898,1.370831888286898,0.03876580742814546,0.8380400981486105,101.55738393991004,198.48789698484023,1.8988727549368183,1423.8837933540344,3028314106
2124,3625,5.872298778208546,1.8722987782085463,1.8722987782085463,-2.741180339316964,1.2588196606830366,0.04112130048374763,0.900723759641418,65.40289278984515,146.56086151030078,0.9630049794027934,1423.8837933540344,3028314106
2125,3626,5.71106946060036,1.71106946060036,1.71106946060036,-0.5309269384311925,-0.5309269384311925,0.06427670298256029,0.9079100973192267,53.344354528388976,134.39344045469076,0.9129041352336514,1423.8837933540344,3028314106
2126,3627,5.85153253465284,1.8515325346528395,1.8515325346528395,0.6259248964835391,0.6259248964835391,0.039734179994354156,0.8834413416077436,70.29723349344474,140.3569165603825,0.969037485501697,1423.8837933540344,3028314106
2127,3628,9.63024002799795,5.6302400279979485,1.6302400279979488,-4.031683161168416,-0.031683161168414964,0.05136073389816088,0.8899650296878617,49.05562471020934,146.9375556702099,0.9690244915249026,1423.8837933540344,3028314106
2128,3629,6.368637737733899,2.3686377377338994,1.588432692372874,-0.014941095809289928,0.33692176140717267,0.052378704053565484,0.8975121044303098,54.16510468868073,115.15156363557233,0.7488397808969721,1423.8837933540344,3028314106
2129,3630,6.341717553429922,2.341717553429922,1.480406893561037,-3.759816762343637,-2.519593106438963,0.07061339222103163,0.8710798343951707,40.776986675535646,121.69279024711261,0.9838744032960041,1423.8837933540344,3028314106
2130,3631,6.532567465403027,2.532567465403026,1.5569692804992845,0.23622502110001564,0.5460307402044562,0.050622197671434103,0.9055815786907067,60.478714442964794,127.88511293164524,0.8344808136965348,1423.8837933540344,3028314106
2131,3632,7.16692190050865,3.16692190050865,1.7078125484120201,-2.8990667704527473,-2.2921874515879797,0.04386048466453648,0.8791776640601061,49.72571668599694,148.80705267216,1.0379888683668677,1423.8837933540344,3028314106
2132,3633,5.731999675495291,1.731999675495291,1.731999675495291,-4.125805561255097,-0.125805561255097,0.062413148755811776,0.8833926307168991,48.24776837111969,127.71260185494543,0.894767024339164,1423.8837933540344,3028314106
2133,3634,6.750120230156017,2.750120230156016,1.5469535889857606,-0.07175905638713354,0.4441761365881278,0.05531781842521657,0.8919182601965494,51.611667988169316,116.30503179065377,0.7689236439691781,1423.8837933540344,3028314106
2134,3635,9.842121566806853,5.842121566806854,1.8421215668068533,-2.855644246140531,1.1443557538594689,0.028018444943039827,0.9756616930246976,97.01542557208563,289.2129337326239,2.833127862595643,1423.8837933540344,3028314106
2135,3636,4.054591514950002,4.054591514950002,4.054591514950002,0.3372854928339075,2.6306584039488623,6.67783751586108e-05,0.8598912450431058,160.0,391.81180406050714,3.1740953064459245,1423.8837933540344,3028314106
2136,3637,5.645168875235736,1.6451688752357359,1.6451688752357359,-1.593716266835974,0.0972860364200796,0.07389951766675448,0.8882887795733998,46.22694523786896,117.73648422817007,0.8729724133544834,1423.8837933540344,3028314106
2137,3638,5.647334519757952,1.6473345197579519,1.6473345197579519,0.2367479905637464,0.2367479905637464,0.065842775157797,0.9090489755209467,60.58375184933411,121.63297908331522,0.8403726208001739,1423.8837933540344,3028314106
2138,3639,6.29424687799084,2.2942468779908403,1.2308068003473496,0.6550363011207505,0.6550363011207505,0.06772581055279878,0.9047155720344152,72.85983670412539,147.2219808467528,1.006923396480743,1423.8837933540344,3028314106
2139,3640,5.990081719907089,1.9900817199070888,1.9900817199070888,-3.4976328316909724,0.5023671683090278,0.035734773380245,0.9225310406163721,67.26207021380027,171.04776597553956,1.2192467536169302,1423.8837933540344,3028314106
2140,3641,6.226405493431612,2.2264054934316113,2.2264054934316113,-0.017634995523502894,-0.017634995523502894,0.02006929259943495,0.9414621292251748,86.52995109687849,207.29263997978157,1.7478462291016443,1423.8837933540344,3028314106
2141,3642,6.380045666360314,2.380045666360314,1.5689310480001872,-0.6054516678768034,0.3572510008190335,0.057494124479254824,0.8853088564142826,47.365010523977524,124.02698250708384,0.8465175328925972,1423.8837933540344,3028314106
2142,3643,9.535078327392519,5.53507832739252,1.5350783273925195,-4.694338727519768,-2.1646451841404053,0.062382294310336234,0.9036645028788077,48.31926137152061,144.95179394548217,0.9660384268804881,1423.8837933540344,3028314106
2143,3644,9.503029019840742,5.503029019840742,1.5030290198407426,-0.9439838796140925,0.3466093600790754,0.06436797643113103,0.8737297710915205,43.09185669522207,128.74164468184492,0.9733798981260149,1423.8837933540344,3028314106
2144,3645,6.423946685487938,2.4239466854879383,1.3784538667855912,-2.8918091239116075,1.108190876088393,0.06099537948573467,0.9163818185637438,59.55868325664975,148.2621883301332,1.0218138252222637,1423.8837933540344,3028314106
2145,3646,6.092275018545385,2.0922750185453847,1.4542491932549575,-2.7905190813141463,-0.710969628282321,0.07644818245108559,0.8832350406587861,41.58663713239726,118.03638476141379,0.9168820754839546,1423.8837933540344,3028314106
2146,3647,6.263269047410555,2.263269047410555,1.5446908087135123,-1.1059582207392302,-0.3326421809672375,0.06302011244905675,0.8824221704534626,44.671978924551894,123.26613876297948,0.8734154150616956,1423.8837933540344,3028314106
2147,3648,7.649575214850312,3.649575214850312,1.994596447189333,-2.005403552810667,1.994596447189333,0.010470750057072877,0.9189298478414505,104.48816492191492,270.83070657359485,2.053043591386621,1423.8837933540344,3028314106
2148,3649,5.589315577060383,1.589315577060383,1.589315577060383,-4.8701950513820105,-1.7215041207285453,0.08259244252034448,0.8894435527652697,44.3050237616408,128.54355465091461,1.0148161097373947,1423.8837933540344,3028314106
2149,3650,5.6561105101865605,1.6561105101865605,1.6561105101865605,-0.3932940914361378,0.29119810859736184,0.07056545319371273,0.9043165248633485,51.612594093066974,119.96789795171347,0.846325783513881,1423.8837933540344,3028314106
2150,3651,6.392499234263532,2.392499234263532,1.5932718837625413,-0.008321830794007834,0.32066657200757054,0.051763377487867086,0.8941477778539152,53.63545372458089,114.48256252705406,0.748432194081022,1423.8837933540344,3028314106
2151,3652,10.512886428594404,7.0490698617909455,3.049069861790945,-2.3503677348924508,1.6496322651075495,0.001102397939413313,0.8643925754820697,104.77047542913138,313.5799453382407,2.598273039792714,1423.8837933540344,3028314106
2152,3653,6.13493624359036,2.1349362435903596,2.1349362435903596,-0.8993413774387147,0.9212427469418056,0.025086118292792933,0.8952107305565146,67.5644866137638,162.94741620133897,1.156292027812493,1423.8837933540344,3028314106
2153,3654,9.755868966691764,5.755868966691764,1.755868966691764,-4.816651970123839,-0.8166519701238393,0.03955486046598765,0.892696297073415,53.88792381230608,161.60832660039034,1.0734294282654917,1423.8837933540344,3028314106
2154,3655,5.922132209593512,1.9221322095935118,1.9221322095935118,-2.5482079060469784,0.8663550185378017,0.04040063496241906,0.8943082077200852,59.46182597290012,142.83945468271486,0.9458292749156427,1423.8837933540344,3028314106
2155,3656,6.411763205463085,2.411763205463086,1.58520285413389,-0.018432427213923352,0.35049774507509746,0.05241278629191916,0.894697702514236,53.478876469956454,114.46043810915717,0.7477611527577467,1423.8837933540344,3028314106
2156,3657,6.72655553540542,2.72655553540542,1.53592185903778,-0.07519044853984602,0.4315161074826974,0.056551936455654296,0.8945249574974339,51.78595889497589,116.22205234643529,0.765196028729853,1423.8837933540344,3028314106
2157,3658,6.971058367597131,2.9710583675971316,1.499990862025012,0.7111167566537852,0.7111167566537852,0.04404953941845969,0.8913792614554178,73.37536524163012,155.36948904131208,1.0248299875354718,1423.8837933540344,3028314106
2158,3659,7.422612676095457,3.4226126760954565,1.6753612812764755,-1.5198214162355983,0.8775173764924478,0.04233400026266153,0.8833574366945334,53.00577757040335,148.17609102732857,1.0130052430162226,1423.8837933540344,3028314106
2159,3660,6.354424721925597,2.354424721925597,1.6115188969775331,-0.00848365561134945,0.2879982673886652,0.050440432659301,0.8910902787565573,53.3883848966987,113.58175608330812,0.749096509300729,1423.8837933540344,3028314106
2160,3661,6.467013101595361,2.467013101595361,1.5853749045752032,-0.002094911626834728,-0.002094911626834728,0.05250422878638053,0.882752501105706,50.95943777752234,110.69855047766814,0.764948201287449,1423.8837933540344,3028314106
2161,3662,7.289836081318698,3.2898360813186973,1.433336106164945,-3.30824231018632,0.6917576898136802,0.06858522227709854,0.8808321193199549,44.41473563813382,124.62734151991125,0.9183652742630882,1423.8837933540344,3028314106
2162,3663,7.566256393322247,3.5662563933222464,3.5662563933222464,-1.3093176129130657,2.6906823870869347,0.0002769020744914468,0.8674857030815042,142.66376932911135,333.58123565566257,2.708094575416961,1423.8837933540344,3028314106
2163,3664,9.560252472959952,5.560252472959952,1.5602524729599518,-1.751755819632565,-0.34993379762146826,0.059289426288682605,0.885601408400573,45.86015658931085,137.42366972447053,0.9367576843895553,1423.8837933540344,3028314106
2164,3665,8.135194638301154,4.135194638301155,1.3297254834950072,-4.761065032321527,-0.7610650323215269,0.09178705696666625,0.8878786732274367,38.871834920931306,116.05496717276476,1.044691609318519,1423.8837933540344,3028314106
2165,3666,6.368621586589957,2.368621586589957,1.6048365474864728,-0.015816596747666445,0.27940847497102794,0.051025479415995195,0.890879013330081,53.077176587746465,113.21028562494384,0.7474060969441347,1423.8837933540344,3028314106
2166,3667,7.328236063252511,3.328236063252511,1.2356346059293795,0.3600203481298042,0.3600203481298042,0.08138296394063955,0.8882465481277177,53.333612145821604,129.20536054016827,1.0112983647855853,1423.8837933540344,3028314106
2167,3668,5.625220375081593,1.6252203750815926,1.437214004883836,-1.9270519123573484,1.0965969925761776,0.07531446792312263,0.9119031246645627,57.44448525598344,126.75407581849251,0.9429043001881376,1423.8837933540344,3028314106
2168,3669,6.39001608564353,2.39001608564353,1.481726219670165,0.41793770524107665,0.41793770524107665,0.054995215180781584,0.8844024798126113,58.15464391078349,121.35481503675703,0.8286034900839131,1423.8837933540344,3028314106
2169,3670,6.65432758313206,2.6543275831320607,1.5171711270350543,-3.9883155697874924,0.011684430212507646,0.06450820235430847,0.8634529993946364,41.09815845504501,115.6307722331701,0.9884633064952298,1423.8837933540344,3028314106
2170,3671,9.573194463411683,5.573194463411682,1.5731944634116826,-3.5397430811321433,-0.46839538948856796,0.05781589058657298,0.9045028202929812,49.80623642353545,149.29194495672502,0.9810317104048502,1423.8837933540344,3028314106
2171,3672,6.336531961570314,2.336531961570314,1.5530647483059212,-2.507187379727422,0.946290307857509,0.052708079761913496,0.8932904890666804,52.860451889622745,132.83163594525368,0.8697778517411658,1423.8837933540344,3028314106
2172,3673,9.496792034174453,5.496792034174453,1.4967920341744523,-3.0197931833225256,-0.7486801623128043,0.0672176880524237,0.8898408312832334,44.47389729248639,133.3410697602323,0.9266196605847423,1423.8837933540344,3028314106
2173,3674,7.538328283362521,3.53832828336252,1.2470690871411063,-5.543920243158585,-2.7529309128588935,0.10618538484483026,0.8792562714636541,35.09929638062754,105.23908628391683,1.2356577719288198,1423.8837933540344,3028314106
2174,3675,6.688155324962303,2.688155324962304,1.5235092092326321,0.005618033975182124,0.3813554823398162,0.05724988139016431,0.8912372028877525,51.6391761257892,115.16951587584269,0.7670687066469126,1423.8837933540344,3028314106
2175,3676,6.717981751465765,2.717981751465765,1.3509827213221015,-2.3418067270913783,0.8442547887320457,0.07365345148064924,0.9018830118354664,48.93734938480358,129.73120727451692,0.9283856725388808,1423.8837933540344,3028314106
2176,3677,6.348668486685137,2.348668486685137,1.5893083304052216,0.2233376916244716,0.2233376916244716,0.049866464564816,0.8818160219508734,54.50562441609982,114.94263960026333,0.7966313934786636,1423.8837933540344,3028314106
2177,3678,6.320542589762231,2.320542589762231,1.6139054720481552,0.01718955284250545,0.40803435204937055,0.049952939795560355,0.8884937853136033,53.400487768611406,113.14060167599632,0.7543765110853069,1423.8837933540344,3028314106
2178,3679,9.496059735509675,5.496059735509674,1.4960597355096743,-5.182082636744816,-1.8239350118996582,0.06731904341570372,0.889817499662927,44.4437086782136,133.31962750532682,0.9270933166742054,1423.8837933540344,3028314106
2179,3680,7.259185432407703,3.259185432407704,1.4362743258251807,-2.6672693522000874,-1.0510456549121243,0.07546446201449357,0.8946907114523626,43.36315203998046,128.71082788377956,0.9392769661268393,1423.8837933540344,3028314106
2180,3681,5.762704549755187,1.7627045497551872,1.7627045497551872,-3.0940755680233885,-0.4710612346136027,0.05867806210614003,0.9179630539351308,56.54591851385957,154.69244499410416,1.0648721400432448,1423.8837933540344,3028314106
2181,3682,6.05954949414167,2.05954949414167,2.05954949414167,0.6540134320862523,1.8228866721592705,0.020699912244193125,0.9641822497486596,132.10745058448694,263.5962838551551,2.477339722693354,1423.8837933540344,3028314106
2182,3683,6.770495452603989,2.7704954526039893,1.5536354254237787,-1.283084645419465,-0.8096763666291769,0.06018517903300982,0.8896327139396922,46.368696062016646,134.1437646831112,0.9027791878007375,1423.8837933540344,3028314106
2183,3684,7.517716887660777,3.517716887660777,1.4557471877628425,-2.2461836840907745,-2.2461836840907745,0.07272880115649791,0.885989001471933,42.503660897231306,127.12730088525251,0.934596677133315,1423.8837933540344,3028314106
2184,3685,6.308251351326531,2.3082513513265304,1.567890242386764,-0.14218768759836098,0.3898686728779408,0.0556769153225663,0.902767463145331,53.39643682311487,113.27415349926494,0.7409827022991534,1423.8837933540344,3028314106
2185,3686,5.680082626970296,1.680082626970296,1.680082626970296,-3.3835284767670295,-1.7887022275325652,0.0692932389957841,0.8994814344002937,49.36752534546529,143.96502229196352,0.9913529520616526,1423.8837933540344,3028314106
2186,3687,5.589113074791865,1.5891130747918656,1.5891130747918656,-5.233213928837558,-1.2332139288375583,0.0826240228404705,0.8824296179252772,43.096853004976914,122.46902636075643,1.0061373175639996,1423.8837933540344,3028314106
2187,3688,5.77180644393183,1.7718064439318295,1.7718064439318295,-1.8890840660835233,-0.0843342717225175,0.05754258049951462,0.886001293843271,50.15119061110443,132.38721356804498,0.897802183378105,1423.8837933540344,3028314106
2188,3689,6.891328720163618,2.891328720163618,1.5077718548064167,-0.9781508261785117,0.35093499633679115,0.06388896329034363,0.8727072062918803,43.042824617589595,119.47663850752751,0.9196323034101196,1423.8837933540344,3028314106
2189,3690,10.569132584209523,6.569132584209523,2.5691325842095236,-3.3093965884289775,-0.7663365158859623,0.00509767156039733,0.9074608538481818,90.99925809227113,272.97484207923947,2.0902269387324997,1423.8837933540344,3028314106
2190,3691,5.620650747572857,1.620650747572857,1.620650747572857,-3.081015327621291,0.33486153999486357,0.07688797462494487,0.8775086131830844,43.93108705476782,108.9318163409965,0.8960871348141691,1423.8837933540344,3028314106
2191,3692,6.827572092682153,2.827572092682152,1.502789946545298,-0.054485404251783054,0.42448597874225813,0.05972895430354511,0.8931153515482965,50.87300305069474,116.32377065460962,0.776514852105226,1423.8837933540344,3028314106
2192,3693,6.275734866006753,2.275734866006753,1.6363744515230783,-0.19795882814267718,0.13330318801486696,0.050570380366024806,0.888742129954505,51.48561918191234,130.17164286661745,0.8640389603519085,1423.8837933540344,3028314106
2193,3694,9.322086439770914,5.322086439770913,1.3220864397709127,-2.6779135602290873,-2.6779135602290873,0.0930692291408942,0.8992729153033615,40.545492327360286,121.62620726943928,1.0750378324852368,1423.8837933540344,3028314106
2194,3695,5.784738651877787,1.784738651877787,1.784738651877787,-3.4292465425349112,0.5707534574650888,0.055083265798821224,0.8872420279435704,51.77510106496437,127.16573162794313,0.8540253725484733,1423.8837933540344,3028314106
2195,3696,7.877322320162779,3.8773223201627793,1.382279324973048,-2.7425206587978614,-0.5894905827657935,0.08340751960993918,0.8893998405729202,40.751346909010124,121.20859291300594,0.9756676299153286,1423.8837933540344,3028314106
2196,3697,9.570731305906689,5.570731305906689,1.5707313059066892,1.5707313059066892,1.5707313059066892,0.014104180613287621,0.881199226314203,137.24776967991355,344.59046191300104,2.4885437106679524,1423.8837933540344,3028314106
2197,3698,9.330446557085265,5.330446557085265,1.3304465570852653,-2.0856301829335666,-2.0856301829335666,0.09167630799799165,0.9131072629414113,43.44053348228085,130.2811802256618,1.1393895714417908,1423.8837933540344,3028314106
2198,3699,5.892536338279868,1.8925363382798681,1.8925363382798681,-1.5587622438853852,0.6055869309567099,0.043981094705232655,0.8872777689928827,55.62419744891608,137.54111978496118,0.9227936538340702,1423.8837933540344,3028314106
2199,3700,6.410356428504769,2.410356428504769,1.5962503519023763,-0.18671824562528072,0.46576108862754406,0.05227519618777199,0.8941006462857619,52.22354123532523,112.46770596684433,0.7357653856615232,1423.8837933540344,3028314106
2200,3701,9.399625894187741,5.399625894187741,1.3996258941877406,-5.248348324858128,-1.2483483248581284,0.0808123540719744,0.8923952842101344,41.7862499320144,125.32111270281077,0.9682497303710451,1423.8837933540344,3028314106
2201,3702,7.278523041568495,3.278523041568495,1.4070936775587244,-0.22272409861567066,0.3515132930241034,0.07292028126185159,0.8834246756237536,44.644972350401524,113.47081881619292,0.8594419196370798,1423.8837933540344,3028314106
2202,3703,5.630456918443459,1.6304569184434592,1.6304569184434592,-2.369543081556541,-2.369543081556541,0.0763429699557137,0.9101515254483631,49.79681968363583,145.6044793948051,1.067425991787998,1423.8837933540344,3028314106
2203,3704,6.266158486172112,2.2661584861721122,1.556918163785902,-0.047124353619885095,0.40402027470127155,0.05620217143250242,0.901882524716175,53.96427202882679,113.68110212905147,0.7439501743265069,1423.8837933540344,3028314106
2204,3705,8.00156201281707,4.00156201281707,1.7730949129894777,-1.0372289426921983,1.7730949129894777,0.01876467248265884,0.9025418642814658,85.96525898515596,202.89131950846172,1.4675915001712518,1423.8837933540344,3028314106
2205,3706,6.300809899236533,2.3008098992365325,1.6067761740193096,0.07082827937508651,0.4338784483779312,0.050126901167164936,0.8881387238151972,53.90949333570645,113.7168982528206,0.7593961747246529,1423.8837933540344,3028314106
2206,3707,6.395523912363588,2.3955239123635885,1.2921037688417043,-3.2381322493291167,-0.16088642993474878,0.09812438436729742,0.8677095986068052,34.89237742562685,97.65385465469697,1.1512317149266793,1423.8837933540344,3028314106
2207,3708,6.442331252533513,2.442331252533512,1.5903421587508448,-0.2504333577271083,0.46364415478455245,0.05306012394260217,0.896526671074896,52.095499018380956,112.74081735903634,0.7346775704256111,1423.8837933540344,3028314106
2208,3709,5.873401069361677,1.8734010693616772,1.8734010693616772,0.7127448247290162,1.2439885086319942,0.03457082046234176,0.9236539565556173,92.38795710927157,184.0725985699893,1.3170640107691174,1423.8837933540344,3028314106
2209,3710,5.171723939335852,1.1717239393358518,1.1383059932685022,-2.861694006731498,1.1383059932685022,0.12316903973027768,0.9125751520662774,56.147439243681276,113.0364608755542,1.582938757428801,1423.8837933540344,3028314106
2210,3711,9.6034362438381,5.603436243838099,1.6034362438380996,0.8217014982641345,0.8217014982641345,0.03441630278560338,0.9843349051568034,160.0,379.45421818533725,3.5954055893100128,1423.8837933540344,3028314106
2211,3712,5.801010725947883,1.8010107259478825,1.8010107259478825,-4.652221183791184,-1.3126802373598778,0.05421909344977678,0.8975656791916653,53.41349985450556,153.8521725966921,1.0017302267757573,1423.8837933540344,3028314106
2212,3713,5.853206200687214,1.8532062006872139,1.8532062006872139,0.2825214849695772,0.2825214849695772,0.044095324122190714,0.9058090725246114,66.1521812720701,133.1236166424079,0.8741783516123851,1423.8837933540344,3028314106
2213,3714,5.633438986429661,1.6334389864296606,1.6334389864296606,-2.9900501303493776,1.0099498696506224,0.06814742979131233,0.8978152020014181,54.20073092464032,121.66531244531478,0.840771217670855,1423.8837933540344,3028314106
2214,3715,5.715758602873456,1.7157586028734562,1.7157586028734562,-2.1480851847481732,1.078482851688635,0.05788767822485155,0.9042968596507234,58.870663259102905,132.40814888519353,0.8713972208324554,1423.8837933540344,3028314106
2215,3716,6.273693867608195,2.2736938676081944,1.551512519116263,-0.05651011819883456,0.39873865591442437,0.05675987367293544,0.9024566794203028,53.8340631408124,113.54348530780324,0.7445558063682151,1423.8837933540344,3028314106
2216,3717,6.561698657309081,2.5616986573090808,1.5519055723408088,0.02311074269411706,0.3684157287401273,0.054515402691612716,0.8881685996556057,51.898181986078306,113.62185330623123,0.7618109298667806,1423.8837933540344,3028314106
2217,3718,9.835541750960807,5.835541750960808,1.835541750960808,-1.6933321473111242,-0.8192134333441652,0.03320646289847353,0.8793593062250672,54.271663744791226,162.7430311417271,1.164896821078714,1423.8837933540344,3028314106
2218,3719,6.426563970702134,2.4265639707021336,1.6010455434115882,-0.2502995997763131,0.46436843867658717,0.05212330579294794,0.8942564897232037,51.92076731658748,112.22303423792843,0.7337954626411446,1423.8837933540344,3028314106
2219,3720,6.577104332747565,2.577104332747565,1.5766382225669857,-1.1416445634938004,-1.1416445634938004,0.05776839404378273,0.8918732248507433,47.54198901127781,136.4039587136545,0.9043656865173957,1423.8837933540344,3028314106
2220,3721,6.1868439948973295,2.18684399489733,1.5422221689631537,-0.08604400590271588,0.3481146514390596,0.05904696665714922,0.8925599931852606,50.87119447725678,107.31594842074291,0.7173315674408561,1423.8837933540344,3028314106
2221,3722,9.963680391364331,5.963680391364332,1.963680391364332,-6.036319608635668,-2.036319608635668,0.024783583964129594,0.877540314415093,58.648879280795065,175.94271746624506,1.3171561678726451,1423.8837933540344,3028314106
2222,3723,9.411129997576857,5.411129997576857,1.4111299975768572,-0.2595365613860523,-0.2595365613860523,0.07450392857436358,0.8760978664266815,42.47556182726958,126.36576356185255,1.000387497230776,1423.8837933540344,3028314106
2223,3724,6.477597928959582,2.477597928959583,1.5333613262245296,-0.1935148634978079,0.4930272201719985,0.057981947773916964,0.9039422139761032,52.72584277997371,114.25153584278205,0.7533914848909419,1423.8837933540344,3028314106
2224,3725,6.192202568823922,2.1922025688239217,1.5750816998152126,-0.056670896943548765,0.38809520641106743,0.0554749650291456,0.9046401682598402,54.81509402279937,114.4977917381039,0.7507119544917943,1423.8837933540344,3028314106
2225,3726,5.547857981436072,1.5478579814360713,1.5478579814360713,-1.7932997681420362,-0.6824657391016988,0.08925163614788903,0.8946585472411476,43.842492324816526,119.01758398646025,1.0139875711944701,1423.8837933540344,3028314106
2226,3727,6.345116800957352,2.3451168009573524,1.6025226749465205,-0.238401127635115,0.445425184965494,0.05252579874149226,0.8929482387407226,51.64785303152826,110.69797329412437,0.7267708769688545,1423.8837933540344,3028314106
2227,3728,9.478945589782882,5.478945589782882,1.4789455897828814,-1.0046299174309021,-1.0046299174309021,0.06915972548368995,0.8846728324872088,43.281047159795996,129.5647918637136,0.9333157071612227,1423.8837933540344,3028314106
2228,3729,8.164234082455389,4.164234082455389,1.4358917595226497,-6.56410824047735,-2.56410824047735,0.07551646470669239,0.8870194464068997,42.037627993773796,126.08010184429847,0.944247641498474,1423.8837933540344,3028314106
2229,3730,6.175992683765644,2.175992683765644,1.5557274723081924,0.44759833004555216,0.44759833004555216,0.04997358068962781,0.8882638204953681,61.254287424812446,125.03093878555967,0.8323354187282616,1423.8837933540344,3028314106
2230,3731,6.05710364208552,2.057103642085521,2.057103642085521,-5.94289635791448,-1.9428963579144791,0.03087437003612225,0.8915081926572866,62.06867259718302,183.3763454852042,1.2571045987658362,1423.8837933540344,3028314106
2231,3732,9.49857787422691,5.4985778742269105,1.4985778742269102,-0.4512918646137085,-0.4512918646137085,0.0648782251869586,0.9076205025505052,49.66919450610442,148.1869895512473,1.0043959813957628,1423.8837933540344,3028314106
2232,3733,6.2318862322570405,2.2318862322570405,1.6116806980149743,0.021983591325008822,0.44340070388797703,0.050859904298044885,0.8895093903240909,53.58456728150467,112.49532893953985,0.7468604199758211,1423.8837933540344,3028314106
2233,3734,5.563714939658684,1.5637149396586847,1.5637149396586847,-2.7166629681215126,1.2833370318784874,0.06875223358867591,0.895440974543678,59.95709679009183,126.59239639859692,0.8786425900541138,1423.8837933540344,3028314106
2234,3735,6.817642984495584,2.817642984495584,1.5022018052573909,-3.6994681723711604,-1.1884492828419124,0.06662709409962134,0.8970490118636512,45.93032511852864,135.7116575201295,0.9243498045848559,1423.8837933540344,3028314106
2235,3736,6.8599183800026164,2.8599183800026156,1.495602595302962,-4.589293996272946,-2.039487043473084,0.06745686000110447,0.8843350904303742,43.493757144746446,129.85560543695954,0.9272041225885612,1423.8837933540344,3028314106
2236,3737,8.06224806425021,4.062248064250211,1.5203375316062566,-4.123652745711407,-2.4796624683937436,0.06421294002203257,0.8896010768748775,45.21061146905507,135.58266558039642,0.9273631416808369,1423.8837933540344,3028314106
2237,3738,6.113450922867129,2.113450922867129,2.113450922867129,-2.106749431207121,1.0455078533423785,0.026031632075655568,0.8956508526943492,67.69645899145524,162.8767944300532,1.148089297849274,1423.8837933540344,3028314106
2238,3739,5.6258936604703775,1.6258936604703773,1.6258936604703773,-3.4319047863885164,0.5680952136114836,0.07487505559230259,0.9984861959884336,128.23409276461777,308.15937259451766,3.5896555254402305,1423.8837933540344,3028314106
2239,3740,5.744207849006376,1.744207849006376,1.744207849006376,-5.468614844081053,-2.2557921509936243,0.06094013676505812,0.8915506849184078,50.137034144560964,147.76917339839065,0.9880654856300018,1423.8837933540344,3028314106
2240,3741,9.635088155119373,5.635088155119373,1.6350881551193734,-6.364911844880627,-2.3649118448806266,0.051015284274407664,0.8931250396009573,49.71200903231955,149.1327595738691,0.974901685842679,1423.8837933540344,3028314106
2241,3742,9.482923724702344,5.482923724702344,1.482923724702344,-3.0277538534866997,-2.2536880090174853,0.06904731220976515,0.8912335058560528,44.261759531798184,132.77865451511826,0.9291361995610032,1423.8837933540344,3028314106
2242,3743,7.761729450537711,3.761729450537711,1.3008725449339213,-1.7315013942030648,0.8011297364151051,0.08070208240762237,0.8922603652055595,45.29193056347479,129.56529145199985,0.9950561346652985,1423.8837933540344,3028314106
2243,3744,7.785065445254483,3.7850654452544834,1.9926108930529438,-3.817597420543547,0.182402579456453,0.023100155535206723,0.8758024782373649,59.486986659924185,174.19300588066264,1.3318283543449283,1423.8837933540344,3028314106
2244,3745,9.75565737928572,5.7556573792857195,1.7556573792857197,-5.24272259918168,-1.895590000855124,0.039573464083152605,0.8906582436110279,53.486713188906016,160.45031414527253,1.0710867041738006,1423.8837933540344,3028314106
2245,3746,2.2494450361016862,2.2494450361016862,1.5686575161006318,-0.11325069081727324,0.3865563591625796,0.06190607481563702,0.9018006648064096,52.98759280577003,122.74021589657373,0.8185938745979956,1423.8837933540344,3028314106
2246,3747,5.758265210481536,1.7582652104815364,1.7582652104815364,-2.3965977631588387,0.3096511167970861,0.05882510206719935,0.8773316918934531,48.41520158196144,122.50029667458675,0.885901734196756,1423.8837933540344,3028314106
2247,3748,5.5989537788789825,1.598953778878983,1.598953778878983,-0.7508541714402015,1.598953778878983,0.05482713611638676,0.9834094303941273,125.30189328350916,250.41455425130982,2.7005228532510976,1423.8837933540344,3028314106
2248,3749,5.650358668775534,1.6503586687755343,1.6503586687755343,-0.15895587782706633,-0.15895587782706633,0.07033120299829847,0.8943303205307258,50.67375918881023,116.71921036076458,0.825857077373873,1423.8837933540344,3028314106
2249,3750,7.4544353374752195,3.4544353374752195,1.4255337596403723,-0.8708317679120949,0.6013903824304367,0.07082536563526455,0.8907576163900016,45.35127358596234,128.48827290350846,0.9135531757215525,1423.8837933540344,3028314106
2250,4001,7.7977881110182174,3.7977881110182174,3.7977881110182174,0.7278140386892322,2.2557134295190164,0.00012674684224720794,0.9087272048873969,160.0,322.5286302039952,2.487476398787659,1483.0052652359009,3930228389
2251,4002,10.35437378436253,6.35437378436253,2.3543737843625303,0.10096230553480634,1.5048305407718712,0.007843023815433442,0.9142624947780907,91.3633004782187,270.9840992046384,2.0632458109862717,1483.0052652359009,3930228389
2252,4003,6.728309779885894,2.7283097798858935,2.7283097798858935,-1.2716902201141065,2.7283097798858935,0.003182985854190565,0.9316316862457955,160.0,319.98967093864377,2.5679486757378593,1483.0052652359009,3930228389
2253,4004,11.600981040830339,7.600981040830339,3.600981040830339,0.739019993733737,1.968964903180732,0.0001496220816624824,0.9244340992673862,156.22526772613176,462.1789410991025,3.4733572904759624,1483.0052652359009,3930228389
2254,4005,10.85509979244398,6.85509979244398,2.8550997924439803,-2.131758916549147,1.8682410834508532,0.0018782911275814957,0.8961472520577233,107.45692128516173,321.00505056599786,2.441681538398668,1483.0052652359009,3930228389
2255,4006,6.906443030418341,2.9064430304183406,1.012535698703687,1.012535698703687,1.012535698703687,0.05634540406344698,0.9062741390761422,99.13594672674408,200.4270461486633,1.3124889427189628,1483.0052652359009,3930228389
2256,4007,9.94960458042914,5.94960458042914,1.9496045804291402,-6.05039541957086,-2.05039541957086,0.025611633494256034,0.9022298180658722,63.14061531415016,189.41770712836083,1.3212474503863745,1483.0052652359009,3930228389
2257,4008,6.773208416850755,2.7732084168507556,2.7732084168507556,0.009779632884639788,1.3823632818292722,0.004505286034091632,0.8762837739612067,92.28025021370293,188.20756164811925,1.6266997567475077,1483.0052652359009,3930228389
2258,4009,4.705793395038171,4.705793395038171,3.4617795336955433,0.7970597508566613,1.8804018433448193,0.00025045473218255883,0.880395215545995,133.56472902266364,366.545608741154,2.818630686528779,1483.0052652359009,3930228389
2259,4010,6.842325058346305,2.8423250583463053,1.1268561187223682,-2.873143881277632,-2.873143881277632,0.12991629865775833,0.8770887173591421,31.40085851712797,93.96656478821531,1.6749906895338267,1483.0052652359009,3930228389
2260,4011,6.162417608326281,2.162417608326282,2.162417608326282,-3.001210074440585,0.9987899255594146,0.023386254009796437,0.8928839519924465,68.43888585319793,166.94120395132532,1.199972627861575,1483.0052652359009,3930228389
2261,4012,10.180636971875463,6.1806369718754635,2.180636971875464,-1.819363028124536,-1.819363028124536,0.0146045506916715,0.8921711926284192,70.13105596393926,210.36234636823866,1.5672385243349793,1483.0052652359009,3930228389
2262,4013,9.80839176879919,5.80839176879919,1.8083917687991904,-4.4925389411359244,-0.9162766663961093,0.035272611233169944,0.8870292531596545,54.69648128638964,164.0465586078539,1.1235744616329664,1483.0052652359009,3930228389
2263,4014,9.09256793458394,5.09256793458394,1.0925679345839399,-2.90743206541606,1.0925679345839399,0.08439606348902143,0.9990674932660066,160.0,472.70582053735615,4.76179614426253,1483.0052652359009,3930228389
2264,4015,6.3706598630267575,2.3706598630267575,2.3706598630267575,-1.6293401369732425,-1.6293401369732425,0.01427381034651222,0.9032743128144849,78.11233250175769,227.57469000160697,1.6747296039300705,1483.0052652359009,3930228389
2265,4016,7.883662491470876,3.8836624914708757,3.8836624914708757,-0.11633750852912428,-0.11633750852912428,9.294714502131854e-05,0.9040612875960478,160.0,446.94184715820865,3.2858939990511957,1483.0052652359009,3930228389
2266,4017,8.107128260020568,4.107128260020569,0.7575185050151275,0.7575185050151275,0.7575185050151275,0.09522919251178567,0.7832992777359679,46.436796415327095,124.62483364148383,3.2231763392647474,1483.0052652359009,3930228389
2267,4018,6.846899190323823,2.846899190323823,1.3154390839363894,0.006138508660324948,0.968296651877657,0.06775538797547397,0.9484198476917896,71.6990152511752,152.3549686906179,1.3983563200906661,1483.0052652359009,3930228389
2268,4019,6.872056686831135,6.872056686831135,2.8720566868311352,-5.127943313168865,-1.1279433131688648,0.0020390490360835726,0.8771688349718526,97.5911687423376,292.7669230839917,2.33417763931107,1483.0052652359009,3930228389
2269,4020,9.440779832485378,5.440779832485377,1.7604905710415346,-0.9069241225357907,0.3898067234337652,0.03845561523418206,0.8867026966042033,53.56361112735205,159.94488098940917,1.0853978248208962,1483.0052652359009,3930228389
2270,4021,7.457945504677509,3.4579455046775087,1.2464808816863795,-0.6960380869595078,0.3764607386566797,0.09877897122745205,0.9131337615000789,43.8426654369976,124.95790250560084,1.2040002812478374,1483.0052652359009,3930228389
2271,4022,9.560909596597552,5.560909596597552,1.5609095965975521,-2.4390904034024476,1.5609095965975521,0.03141794715240294,0.8805780350870602,68.98228906114659,203.8020103376112,1.4334819972603898,1483.0052652359009,3930228389
2272,4023,8.117332736078357,7.2965046580397015,3.296504658039701,-0.703495341960299,-0.703495341960299,0.000489272170474941,0.9181829423496494,131.97004805958107,395.7923550990278,2.9964244631501957,1483.0052652359009,3930228389
2273,4024,3.7664978619799654,1.2739320166081507,1.2739320166081507,1.2739320166081507,1.2739320166081507,0.048189182486238324,0.9557626463925277,160.0,285.966406877083,2.334955146652114,1483.0052652359009,3930228389
2274,4025,6.243724639590065,2.2437246395900647,1.1529822219390282,-1.1998163802233135,1.1529822219390282,0.07585567284026166,0.8724471080522653,49.03463970249071,117.99381758919404,0.9855272129538806,1483.0052652359009,3930228389
2275,4026,6.280641641296687,2.280641641296687,2.280641641296687,-1.3509325132142234,1.1629730050535847,0.01733142701650572,0.8785834749307493,70.82038829459144,170.58951427792726,1.3418684226550117,1483.0052652359009,3930228389
2276,4027,6.4637350734279915,2.4637350734279915,2.4637350734279915,-5.5362649265720085,-1.5362649265720085,0.011154609902684843,0.9020149537444427,81.99925098417837,242.25951684588586,1.8048221813654066,1483.0052652359009,3930228389
2277,4028,2.7229514400073906,1.904385885036481,1.904385885036481,-2.095614114963519,1.904385885036481,0.02964322714011731,0.9198809535217356,98.16335710985145,194.75341640889516,1.388215137155397,1483.0052652359009,3930228389
2278,4029,9.781754346538278,8.027598443113142,4.027598443113143,-3.972401556886857,0.027598443113142856,2.8174738131007808e-05,0.8721005035508722,160.0,479.98941726252355,3.6187225267800462,1483.0052652359009,3930228389
2279,4030,5.755718536778881,2.794116370529484,1.6791805500966037,-0.9742789017552644,-0.9742789017552644,0.046560827093396706,0.8915171886820807,51.11444343482157,146.62212187743822,0.9640854033666483,1483.0052652359009,3930228389
2280,4031,9.314516240336678,5.314516240336678,1.700030465932493,-4.726547487122515,-2.299969534067507,0.04456259677182937,0.9090282010224913,55.26319781240644,165.7815665754148,1.0925833114621661,1483.0052652359009,3930228389
2281,4032,4.922769189640132,4.6452997388164015,2.6101722528723355,0.2300431549031985,0.6695761228588608,0.004338759140814963,0.8763928352304191,87.59709657969219,252.55782393687758,2.045698404008239,1483.0052652359009,3930228389
2282,4033,7.743545252263554,3.743545252263555,1.4888014971394032,-3.9573276329239375,-1.1075745826765167,0.06826921321418324,0.8973881365311854,45.56770955879368,136.00367424680718,0.9347867308274977,1483.0052652359009,3930228389
2283,4034,6.731996745433678,2.731996745433678,0.9061884550617776,0.9061884550617776,0.9061884550617776,0.07070557842163915,0.9646591308940202,133.15235449981174,292.8733774349297,2.610488524408758,1483.0052652359009,3930228389
2284,4035,4.991823679558398,3.3718734247827102,3.3718734247827102,-4.62812657521729,-0.6281265752172898,0.0006533602273626686,0.9248072129084342,136.84401999383078,404.2891131324277,3.0929426727539924,1483.0052652359009,3930228389
2285,4036,4.1593792971851755,1.2305734265709676,1.2305734265709676,-2.7694265734290324,-2.7694265734290324,0.15406878566112156,0.999874525055829,160.0,461.2427255215659,6.199293793333034,1483.0052652359009,3930228389
2286,4037,9.838047492809874,5.838047492809873,1.8380474928098733,0.5757620652468765,1.8380474928098733,0.01469490127930019,0.9235462707695803,104.53704217955016,297.4944422241894,2.2075155001208824,1483.0052652359009,3930228389
2287,4038,6.758655373670942,2.758655373670942,1.5960277909384482,-6.403972209061552,-2.4039722090615516,0.05544247534060992,0.9425580456939717,60.36185869365479,180.48834627289463,1.4546266225397746,1483.0052652359009,3930228389
2288,4039,3.8654491669046065,2.1571944131115797,2.1571944131115797,1.71545160173013,1.71545160173013,0.009550515606915088,0.8961310702125903,160.0,276.1434805413682,2.045923671462547,1483.0052652359009,3930228389
2289,4040,10.395929041357615,6.395929041357615,2.3959290413576144,-4.000911490415376,-0.0009114904153761927,0.00828813563033818,0.8778547857735788,76.05620465060682,228.06229283092247,1.8232876586108946,1483.0052652359009,3930228389
2290,4041,8.767010858241779,4.767010858241779,2.3162709546679863,-4.635356007994858,-1.6837290453320137,0.010271733394596545,0.8852688770488781,74.26831138298284,222.71031572179774,1.7215211477510577,1483.0052652359009,3930228389
2291,4042,9.20504932705336,5.20504932705336,1.2050493270533602,-6.79495067294664,-2.79495067294664,0.11409212854811907,0.870748779670067,32.71340172961443,98.13805750616321,1.4017528660872145,1483.0052652359009,3930228389
2292,4043,8.204295854751173,4.204295854751173,1.172670431960054,-4.603290435189569,-2.827329568039946,0.12046389459473548,0.889902514613554,34.52663118089507,103.49740588195458,1.4525030716176548,1483.0052652359009,3930228389
2293,4044,8.084008296760365,4.841349994366056,1.4453029899150713,-6.554697010084928,-2.5546970100849284,0.07418639192038787,0.9176929643851114,48.22843066692122,144.67455413687537,1.0769650589652262,1483.0052652359009,3930228389
2294,4045,5.511976352228112,3.4395652519090114,1.1167966918990033,-6.029307185088182,-2.0293071850881828,0.1320399089155559,0.8714880719628642,30.38756645681739,90.97132578377716,1.7529722300183772,1483.0052652359009,3930228389
2295,4046,5.79081787804224,5.79081787804224,3.87003898567502,0.30993087840900735,2.6493217115908356,4.7600809835884894e-05,0.8834341319953064,160.0,460.1647995146442,3.412132540110776,1483.0052652359009,3930228389
2296,4047,5.515673550636711,4.0796428228585,4.0796428228585,-2.4758535112481814,1.524146488751819,4.121314236489713e-05,0.8660112085940539,160.0,447.7391450690624,3.4673991696487882,1483.0052652359009,3930228389
2297,4048,5.73653791505293,1.7365379150529299,1.7365379150529299,-3.96809519703415,0.03190480296585063,0.06177609079087862,0.9096331784652172,53.68882573922942,139.9089493823168,0.9433016445397014,1483.0052652359009,3930228389
2298,4049,7.049921305931107,3.049921305931107,3.049921305931107,-0.950078694068893,-0.950078694068893,0.0019548934399054654,0.9034767176495879,111.38689508792112,322.237688716615,2.448117525490746,1483.0052652359009,3930228389
2299,4050,5.400123736662821,1.400123736662821,1.400123736662821,-2.599876263337179,1.400123736662821,0.08073812925723943,0.89646019802547,63.76512884209866,127.52593932393961,0.9748654889625532,1483.0052652359009,3930228389
2300,4051,6.61597687363207,2.615976873632069,2.615976873632069,-0.06676090648078103,2.615976873632069,0.004441208712025906,0.9079701560656324,140.1220358572526,280.12611796090374,2.1469843551003116,1483.0052652359009,3930228389
2301,4052,3.5763580573137093,2.96934041772012,2.96934041772012,1.6501384472107947,1.6501384472107947,0.0018351584502883924,0.9030144176183214,160.0,291.2489886937983,2.2484002071642974,1483.0052652359009,3930228389
2302,4053,8.410692986593414,4.410692986593414,2.3442114992637717,0.1387106382723604,2.070960413186722,0.005362846833360834,0.9094923091866891,108.22787624916799,250.80677091744968,1.9480665710238805,1483.0052652359009,3930228389
2303,4054,2.296445131170497,2.1989246739793455,2.1989246739793455,-0.5486204684559568,-0.5486204684559568,0.028682765109083474,0.9103876677167061,71.91272736335338,184.96284013568487,1.2865769636462048,1483.0052652359009,3930228389
2304,4055,7.99332194205501,6.8026024786609565,2.802602478660956,-1.197397521339044,-1.197397521339044,0.0025342087316790524,0.8875947847691765,96.79793671759016,290.3306321887554,2.254458874376084,1483.0052652359009,3930228389
2305,4056,3.117884587478855,2.3335850787100147,2.3335850787100147,-2.2762226200338658,1.7237773799661342,0.013797542874965762,0.9333235277032784,99.54320309005034,218.85593093647714,1.7929733752225072,1483.0052652359009,3930228389
2306,4057,7.907954772481008,3.9079547724810086,1.4778303089745295,-1.8427896184292698,0.6970462802743321,0.06352772884683477,0.8953436217484437,48.19355058559316,139.3384452227195,0.935470517160398,1483.0052652359009,3930228389
2307,4058,5.772988129746492,1.7729881297464918,1.7729881297464918,-1.1529328715710851,0.2798662715504454,0.05707549345397159,0.9089921515841168,55.20691155021101,138.73820510793135,0.9202065931837569,1483.0052652359009,3930228389
2308,4059,6.717415990427252,5.851054150487034,1.8510541504870344,-3.254570378154527,0.7454296218454728,0.030721297051340128,0.9037273875343931,61.281903120323854,183.18724614220957,1.2478098971208744,1483.0052652359009,3930228389
2309,4060,5.450460146822151,1.4504601468221514,1.4504601468221514,-2.5495398531778486,-2.5495398531778486,0.10653389865742563,0.9258214088911323,46.98694713860053,136.80151432140536,1.4829132912592784,1483.0052652359009,3930228389
2310,4061,4.6211840743438435,2.7257625296740278,1.1995557298851016,-2.800444270114898,1.1995557298851016,0.06861035838270907,0.9689528873974945,85.47015532638044,218.2849182832881,2.2023537436529583,1483.0052652359009,3930228389
2311,4062,6.507436986169123,5.897374541444935,1.8973745414449354,-3.7193246164869675,-1.31811565297636,0.028889259106122854,0.8843912862499103,57.45980865052283,172.3612810023805,1.224399782587677,1483.0052652359009,3930228389
2312,4063,7.775198277710777,3.7751982777107775,1.6666451020799316,-0.3537902819196148,-0.08058611838510843,0.04619783048563529,0.8926363134700337,52.49636048365387,151.18951757432166,0.9913865798193481,1483.0052652359009,3930228389
2313,4064,7.088248109772339,5.991263390108179,1.991263390108179,-2.008736609891821,1.991263390108179,0.010564060856644906,0.8942432824472837,95.60100524117708,282.44351897417425,2.0771133975995713,1483.0052652359009,3930228389
2314,4065,7.865531845119463,5.447769858640314,1.447769858640314,1.447769858640314,1.447769858640314,0.019686469469676237,0.9367909806327472,160.0,369.436977545019,2.7469207574235823,1483.0052652359009,3930228389
2315,4066,8.081683615596132,4.081683615596132,0.9646789611974599,-3.03532103880254,0.9646789611974599,0.10676400145064963,0.8741754171282273,42.02104033119133,121.05393505655009,1.3847992564456586,1483.0052652359009,3930228389
2316,4067,6.800867689438828,2.800867689438828,1.3185748930552712,-1.7539211919001632,-1.7539211919001632,0.09366854344040589,0.885355881316953,38.1424119710213,112.64745057590763,1.0577796870222858,1483.0052652359009,3930228389
2317,4068,3.4246011854351597,2.583334542717634,2.583334542717634,-4.006323506459894,-0.006323506459893213,0.008167308857344319,0.8881548320802377,84.03993736657488,235.11813510885474,1.8166484615855647,1483.0052652359009,3930228389
2318,4069,11.507602435105554,7.507602435105555,3.5076024351055546,-4.492397564894445,-0.4923975648944454,0.00022608211749436602,0.8920233428978581,135.088362464282,405.25627249201324,3.020690334445944,1483.0052652359009,3930228389
2319,4070,6.865650215084759,3.722799393688411,1.6025002274302163,0.4878698742000307,1.0405600493546807,0.03827925815900747,0.9509520404182923,92.62807597079853,204.53665183725536,1.7482389649463819,1483.0052652359009,3930228389
2320,4071,5.059018031196777,3.206101466817709,3.206101466817709,1.1659595043876902,2.342619632946464,0.0009493381134422585,0.9106830833703082,145.65031289100347,310.31947921220626,2.401581373479966,1483.0052652359009,3930228389
2321,4072,5.835548540998161,1.8355485409981607,1.8355485409981607,-0.8434197524003038,1.8355485409981607,0.03319547941352981,0.9031022981426794,88.4798352340373,176.8846686626005,1.1925037046904898,1483.0052652359009,3930228389
2322,4073,7.99569049108137,4.139423447759251,1.6137049133346286,-2.3862950866653714,-2.3862950866653714,0.05329507452501383,0.9038474962621225,51.08219187658659,153.09499337283074,0.997116375536101,1483.0052652359009,3930228389
2323,4074,7.225777108263059,3.225777108263059,1.4464866412284696,-2.927427010467235,-1.6709114752367675,0.07402513056895517,0.8951813325208562,43.78192752899303,130.69911253901358,0.9404290905152836,1483.0052652359009,3930228389
2324,4075,7.860372833018264,4.721947743167333,1.3172544406906235,-5.187588618096866,-2.1998940907319513,0.09387666435193924,0.8830051293691957,37.72414702973649,113.15181388117166,1.0753251147001681,1483.0052652359009,3930228389
2325,4076,5.87257383029354,2.2122056060057,2.2122056060057,0.5914268706769328,2.2122056060057,0.012817634442733676,0.972867117735364,160.0,318.670840573137,3.0988767897230396,1483.0052652359009,3930228389
2326,4077,3.2194528395429995,2.746453105724977,1.1578275070472763,-6.842172492952724,-2.8421724929527237,0.12359464177872832,0.8763434855388039,32.161562321011495,96.27993683549337,1.5457544679292106,1483.0052652359009,3930228389
2327,4078,7.1565462156099535,5.679356564281458,1.6793565642814585,-0.928010046600728,1.0598566596145313,0.039129214038459155,0.8933232344900386,57.965073602604875,172.50743346126407,1.1441818283010436,1483.0052652359009,3930228389
2328,4079,5.879141006457841,1.879141006457841,1.879141006457841,-2.6384389621892854,0.25168149846221555,0.04579922570280984,0.8938008638826846,55.7633353838525,144.08209888759876,0.9433362099241208,1483.0052652359009,3930228389
2329,4080,6.959835466567769,2.959835466567769,2.959835466567769,-1.6033148968838948,2.396685103116105,0.002081696491780957,0.9280684019526977,138.16578375217176,306.85237567297713,2.4660147842728843,1483.0052652359009,3930228389
2330,4081,5.164954146561858,2.7952837248538787,1.0436951223559938,-0.21938580766021176,1.0436951223559938,0.0893908311635668,0.8831060037351812,48.862476038813526,124.81848293306072,1.0929039330495314,1483.0052652359009,3930228389
2331,4082,7.755550226236496,3.7555502262364957,1.8203393156856449,-4.4121860169136315,-0.41218601691363155,0.034348845472877386,0.8920821264376133,56.11948100490589,166.26763114183908,1.126038807744787,1483.0052652359009,3930228389
2332,4083,3.5388739591009895,1.8976859285730945,1.0594896975942978,1.0594896975942978,1.0594896975942978,0.052928161293392985,0.8507687689423603,81.35018676666066,149.39321105812257,1.3440819311354626,1483.0052652359009,3930228389
2333,4084,2.0859141561089816,1.1204749208803948,1.1204749208803948,-2.879525079119605,1.1204749208803948,0.13505348283993504,0.8605915817218222,43.346318376172825,85.80265834415093,1.9111483859865905,1483.0052652359009,3930228389
2334,4085,5.752159790048547,1.7521597900485473,1.7521597900485473,-2.892170480070141,1.107829519929859,0.05376999193218983,0.9053141722118467,60.53698023919753,136.36679309025206,0.8911854270046179,1483.0052652359009,3930228389
2335,4086,3.7065194943904887,2.001325006808843,2.001325006808843,0.12791801346511145,0.12791801346511145,0.033261844079996945,0.9660750451721829,93.28867123854323,216.0822058752843,2.1179620161327906,1483.0052652359009,3930228389
2336,4087,3.0685778838986053,1.615768637467605,1.615768637467605,-6.384231362532395,-2.384231362532395,0.07866112799814817,0.9969894771351667,111.32565885020156,326.9654863341916,3.697799934324482,1483.0052652359009,3930228389
2337,4088,9.55404323458474,5.554043234584738,1.5540432345847384,-2.8418022561786014,0.07390027231721974,0.05966586740749084,0.9045669444446774,49.37518296843083,147.8201746846244,0.9765589831445448,1483.0052652359009,3930228389
2338,4089,8.536352808707178,4.536352808707179,1.1516146275002936,-2.6547983147180476,0.17668792094289387,0.12023954364850528,0.9167138626210808,39.88211396506711,118.47548476535304,1.5721482832298324,1483.0052652359009,3930228389
2339,4090,3.0008142675620206,1.9122463543103285,1.9122463543103285,-3.8658756161580694,0.13412438384193126,0.04303290331201452,0.9995198714739454,160.0,418.22715318869564,4.247339486680233,1483.0052652359009,3930228389
2340,4091,3.5984585955902846,2.668823863500884,1.6114130219800844,0.7756208645078174,0.7756208645078174,0.03555529835039906,0.9861221559889771,160.0,354.5269266388063,3.4753860340696074,1483.0052652359009,3930228389
2341,4092,6.473729501456608,2.4854992093870587,2.4854992093870587,-3.1119579680257816,-0.7586442139127714,0.010517329718894134,0.8816967114521082,78.12132052501303,226.16213950381797,1.7591053672829093,1483.0052652359009,3930228389
2342,4093,3.736987336688015,2.289265146997588,2.289265146997588,-1.7107348530024118,2.289265146997588,0.011053750792440599,0.9296701613584099,127.4269935640946,254.02828706953332,2.017452811493674,1483.0052652359009,3930228389
2343,4094,10.58814151644767,8.055700905192673,4.055700905192674,-0.880061924008178,0.05570090519267357,2.499148630498131e-05,0.8661246178431034,160.0,479.9697756514569,3.6755498293493876,1483.0052652359009,3930228389
2344,4095,6.3788644285665415,3.386500436524672,1.9949696658864005,-2.0050303341135995,-2.0050303341135995,0.02304015484712993,0.8902359123915498,62.3221965608834,185.9667710928452,1.3331442130725641,1483.0052652359009,3930228389
2345,4096,3.016705601265353,3.016705601265353,1.5332606495619123,-1.7747101015178568,-0.6914622094081306,0.06303079313014934,0.8874616023818431,45.234838572061584,131.5769119517876,0.9039770857005589,1483.0052652359009,3930228389
2346,4097,5.868294212755414,2.5157660247254765,2.5157660247254765,-4.147439423758794,-1.4842339752745235,0.00968375755760173,0.9964625690796978,160.0,472.7052998221688,4.751460023589029,1483.0052652359009,3930228389
2347,4098,11.505812394011082,7.605210480083834,3.605210480083833,-3.20153456363439,0.7984654363656101,0.00015594348706031005,0.9120706263549002,147.54144982481967,442.52444226658184,3.276185660643622,1483.0052652359009,3930228389
2348,4099,8.675105343993254,5.952689763949966,1.9526897639499656,-1.1712419073409703,-1.1712419073409703,0.02539541466383113,0.8855059597038929,59.8052399214985,179.26939477346332,1.2886628567890726,1483.0052652359009,3930228389
2349,4100,3.786400415473145,3.115773079903464,1.3380822393992642,-0.4861298333969375,-0.4861298333969375,0.0872125144349333,0.8818443379016967,39.91422460554572,112.47154731258127,0.9939009587786721,1483.0052652359009,3930228389
2350,4101,3.2309315047532596,3.2309315047532596,1.2315715832011478,-2.7684284167988524,1.2315715832011478,0.06439684456084975,0.8914775126097276,56.3658851135736,147.992524767014,1.0032066308339473,1483.0052652359009,3930228389
2351,4102,6.458544256349347,6.458544256349347,2.4585442563493465,-0.7850108852293767,-0.7850108852293767,0.006961158997306563,0.8728970519994745,77.79615733106469,233.18546509156943,1.9114957353611717,1483.0052652359009,3930228389
2352,4103,5.705756809198683,3.030501564836203,0.8791141950941361,-3.120885804905864,0.8791141950941361,0.12394278521967289,0.9987154825993195,136.73475274151292,371.62691759333757,4.755787195781058,1483.0052652359009,3930228389
2353,4104,4.347938457562362,4.347938457562362,1.6999052692786845,-5.024548924302042,-1.7937428325055822,0.044575138625133806,0.8963944030881555,52.623630796296084,157.73259114358572,1.029786372715485,1483.0052652359009,3930228389
2354,4105,9.304354529891516,6.706385252566424,2.706385252566424,-1.2936147474335762,2.706385252566424,0.0011579610487618705,0.9336762758812913,160.0,472.70547432735185,3.609093370009111,1483.0052652359009,3930228389
2355,4106,3.5843734654451502,3.342364110760423,1.5259243681557997,-3.7629919029726704,-2.4740756318442,0.06355032192935796,0.9187782858027865,51.28339343141161,153.61668430471653,1.0792053761906477,1483.0052652359009,3930228389
2356,4107,6.921224322381427,2.9212243223814274,2.9212243223814274,-5.078775677618573,-1.0787756776185726,0.002947135555390207,0.9008008030920276,103.87083892135978,306.8771592279885,2.3321604109762006,1483.0052652359009,3930228389
2357,4108,4.788181571355073,3.07822627645978,3.07822627645978,0.47396842367187153,2.113122813391828,0.0016014171343879246,0.8848108489532374,116.74804018274678,266.6799251462604,2.126657697775481,1483.0052652359009,3930228389
2358,4109,9.202452294193073,6.6431093047129615,2.6431093047129615,-2.634061476482537,1.365938523517463,0.003925349402201151,0.865612813573846,85.93249681037018,257.0780984149567,2.1772395360465744,1483.0052652359009,3930228389
2359,4110,10.390881356107903,6.3908813561079025,2.390881356107902,-5.17882362920902,-1.1788236292090204,0.008403991634144185,0.8785953829537263,75.99388806257677,227.96967987678383,1.8162272953954295,1483.0052652359009,3930228389
2360,4111,6.741989039525709,2.7419890395257087,1.715924628269416,-2.2840753717305837,1.715924628269416,0.02197664006738479,0.8811735429363441,76.84198833217238,183.80623395783118,1.3680820571396206,1483.0052652359009,3930228389
2361,4112,3.693253133727004,3.083636433848631,1.1928376018191578,0.7430024999994824,0.7430024999994824,0.06492937570901909,0.9022885109938187,77.39556627310186,184.05581121844153,1.2291754786035187,1483.0052652359009,3930228389
2362,4113,7.54389367030989,6.157222424304612,2.1572224243046123,-1.8427775756953877,-1.8427775756953877,0.015493584172217675,0.9986152353055394,160.0,479.9310765907455,4.796058549878152,1483.0052652359009,3930228389
2363,4114,2.3269755905438014,1.683608725660018,1.3593621120659196,1.3593621120659196,1.3593621120659196,0.03499164708355232,0.8561562184364174,106.9290246139018,149.19614497770473,1.2989079173665068,1483.0052652359009,3930228389
2364,4115,9.147916859040736,7.082452038095267,3.082452038095268,0.34851172916964224,0.34851172916964224,0.0009982786102068287,0.9211677607353005,123.35173382328807,366.1913543497672,2.814772256621174,1483.0052652359009,3930228389
2365,4116,6.631906173861643,2.806270454507496,2.806270454507496,-1.1937295454925039,-1.1937295454925039,0.004194932964644476,0.9917713352783102,160.0,464.1610227868765,4.632777128135299,1483.0052652359009,3930228389
2366,4117,6.7854646418689315,2.7854646418689315,2.7854646418689315,1.063259102922092,1.063259102922092,0.0038185845037146445,0.9039175193091732,117.55150154413573,235.38414544342794,1.8581119631135279,1483.0052652359009,3930228389
2367,4118,7.711537409007844,3.7115374090078443,1.4668032604933627,-5.586666288620409,-1.5866662886204084,0.07121458816558934,0.9048647268336066,46.26598314858855,138.4224387310897,0.9710009613403784,1483.0052652359009,3930228389
2368,4119,6.0221858116898925,2.022185811689893,1.4410838999054372,-0.8589017821708973,0.7821572380270196,0.06995940287199112,0.9039370020286646,49.97370342916184,121.31842435030583,0.850818165608055,1483.0052652359009,3930228389
2369,4120,7.579566682960344,3.5795666829603445,3.5795666829603445,-2.863074449168017,1.1369255508319833,0.00030533612456577893,0.8783842902873535,133.36193736433447,370.47437387507415,2.8560537937892487,1483.0052652359009,3930228389
2370,4121,7.873267181045877,6.085323240195988,2.0853232401959887,-0.8278256921322749,0.9626454579449428,0.017585346469350123,0.8673398379344892,63.18663915043112,188.77014585600827,1.5509883302190934,1483.0052652359009,3930228389
2371,4122,3.77164233906767,3.2487176965018785,1.2206757406167748,-2.779324259383225,-2.779324259383225,0.11111086946971287,0.9402374194689805,46.31458685678338,138.69303223958758,1.7249837438420594,1483.0052652359009,3930228389
2372,4123,7.16299004368613,3.162990043686129,1.6423938765332131,-3.5507946040327356,0.4492053959672637,0.048992736258691154,0.9006436568685285,52.31330519879727,147.79043630110738,0.9589692261636436,1483.0052652359009,3930228389
2373,4124,3.3793386472609104,2.421279172070668,2.421279172070668,-0.3139945740332797,0.513790778874744,0.01252881193259665,0.9029241130910016,81.00721775828583,205.84395363633655,1.55311231978427,1483.0052652359009,3930228389
2374,4125,9.524734059153872,5.5247340591538725,1.5247340591538725,-2.500625667453531,0.8289618646774682,0.05622570184746741,0.897273312651551,51.37515807221633,153.1519965170815,1.0006513824375782,1483.0052652359009,3930228389
2375,4126,7.161469778829258,3.1614697788292583,3.1614697788292583,-0.24258135250493673,2.9028099672071104,0.0009062118858139239,0.9035984975906979,160.0,335.25822463486827,2.5484202550932302,1483.0052652359009,3930228389
2376,4127,7.468962227546372,3.4689622275463714,1.5941520391069717,-0.9940357981616361,0.5029827503483177,0.05330005721087157,0.9008369706260788,51.23316109485974,146.0997335691865,0.9495677350716216,1483.0052652359009,3930228389
2377,4128,5.80070158820936,1.8007015882093602,1.8007015882093602,-1.5303909005175302,-0.6105734876578881,0.05423785196765234,0.9012910244284016,54.19713276742705,148.5752936614607,0.9668658618193117,1483.0052652359009,3930228389
2378,4129,10.336993410752736,6.336993410752737,2.3369934107527373,1.411817507237894,1.411817507237894,0.005253917625500836,0.940322077223762,160.0,424.4318531385095,3.312648593051952,1483.0052652359009,3930228389
2379,4130,6.3915876671421685,6.011196170847836,3.774863540034525,0.7054219629083982,2.3118814509847287,7.428532226707118e-05,0.8593733920539459,144.80287241219273,422.46688672211275,3.3792908272548137,1483.0052652359009,3930228389
2380,4131,6.73885098750759,2.7388509875075893,1.2691462553092792,0.09379300094557319,0.6662397943172215,0.0803570947878769,0.9091870947473901,53.78223381705535,119.4885427757617,0.9302157291767955,1483.0052652359009,3930228389
2381,4132,7.448045875995082,3.4480458759950823,3.4480458759950823,-2.511943316734948,-0.5519541240049177,0.0004966951145095309,0.9007908649066987,132.5370328857024,391.5366426679881,2.917835110683105,1483.0052652359009,3930228389
2382,4133,9.91725633663106,5.917256336631062,1.9172563366310615,-3.2769981879074175,-0.1682220662395657,0.02759035001706587,0.8870337432769798,58.72507740042007,176.03614001785706,1.2453137846921247,1483.0052652359009,3930228389
2383,4134,7.749137463942331,3.7491374639423305,3.7491374639423305,1.219010229457567,1.219010229457567,0.00014971264112217613,0.9027002471170018,160.0,321.9409591675711,2.4726943244534993,1483.0052652359009,3930228389
2384,4135,8.504162824450145,4.5041628244501455,2.619438001409785,0.5281439462326771,1.5288948933775584,0.0038026168537034334,0.8987805754222208,99.38164725594002,241.1869348602812,1.8938468090705314,1483.0052652359009,3930228389
2385,4136,5.556198148573235,1.5561981485732348,1.5561981485732348,0.341830072875452,1.5561981485732348,0.055146111399093735,0.9429235306296732,95.80358429350427,190.72947453253823,1.5253953013197328,1483.0052652359009,3930228389
2386,4137,5.50804222605198,1.50804222605198,1.50804222605198,-2.050658534750894,1.1310869311942269,0.07993255412942724,0.893896771574988,54.07510698976583,116.15823524783394,0.8973971332225698,1483.0052652359009,3930228389
2387,4138,9.96851115050769,5.968511150507689,1.9685111505076889,-3.3459549025148436,-2.031488849492311,0.024504626982207275,0.90022997381048,63.42926666214676,190.28345812342437,1.33461784794938,1483.0052652359009,3930228389
2388,4139,5.925903443479005,1.9259034434790054,1.9259034434790054,-2.0740965565209946,1.9259034434790054,0.02705821044697363,0.9889944883592483,160.0,319.98961973151467,3.377840542276226,1483.0052652359009,3930228389
2389,4140,9.579905338186745,5.5799053381867445,1.5799053381867447,-5.073753747363131,-2.4200946618132555,0.057064273070259915,0.9997140099156789,160.0,479.9895837422134,4.654178433584677,1483.0052652359009,3930228389
2390,4141,9.7100613171243,5.7100613171243,1.7100613171242993,-0.12701563510110692,-0.12701563510110692,0.04123639806396162,0.8809787894510038,53.10710575593291,158.1454401999103,1.0935351143305194,1483.0052652359009,3930228389
2391,4142,9.849136277435786,5.849136277435786,4.087749888374963,0.9664825082936397,2.014667443751277,2.098244148937937e-05,0.850612152975756,160.0,394.6845540060756,3.3214496030323137,1483.0052652359009,3930228389
2392,4143,7.405949156251649,3.4059491562516486,1.4699660572791198,-0.8647306405076873,-0.8647306405076873,0.07010324820591715,0.883576680481248,42.98923032896979,125.31137168181527,0.9167982870566631,1483.0052652359009,3930228389
2393,4144,7.913287201909204,3.913287201909205,1.3049509937372132,-5.96125738708472,-2.6950490062627868,0.09595450515304993,0.897637653218432,39.7357864913541,119.16899309943332,1.0994705876417945,1483.0052652359009,3930228389
2394,4145,7.12131154773641,3.12131154773641,1.6534632196090973,-1.7951439291998785,-1.7951439291998785,0.049137174430928646,0.889717466435922,49.72377324689498,147.64577498628586,0.9742235527340818,1483.0052652359009,3930228389
2395,4146,6.169914319764599,2.169914319764599,2.169914319764599,1.4521364962963104,1.4521364962963104,0.012612168691109454,0.8936310486730659,132.40448880703215,262.4121515380074,1.9240555271146629,1483.0052652359009,3930228389
2396,4147,10.848295466885546,6.848295466885545,2.8482954668855447,-3.4203629012013623,-1.1517045331144553,0.002197704807776199,0.8844330985590432,98.20837231838459,294.6187034530827,2.3008510770202273,1483.0052652359009,3930228389
2397,4148,6.6959258287794015,2.6959258287794023,1.384742241319563,-4.627120891317169,-0.6271208913171684,0.08317939584628029,0.8993052226755878,42.52285970891624,123.4565015689468,0.9706624494600368,1483.0052652359009,3930228389
2398,4149,5.706701015040087,3.155433308864082,1.5604192519743671,-3.683848694230762,-0.3489180503491447,0.05930004592227889,0.9010110009895502,48.68261091316791,142.16096781354327,0.9357194297878743,1483.0052652359009,3930228389
2399,4150,9.436445949627263,5.436445949627263,1.4364459496272635,-4.8204216744647645,-0.820421674464765,0.07543207604120483,0.8794500030392766,40.83370328578677,122.42850308729042,0.9590204104589761,1483.0052652359009,3930228389
2400,4151,6.13912975748865,2.1391297574886505,2.1391297574886505,-0.7384408292622049,2.000016071274576,0.0176259083488163,0.908895448879308,100.58001757567527,205.6894806610514,1.5081114677634717,1483.0052652359009,3930228389
2401,4152,7.034222154338187,3.0342221543381873,1.2865752851229715,-0.7553103526685621,0.860694471727712,0.07938407689325373,0.9000828243664911,48.19932257109971,115.81512462614485,0.8844153257901033,1483.0052652359009,3930228389
2402,4153,4.843565878239202,4.332064920233944,1.4700387132663808,-0.3164082351763313,0.15001211337778053,0.06692883228331985,0.9026914667085506,48.87678700936897,142.83269662817253,0.9718805973624389,1483.0052652359009,3930228389
2403,4154,7.294719980566058,3.2947199805660583,3.2947199805660583,0.9343037665132008,0.9343037665132008,0.0008081509523325259,0.9256180027686562,141.51221717060224,284.27762432459537,2.318352892583181,1483.0052652359009,3930228389
2404,4155,5.447098095815747,1.4470980958157464,1.4470980958157464,-1.2759878556505146,1.4470980958157464,0.07391944981500032,0.8971867873166511,66.2429129446159,132.43387476483971,0.9485425125037834,1483.0052652359009,3930228389
2405,4156,6.068528098999989,2.068528098999989,2.068528098999989,-3.6466457291409964,-1.9314719010000112,0.030066519320861705,0.9052740980459196,65.61944074266391,193.8583622127395,1.3231397623821468,1483.0052652359009,3930228389
2406,4157,9.410791419360752,5.410791419360752,1.4107914193607523,-3.8970025664218415,0.10299743357815894,0.0781371484396968,0.8908314984753887,42.27658395185234,126.49140458060387,0.9555753100743123,1483.0052652359009,3930228389
2407,4158,7.215982117584388,3.215982117584388,3.215982117584388,-2.842238947746492,0.13147137318939262,0.0011247214437023682,0.9762853723130719,160.0,460.29882052061373,4.251355114664898,1483.0052652359009,3930228389
2408,4159,9.855902386956275,5.855902386956275,1.8559023869562756,-0.8440082431289289,1.8559023869562756,0.01516617264419287,0.8756039290487672,82.81128976303596,243.13070525930405,1.8560309546713658,1483.0052652359009,3930228389
2409,4160,9.545220133051458,5.5452201330514574,1.5452201330514574,-5.846601289613413,-1.846601289613413,0.061146512371193694,0.8800136803393617,44.399787440263026,133.18941085051335,0.9447565232656703,1483.0052652359009,3930228389
2410,4161,6.361312818455453,2.3613128184554526,2.3613128184554526,-2.9393141338810596,0.36265022497596644,0.014614263270135614,0.8753769973851918,71.38209744645391,191.46586647967496,1.528558599103718,1483.0052652359009,3930228389
2411,4162,8.537477188342553,4.537477188342552,1.5664540819723076,-4.368672785386687,-0.36867278538668713,0.05858167608333482,0.8867119510668658,46.24744721778456,138.08449301524797,0.9343552104172127,1483.0052652359009,3930228389
2412,4163,6.20839539933932,2.2083953993393193,1.3294925310740007,0.9843359001695299,0.9843359001695299,0.044295362708830964,0.897291591991703,93.01311183102433,185.35873941116782,1.2086100055695677,1483.0052652359009,3930228389
2413,4164,9.804286804881409,5.804286804881409,3.304980240941548,1.4265916681300288,1.4265916681300288,0.0003684212032522965,0.9202150150882437,160.0,391.13304428182516,2.9800732947389954,1483.0052652359009,3930228389
2414,4165,4.49211452110425,4.378213147390317,1.273387340978096,-4.133708307385079,-0.851513689319924,0.10142628647985773,0.8934632664216957,38.06576063463472,113.8212590228675,1.152642905627192,1483.0052652359009,3930228389
2415,4166,3.1420154083360576,1.759278375608903,1.759278375608903,-2.463512409800071,-0.38905848388982744,0.059216061025037195,0.899903826257449,52.350694994801614,141.9341086867218,0.9338518977863276,1483.0052652359009,3930228389
2416,4167,8.429109837270033,6.502340763559373,2.5023407635593733,-1.4976592364406267,2.5023407635593733,0.0022914645929105015,0.9007890026164892,129.90375002985914,383.7885900530388,2.840676482488224,1483.0052652359009,3930228389
2417,4168,8.35000098230955,4.350000982309551,1.5239417048795418,-4.023516310555786,-1.877004002825785,0.06376159288693937,0.8934302143167862,46.00712582962524,137.93537976510441,0.9306634637336815,1483.0052652359009,3930228389
2418,4169,6.096854737126326,5.958373422021456,1.9583734220214557,0.3058199836958191,0.3058199836958191,0.022366291324501856,0.9174793754015954,75.72894210712207,224.08208440214142,1.6184783537051175,1483.0052652359009,3930228389
2419,4170,5.709711186322484,1.7097111863224839,1.7097111863224839,-1.9290794328859249,0.644110725208096,0.06344629522903808,0.9005053220157927,52.347798226185816,125.78806200352972,0.8439247267582911,1483.0052652359009,3930228389
2420,4171,6.146252354607798,2.1462523546077983,2.1462523546077983,-2.001281081047479,-1.2175397847177751,0.025024040827976393,0.8873882045990653,64.8177601294119,187.5938250850908,1.3376389316633481,1483.0052652359009,3930228389
2421,4172,6.683399203680747,2.683399203680746,2.683399203680746,-2.660849848389971,-1.3166007963192539,0.006034675127798499,0.8983559827508785,91.36278498081967,269.8250670620041,2.0487937730118038,1483.0052652359009,3930228389
2422,4173,6.600918975190087,2.600918975190087,1.359959661649668,-1.8829231589014375,1.359959661649668,0.04944025456962251,0.887296939081871,61.098569496153054,150.57869814077975,1.0017600484827713,1483.0052652359009,3930228389
2423,4174,7.382122155440981,3.3821221554409813,1.2749404508221494,-3.5377392783155956,-1.4788246506158167,0.10116497631498284,0.8810682745825051,36.176803161141976,107.98208863192053,1.1592925149900835,1483.0052652359009,3930228389
2424,4175,10.251367189597966,6.251367189597966,2.251367189597966,-3.7012153976526267,-0.7698977842638719,0.012181134187857897,0.8666743467708532,67.82556018078374,203.4457149718504,1.7114695218513556,1483.0052652359009,3930228389
2425,4176,6.796724821939266,6.068113540054263,2.0681135400542625,1.355400183735477,1.355400183735477,0.009481101303174947,0.8890735212143845,121.55002691298468,339.5394984131035,2.4741500753692622,1483.0052652359009,3930228389
2426,4177,10.892934704938508,6.892934704938507,2.892934704938507,-3.6627960870654297,0.3372039129345703,0.0019081394274534115,0.8789627964212039,99.03833151473428,297.0100570148093,2.3515108257331456,1483.0052652359009,3930228389
2427,4178,8.83560794178529,4.835607941785289,4.835607941785289,0.8356079417852893,0.8356079417852893,1.249860999402271e-06,0.6334633662774416,160.0,341.8176986340422,13.553837051164082,1483.0052652359009,3930228389
2428,4179,5.512586693928521,1.5125866939285206,1.5125866939285206,-3.480758896332251,0.5192411036677492,0.09222097185790183,0.9185411665637968,49.44843299277847,117.71476656969435,1.091422209552844,1483.0052652359009,3930228389
2429,4180,2.4545107151778187,1.9371552877895732,1.9371552877895732,-1.510046330496749,0.670006386725565,0.04288093641566225,0.8936459943531049,58.425176903711304,140.1490722404993,0.9232137380774003,1483.0052652359009,3930228389
2430,4181,7.761393791775687,7.347430098105817,3.347430098105817,-1.9467436501397763,2.0532563498602237,0.00037904829835154534,0.8857639822869908,127.3611464903216,381.0428392384199,2.882701261616921,1483.0052652359009,3930228389
2431,4182,8.83560794178529,4.835607941785289,4.835607941785289,-3.1643920582147107,0.8356079417852893,1.253898552558378e-06,0.6349217486895424,160.0,472.70580836626584,14.28342528061566,1483.0052652359009,3930228389
2432,4183,7.436364745190157,3.8797271516050014,0.8620341952565226,0.8620341952565226,0.8620341952565226,0.07741002242065123,0.9828375430602012,160.0,415.75724268383226,3.870703360870108,1483.0052652359009,3930228389
2433,4184,4.482307882816584,2.9760868535922214,1.1363139913154254,-1.349640049080014,1.1363139913154254,0.07760069260843999,0.9989048409617417,160.0,422.1477015734791,4.363909148469769,1483.0052652359009,3930228389
2434,4185,5.669242370930339,1.6692423709303388,1.6692423709303388,-5.101547834959753,-1.1015478349597527,0.07078865636091353,0.9153913919811899,52.398521289060994,148.49658662015875,1.0664655072086984,1483.0052652359009,3930228389
2435,4186,5.4772608604007225,1.4772608604007222,1.4772608604007222,-0.9760363860923016,-0.9760363860923016,0.10106587142758572,0.9018904394917858,43.123814405687774,112.97536478219803,1.135425441387007,1483.0052652359009,3930228389
2436,4187,9.619459708623097,5.619459708623097,1.6194597086230968,-3.0580779404652567,-1.9784456655688303,0.05267418381568623,0.8975936035910743,50.02371397638414,150.06304200182686,0.9754868577842751,1483.0052652359009,3930228389
2437,4188,8.153540021385284,4.153540021385284,1.7358404495385078,-2.8416474003208783,-1.7172658582183251,0.04129593349033294,0.8967664186613064,53.97984196100245,161.7489981132143,1.0625914760660355,1483.0052652359009,3930228389
2438,4189,6.005521059922957,2.0055210599229567,2.0055210599229567,-5.994478940077043,-1.9944789400770433,0.03474900962995579,0.9170153123072353,65.9692831608941,194.9003920374877,1.3448449938107516,1483.0052652359009,3930228389
2439,4190,7.967966702478293,3.9679667024782925,1.9075475368741999,-5.530909094406637,-1.5309090944066357,0.02822490709584006,0.9014434820545877,61.351145949472695,183.68452379170404,1.2650135619059621,1483.0052652359009,3930228389
2440,4191,9.612084026302952,5.612084026302952,1.6120840263029526,-3.306847488534878,-1.0636068166672086,0.05347156819043385,0.890848976236344,48.501185914133316,145.46201273461196,0.9584103946734119,1483.0052652359009,3930228389
2441,4192,5.818979388564604,1.8189793885646042,1.8189793885646042,-5.010308065055633,-2.181020611435396,0.05221970153441237,0.9193996185895945,59.0797997515464,174.33633168873413,1.1897308466530478,1483.0052652359009,3930228389
2442,4193,6.255387524671134,2.255387524671134,1.5394710849379318,-0.91405139118604,-0.30148649232620817,0.06347214409643365,0.8942121141969339,46.735319996085174,127.5859267910172,0.8608197082540794,1483.0052652359009,3930228389
2443,4194,5.909407811674105,1.9094078116741047,1.9094078116741047,-1.2959072975219716,-1.2959072975219716,0.04300818446173605,0.8965296916983894,57.35430614630918,160.75809035658244,1.052265067967056,1483.0052652359009,3930228389
2444,4195,5.861451834222157,1.861451834222157,1.861451834222157,-2.463914519031211,0.8778206131094106,0.045716499632836194,0.8942060435605723,57.59441284553553,136.8924893390564,0.8960547628564539,1483.0052652359009,3930228389
2445,4196,5.776752566291552,1.776752566291552,1.776752566291552,-3.769284774287978,-0.6596971350458434,0.057012516117051576,0.9034588176426137,53.740893242830964,149.22634933393294,0.9774885495190769,1483.0052652359009,3930228389
2446,4197,9.557915826771232,5.557915826771232,1.5579158267712327,-4.579536550057982,-1.4211280522006673,0.05962657973385593,0.8801870467726335,44.843593025291256,134.5087179946205,0.9473844876928526,1483.0052652359009,3930228389
2447,4198,7.885123981527037,3.885123981527036,1.517081888709778,-0.15796125159350316,0.5328497896515001,0.058351581173906375,0.9285590229815458,59.351557393522434,154.33946629665525,1.1377125749254664,1483.0052652359009,3930228389
2448,4199,9.527800773051172,5.527800773051173,1.5278007730511731,-1.5057522029707051,0.5783820163276504,0.05978720360792186,0.8997073543066927,49.332026668268036,147.32698264983406,0.9705214997281083,1483.0052652359009,3930228389
2449,4200,9.74457469299325,5.7445746929932495,1.7445746929932495,-4.2288535335431225,-0.22885353354312254,0.040501643223369695,0.8854880058311164,52.14425010179089,156.28435795674847,1.060221576534485,1483.0052652359009,3930228389
2450,4201,7.397498320178521,3.39749832017852,1.5490616103989745,-2.904996509879909,1.0950034901200911,0.04773191598970459,0.8865154716985901,54.62416347552727,150.23290961790622,1.003416146036988,1483.0052652359009,3930228389
2451,4202,9.991350446423189,5.991350446423189,1.991350446423189,-2.552197095300097,1.4478029046999032,0.017978148418372437,0.9014011092796934,75.3162850042282,224.20357558811483,1.6128248532783744,1483.0052652359009,3930228389
2452,4203,7.380419454418836,3.380419454418836,1.315987842139429,-3.121082044586541,-2.3330650308778207,0.09408886374233649,0.8907866778956856,38.924382610057705,116.59024037524856,1.0690710785363544,1483.0052652359009,3930228389
2453,4204,7.983294264515896,5.8861973423902025,1.886197342390203,-0.47015282562038196,0.1415672296265693,0.029079355693851793,0.8819232953165373,57.474879097403615,171.67754893208698,1.2315478521274574,1483.0052652359009,3930228389
2454,4205,6.338261119612157,2.338261119612157,1.7090860367584446,1.1588223225720897,1.1588223225720897,0.023115447517943286,0.901113123271608,109.49379555446352,218.06290884899246,1.5262287693303083,1483.0052652359009,3930228389
2455,4206,6.029455557566675,2.029455557566675,2.029455557566675,-1.3208289863283422,1.5831521988490924,0.02695109157688401,0.8959091486631856,76.5547246937783,166.01880169558183,1.1614721934463716,1483.0052652359009,3930228389
2456,4207,7.775445313653652,3.7754453136536528,1.5294653759176584,-4.946588037401488,-0.9465880374014888,0.06307329030250214,0.8951128533752887,46.499518409070156,138.64800403913324,0.9294675258283954,1483.0052652359009,3930228389
2457,4208,8.087719850003547,4.087719850003547,1.6646250353752137,-6.335374964624786,-2.335374964624786,0.047993679575110124,0.9808412610880187,83.8307874283091,251.38037386182873,2.6387931778235876,1483.0052652359009,3930228389
2458,4209,7.979426091997522,3.9794260919975217,1.3491375152298373,-6.339985691135218,-2.3399856911352184,0.08864621202144422,0.8926565631585726,40.25351968927188,120.69627069005855,1.0215223226566286,1483.0052652359009,3930228389
2459,4210,9.565743402401873,5.565743402401874,1.5657434024018737,-3.3895794665236902,0.6104205334763093,0.055444134606122276,0.899604528499104,50.61469984736751,151.17138628495343,0.9852748069942134,1483.0052652359009,3930228389
2460,4211,7.275058749081824,5.47717436197509,1.4771743619750901,-4.278018148156111,-2.52282563802491,0.06981445181149434,0.901504894974591,45.95005991099396,137.8471493353823,0.9551147100297532,1483.0052652359009,3930228389
2461,4212,5.6346364472331585,5.5468965240231,1.5468965240231,-4.283512936356283,-0.28351293635628294,0.06087167773007675,0.9997597751265629,160.0,479.40655317806215,4.662330172250737,1483.0052652359009,3930228389
2462,4213,6.502563914095881,2.502563914095881,2.502563914095881,-0.6052973069340628,1.6488352727336055,0.009136730632678156,0.88702310795855,86.9067863694495,200.93869964308152,1.5868915635217913,1483.0052652359009,3930228389
2463,4214,8.58239853438539,5.392966359647755,1.392966359647755,-2.607033640352245,-2.607033640352245,0.08181450284861423,0.8816820110539811,39.82781770349199,119.47290622432455,0.9827956303097878,1483.0052652359009,3930228389
2464,4215,7.817158253091442,5.499972140245211,1.4999721402452106,-1.8731232846224568,-1.8731232846224568,0.06679885616546731,0.8965812259830066,45.78875213094922,137.31478421815606,0.9360939738612484,1483.0052652359009,3930228389
2465,4216,1.6510895803877847,1.6510895803877847,1.6510895803877847,-2.4295016044260107,-1.5210923074301128,0.09988058140662019,0.9116375993928492,49.13990829514346,137.4710321356427,1.2962162356905729,1483.0052652359009,3930228389
2466,4217,5.83194700232316,1.83194700232316,1.83194700232316,-2.16805299767684,-2.16805299767684,0.050813062384246085,0.9029981598641504,55.72109312603487,163.02019064637116,1.0590352674759533,1483.0052652359009,3930228389
2467,4218,8.898592916850092,4.898592916850093,1.0967393786889081,-2.313008850388008,-2.313008850388008,0.13636935663361624,0.8759180221375372,30.41978186832045,91.2254578156365,1.8310990209727143,1483.0052652359009,3930228389
2468,4219,5.700007424295093,5.484839524640146,1.484839524640146,-3.1872274170395207,-2.515160475359854,0.068793159899607,0.9034252736702139,46.57690106142577,139.72655151041565,0.962688207144582,1483.0052652359009,3930228389
2469,4220,8.012456859957052,4.012456859957052,1.7189218601379834,-3.275420650208915,-0.6856380966550848,0.04281245361703897,0.8901264200576904,52.085147587767125,155.27130602044596,1.0302701233811664,1483.0052652359009,3930228389
2470,4221,4.773685062493645,3.6101330025485625,3.6101330025485625,-0.3898669974514375,-0.3898669974514375,0.00027246891737141884,0.877619150553788,134.9405028982161,387.4084064652142,2.9716015001914147,1483.0052652359009,3930228389
2471,4222,8.818683684340979,5.581169173479113,1.5811691734791133,-5.778006569944528,-2.4188308265208867,0.056919680661862086,0.8812995845325001,45.79480129735507,137.38137313638654,0.9525109099015467,1483.0052652359009,3930228389
2472,4223,8.078263258152194,4.0782632581521945,1.423041722606177,-3.195369840877933,0.15203394372206658,0.07619138933519386,0.9011236242546073,44.60042037650029,131.58283280168263,0.9595459790100958,1483.0052652359009,3930228389
2473,4224,9.763645302799146,5.763645302799147,1.7636453027991468,-2.236354697200853,-2.236354697200853,0.03889527578128269,0.8848646901776078,52.688170708120126,158.046782830237,1.0796051760002665,1483.0052652359009,3930228389
2474,4225,6.6295709947256185,2.629570994725618,2.629570994725618,1.346291313620172,2.0834151087030444,0.004573391035512448,0.9407971542267844,160.0,318.81955390658646,2.642918391595114,1483.0052652359009,3930228389
2475,4226,4.915674157879916,1.7522679856203767,1.7522679856203767,1.7522679856203767,1.7522679856203767,0.015037998127351331,0.8673016472922583,148.6388909557192,280.3657753340344,2.1720309476183415,1483.0052652359009,3930228389
2476,4227,2.730661092377441,2.0460773079871903,2.0460773079871903,-3.9973560613879715,0.0026439386120284958,0.03291885855841176,0.9003046858445187,63.42908211906259,169.21469439161618,1.1427225535468908,1483.0052652359009,3930228389
2477,4228,6.239214691569754,2.239214691569754,1.5132141382610962,-1.2090775346582363,1.0964128455590343,0.0524935467137943,0.8902041597298027,54.63614387653159,132.4199575654501,0.8747876947667488,1483.0052652359009,3930228389
2478,4229,4.704694595882343,1.5702904986753357,1.201654110144299,-0.298917794325281,1.201654110144299,0.08174173674471424,0.8938440445526709,56.32478588988802,116.77809011757313,0.9187178902830067,1483.0052652359009,3930228389
2479,4230,4.535998285164625,1.8639182373571632,1.8639182373571632,-0.43804112178689625,-0.43804112178689625,0.04682856804366071,0.921502807460889,62.66716633562617,158.45907314024655,1.100783285043183,1483.0052652359009,3930228389
2480,4231,5.663164269397399,1.6631642693973991,1.6631642693973991,-5.962357587115225,-1.9623575871152243,0.07163807092178931,0.9088940364716732,50.711268758159235,148.4271020601245,1.0472465835929443,1483.0052652359009,3930228389
2481,4232,7.822661761092745,3.822661761092746,1.6525528766097421,-6.347447123390258,-2.347447123390258,0.04921079925725316,0.885093806163626,48.86231441326768,146.48646633259528,0.9846369708400146,1483.0052652359009,3930228389
2482,4233,5.437721839783098,1.4377218397830978,1.4377218397830978,-2.562278160216902,-2.562278160216902,0.10895904904759487,0.9948786282533617,92.47995026409097,269.1364879722275,3.669440828560547,1483.0052652359009,3930228389
2483,4234,1.736832537939589,1.736832537939589,1.736832537939589,-1.253779857967459,-0.21656685442249124,0.08471016589631752,0.9082971228337509,51.741435344358074,127.97566318284731,1.026536512676996,1483.0052652359009,3930228389
2484,4235,2.3427964236413805,2.3427964236413805,1.2154855803902773,-0.3414278659317762,0.862228853145413,0.08911239353924211,0.9057648430120198,49.67976394387569,114.94555770093348,0.9866142826148577,1483.0052652359009,3930228389
2485,4236,4.757996528494504,4.240994551460603,1.4353476699000907,-2.2031570152435727,-2.2031570152435727,0.07559074160285734,0.8859348996497994,41.84209617508955,125.37054820821959,0.9447513235459855,1483.0052652359009,3930228389
2486,4237,7.027521813989429,3.0275218139894284,1.5422413527638807,-0.49943767828720076,-0.49943767828720076,0.059949487275875166,0.8913046465701622,47.55299167679391,133.75640433189656,0.8946218094148791,1483.0052652359009,3930228389
2487,4238,7.790435710665069,3.7904357106650686,1.187190008867936,-4.418075891712582,-0.4180758917125815,0.11728532518759631,0.8943274437944364,35.71052329549871,105.86601964541643,1.3896185009422346,1483.0052652359009,3930228389
2488,4239,6.704588786523114,2.7045887865231144,2.7045887865231144,-2.7169470993418203,1.28305290065818,0.005580377003782515,0.8716345189521869,86.94233614480274,219.3320565573694,1.8510360494266056,1483.0052652359009,3930228389
2489,4240,7.66826629837777,3.6682662983777705,1.398153321380285,-2.6960251962454214,-0.5426162333623017,0.08099126943909178,0.9007266182773618,43.23877122520751,128.18466971803187,0.9796974493204251,1483.0052652359009,3930228389
2490,4241,7.490457339203012,3.4904573392030116,1.4512503614708103,-0.7214319150756208,0.634281016676363,0.06700540636990714,0.9041366627768105,49.149982476170315,139.01284062424662,0.9490220507949196,1483.0052652359009,3930228389
2491,4242,5.678729010869949,1.6787290108699495,1.3528117892146894,-1.399764365369321,0.8332378246447406,0.08749995954131032,0.8935525964378606,46.01457765621059,106.60393264328201,0.9147428366027532,1483.0052652359009,3930228389
2492,4243,9.314138428731335,5.314138428731336,1.3141384287313354,-2.6858615712686644,1.3141384287313354,0.05423125794724678,0.8380201174645302,49.528115799894785,146.3263966122072,1.5441764905046662,1483.0052652359009,3930228389
2493,4244,7.618563820521029,3.618563820521029,1.5358199926568756,-2.9254822215123335,-1.1580709269861258,0.06229111723643984,0.8946768516209536,46.632391904142885,139.1003250350495,0.9300298365853783,1483.0052652359009,3930228389
2494,4245,10.547811981282148,6.547811981282149,2.547811981282149,-1.4521880187178509,-1.4521880187178509,0.0054195468075387224,0.9770610390208264,123.9230697058116,371.70014629280814,3.6330596620407354,1483.0052652359009,3930228389
2495,4246,6.713701599979949,2.7137015999799488,1.0982021662166812,0.35611653950420197,1.0982021662166812,0.07241253448991083,0.9060761560413917,65.54418039921666,138.88871577651116,0.9841252080166991,1483.0052652359009,3930228389
2496,4247,7.6217142113328915,3.6217142113328906,1.4217898953872967,1.4217898953872967,1.4217898953872967,0.021081594394171576,0.841896948778625,107.2826883567491,222.11146455177237,2.090199225799382,1483.0052652359009,3930228389
2497,4248,7.585242895541528,3.585242895541528,1.2044074836906804,0.23763985378604513,0.23763985378604513,0.09051788183331509,0.8732642649619292,45.52072962401316,119.14203418173297,1.1361529473323113,1483.0052652359009,3930228389
2498,4249,8.223305821807196,4.223305821807197,1.8821567831041401,-0.4666040054395222,-0.4666040054395222,0.02939977926863513,0.9022169214675713,61.481923819899734,180.44369266391124,1.236751582326241,1483.0052652359009,3930228389
2499,4250,9.588514836686942,5.588514836686942,1.5885148366869417,-3.881476058436286,-0.6374865877497256,0.05607846976911378,0.890704194277526,47.67713747656452,142.94214774519568,0.9463128760419768,1483.0052652359009,3930228389
2500,4251,7.448975038534673,3.448975038534674,1.8747656689308416,-0.2024020842797294,1.8747656689308416,0.014364072374958544,0.918483008192491,97.65606193612525,206.5467915087682,1.5883321553180758,1483.0052652359009,3930228389
2501,4252,5.613549356509324,1.6135493565093237,1.6135493565093237,-1.7396498848757358,1.6135493565093237,0.05331219340698315,0.8567887115598973,64.62042715584768,129.22532517366284,1.1278339985748431,1483.0052652359009,3930228389
2502,4253,9.425502851465025,5.4255028514650245,1.425502851465025,-3.4562611263765377,-1.97975240738841,0.07700594518754629,0.8888087084774312,41.99949774858477,125.98922343082377,0.9490504405095811,1483.0052652359009,3930228389
2503,4254,5.620717473389473,1.6207174733894734,1.6207174733894734,-1.7198517369479038,0.19964401378015761,0.07726549645196326,0.9025537518289595,48.22360796413128,121.20322558783249,0.9018728867625884,1483.0052652359009,3930228389
2504,4255,9.70587899166044,5.705878991660439,1.7058789916604398,-2.0570061585514483,0.7167961246951473,0.041560048324480084,0.8856159249225055,52.77249877820138,157.64839437717163,1.065573911653024,1483.0052652359009,3930228389
2505,4256,6.815337217392974,2.8153372173929743,1.6241816623621543,0.4917444200436909,0.4917444200436909,0.040950627974735324,0.9461789071390394,86.76774036326921,178.05177811720802,1.4964063479047183,1483.0052652359009,3930228389
2506,4257,11.373910295707553,7.373910295707553,3.3739102957075526,-3.422359949977356,-0.6260897042924474,0.00037054256736546236,0.9632737847848241,160.0,479.9895640077194,4.110627564504708,1483.0052652359009,3930228389
2507,4258,6.324815075743514,2.3248150757435133,1.245674186499349,0.5418222655375433,1.245674186499349,0.05298951474906362,0.932989351333608,86.72930561035398,174.44346497203094,1.30079088519267,1483.0052652359009,3930228389
2508,4259,10.617603117305771,6.617603117305771,2.6176031173057708,-3.2348374165880753,-0.4687758793413743,0.004427482022374204,0.8896624904107592,88.58174617070075,265.7096030860875,2.0603350312013644,1483.0052652359009,3930228389
2509,4260,5.647372305295113,1.6473723052951128,1.6473723052951128,-1.3709678869387651,0.8159462150849446,0.0695358411640848,0.9046331430450903,52.998262204400156,122.44044239074339,0.8564378892100504,1483.0052652359009,3930228389
2510,4261,5.987386596394764,1.987386596394764,1.987386596394764,-3.9084575407316375,-1.448537574009585,0.03620290740350514,0.8932985086414915,59.676840578453216,173.90308403565638,1.1644140939449432,1483.0052652359009,3930228389
2511,4262,9.596330928280375,5.596330928280375,1.5963309282803748,-4.526993294954178,-1.9267593290758964,0.05520746390336238,0.8824308001092372,46.4895739271602,139.46061855521776,0.9564740777747524,1483.0052652359009,3930228389
2512,4263,6.3105176557231495,2.310517655723149,1.287407753445875,-0.762565973101573,1.287407753445875,0.05800527710645235,0.8994050543445474,60.90557009478311,126.64421992053794,0.8315019584113222,1483.0052652359009,3930228389
2513,4264,6.7404043857852916,2.740404385785292,1.4984270675468192,-0.7220803070579969,0.16845746995635058,0.0655023019421982,0.894539084755291,46.38159860716768,127.60605623912272,0.8694508023851935,1483.0052652359009,3930228389
2514,4265,5.864096957681194,1.864096957681194,1.864096957681194,-3.3715732566785492,0.6284267433214514,0.046629318877964294,0.9067706877507877,58.842515000974046,144.94598602047347,0.9491143017469807,1483.0052652359009,3930228389
2515,4266,5.939767155585233,1.9397671555852336,1.9397671555852336,-3.1181085851594634,0.8818914148405363,0.03885571313287338,0.994456408086233,122.30275253462499,293.9082609446881,3.301113557773834,1483.0052652359009,3930228389
2516,4267,9.742171444587147,5.742171444587147,1.742171444587147,-5.816671106626966,-1.8166711066269667,0.040739224362082486,0.8880640583005779,52.51568079869342,157.53843240223944,1.0571676331750146,1483.0052652359009,3930228389
2517,4268,5.651959152414296,1.6519591524142958,1.6519591524142958,-2.267153201996935,0.896606083841275,0.06787926887495671,0.9045291463192409,54.175450956387316,124.25424571243502,0.8585032489548444,1483.0052652359009,3930228389
2518,4269,9.921227024817053,5.921227024817053,1.9212270248170533,-2.0787729751829467,1.9212270248170533,0.012768209852809189,0.9890030054129634,160.0,472.70572545855674,4.501327033151927,1483.0052652359009,3930228389
2519,4270,5.333895637354136,1.333895637354136,1.333895637354136,-1.162014735354216,1.333895637354136,0.09107061569949611,0.8731038438940323,55.15843104162804,110.25219327829325,1.0867604783128142,1483.0052652359009,3930228389
2520,4271,8.15173053589519,4.151730535895189,1.473639716523372,-2.1109785898450326,-1.5214472805791683,0.07028486274821608,0.8948039576563658,44.5988644711859,133.5080401903412,0.9336864492737982,1483.0052652359009,3930228389
2521,4272,10.023074404051213,6.023074404051213,2.023074404051213,-4.742613282550256,-1.9769255959487868,0.0215327385005792,0.8886456704148825,63.080678785521016,189.23785978115944,1.3724207738288066,1483.0052652359009,3930228389
2522,4273,6.707815751401407,2.707815751401407,1.3899391851072225,-1.6777800759565156,-0.9926975235882889,0.08236039660648853,0.8849650003039464,40.260539456152294,117.56271962333072,0.9589251337099625,1483.0052652359009,3930228389
2523,4274,6.805084531566331,2.8050845315663313,1.4394557408144835,-1.5455932919855704,0.5465865468853809,0.070488971193776,0.8926805334247484,45.30170631224462,124.02424759750512,0.8775425107175381,1483.0052652359009,3930228389
2524,4275,4.763631016078685,4.49042800814169,2.73352576808337,0.05325666917870464,2.73352576808337,0.0010528915220568667,0.9298578746226476,160.0,415.80795495005793,3.204174080977278,1483.0052652359009,3930228389
2525,4276,11.375696272769787,7.375696272769787,3.3756962727697863,-3.1134363971270687,-0.6243037272302137,0.0003681457657660317,0.8884669602552928,126.63550367054157,379.8978300126828,2.8647031538167678,1483.0052652359009,3930228389
2526,4277,5.759808127989296,1.7598081279892959,1.7598081279892959,-3.5834903816693027,-2.240191872010704,0.05903235811790887,0.9245298243201904,58.11107970460084,171.30752243895986,1.2166389933251929,1483.0052652359009,3930228389
2527,4278,5.461381417194657,1.4613814171946573,1.4613814171946573,-6.538618582805343,-2.5386185828053427,0.10448646843293269,0.9179413270889871,45.53077063641378,133.05829324674653,1.3704320983547624,1483.0052652359009,3930228389
2528,4279,5.546904248091025,1.5469042480910244,1.5469042480910244,-3.3408500020311447,-0.6812159255410644,0.08942364027617726,0.901569728978961,45.09710929692773,123.32015503991363,1.0399670944140433,1483.0052652359009,3930228389
2529,4280,8.95904302725258,4.95904302725258,0.9590430272525798,-5.699466553898466,-3.04095697274742,0.16876852995037295,0.8069446395836095,20.0,59.998679004195814,3.8984729814013144,1483.0052652359009,3930228389
2530,4281,5.589380062651828,1.5893800626518277,1.5893800626518277,-2.8309297816802594,1.1690702183197406,0.06944363861427388,0.9239824064605318,64.3691256934174,139.4478502060764,1.0515655288373909,1483.0052652359009,3930228389
2531,4282,5.413030607010402,1.4130306070104024,1.4130306070104024,-5.324197431454271,-1.3241974314542717,0.11377235343524009,0.9037145044542138,40.99488119425454,115.96614371871664,1.381336290976651,1483.0052652359009,3930228389
2532,4283,10.351223981005985,6.351223981005985,2.3512239810059854,-5.648776018994015,-1.6487760189940146,0.009355883266374827,0.9974965850668243,160.0,479.9894780285494,4.833721640004165,1483.0052652359009,3930228389
2533,4284,5.72576752506384,1.7257675250638405,1.5053052340561293,-0.48344991885195876,1.5053052340561293,0.05081430432043686,0.9152748163690219,75.5430504130189,155.06698129687732,1.0420218300960726,1483.0052652359009,3930228389
2534,4285,7.059349664442852,3.0593496644428515,0.9986120737392882,-2.247922954837267,0.9986120737392882,0.10045434577061901,0.8959848191557417,47.623540249068554,128.44027908557774,1.2281140558765018,1483.0052652359009,3930228389
2535,4286,9.66968722878699,5.669687228786992,1.6696872287869917,-0.9898875074083908,-0.9898875074083908,0.04727832285511334,0.8925850944199956,51.01725712378813,152.78970633552277,1.0007974448401138,1483.0052652359009,3930228389
2536,4287,5.640693775418576,1.6406937754185766,1.6406937754185766,-0.08574490119386358,0.969133227104162,0.06574149787078748,0.9648418809615893,82.17248570173179,174.16281049089423,1.8161455504152966,1483.0052652359009,3930228389
2537,4288,5.700464985673373,1.7004649856733736,1.7004649856733736,-4.585158103209895,-1.4729600763200736,0.06654749753487268,0.9005380457644134,50.31705446568089,145.28175076141582,0.9847282963526722,1483.0052652359009,3930228389
2538,4289,12.293396538135482,8.293396538135482,4.2933965381354815,-2.409499818890004,1.5905001811099964,8.79611880476965e-06,0.8079818253666368,160.0,479.8695341666521,4.803491258172475,1483.0052652359009,3930228389
2539,4290,6.130812563392411,2.1308125633924107,2.1308125633924107,0.9708799699404809,2.1308125633924107,0.014173337307749051,0.9139658522187579,123.38788947536317,245.55244110463374,1.8208768086636165,1483.0052652359009,3930228389
2540,4291,7.530575395688359,3.530575395688359,1.5582853153150824,-5.336616278083362,-2.441714684684918,0.059583116007706265,0.9010599098037047,48.60849477780546,145.68689036885073,0.9594324432252085,1483.0052652359009,3930228389
2541,4292,9.683585459433225,5.683585459433226,1.6835854594332256,-2.506420500818712,-1.2489057419058707,0.046130674217210656,0.8932302611648923,51.421351614102264,154.2342727032533,1.0099239816869483,1483.0052652359009,3930228389
2542,4293,6.95215260612555,2.9521526061255496,2.9521526061255496,-3.4576274607228195,0.5423725392771805,0.0026739362847670377,0.8938404988076569,103.50768040765028,286.89055812520195,2.212227055612057,1483.0052652359009,3930228389
2543,4294,6.6979918771293505,2.6979918771293505,1.7510376740035765,-1.5934748454949845,0.3798383229482012,0.03985245626857783,0.8833787196952874,52.328604628464326,143.87863177230054,0.9918317337343527,1483.0052652359009,3930228389
2544,4295,7.668790518917249,3.66879051891725,1.4853268830546924,-1.385850774296869,-1.385850774296869,0.06862773654654149,0.8982264611755435,45.67239764787239,135.61468132641951,0.9337356862115387,1483.0052652359009,3930228389
2545,4296,6.823789844403699,2.8237898444036986,1.5761627575544677,-1.0612564222934249,-0.6229987365765206,0.05738369828214031,0.8884457797842459,47.01978772394441,134.93325424232228,0.9043245960958187,1483.0052652359009,3930228389
2546,4297,7.470887763194156,3.470887763194156,1.4065324277190396,-0.01674277456927742,-0.01674277456927742,0.0716428918329137,0.9002156901371758,49.80037169295957,126.79057548305856,0.8947312219391087,1483.0052652359009,3930228389
2547,4298,9.58765521522118,5.587655215221179,1.5876552152211796,-5.0944267118035755,-1.0944267118035753,0.056181915542405564,0.8896713177409123,47.45932519274524,142.3376520871378,0.945711440316334,1483.0052652359009,3930228389
2548,4299,6.925980479907375,2.925980479907375,1.1555397207190519,0.6348679614748161,0.6348679614748161,0.07476225462266729,0.8731949564273802,61.05548886219975,133.24676924152493,1.0696784260019156,1483.0052652359009,3930228389
2549,4300,9.455412004218406,5.455412004218406,1.4554120042184058,-2.598747714048735,0.3710021334342206,0.07042902411667372,0.9045530854705868,46.96073720061953,140.36233583763072,0.9780902780804708,1483.0052652359009,3930228389
2550,4301,10.546438165574095,6.546438165574095,2.5464381655740955,0.02615764040075952,0.9507438846199836,0.005255951701917453,0.8692004697903327,82.44752368677901,246.16346271685927,2.0517554503611626,1483.0052652359009,3930228389
2551,4302,6.314073058015644,2.314073058015645,1.6366406655309254,-0.9896778816037197,-0.9896778816037197,0.05267785667841145,0.9956212536381372,109.13166125760016,305.95690195933423,3.395366897354012,1483.0052652359009,3930228389
2552,4303,6.815850879533342,2.8158508795333423,1.372653928720821,-1.2174805703276073,0.8989259444664681,0.06934607424067167,0.8902587010537574,48.09307381537934,127.73995944834836,0.9009983282007954,1483.0052652359009,3930228389
2553,4304,6.005550868514564,2.0055508685145638,2.0055508685145638,-1.9191117463556617,0.9222409638017277,0.033582505343579656,0.8828211961226414,60.26969691866723,145.27122958314254,1.0294459912646214,1483.0052652359009,3930228389
2554,4305,5.634160881404661,1.634160881404661,1.634160881404661,-2.9409971958776193,0.14209922199098712,0.07543032452769298,0.9117373974583551,50.547265084516404,128.5994518783022,0.9551779832598429,1483.0052652359009,3930228389
2555,4306,9.485726827266836,5.485726827266836,1.4857268272668356,-6.514273172733164,-2.5142731727331644,0.06867569547062406,0.8726820453432634,41.340634784333595,124.01919845032933,0.9733412192553598,1483.0052652359009,3930228389
2556,4307,7.34879584904599,3.34879584904599,1.4763921765685803,-0.6659194258172927,-0.23896689827195328,0.06859448205564371,0.8920853009665874,45.10787634702365,129.61656056357552,0.9038051760339604,1483.0052652359009,3930228389
2557,4308,9.508548297459498,5.508548297459498,1.5085482974594986,-4.1454819897197055,-0.14548198971970616,0.0655181701825117,0.8956191445786047,45.975024553904426,137.69806513407758,0.9333571949583349,1483.0052652359009,3930228389
2558,4309,5.563787298776846,1.5637872987768466,1.5637872987768466,-2.125153066454316,-0.6657865603124298,0.08665031490439068,0.8978699811096471,44.973409489080304,122.63889201265455,1.0033450578480008,1483.0052652359009,3930228389
2559,4310,5.567625256703833,1.5676252567038331,1.5676252567038331,-1.7583802594801534,0.8376440687740994,0.07962586843978006,0.9064274042845084,51.64020637275208,117.7609342985759,0.9056047210299671,1483.0052652359009,3930228389
2560,4311,5.621199601667121,1.621199601667121,1.621199601667121,-4.496349107705628,-0.4963491077056281,0.0777045135518058,0.9120327599679513,49.88806052700913,135.20822182226715,1.0177599660638657,1483.0052652359009,3930228389
2561,4312,7.206731211970428,3.206731211970428,1.6102849043461,-4.577238034718643,-1.2329216003228904,0.05368081176729564,0.8866930256427101,47.69892337461248,141.8324419868652,0.9494826888211295,1483.0052652359009,3930228389
2562,4313,6.06848935053058,2.0684893505305806,0.9086572338629539,0.043701644292784336,0.9086572338629539,0.10855265802276298,0.830459439419157,37.91101905106058,81.4135766509101,1.8020839020634178,1483.0052652359009,3930228389
2563,4314,7.549570045383643,3.5495700453836427,1.2479166182568513,-1.304648245912036,-1.304648245912036,0.105693722422726,0.8853627630617041,36.15409023969801,107.02948442317076,1.2054887313838498,1483.0052652359009,3930228389
2564,4315,8.0198801472342,4.019880147234201,1.3542038178381535,-5.239645070700433,-1.2396450707004336,0.08783506438509342,0.8928257429409492,40.43728677227049,120.96443318232416,1.0133202948499376,1483.0052652359009,3930228389
2565,4316,9.513632854267232,5.5136328542672315,1.5136328542672315,-2.4863671457327685,-2.4863671457327685,0.06505897038748182,0.9162207833615164,50.24323587141978,150.71535441883796,1.053239174002272,1483.0052652359009,3930228389
2566,4317,6.303546238557722,2.303546238557722,1.1820876686329813,-0.3940702831460994,1.1820876686329813,0.0705375900247998,0.9174599972687272,61.97481981880734,128.57185602307698,0.9460854679724322,1483.0052652359009,3930228389
2567,4318,3.9127472916882184,3.255536459626592,1.3878661204957354,-0.22039766888504575,0.3780801323691225,0.0751148975299171,0.9063032626013009,48.82334846558232,134.48170264603414,0.9757677012762929,1483.0052652359009,3930228389
2568,4319,7.61350369052117,3.6135036905211697,3.6135036905211697,-1.3375048740921285,2.6624951259078715,0.00023675974988030565,0.9148389120873823,160.0,378.45969180526293,2.870825777664244,1483.0052652359009,3930228389
2569,4320,6.714095129672639,2.7140951296726397,2.7140951296726397,-4.244032003829716,-1.2859048703273603,0.005518150548021426,0.885981202987024,89.68730234150117,264.9730126896263,2.0542375682093996,1483.0052652359009,3930228389
2570,4321,7.098883059836207,3.098883059836207,3.098883059836207,0.9609781511678395,1.622639743659409,0.0015181190970103191,0.89303542868585,121.63472724584953,244.9000542724089,1.9585241037557917,1483.0052652359009,3930228389
2571,4322,5.566848579677771,1.5668485796777714,1.5668485796777714,-2.8322833986613234,1.167716601338677,0.07198260024292741,0.8887759091328835,54.800425196729144,118.26494413559467,0.8611206503586625,1483.0052652359009,3930228389
2572,4323,5.884206177858858,1.8842061778588584,1.8842061778588584,-1.8273529734414191,0.17634525103527166,0.04534803005293377,0.8900588392437386,55.152858115970126,143.47015314521636,0.9492923173975836,1483.0052652359009,3930228389
2573,4324,8.551677396879757,4.551677396879757,1.4910473770734507,-3.3679181520319412,-2.0687394616992805,0.06797450413934106,0.8935226851259798,44.93576193299208,134.76394942940217,0.9305136871011604,1483.0052652359009,3930228389
2574,4325,9.507904705185824,5.507904705185824,1.5079047051858245,0.24277448847124372,0.24277448847124372,0.055560426359377524,0.9030794470244786,58.3325122174249,172.11468635282733,1.1227735455220387,1483.0052652359009,3930228389
2575,4326,3.8105190350775953,3.8105190350775953,1.4561995169504847,-4.04904132117174,-0.04904132117173998,0.07227297874658281,0.9018532682075731,45.50752775363421,133.66080362561792,0.9440876039543842,1483.0052652359009,3930228389
2576,4327,10.016754228988212,6.016754228988212,2.0167542289882117,-4.5210825469221465,-0.521082546922147,0.021860008210895968,0.8866378250761483,62.42775713573665,187.21471911908586,1.3640904248118604,1483.0052652359009,3930228389
2577,4328,6.385059902700069,2.38505990270007,2.38505990270007,0.8720143620913638,0.8720143620913638,0.011545763598956652,0.9810248664229427,160.0,332.55180169301923,3.3972756259797054,1483.0052652359009,3930228389
2578,4329,9.404325052092881,5.404325052092881,1.4043250520928814,-0.20384212770391108,-0.20384212770391108,0.07474027083355195,0.8937560695262402,45.958828235704125,136.60927476082213,0.9865759139720431,1483.0052652359009,3930228389
2579,4330,6.0025491533093245,2.002549153309325,2.002549153309325,-1.1093695980867802,-0.5458670452150711,0.03494942891363807,0.9003128383436964,61.87133807421628,168.9858475386145,1.1311811735539838,1483.0052652359009,3930228389
2580,4331,9.616839659277035,5.616839659277035,1.6168396592770353,-0.45412631758005606,0.5354092875161158,0.04993062259693646,0.8985208230341851,52.64081500616769,156.90204245468877,1.0181959683048516,1483.0052652359009,3930228389
2581,4332,6.551435629809259,2.551435629809259,2.551435629809259,0.5303989188108034,0.5303989188108034,0.00822435139848168,0.9099366455066085,95.60111415858316,192.67307172589815,1.5341547041701988,1483.0052652359009,3930228389
2582,4333,7.3080173720656525,3.3080173720656525,1.5622282580698246,-5.969861866601322,-1.9698618666013223,0.059121675018347655,0.8967665331848687,47.912790065351096,143.33767520007484,0.9443005881037492,1483.0052652359009,3930228389
2583,4334,9.601714045152736,5.601714045152737,1.6017140451527367,-3.5032305124326477,-1.6118987253309174,0.05460942557340543,0.8887360477701898,47.76724489711434,143.28657329520337,0.9523645344142411,1483.0052652359009,3930228389
2584,4335,9.241162575031641,5.241162575031641,1.2411625750316408,-3.503824807952789,-2.758837424968359,0.10727284297429567,0.9026872333713433,38.65492074279124,115.96107285311051,1.259015122251774,1483.0052652359009,3930228389
2585,4336,2.3812802496887246,1.6977318529482923,1.6977318529482923,-3.136873799950532,0.863126200049468,0.06578147596218412,0.9067203305907121,55.208402952311864,124.67990090984676,0.8541793137369249,1483.0052652359009,3930228389
2586,4337,6.8736131881014,2.8736131881014,1.5716747385394314,-1.2118180902838016,0.75240671543341,0.053117106173945765,0.8950485333182575,51.17539561747159,138.38960137505833,0.9030407376417404,1483.0052652359009,3930228389
2587,4338,8.269950503850673,4.269950503850672,4.269950503850672,0.19522005949570254,2.5278645365646537,1.774379764624656e-05,0.8152654749618262,160.0,327.70000950703786,3.617743817891718,1483.0052652359009,3930228389
2588,4339,6.929101662130751,2.9291016621307513,1.5181711899748518,-0.987336930147914,1.5181711899748518,0.034714200662111026,0.8876765357769769,68.67158651984246,148.37112950920522,1.0219441991802907,1483.0052652359009,3930228389
2589,4340,8.095833842854075,4.095833842854075,1.458269846608162,-0.26553405510993056,-0.26553405510993056,0.06848298047194683,0.8950947723715886,47.15613022693205,136.91858372299907,0.94459045464107,1483.0052652359009,3930228389
2590,4341,7.73580469815378,3.73580469815378,1.779992687689313,-4.198989996498312,-2.220007312310687,0.03753884298183445,0.8950261388495095,55.23363389050102,165.53903977030075,1.101637955299525,1483.0052652359009,3930228389
2591,4342,9.432886057780241,5.432886057780241,1.4328860577802414,-5.272616015718121,-2.5671139422197586,0.07594520068909869,0.8952342790574345,43.34436764952324,130.03025349978887,0.9508019180552588,1483.0052652359009,3930228389
2592,4343,9.666195054404696,5.666195054404696,1.6661950544046962,-1.808079860038667,-1.808079860038667,0.0478295449150277,0.8873731370100257,49.734054703162464,149.1515258742789,0.9928820281118835,1483.0052652359009,3930228389
2593,4344,6.454252437272562,2.454252437272562,1.2029885657705022,-1.033258289578732,0.7419877132870671,0.09510226755671293,0.8924250610571349,42.65787845079999,110.56272105902762,1.0396623026013083,1483.0052652359009,3930228389
2594,4345,6.559882453102264,2.559882453102264,1.6106646156443813,-1.2239286906915174,-0.01176164655265044,0.053932947109093195,0.8876095758021834,47.96548133426859,133.40125044813243,0.891452950206111,1483.0052652359009,3930228389
2595,4346,6.441915566824279,2.441915566824279,1.4255611873520178,-2.5744388126479825,1.4255611873520178,0.043333363480168696,0.8617393290543152,58.50662147302851,139.75006723941073,1.139096189312385,1483.0052652359009,3930228389
2596,4347,5.587337593735159,1.5873375937351581,1.5873375937351581,-1.112105105471286,0.46219538067727384,0.08101505175845254,0.9084558054812961,49.25247204234081,117.87911807290385,0.9240107772926243,1483.0052652359009,3930228389
2597,4348,6.571536892683181,2.57153689268318,1.1566536478429545,0.1944583830721166,0.9515492626222904,0.07951024315755349,0.8971397291056404,55.8957630499537,120.216345305549,0.9153724724125685,1483.0052652359009,3930228389
2598,4349,5.783076444654355,1.7830764446543559,1.7830764446543559,-1.7036471304195993,0.6400087815626894,0.054969888085414045,0.8978951408375614,54.161227327434936,131.4550331268449,0.8572680255749751,1483.0052652359009,3930228389
2599,4350,9.713078896405523,5.7130788964055235,1.7130788964055232,-2.8193401835432113,1.1806598164567887,0.0347793053637305,0.8806897820161036,58.384943189378745,173.78201961707938,1.2205536232941974,1483.0052652359009,3930228389
2600,4351,5.986021948375124,1.9860219483751242,1.9860219483751242,-2.4743459244491026,1.525654075550897,0.030031002353627205,0.9105043340391445,78.07155083768255,170.34790118552067,1.1835618644435355,1483.0052652359009,3930228389
2601,4352,6.227609013230863,2.227609013230863,2.227609013230863,-4.60629424000053,-0.6062942400005298,0.02052678311957873,0.9652221860352043,95.10340516363303,270.41858968738114,2.5439102723221723,1483.0052652359009,3930228389
2602,4353,5.571118674127078,1.571118674127078,1.571118674127078,-1.5347188542041459,1.571118674127078,0.05807570795907912,0.9148084987290455,77.90521112585726,155.78038830128267,1.054438339223117,1483.0052652359009,3930228389
2603,4354,5.773460144831227,1.7734601448312268,1.7734601448312268,-1.0783550046689816,-1.0783550046689816,0.05729660692635496,0.93002072069403,60.33089055828438,164.29908672484518,1.2129772184703036,1483.0052652359009,3930228389
2604,4355,7.8869472835716685,3.886947283571669,1.3976668942022954,-2.447261620126802,0.05753666492572895,0.0802132288495507,0.9001732766658435,43.45916882326225,127.95711200186282,0.9708039507456842,1483.0052652359009,3930228389
2605,4356,7.444002999759192,3.4440029997591917,3.4440029997591917,1.5198900340545685,1.9819085846752564,0.00041925993987149227,0.9032947671923017,160.0,320.1545990244761,2.457523816195507,1483.0052652359009,3930228389
2606,4357,5.700282511299909,1.7002825112999083,1.7002825112999083,-2.095221829264869,1.1706225906483416,0.057782878097061896,0.8975982906556479,59.06516642224995,130.4112204882654,0.8562326596209447,1483.0052652359009,3930228389
2607,4358,6.988331732806498,2.9883317328064978,1.5306108578669593,-2.9774708805420804,-0.7643592179763503,0.0629695387187641,0.8954578698918078,46.593899518201006,136.9490618537309,0.9175281194027378,1483.0052652359009,3930228389
2608,4359,7.639334248854135,3.6393342488541354,1.4660222159998704,-4.191421145816652,-0.7651391439103483,0.07131448964060383,0.8964374470466159,44.645270127765706,132.6978811675198,0.932827837305662,1483.0052652359009,3930228389
2609,4360,11.490680416687212,7.490680416687213,3.490680416687213,-1.2335817513043565,2.766418248695643,0.00016397681374757047,0.9097502866981418,160.0,470.38330082044524,3.44898387358389,1483.0052652359009,3930228389
2610,4361,1.8257265988375027,1.8257265988375027,1.8257265988375027,-3.4899835252016658,-0.13136913132332473,0.07101712601029606,0.9040328308279066,54.165628076517926,137.59230311739762,0.9631892249797536,1483.0052652359009,3930228389
2611,4362,8.171812333250996,4.171812333250996,1.5308712803586295,-3.9929975093403898,-1.4939924680894552,0.06290051861028681,0.885545132065355,44.855425878401235,134.35784412117806,0.9294712742050046,1483.0052652359009,3930228389
2612,4363,6.616637874168001,2.616637874168001,1.410333979432893,-0.9160305132979341,0.6944930744066046,0.07110455753097057,0.897042584315928,47.06267254183708,124.3955852627403,0.8769881135525929,1483.0052652359009,3930228389
2613,4364,7.366890086791132,3.366890086791133,0.9280319260934998,-3.0719680739065,0.9280319260934998,0.11389919249285689,0.9443330037665385,58.5558501314182,162.623821844764,1.9873515383984584,1483.0052652359009,3930228389
2614,4365,2.875241895342195,2.875241895342195,1.4685561340995605,-2.333119664070902,0.8015186082755543,0.0631032159637363,0.8944583789729006,49.067742657505356,129.12645690661378,0.8688720388643951,1483.0052652359009,3930228389
2615,4366,8.956380263716563,4.956380263716563,1.5095374754561761,-5.598841701885647,-2.175028140613799,0.06558073897035148,0.8891076088392164,44.763077436390255,134.27266369273445,0.9267663078763152,1483.0052652359009,3930228389
2616,4367,5.737164483729668,1.7371644837296683,1.7371644837296683,-0.701157090910407,-0.701157090910407,0.06135563514811235,0.8931849842821102,50.74216665585109,131.5648264805475,0.8805268685280762,1483.0052652359009,3930228389
2617,4368,5.942606874607884,1.9426068746078844,1.9426068746078844,-2.8625171613746527,-0.6430219931621939,0.040006887351295914,0.8939142060758223,58.05709373060599,162.7557053018352,1.0769348551661182,1483.0052652359009,3930228389
2618,4369,9.659109720948155,5.659109720948155,1.659109720948155,-3.751804206294135,-2.340890279051845,0.04854684218706138,0.8933530627406858,50.5883611816455,151.76169169565736,0.9916474703194151,1483.0052652359009,3930228389
2619,4370,4.475395974561968,4.04678306633271,1.4101144931768759,-3.3850766837437756,0.6149233162562243,0.07284649903075514,0.8926474497199982,45.13776032006731,131.38785088414284,0.9411352378365129,1483.0052652359009,3930228389
2620,4371,7.701986162681671,3.7019861626816706,1.8551382398816985,1.8551382398816985,1.8551382398816985,0.006124529798443958,0.8685627438498135,160.0,319.9779836572372,2.524859292642414,1483.0052652359009,3930228389
2621,4372,3.479405906870427,1.999106629015868,1.312580883824304,-0.9837682194155608,1.312580883824304,0.058099926344063885,0.9202137019397811,67.8079235525481,152.02579480543005,1.0593226345173337,1483.0052652359009,3930228389
2622,4373,5.6386191158147,1.6386191158146999,1.6386191158146999,-2.636857800068197,0.9263066433045778,0.06902641773327223,0.907686640616989,55.05704876608405,125.4239125592739,0.878562979361317,1483.0052652359009,3930228389
2623,4374,7.918970158664254,3.918970158664254,1.41876368743321,-6.58123631256679,-2.58123631256679,0.07798372332539162,0.8891507279820903,41.85151367954834,125.505656978359,0.9530396652752322,1483.0052652359009,3930228389
2624,4375,5.653368210839916,1.6533682108399155,1.6533682108399155,-1.0639323298770729,-0.567124315177838,0.07283655202243111,0.9008738695779892,48.870211418791385,129.14401890183254,0.9182933687186914,1483.0052652359009,3930228389
2625,4376,8.295107619695688,4.295107619695688,1.34613224062986,0.09407873600591521,0.09407873600591521,0.07688637549471113,0.90166164062709,50.82961559852472,142.6292933006056,1.0371240915698359,1483.0052652359009,3930228389
2626,4377,8.317341763352548,4.317341763352548,1.4510103157727687,-2.7872233988918236,-1.3761738975182285,0.07338824535921602,0.8919924352249604,43.36300052380155,129.89176523538828,0.93684176678492,1483.0052652359009,3930228389
2627,4378,10.329445772749914,6.329445772749913,2.3294457727499127,-3.261204258014608,-1.6705542272500873,0.009917731257923237,0.8868237093991145,75.1583484067855,225.47000223961948,1.7370902894874891,1483.0052652359009,3930228389
2628,4379,5.688953075614333,1.688953075614333,1.688953075614333,-2.6394739008698114,-0.16192541451528264,0.06803005027603909,0.9109340394850365,52.15398641538536,137.91925430218194,0.9632527406973624,1483.0052652359009,3930228389
2629,4380,7.51819720953635,3.5181972095363494,1.8126482852210213,-5.640883059419318,-2.1873517147789787,0.03494615259269103,0.8918119633536302,55.78573841857327,167.11355409135123,1.1293700870387562,1483.0052652359009,3930228389
2630,4381,3.5994437654697577,2.280742653373219,1.3344880476995362,-0.7458649194123774,1.0842949908241037,0.0658617267714741,0.8955172358044772,53.38458250317513,128.88387808714842,0.8779787186220828,1483.0052652359009,3930228389
2631,4382,5.653450656062262,1.653450656062262,0.856018752239341,0.856018752239341,0.856018752239341,0.08187483793720592,0.9453123060275496,109.61692528956465,217.53006154783947,1.8842816908871218,1483.0052652359009,3930228389
2632,4383,5.635569557767175,1.6355695577671752,1.6355695577671752,-1.3825246175549653,-1.3825246175549653,0.07553591100330634,0.8922231483156479,46.45128563663812,128.87187116322949,0.9458610121020701,1483.0052652359009,3930228389
2633,4384,5.684548812459555,1.6845488124595547,1.6845488124595547,-1.2122304786910907,1.4469645277887007,0.052691976687126246,0.9018923599515767,68.9563897223641,143.6417691340748,0.9335047444806823,1483.0052652359009,3930228389
2634,4385,1.6743908303956123,1.6743908303956123,1.6743908303956123,-3.3173142127250728,-0.9845301585317678,0.09559817027185989,0.9098983289217766,49.62902007389926,134.83556273110543,1.2103169957741093,1483.0052652359009,3930228389
2635,4386,7.407044095747398,3.4070440957473993,1.3674491289189832,-1.8032986021256447,0.9608150327222642,0.06752428682439565,0.8860458498245528,48.47175762727142,134.6645467365732,0.9509534562806423,1483.0052652359009,3930228389
2636,4387,5.743650419193852,1.7436504191938513,1.7436504191938513,-1.6712739537354704,1.0469661822021457,0.055516063207968744,0.8932273546575193,56.36508490949379,127.86670355531598,0.8412602650068636,1483.0052652359009,3930228389
2637,4388,9.649771310581212,5.649771310581213,1.6497713105812126,-2.6694926361453435,-0.4073735516408976,0.04947657654060896,0.8927099869272178,50.15238692849129,150.33255723849607,0.9834746474306201,1483.0052652359009,3930228389
2638,4389,5.857025518602258,1.8570255186022586,1.8570255186022586,-5.396987428450867,-1.3969874284508665,0.04818032339733347,0.9045721977240209,57.029510811239305,165.16717702567388,1.075208604944706,1483.0052652359009,3930228389
2639,4390,8.323131809563883,4.323131809563883,1.4858811790984978,-4.668212200731035,-2.514118820901502,0.06865521720750499,0.8988670920435473,45.746084404076825,137.20899672254987,0.9439492752933414,1483.0052652359009,3930228389
2640,4391,7.924178563862715,3.924178563862715,1.281971401536885,-2.848553089670804,-1.9078387397271648,0.09992593266905787,0.8820842107236153,36.53500882236696,109.46348646252721,1.1438240069391319,1483.0052652359009,3930228389
2641,4392,9.73148651468189,5.731486514681891,1.7314865146818912,-3.694686271208213,-0.8777975753658716,0.041682104779868466,0.8814085379936331,50.93299091544945,152.7498735915584,1.0548676331376472,1483.0052652359009,3930228389
2642,4393,6.2476503241534225,2.2476503241534225,1.5462462591200614,-1.6096266480866603,1.1296891736941728,0.04917588668718681,0.8944965410806527,56.89375435359702,137.70834738352892,0.898117818982777,1483.0052652359009,3930228389
2643,4394,7.5527560173818955,3.5527560173818955,1.6666925818914482,-5.442757283039294,-1.4427572830392932,0.047788823934692116,0.8893719092424333,50.117447965516924,149.72310173170627,0.9894524037575786,1483.0052652359009,3930228389
2644,4395,8.769870730949938,4.769870730949937,1.41727393682323,-3.3455133430983235,-0.953148078715355,0.07819881330971497,0.8986207829483511,43.45185801095034,130.17091178153964,0.9673158105994243,1483.0052652359009,3930228389
2645,4396,9.632010450455358,5.6320104504553585,1.6320104504553583,-3.7500844610629036,0.24991553893709595,0.05073431746723785,0.8922052434625727,49.81077319344346,149.0753331924106,0.9765333304505504,1483.0052652359009,3930228389
2646,4397,7.906327937349413,3.9063279373494133,1.4988453618594006,-3.2425943169784546,-0.45313587827128177,0.06691953161357847,0.900071674013609,46.4184158310089,137.89229693802253,0.9386667489670177,1483.0052652359009,3930228389
2647,4398,6.588477055530391,2.5884770555303906,1.5685404766881426,-1.6205985878850557,-1.019123538812037,0.05881572732529594,0.884229982283703,45.81726811065717,133.24142642142047,0.914682284604062,1483.0052652359009,3930228389
2648,4399,6.4042979591968745,2.4042979591968754,1.1852012558420317,-0.5351078677969388,1.1852012558420317,0.07026865741395846,0.8840149745478529,53.224011534158336,113.89547521697907,0.8415806591245947,1483.0052652359009,3930228389
2649,4400,9.390588949893106,5.390588949893106,1.3905889498931052,-5.698933266142571,-1.6989332661425718,0.08217504605257235,0.8803397866060786,39.5458204629314,118.62165212289837,0.9886875352483475,1483.0052652359009,3930228389
2650,4401,8.296610669235339,4.2966106692353385,1.3957318591298515,-4.835492655777885,-1.507824045821416,0.08139753979330758,0.8856748034578883,40.55051263155644,121.50005661151111,0.9717918517189936,1483.0052652359009,3930228389
2651,4402,7.2545983891477,3.2545983891477004,1.5383482033031106,-0.8115894067489149,0.3765798915994536,0.059907132852362335,0.8989956643284869,48.82733811537423,138.02803570574798,0.9107035684469431,1483.0052652359009,3930228389
2652,4403,9.47891773784019,5.47891773784019,1.4789177378401903,-3.6238837323753468,-0.2685597818228651,0.0694623787106298,0.8954201927789145,44.924825256333705,134.59083361217859,0.9347427724203734,1483.0052652359009,3930228389
2653,4404,7.232376248215465,3.232376248215465,1.3982194563575525,-2.491908495358847,-0.9052553582467555,0.08102237532403973,0.8933420480348165,41.910855163519706,124.08819455866893,0.9601718602291673,1483.0052652359009,3930228389
2654,4405,8.286015756997383,4.286015756997383,1.492136091031579,-3.06524431564672,-2.507863908968421,0.06783164890929032,0.8918814822251662,44.682725273980196,134.00879178179446,0.9285189282202376,1483.0052652359009,3930228389
2655,4406,5.759836495479055,1.7598364954790549,1.7598364954790549,-2.0926626310347105,0.7503052280668319,0.056896199523838786,0.8977898998759424,54.10647607581764,129.03404822679093,0.8451560762097966,1483.0052652359009,3930228389
2656,4407,5.678772691768173,1.678772691768173,1.678772691768173,-1.6140508578222987,-0.023492218189475222,0.0693297757385523,0.9000249212765551,49.53880345728911,128.33244013191552,0.8901171363858931,1483.0052652359009,3930228389
2657,4408,9.890017881871682,5.890017881871682,1.8900178818716822,-2.2860117335325127,-0.6065965054158693,0.029376705386139675,0.8833784200188739,56.99604214406272,170.91960192133405,1.2169436192257423,1483.0052652359009,3930228389
2658,4409,9.529541920910338,5.529541920910338,1.5295419209103382,-4.678556237103294,-0.6785562371032938,0.06305753737914503,0.8989814732180136,47.22231879483633,141.57583963063246,0.9448757658129072,1483.0052652359009,3930228389
2659,4410,6.208352989229419,2.208352989229419,1.1186465791032933,0.09837735480413512,1.1186465791032933,0.0753998005128495,0.8941753105857055,57.3062684887033,118.63272780889497,0.8742757100670797,1483.0052652359009,3930228389
2660,4411,8.061573994692594,4.061573994692594,1.4394461173891715,-2.372008503139464,0.5418305361021899,0.07049021553765465,0.8976443293103054,46.188667124003075,134.93646805905036,0.9409372574684767,1483.0052652359009,3930228389
2661,4412,2.8746914462068283,2.8746914462068283,1.5817572598176268,-0.8041643340491629,-0.8041643340491629,0.057161520251786835,0.8848126220062871,46.77228873638827,131.53100428905938,0.8967318950338595,1483.0052652359009,3930228389
2662,4413,9.75516790098666,5.7551679009866605,1.7551679009866603,-1.1291918759367576,0.7208057422415615,0.03759081104233618,0.8821262067703027,53.69752799303239,160.3497066424574,1.113207281951275,1483.0052652359009,3930228389
2663,4414,7.760066433732769,3.7600664337327685,1.495015621592048,-1.75412299845182,-1.75412299845182,0.06743411195216674,0.8859187042248367,43.76373338185507,130.62079656654473,0.924784304804598,1483.0052652359009,3930228389
2664,4415,9.05983884854787,5.05983884854787,1.479955601913418,-2.705389916386709,-2.0967191732069983,0.06944236498822015,0.8927159008679452,44.42655684915648,133.25736106093046,0.9309178608450523,1483.0052652359009,3930228389
2665,4416,9.377932775215104,5.377932775215104,1.3779327752151038,-1.2838185398804878,1.3779327752151038,0.04734111352319978,0.870011635042456,58.128557958416415,171.48902097841204,1.2522034028560767,1483.0052652359009,3930228389
2666,4417,6.894035161344144,2.894035161344145,1.2802942831313067,-1.0182787857098645,1.2802942831313067,0.058164128327455135,0.8818217103771132,56.370163807871755,127.00236720177514,0.8851053659373468,1483.0052652359009,3930228389
2667,4418,6.960566841898262,2.9605668418982622,1.6869250069758792,-4.588772855098465,-1.89610324054221,0.0458941156532458,0.8873419209388073,50.429776026009485,150.52121122544895,1.0037616611107651,1483.0052652359009,3930228389
2668,4419,9.47374961888272,5.473749618882722,1.4737496188827215,-1.635415588932574,0.8713640565990146,0.06015425966896022,0.8931206826102825,50.06426207900623,149.11507564923943,0.9905314803329363,1483.0052652359009,3930228389
2669,4420,5.8243333517844205,1.8243333517844207,1.8243333517844207,-5.105027753008238,-1.707696627212569,0.05163555569482303,0.9013413861898686,55.07679104644706,160.96246792048635,1.0448885427304966,1483.0052652359009,3930228389
2670,4421,9.650788230312608,5.6507882303126085,1.6507882303126082,-6.3492117696873915,-2.3492117696873915,0.04939091198143214,0.8962464563047787,50.85249465291923,152.55414617159173,0.991881206995697,1483.0052652359009,3930228389
2671,4422,1.7330253094546189,1.7330253094546189,1.7330253094546189,-1.5712109807170545,0.5284260504136649,0.08433816548535378,0.9088562111727608,52.69975741545453,118.60250915357113,0.9632496549993933,1483.0052652359009,3930228389
2672,4423,9.675940290623728,5.675940290623729,1.6759402906237293,-1.6483398279704735,1.2781395118524914,0.03479538838788207,0.8814221339744128,60.30034288234469,179.08820521865448,1.25062333988556,1483.0052652359009,3930228389
2673,4424,9.605563367412259,5.60556336741226,1.6055633674122598,-1.360351829844447,-0.4795125913233593,0.054101977976186794,0.8936669658072357,48.85930585581714,146.40290533636977,0.9585240120856542,1483.0052652359009,3930228389
2674,4425,8.043040245450388,4.043040245450388,1.6074836143908846,-2.2160295175396447,-0.7745443526795364,0.0539705110927681,0.8919844232719578,48.55933459216938,144.87149010331493,0.9521472865665667,1483.0052652359009,3930228389
2675,4426,9.590483860272377,5.590483860272377,1.5904838602723768,-0.4926345185932739,0.05917564991027002,0.05426680501419449,0.8995047401637635,50.842390365559076,151.66106764223915,0.9867027940338369,1483.0052652359009,3930228389
2676,4427,6.931817269422859,2.9318172694228593,1.5479456069732873,-3.227157974935259,0.772842025064741,0.05509318381151291,0.9028055567105877,52.34819015702779,142.36452679382523,0.9287619451490554,1483.0052652359009,3930228389
2677,4428,7.0459289373795055,3.045928937379506,1.616964581997416,-1.0879824396070201,-0.2456676534315161,0.052750062437797576,0.8867713465005707,48.108333679728574,138.297852696951,0.925310000476011,1483.0052652359009,3930228389
2678,4429,5.406229825160872,1.4062298251608716,1.4062298251608716,1.4062298251608716,1.4062298251608716,0.035721667389482126,0.8916782242390057,126.5692740998499,247.37215102878164,1.6468590501558087,1483.0052652359009,3930228389
2679,4430,9.523618072072145,5.523618072072144,1.523618072072144,-0.6868771778780014,-0.6868771778780014,0.06281594903259283,0.8951194655931255,47.06742993804141,140.69748690120966,0.9417260153429834,1483.0052652359009,3930228389
2680,4431,6.662793067320777,2.662793067320778,1.2251258740941426,-0.40339687359140775,1.2251258740941426,0.0643772137861854,0.891622492531644,56.93355841586347,123.99214940933305,0.8470461707200689,1483.0052652359009,3930228389
2681,4432,6.0628669908137525,2.062866990813753,2.062866990813753,-2.422575174138489,0.24172845119448194,0.03041912713495968,0.8806151743459858,60.17711817418771,158.67610445833,1.1463940275104187,1483.0052652359009,3930228389
2682,4433,7.9974723600127975,3.9974723600127975,1.4816732768692427,-0.5061499576572295,-0.5061499576572295,0.06729227821129995,0.8901712214670507,45.448905670372575,132.8422791587821,0.9227627186130841,1483.0052652359009,3930228389
2683,4434,5.625994860031133,1.6259948600311325,1.6259948600311325,-1.7087955542484337,1.0496026244826093,0.0682068959176296,0.8987464721849825,55.081378452155455,122.44189045969253,0.8456487097383492,1483.0052652359009,3930228389
2684,4435,8.359714304720102,4.491386495666866,2.089155066920559,-3.545270763575156,0.45472923642484453,0.01823484148080416,0.8845621296966613,65.03163549212864,192.25629091629227,1.4394872683109439,1483.0052652359009,3930228389
2685,4436,5.886089577897861,1.8860895778978608,1.8860895778978608,-2.854311841633907,1.1456881583660925,0.04133884794443658,0.8996078409520503,63.07898770575498,144.36990619476038,0.9481465355437566,1483.0052652359009,3930228389
2686,4437,6.518526880069082,2.5185268800690825,2.5185268800690825,-0.7370637677227823,-0.7370637677227823,0.00959797155377748,0.8839637235965493,80.22147668020779,223.10933671414224,1.7386220523057254,1483.0052652359009,3930228389
2687,4438,5.741194780460109,1.7411947804601096,1.7411947804601096,-3.3186217808277108,0.681378219172289,0.05946971333444689,0.9027723881141163,54.079482300610415,129.99607576528632,0.8583212665274805,1483.0052652359009,3930228389
2688,4439,5.651568491429737,1.6515684914297373,1.6515684914297373,-3.0019269505630177,0.9980730494369829,0.06626830814816495,0.9042606883291563,55.83763864378049,125.97503308837175,0.8608228149041931,1483.0052652359009,3930228389
2689,4440,6.660143679775703,2.660143679775703,1.3487875464365449,-0.4933215349934261,0.7703779199897729,0.0750286492904192,0.9032761956529418,48.998493948344894,110.59911329230633,0.8156994760270376,1483.0052652359009,3930228389
2690,4441,6.073463538697345,2.0734635386973443,2.0734635386973443,-1.9265364613026557,-1.9265364613026557,0.029722399409380602,0.9036533428543093,65.43927023871493,191.12034003551904,1.3052802264425591,1483.0052652359009,3930228389
2691,4442,5.492083198690639,1.492083198690639,1.492083198690639,-1.0332760292284378,-0.08290803300130922,0.09825282829438609,0.900097702749972,43.335123398191406,108.36276273653532,1.0618856409807251,1483.0052652359009,3930228389
2692,4443,9.55890394921463,5.5589039492146295,1.55890394921463,-2.44109605078537,-2.44109605078537,0.05950902284343981,0.8802463966597943,44.88617205935221,134.64529723288103,0.9475617608671143,1483.0052652359009,3930228389
2693,4444,5.955625104866988,1.9556251048669882,1.4270820640511517,-4.82870113303592,-2.5729179359488485,0.08254393127087048,0.9867519624105905,78.98139432618659,234.54491709489585,2.84491724690937,1483.0052652359009,3930228389
2694,4445,6.950192611879254,2.9501926118792543,1.4425419117968064,-1.021987080410685,0.8791533426308348,0.06290925813322355,0.8960823967084167,50.25949441353101,135.19712222276985,0.9051080103011556,1483.0052652359009,3930228389
2695,4446,6.837028078984677,2.8370280789846767,1.1704454813127887,-0.018361682897648057,0.7342864667317468,0.09180943212474464,0.8950874760309799,47.810762882515775,110.8394492789262,0.992217182377575,1483.0052652359009,3930228389
2696,4447,5.928566687041348,1.9285666870413485,1.9285666870413485,-3.64637308567756,0.3536269143224402,0.041083007384982974,0.8885768226549606,56.66444259282108,145.5684480309325,0.9767060520082518,1483.0052652359009,3930228389
2697,4448,5.84278309856827,1.84278309856827,1.84278309856827,-0.8364144245025613,-0.8364144245025613,0.04947159069397953,0.8911722343480357,53.97366336226041,143.93572570703003,0.945798420292099,1483.0052652359009,3930228389
2698,4449,9.43130994293482,5.43130994293482,1.4313099429348197,-1.461861825153024,-1.461861825153024,0.07607777225920218,0.8953450242781449,43.36401365280874,129.96714468516035,0.9512948253722325,1483.0052652359009,3930228389
2699,4450,9.534802784664528,5.534802784664527,1.5348027846645271,-2.1057191898811243,-1.1533193406345479,0.062412510518061404,0.8957101075828784,46.78366360758407,140.30148635029298,0.9367531814182003,1483.0052652359009,3930228389
2700,4451,5.726190036561694,1.7261900365616942,1.7261900365616942,-2.6820281545851943,0.6785445338636003,0.06124237631283345,0.902860414414126,53.60199481682861,128.61129489229148,0.8550739972001894,1483.0052652359009,3930228389
2701,4452,9.429630924115925,5.429630924115925,1.429630924115925,-4.019389997517415,-1.6576289557767239,0.07641147892812024,0.88429500735316,41.387190206400646,124.14495305971815,0.9509052617275064,1483.0052652359009,3930228389
2702,4453,2.334062801390287,2.2658860178210904,1.404815953845403,-0.7881682724438488,0.5307222007509285,0.07977458273205001,0.8993550834206497,45.55435813089439,111.92919275093882,0.8628306150646005,1483.0052652359009,3930228389
2703,4454,9.397459188891848,5.3974591888918475,1.397459188891848,-2.291623744585475,-0.2039790529917085,0.08087014651681382,0.9042061228418358,43.95075929092822,131.62488394596505,1.003505598323379,1483.0052652359009,3930228389
2704,4455,8.44605720373248,4.44605720373248,2.2710485249259986,-2.063488471029958,1.936511528970042,0.007160263095635401,0.9384349690257964,111.92193229992031,312.30162043774567,2.5365869317372454,1483.0052652359009,3930228389
2705,4456,10.201636372050537,6.201636372050538,2.2016363720505376,-0.9126550290304318,1.5869783329230822,0.01083902138320018,0.8732748977284361,76.62570887079703,228.03566420796207,1.8258161003521907,1483.0052652359009,3930228389
2706,4457,7.839602081656356,3.8396020816563556,1.7110172150058138,-3.0115419531928334,-2.288982784994186,0.04353886666283813,0.8993334497049122,53.61041493794561,160.6965850902884,1.048977622526237,1483.0052652359009,3930228389
2707,4458,7.16206676574996,3.1620667657499597,1.3734777710688626,0.48633537930471493,0.48633537930471493,0.06188372574349254,0.9151742640662608,68.74470573460705,152.01524386532915,1.0434197727499663,1483.0052652359009,3930228389
2708,4459,7.238340756032259,3.238340756032259,1.4149769221544553,-1.535037766844272,-0.27201742815453556,0.07830662216760383,0.8914601588832267,42.21396617752179,123.0229963673952,0.9328334647869028,1483.0052652359009,3930228389
2709,4460,6.496325145989401,2.4963251459894007,2.4963251459894007,-1.5036748540105993,-1.5036748540105993,0.010211675713278294,0.961828113733994,106.60053470413553,310.2166450278572,2.8457474946848498,1483.0052652359009,3930228389
2710,4461,8.229208053102468,4.229208053102469,1.428317849252562,-4.529996687253289,-0.5299966872532889,0.0765628593730902,0.8992673987546718,43.942533811937075,131.06312502549014,0.9590834397861508,1483.0052652359009,3930228389
2711,4462,9.521084592600335,5.521084592600334,1.5210845926003345,-5.173550257500227,-1.8391239468830094,0.06411930430794165,0.8846915961249224,44.38614187308412,133.14777561278885,0.9306136521242412,1483.0052652359009,3930228389
2712,4463,9.510346372605067,5.510346372605067,1.5103463726050665,-2.5135681067615523,-0.8327618663877812,0.06547402494270768,0.8987694467502696,46.53652653605587,139.5370668251156,0.94235130775251,1483.0052652359009,3930228389
2713,4464,5.565239863139309,1.5652398631393099,1.5652398631393099,-2.43476013686069,1.5652398631393099,0.05876333397797814,0.9699646936730787,106.84878352996247,213.6906652380396,2.1526658370466096,1483.0052652359009,3930228389
2714,4465,7.5986049013700185,3.598604901370019,0.9563611954014726,-4.388104341453044,-3.0436388045985274,0.16944408239670075,1.0000634492468259,160.0,479.8540706833218,6.85559809280016,1483.0052652359009,3930228389
2715,4466,5.534865157181542,1.534865157181542,1.534865157181542,-1.7750844850751828,0.6367084385913657,0.08738452012286209,0.9056217100537352,48.17082879519845,112.77662496018772,0.9519177260892244,1483.0052652359009,3930228389
2716,4467,5.657538777492487,1.6575387774924872,1.3493965726744943,-2.650603427325506,-2.650603427325506,0.10335022228338159,0.9995672132555972,129.54736982881104,380.8681750998093,4.437700736390621,1483.0052652359009,3930228389
2717,4468,5.63876721300632,1.6387672130063196,1.6387672130063196,-2.36123278699368,1.6387672130063196,0.05063086995381405,0.9193907701146506,83.16149284520878,166.31757209010502,1.136960331339062,1483.0052652359009,3930228389
2718,4469,10.064784911729376,6.064784911729375,2.064784911729375,-0.3537873300030818,-0.3537873300030818,0.01912463465753022,0.903346595031374,68.98743440264043,206.28601568838022,1.486897702112144,1483.0052652359009,3930228389
2719,4470,6.261292228123784,2.261292228123784,1.1616036709218673,-0.517106834056374,1.1616036709218673,0.0738588268136788,0.8777215517590924,50.97613075286099,108.14980889769276,0.8658487859384838,1483.0052652359009,3930228389
2720,4471,8.444830917713903,4.444830917713904,1.3382283529425407,-2.0946818407562393,-2.0946818407562393,0.0904024023413932,0.895943954693972,40.4739603460214,121.28542603421455,1.0409673061929285,1483.0052652359009,3930228389
2721,4472,5.82731325187123,1.8273132518712296,1.8273132518712296,-1.8773956374989373,1.193835815060818,0.045658761086883846,0.8906123960849637,60.56400827752523,136.08427887599623,0.8992984354920028,1483.0052652359009,3930228389
2722,4473,9.539622327617929,5.539622327617928,1.5396223276179282,-4.203094988870311,-2.1489284333604903,0.06182621961120031,0.8847353678739162,45.00067955924335,134.9964398996306,0.9332289012232873,1483.0052652359009,3930228389
2723,4474,4.152907723079961,4.152907723079961,1.5207802738863367,-5.970914575044483,-2.479219726113663,0.06415901462568965,0.8964640394337455,46.46689538365282,139.34328234430694,0.9367812438770401,1483.0052652359009,3930228389
2724,4475,5.5239658209697335,1.523965820969734,1.523965820969734,-1.0654769994241415,1.201247044156227,0.07569630762783784,0.9076965107984651,59.909659409960284,126.17796996530781,0.9294601722935318,1483.0052652359009,3930228389
2725,4476,6.052768924249669,2.0527689242496687,2.0527689242496687,-0.6004975842174836,1.6661874209299619,0.024791340969247313,0.9197616057530764,87.63116661556731,186.54451877182768,1.3683119523487086,1483.0052652359009,3930228389
2726,4477,5.921182479731151,1.9211824797311512,1.9211824797311512,-1.0894486823720793,-0.013342703818473689,0.041859334882939386,0.8973919272744105,58.07870834067806,152.3106231705486,0.9993364765101412,1483.0052652359009,3930228389
2727,4478,10.064097430306823,6.064097430306823,2.0640974303068234,-2.6453586535686426,-1.2865286286493518,0.019504227884733737,0.8844370639125789,63.82709122484474,191.46457157885553,1.4227659641989556,1483.0052652359009,3930228389
2728,4479,6.553500505156267,2.5535005051562667,2.5535005051562667,0.25910221772197684,2.2399515690635328,0.006324248814893372,0.9066977851552768,116.74258839685382,241.75545407205368,1.8692865065293605,1483.0052652359009,3930228389
2729,4480,8.274244592228634,6.431057641300518,2.431057641300518,-3.4017550625493302,-1.568942358699482,0.007527409634797772,0.9968198407697577,160.0,479.98949703925547,4.836877841985047,1483.0052652359009,3930228389
2730,4481,11.213256150316182,7.213256150316182,3.213256150316182,0.5922599670847011,1.5080838322567247,0.0006215446602460427,0.9096491817968397,128.05556639384756,380.3371004426228,2.857534113492858,1483.0052652359009,3930228389
2731,4482,8.187969635665858,4.1879696356658584,1.8271021078939766,-5.22738344822462,-1.2273834482246195,0.03384215485285017,0.9995791909114868,160.0,478.9092266182676,4.6755801659710325,1483.0052652359009,3930228389
2732,4483,6.987641380925096,2.9876413809250955,2.9876413809250955,0.4721803772540567,0.4721803772540567,0.0023217412797940126,0.9018588248926309,110.89699975934775,276.0427819723831,2.1416972769796456,1483.0052652359009,3930228389
2733,4484,6.236112196886122,2.2361121968861215,2.2361121968861215,-5.1204215956428705,-1.1204215956428714,0.020098960708531555,0.8993915803671156,71.26034242439354,207.12606251016592,1.481549799621323,1483.0052652359009,3930228389
2734,4485,6.85533553165325,2.85533553165325,1.4695259984957851,-1.1220854416733874,0.38991339703320804,0.06838850855044686,0.8950998070227603,45.76939085211197,126.72313437689192,0.8779057780760808,1483.0052652359009,3930228389
2735,4486,7.975711324893313,3.975711324893313,1.480097077828031,-2.519902922171969,-2.519902922171969,0.0694229728678352,0.8877507405389601,43.57921953142327,130.61137281974808,0.9285869345576753,1483.0052652359009,3930228389
2736,4487,8.28109082111707,4.28109082111707,1.4768967080146,-3.6633989777235083,0.3366010222764919,0.06798440475730545,0.9042085778361765,47.4006534188832,139.89490317910017,0.9601170742446427,1483.0052652359009,3930228389
2737,4488,9.41514949263348,5.415149492633479,1.4151494926334796,-3.265924807301765,0.7340751926982348,0.06968591243058923,0.9089841274023889,49.974233396208724,148.95688126410934,1.0384962906168733,1483.0052652359009,3930228389
2738,4489,6.572379481959234,2.572379481959234,1.6047670141783936,-4.166859772439778,-0.72196593160083,0.05483141676075235,0.8916063530601115,48.30017706561084,140.08895648437667,0.9232463453420465,1483.0052652359009,3930228389
2739,4490,7.646193182740305,3.646193182740304,1.492896576970377,-1.1791569718903878,-1.1791569718903878,0.06751845750248534,0.8840690600233787,43.50666137631079,128.652985644816,0.9210302571086574,1483.0052652359009,3930228389
2740,4491,6.168093743749074,2.168093743749074,1.3151539888458583,-0.6343055647933828,0.9366539728180534,0.07473274701717843,0.8957025560527679,49.45573142104966,104.75353073813238,0.7767004056344032,1483.0052652359009,3930228389
2741,4492,6.621714243037592,5.313059309559255,1.3130593095592549,-6.686940690440745,-2.6869406904407453,0.0945814809944006,0.9998077534991882,160.0,479.98956201289,4.955741766495306,1483.0052652359009,3930228389
2742,4493,9.56860744722835,5.5686074472283495,1.5686074472283498,0.6262843995019197,0.6262843995019197,0.04172214587358374,0.9163482192344066,78.70153267089596,228.21636678484742,1.5322509489877578,1483.0052652359009,3930228389
2743,4494,8.567621785129532,4.567621785129532,1.4408511969042819,-3.835904397878495,-2.5591488030957183,0.07481333976280888,0.895728781147953,43.69375335041088,131.06475764303391,0.947967990793911,1483.0052652359009,3930228389
2744,4495,9.99979387560221,5.99979387560221,1.9997938756022093,0.8051452365013763,0.8051452365013763,0.01681583267461501,0.9220240798472353,96.90179618898622,281.2858914178788,2.0692823607705177,1483.0052652359009,3930228389
2745,4496,6.226269361616694,2.226269361616694,1.3357929648404083,-0.6604047098446288,0.823355410420713,0.07664285121768531,0.8981438199228521,47.94952113700543,102.79457796106837,0.7768036132118045,1483.0052652359009,3930228389
2746,4497,6.344450973201063,2.344450973201063,1.2827412610975792,-0.4708930031853984,1.0103437125932473,0.07286163760768463,0.8993808619338161,52.19149112229178,111.51918421419526,0.8040752875030138,1483.0052652359009,3930228389
2747,4498,8.640218119673085,4.640218119673085,1.5311644056425162,-3.0897460256168836,-1.5839573053494271,0.0628643498672849,0.8897969388277546,45.59668779232487,136.70334510553235,0.9283822811527084,1483.0052652359009,3930228389
2748,4499,8.371868242286808,4.371868242286808,1.4035992421127432,-4.186676288299187,-2.105926927734375,0.08021906660623329,0.8861392033990981,40.87204823212462,122.56646425602844,0.9654988043750088,1483.0052652359009,3930228389
2749,4500,9.540415352506448,5.540415352506448,3.304549908912753,0.9082167207636074,2.4711769792791687,0.0003479046844074713,0.9362596214049184,160.0,375.59527473538117,3.0192670610329513,1483.0052652359009,3930228389
2750,4501,6.964509637451019,2.9645096374510187,1.6130502165741658,-4.112600943175447,-0.11260094317544689,0.05331209249926839,0.893289799870777,49.041284337786145,141.04248166682106,0.9236053608955848,1483.0052652359009,3930228389
2751,4502,6.4206421075028,2.4206421075028004,1.3403483035342385,-0.5224583892145702,1.3403483035342385,0.05154097191996665,0.8903611538667986,61.31886181553724,128.42665463982826,0.8478195099494145,1483.0052652359009,3930228389
2752,4503,7.009428096918338,3.009428096918339,0.9001761571279626,0.9001761571279626,0.9001761571279626,0.07158053085230778,0.8748346543789245,77.65512317476971,162.48195916055553,1.2234682723491364,1483.0052652359009,3930228389
2753,4504,6.508266602736315,2.508266602736315,1.157096746840751,-0.09888879010266982,-0.09888879010266982,0.10980629357745214,0.8459797222079075,33.56494099544393,79.67493273949333,1.5180655575170736,1483.0052652359009,3930228389
2754,4505,7.058435475049734,3.058435475049735,1.350700987925507,-0.44415722439801963,-0.00955266401292798,0.08441777006497148,0.8908056152913975,42.19433890833606,117.68036385184365,0.9590521624619766,1483.0052652359009,3930228389
2755,4506,6.044086126943487,2.044086126943488,1.3054291053161635,-0.410342856671738,0.6166624867667124,0.08670791944780906,0.8992472488847204,45.40823101585009,96.27378969012096,0.8323482310273919,1483.0052652359009,3930228389
2756,4507,6.149965157369534,2.149965157369534,1.4575772112467984,-0.22214871345320097,-0.22214871345320097,0.0709014080271948,0.8816348260978631,44.68645860691993,112.72688665897721,0.8506184391664026,1483.0052652359009,3930228389
2757,4508,10.981301378113,6.981301378113001,2.981301378113001,-1.5120492578167748,2.4879507421832248,0.0008759860852322113,0.921746198906445,141.62553739561497,413.3426224638755,3.126329127559614,1483.0052652359009,3930228389
2758,4509,6.388575367000806,2.3885753670008065,1.4294308110600622,-0.4805575196510432,0.6366898482841336,0.06954938961186743,0.9090649196537751,50.32795088506748,109.05363597489496,0.7790342702306612,1483.0052652359009,3930228389
2759,4510,6.191183018410712,2.191183018410712,2.191183018410712,-4.762320814310099,-1.8088169815892878,0.022447613787343626,0.8986050705373307,69.16152552016673,204.33157208257896,1.4428635961224132,1483.0052652359009,3930228389
2760,4511,9.501479416916272,5.501479416916273,1.5014794169162728,-2.498520583083727,1.5014794169162728,0.03601897191425157,0.9654031965053924,99.9137222523027,295.1862116503783,2.6044545709536924,1483.0052652359009,3930228389
2761,4512,6.439165065466426,2.439165065466426,1.3606538011260396,-0.4581108969237142,0.7689412341334877,0.0739707255264744,0.9057234285988718,49.85423629328543,108.79176480369308,0.7993790927476224,1483.0052652359009,3930228389
2762,4513,9.506362729840044,5.506362729840044,1.506362729840044,-0.06277981991456394,1.506362729840044,0.03482715232365615,0.9079948570857836,75.34291348344976,219.75150492036659,1.4709165864406875,1483.0052652359009,3930228389
2763,4514,5.773723677221889,1.773723677221889,1.773723677221889,-3.948448864737559,0.05155113526244115,0.05726513002008954,0.9332115146914952,61.23453730857213,159.86935105822246,1.215271209302133,1483.0052652359009,3930228389
2764,4515,6.270796652784931,2.270796652784931,1.3189819038995414,0.15863441509655907,0.15863441509655907,0.07967926300184215,0.8785871231805571,46.573432980690114,99.81237606218518,0.8539676450874469,1483.0052652359009,3930228389
2765,4516,9.621402497723341,5.6214024977233406,1.6214024977233408,-0.4591261439862666,-0.4591261439862666,0.05110887124323602,0.9175016360656232,55.91403578356125,166.95471292266524,1.1304784079202592,1483.0052652359009,3930228389
2766,4517,6.2079203837632075,2.207920383763207,1.353369517429281,-0.22398889392921495,0.39852285744154814,0.08101819112703174,0.8972441202257465,45.95217362145269,98.85924660457357,0.7908036932986475,1483.0052652359009,3930228389
2767,4518,6.268107125428228,2.2681071254282292,1.486419791916346,-0.34501407300152254,0.21878768637906232,0.06670835957279651,0.901661832175141,48.82682403662819,124.81481621858805,0.8531605284909554,1483.0052652359009,3930228389
2768,4519,6.185547141859712,2.1855471418597117,1.2886097777631915,-0.11133759340682325,0.5056384165648633,0.08636086794721311,0.8948206602936076,45.89484790915925,98.2676174035207,0.8454214081199947,1483.0052652359009,3930228389
2769,4520,6.352247817532639,2.352247817532639,1.4261023548184528,-0.4635631015993529,0.4787168699687785,0.07223634922589818,0.9043462556420176,48.05313297271954,123.4139317748182,0.8797450097153425,1483.0052652359009,3930228389
2770,4521,6.83621756052867,2.83621756052867,1.362809077916637,-0.07029745685001276,-0.07029745685001276,0.0782751913658795,0.8832933508510441,44.4755632251042,105.10622737822092,0.8481123071131991,1483.0052652359009,3930228389
2771,4522,5.623312789344431,1.6233127893444308,1.6233127893444308,-0.3799406579888076,-0.3799406579888076,0.07551711796286624,0.9007386132111943,49.49953295877539,120.10010102338546,0.8795699569545078,1483.0052652359009,3930228389
2772,4523,7.13040718513072,3.1304071851307187,1.566024777646081,-2.254044461429499,-0.33715657590180625,0.05864170954465693,0.8938125869135138,47.50537844225374,138.53785622689264,0.9161386470946933,1483.0052652359009,3930228389
2773,4524,6.399096242940104,2.3990962429401033,1.4842838714754094,-0.383514055064049,-0.383514055064049,0.06716485333841475,0.8842189568710254,44.95366263389236,119.13832671116218,0.8566833142273237,1483.0052652359009,3930228389
2774,4525,5.770123723532138,1.770123723532138,1.2936367251381127,-0.4403889505761678,0.7971809494538176,0.08875534419168697,0.8997648453483488,47.28402380974987,97.42232386406226,0.8635370865869405,1483.0052652359009,3930228389
2775,4526,7.935690735360141,3.93569073536014,1.7070427958824819,-3.155964209837413,0.07854135113588323,0.043726555349919316,0.8895872695776893,51.6864617834646,152.27442649209058,1.0106179341232748,1483.0052652359009,3930228389
2776,4527,9.814968415907023,5.814968415907023,1.8149684159070232,-0.1367417276041265,1.3461596459541973,0.02589299569094019,0.9244984606641582,77.54003603401418,228.7018031020305,1.6657386828377088,1483.0052652359009,3930228389
2777,4528,7.433153810307675,3.433153810307675,3.433153810307675,-1.7621067299746107,2.237893270025389,0.0004941556795443123,0.8857731041788334,131.86745023198088,323.05057581493605,2.5046938324186314,1483.0052652359009,3930228389
2778,4529,7.514091668435091,3.5140916684350914,1.4416954886929947,-0.6999368763221505,1.1758227763118012,0.05255265902248406,0.9075361554632052,60.43388957552502,147.5029284980613,0.966642984118544,1483.0052652359009,3930228389
2779,4530,7.010207873927952,3.0102078739279525,1.1902017044085063,-0.26263541880342234,1.1902017044085063,0.06828862005511745,0.9082497896826904,60.30038313035618,135.89132785065266,0.9436069481523146,1483.0052652359009,3930228389
2780,4531,5.731072801325396,1.7310728013253966,1.7310728013253966,-1.8559572008657257,-1.8559572008657257,0.0625790518156835,0.901358646433613,51.605535727871334,148.54603822123119,0.9883266972250624,1483.0052652359009,3930228389
2781,4532,6.180416105289847,2.1804161052898476,0.9998521340510982,0.9998521340510982,0.9998521340510982,0.05843583968582391,0.79675285967388,63.20102295575076,125.86410534849165,2.4707045443549083,1483.0052652359009,3930228389
2782,4533,5.6307125141641645,1.630712514164165,1.630712514164165,-0.6563771623119594,-0.07048250899308894,0.07540676272131433,0.9062211310924688,49.84841571291994,123.35118444252772,0.9056760338493323,1483.0052652359009,3930228389
2783,4534,6.7963494621594975,2.7963494621594975,1.3147815578222517,0.11652104670055441,0.3770890295212712,0.07887361742808953,0.9096809307589254,53.28197664977557,119.59118510173948,0.9187732133682244,1483.0052652359009,3930228389
2784,4535,6.491153524660776,2.491153524660775,1.4338868519862602,-0.29600340452152274,0.027532788157318633,0.07209181283990858,0.8924530400328082,45.765764919073376,120.38134484619923,0.8649522623106506,1483.0052652359009,3930228389
2785,4536,6.505974674939036,2.5059746749390364,1.1846206975327047,-0.22448400074549024,0.9457559558008487,0.08344650988179265,0.9178858794365576,55.52702038849818,119.41075331786959,0.996398801178032,1483.0052652359009,3930228389
2786,4537,7.25352498189358,3.2535249818935803,1.0549577101302998,0.2972907609465999,1.0549577101302998,0.07931418615047216,0.9387701057258262,75.27401768661481,165.4115102186692,1.4372294981119906,1483.0052652359009,3930228389
2787,4538,5.461365354777508,1.4613653547775078,1.4613653547775078,-0.8894257277662871,0.8645031740655091,0.09381299807224608,0.9112205942006091,51.09964202628661,111.69047982726211,1.039869927951486,1483.0052652359009,3930228389
2788,4539,6.453731030655206,2.453731030655206,1.3205870694053201,-0.25754131150545767,0.2632539155369378,0.0859064536273076,0.8959915896817874,44.19230675087435,98.94045413320913,0.8430657235944858,1483.0052652359009,3930228389
2789,4540,6.831119701284379,2.831119701284379,1.6181305976205533,-2.0014335931750575,0.8231706012431335,0.047963185790359894,0.891436220600298,52.40460682617802,140.65653187866624,0.9244143162868277,1483.0052652359009,3930228389
2790,4541,5.744805463662434,1.744805463662434,1.744805463662434,-0.7819547532458999,-0.4177473931759541,0.060518530744435015,0.9011833574338284,52.50027934779012,135.97979781488098,0.8994016197409614,1483.0052652359009,3930228389
2791,4542,6.321259711444378,2.3212597114443776,1.2881588832722175,-0.43734417546050053,0.6267633557610056,0.08663256743644072,0.9021925469824558,45.80783938952447,100.11899433100086,0.8570947230953814,1483.0052652359009,3930228389
2792,4543,6.568719975910848,2.568719975910848,1.087301539782736,-0.48157211876109174,1.087301539782736,0.08420021179186493,0.9062469135618745,54.58283188465071,118.67305208341742,0.9561749843225396,1483.0052652359009,3930228389
2793,4544,9.494520466292144,5.494520466292144,1.494520466292144,-4.549464054178575,-1.1113235945178856,0.06751936287626444,0.8871269499930726,43.932238934507794,131.75411798081234,0.9275754939331697,1483.0052652359009,3930228389
2794,4545,6.471163380302281,2.4711633803022814,1.6384386474019426,-0.524767256205978,-0.524767256205978,0.05062087117657046,0.8865017160674467,49.49115372859761,134.4290142796706,0.9002164728091594,1483.0052652359009,3930228389
2795,4546,7.110954548734258,3.110954548734257,3.110954548734257,0.06904807179623074,2.640504568759904,0.0012044091105321466,0.8852254065692969,136.1749278935338,294.70702198274864,2.312508961586838,1483.0052652359009,3930228389
2796,4547,3.74680919554398,3.6206743947072586,3.6206743947072586,-4.379325605292742,-0.3793256052927414,0.0003373257741143058,0.9423739932387981,160.0,471.6594999418532,3.716732923809883,1483.0052652359009,3930228389
2797,4548,5.8329925030290095,1.8329925030290097,1.8329925030290097,-2.140809808138484,0.6321508560546056,0.04971638541936868,0.8934306268667478,54.88085862162656,134.48269991754944,0.8790837290678178,1483.0052652359009,3930228389
2798,4549,6.895853461155788,2.8958534611557885,1.3377726965613053,-0.10186113914828843,-0.10186113914828843,0.08222899310636633,0.8900590486361397,44.70672630563449,106.63346057740097,0.8671041179484125,1483.0052652359009,3930228389
2799,4550,5.616070049920111,1.6160700499201113,1.6160700499201113,-2.1364359468868344,1.1699346213062403,0.06651823342826328,0.9028605498100045,58.88873125812493,128.11932675170112,0.874459466652575,1483.0052652359009,3930228389
2800,4551,5.477193280361464,1.4771932803614636,1.4771932803614636,-2.9867928804474317,1.0132071195525683,0.08760099305171817,0.9027629316492535,52.47187564641911,114.56692469384426,0.9623390633386757,1483.0052652359009,3930228389
2801,4552,8.057130634355474,4.057130634355474,1.455434413113338,-2.0477932227051765,-1.0136330757570091,0.07276680407105107,0.8943556158407502,43.9261432774635,131.22245694622825,0.9360796796926404,1483.0052652359009,3930228389
2802,4553,9.773351313566703,5.773351313566704,1.7733513135667038,-5.055369302956528,-1.893046969503701,0.03808525547729681,0.8780547860587075,51.81504772479094,155.4383436204304,1.1044829317889713,1483.0052652359009,3930228389
2803,4554,6.604348141960263,2.6043481419602625,1.3646487286612687,-0.32487301099494137,0.5743273320890393,0.07672734869863418,0.9067558533288268,48.66460438198151,109.09969918384681,0.824905980818439,1483.0052652359009,3930228389
2804,4555,6.694630270497154,2.6946302704971528,1.357467660797154,-0.989566107033022,1.357467660797154,0.049566178593902215,0.8819008098234107,59.79913242995142,129.4167494344804,0.8900801594636478,1483.0052652359009,3930228389
2805,4556,5.446265249029349,5.446265249029349,1.4462652490293482,-6.214950599618714,-2.2149505996187138,0.07405140845441158,0.8881443375449534,42.54955723969588,127.6424463126411,0.9388820088402545,1483.0052652359009,3930228389
2806,4557,5.835064642803582,1.835064642803582,1.835064642803582,-1.5103354749455242,0.9856427470714252,0.047328606176899914,0.894186443492332,58.003627598901915,134.74009583970394,0.8803984583579357,1483.0052652359009,3930228389
2807,4558,8.774445796705075,4.774445796705074,0.7744457967050745,-3.2255542032949256,0.7744457967050745,0.1474553416081635,0.771587723187995,23.126431893438294,68.3247700076732,4.449153915072345,1483.0052652359009,3930228389
2808,4559,9.590852497463919,5.590852497463919,1.5908524974639193,-2.130480066904506,-1.5354743436445264,0.05581906316065637,0.889788988321045,47.589870091581105,142.73791807029374,0.9472642316363026,1483.0052652359009,3930228389
2809,4560,5.833636395811795,1.8336363958117954,1.8336363958117954,-4.524194987580601,-0.5241949875806007,0.05063066362102235,0.8922846724178448,53.57653834363866,147.95165813075477,0.969032089910448,1483.0052652359009,3930228389
2810,4561,6.89617383760539,2.8961738376053896,1.4732197178215445,-0.13918773652881788,-0.13918773652881788,0.06536824731733798,0.8897864440798733,47.74191612926389,112.22750962605002,0.7805322449270107,1483.0052652359009,3930228389
2811,4562,6.441728341325,2.4417283413249997,1.5189058785031242,-0.521505818721248,-0.17224834004605594,0.06353270241206406,0.8899599094481496,46.412885090922835,124.3941214583966,0.8507406878177163,1483.0052652359009,3930228389
2812,4563,8.111318609952578,4.111318609952578,1.5153979353190277,-4.820102806255257,-1.845982798331983,0.06483573042270384,0.88718726304221,44.6290969700788,133.75690987568478,0.9269445849829865,1483.0052652359009,3930228389
2813,4564,8.411104848384962,4.411104848384961,1.5040324059112407,-5.388160575647822,-1.3881605756478215,0.06628643679837846,0.8816171853294876,43.32794119864323,129.82064835520464,0.9351541254200934,1483.0052652359009,3930228389
2814,4565,11.537684660557009,7.537684660557009,3.5376846605570083,-0.46231533944299175,-0.46231533944299175,0.00020168885174722082,0.9479742914797648,160.0,479.8328262007123,3.8498306751798865,1483.0052652359009,3930228389
2815,4566,9.478095427593185,5.4780954275931855,1.4780954275931855,-2.168534521046554,0.27625959353734864,0.06821604068012307,0.9030021421110633,46.992295804134095,140.53687753582642,0.9642333080342896,1483.0052652359009,3930228389
2816,4567,5.696021198877652,1.6960211988776521,1.6960211988776521,-3.6945731952356065,0.30542680476439377,0.06659608291553101,0.9035294569570029,51.211048401001484,128.69864061965254,0.8792738725312745,1483.0052652359009,3930228389
2817,4568,9.632123826817557,5.632123826817557,1.6321238268175569,-5.406872931360306,-1.4068729313603054,0.05132668885288462,0.8871313311293243,48.51461341910395,145.52245066256955,0.9698348876199974,1483.0052652359009,3930228389
2818,4569,5.779744984909448,1.779744984909448,1.779744984909448,-3.0700321712646383,0.40270329866193233,0.05614014974153443,0.9007239786852564,53.78094653780179,134.9249981910768,0.8811804934125378,1483.0052652359009,3930228389
2819,4570,6.727613852120206,2.7276138521202062,1.2583043614367948,-1.9844558954945988,1.2583043614367948,0.06095654408662701,0.8634491121088276,51.665506002301306,131.0792127009889,1.074782950478904,1483.0052652359009,3930228389
2820,4571,6.816013178772124,2.816013178772124,1.3949494258732822,-3.3661211116459144,-0.32308498535781327,0.08144158860550428,0.8999061239424677,43.01112031802925,124.01715953943241,0.9569157305656112,1483.0052652359009,3930228389
2821,4572,5.681103000652328,1.6811030006523284,1.6811030006523284,-3.5608123211836187,-0.24417238469785008,0.06911551490175868,0.8982755762490939,49.195045171961524,131.06538433652287,0.9070348561764852,1483.0052652359009,3930228389
2822,4573,6.4023127579262376,2.402312757926238,1.5852465271165541,-0.7165151479612937,0.25812097785119237,0.05628368248764607,0.8983386740635688,49.83958087101318,132.0747655752794,0.8633099484872314,1483.0052652359009,3930228389
2823,4574,6.262691224331746,2.2626912243317467,1.3220865000845994,-0.8802733274014234,1.0811106344272954,0.06720235351342245,0.8928423906338325,52.436726429628436,127.19723825029044,0.8786696484009447,1483.0052652359009,3930228389
2824,4575,6.267777612054129,2.267777612054129,1.331316610107502,-0.6918671478264642,0.6582521296016555,0.08193092469545621,0.8988851072211779,45.46967538929155,115.20071083375592,0.9046919804017769,1483.0052652359009,3930228389
2825,4576,6.71897420009164,2.7189742000916404,1.399001115048723,-0.16727790106726892,0.20494826558102353,0.07428739687294089,0.8960049775658258,46.968183868394966,107.81442284476373,0.7928052531956931,1483.0052652359009,3930228389
2826,4577,6.498727186826128,2.4987271868261276,1.4355326600015987,-0.4547080455175305,0.38416425415714506,0.07142304608805136,0.9029677637738978,47.64799706992432,125.07977754249183,0.8835239534893115,1483.0052652359009,3930228389
2827,4578,6.987146236369327,2.987146236369327,1.425664761157793,-0.11120268542205247,-0.11120268542205247,0.0707820084833392,0.8859674026389763,46.05723634991048,110.7515234132984,0.8153993399846212,1483.0052652359009,3930228389
2828,4579,6.853129493860069,2.8531294938600693,1.4600661924586111,0.017453125193579,0.017453125193579,0.06475487378278713,0.90078910174398,51.83102801094904,118.34094295543196,0.8013588948477077,1483.0052652359009,3930228389
2829,4580,5.691613653411579,1.6916136534115793,1.6916136534115793,-2.4219703208433216,0.9113911698400005,0.0630074995730863,0.9007270237339913,54.547627484497205,125.62938421532111,0.8411481294889802,1483.0052652359009,3930228389
2830,4581,9.578122549476115,5.578122549476115,1.5781225494761144,-1.7005297779663429,-0.11095425099200207,0.0571030906358576,0.8958922777395366,48.368422371176656,144.87784395580434,0.9502327907343471,1483.0052652359009,3930228389
2831,4582,5.896796301654175,1.8967963016541747,1.8967963016541747,-2.968212268621829,-1.476355018914726,0.04422942374860935,0.9007622276888236,57.729386479158414,167.82795707758592,1.0939594172517721,1483.0052652359009,3930228389
2832,4583,6.955509891536847,2.955509891536847,1.382998832037927,0.06095317810006584,0.06095317810006584,0.07307939081505356,0.8869656592547721,47.753017032612725,112.81231376254853,0.8401361303863618,1483.0052652359009,3930228389
2833,4584,9.410004852432929,5.4100048524329285,1.410004852432929,-6.032035769452925,-2.589995147567071,0.07926912453271569,0.8913331856610531,41.93405004123252,125.79939330962388,0.9597238005353959,1483.0052652359009,3930228389
2834,4585,6.639339930591862,2.639339930591862,1.4997639360729689,-0.3578188548777945,-0.015220540570954011,0.064234520520193,0.8953567260420968,47.79683651547901,128.37670795496382,0.8673652746294929,1483.0052652359009,3930228389
2835,4586,6.7217099132133775,2.7217099132133775,1.480638870748271,-0.30180722586962805,-0.30180722586962805,0.06621125453353836,0.8903620672375279,46.585857775781804,126.03867134195697,0.8724705419884665,1483.0052652359009,3930228389
2836,4587,6.5514022345307685,2.5514022345307685,0.9588421468391708,0.6932602222453257,0.6932602222453257,0.08721168268394018,0.9302548996025441,86.50274152888375,174.89062998878012,1.4891076702840356,1483.0052652359009,3930228389
2837,4588,8.292361488023074,4.292361488023074,1.6143556619622847,-3.8350198543642167,-2.0532907808797916,0.05322509526537815,0.8918460234640786,48.76820253516236,146.23000600953054,0.9604784287968051,1483.0052652359009,3930228389
2838,4589,5.704546546867375,1.7045465468673748,1.7045465468673748,-1.8954411147178034,0.9550258892769341,0.06095843811933192,0.8988221072632605,55.10782985580157,126.19043224532294,0.837350252887533,1483.0052652359009,3930228389
2839,4590,6.350049849060159,2.3500498490601593,1.1847849980523457,-0.21836426433762313,0.5280488221209209,0.10055098451102372,0.8961968749277163,43.215883086932614,95.61126115622795,1.0163941066631088,1483.0052652359009,3930228389
2840,4591,7.224236642238683,3.224236642238684,1.3260363086665807,0.2958517066369626,0.2958517066369626,0.07347055341389178,0.9015361271862119,55.94342521778505,132.027387926889,0.9417700763241952,1483.0052652359009,3930228389
2841,4592,6.748584341867658,2.748584341867658,1.3844995995184073,-0.12033287450403884,0.19185672631182182,0.07556223480461234,0.8970655994019044,47.33401929598857,108.87009840884411,0.8083169485527864,1483.0052652359009,3930228389
2842,4593,9.577211637965123,5.577211637965122,1.577211637965122,-5.020997706631638,-2.4227883620348782,0.05737341779504058,0.8899667889075394,47.16037110082292,141.4779229187577,0.9416964694443186,1483.0052652359009,3930228389
2843,4594,8.441225079845314,4.441225079845313,2.646964698045755,-4.684178157009409,-0.6841781570094096,0.004060992312924725,0.8945309906095879,91.17710481213003,272.57961558090074,2.0982097634159613,1483.0052652359009,3930228389
2844,4595,6.5867008389462836,2.586700838946284,1.3435287905308244,-0.25247475186821244,0.7219611472191729,0.07549800514087444,0.9117863660710562,51.5733925476612,113.78703072221701,0.8597954588289787,1483.0052652359009,3930228389
2845,4596,6.778488324565666,2.778488324565666,1.3660197827979572,-0.4294647513126837,1.3660197827979572,0.04824489137174502,0.9101409516671141,67.97616547745251,144.8739387149035,0.9561563888820224,1483.0052652359009,3930228389
2846,4597,9.765203255153104,5.765203255153104,1.765203255153104,-1.164870794651176,-0.6165278124755562,0.03868734827601626,0.8809461561784921,52.119765147821376,156.1785379840868,1.0888555659639012,1483.0052652359009,3930228389
2847,4598,5.738419959114516,1.7384199591145164,1.7384199591145164,-3.1860710681543596,0.8139289318456407,0.058774112014426685,0.9105691968117198,56.911750107249254,134.08771868511985,0.8989433116224157,1483.0052652359009,3930228389
2848,4599,7.5897930401162474,3.5897930401162474,1.4158301332109566,-5.908635198560448,-1.9086351985604488,0.07841238238553312,0.8895615621153203,41.82733513596475,125.2303777380804,0.9536322348034754,1483.0052652359009,3930228389
2849,4600,6.591350916607484,2.5913509166074844,2.5913509166074844,-0.6276370844252601,1.1278821288071692,0.007740048930914949,0.8639685783260473,79.96139554692715,200.16258995245687,1.7739206187090886,1483.0052652359009,3930228389
2850,4601,11.207983245553278,7.207983245553278,3.2079832455532777,-4.142335338996346,-0.14233533899634576,0.0006683462297803685,0.8792932649383843,115.07744360953505,345.20437814665405,2.680650375707216,1483.0052652359009,3930228389
2851,4602,9.223214129303107,5.223214129303108,1.223214129303108,-3.57683070356768,0.42316929643232026,0.10303598591457097,0.8893852632572729,38.30632667208745,114.28855970390248,1.192376802183747,1483.0052652359009,3930228389
2852,4603,5.66704704822844,1.66704704822844,1.66704704822844,-0.847604028743465,-0.847604028743465,0.07072319266426436,0.8998250098198157,49.350474566003086,129.58696193001077,0.9068632633170737,1483.0052652359009,3930228389
2853,4604,2.7193358503044847,2.070246643291755,2.070246643291755,-1.955447364018208,1.2442848929525547,0.029027301876364354,0.8852149805360132,66.24192325894371,149.8554260933646,1.073644716666966,1483.0052652359009,3930228389
2854,4605,7.14666556956164,3.14666556956164,1.562268556004718,-4.725594288080397,-0.7255942880803967,0.05912439003624826,0.889042859645359,46.49890711412179,137.03491925195164,0.9203161801991885,1483.0052652359009,3930228389
2855,4606,9.655076945596335,5.655076945596334,1.6550769455963341,-3.5017949561942228,-0.2231884291093309,0.04890312961099419,0.8916405691150228,50.15602025111029,150.30157451749562,0.9859966940444287,1483.0052652359009,3930228389
2856,4607,9.42243372602266,5.42243372602266,1.4224337260226598,-3.069183107779023,0.41088128145447356,0.07430478679525555,0.8980665078755945,44.94098649273925,134.27124856900963,0.9626827579183244,1483.0052652359009,3930228389
2857,4608,5.67142431595452,1.6714243159545203,1.6714243159545203,-0.8947628476111449,1.6714243159545203,0.0472874995818617,0.8919849243834591,76.17213879924348,152.26529352908844,0.9988152933419108,1483.0052652359009,3930228389
2858,4609,9.60464947169522,5.60464947169522,1.6046494716952198,-1.3886279727333013,-1.3886279727333013,0.054223806660383976,0.8873456293952727,47.66630122676399,142.87465705869062,0.95429373166043,1483.0052652359009,3930228389
2859,4610,6.919936681950691,2.9199366819506913,1.5368623202397655,-2.4487868209375856,-0.0018314329265427531,0.06190416976672686,0.8950729760371416,46.88471658486435,133.8835002167137,0.8941180588487443,1483.0052652359009,3930228389
2860,4611,5.827515818400027,1.8275158184000266,1.8275158184000266,-1.835993811674394,-0.2323250988601837,0.05127251953141737,0.8976002488808562,54.43498892848803,146.32136482543433,0.9503561078108828,1483.0052652359009,3930228389
2861,4612,6.8672594398387385,2.867259439838739,1.3528237551820708,-0.08601165247549503,-0.08601165247549503,0.07988848419480073,0.8919832707200326,45.673928334069416,107.86745463859631,0.8473715258512899,1483.0052652359009,3930228389
2862,4613,6.448655175929552,2.4486551759295514,1.466653022587979,-1.496604235107971,0.9714907401794017,0.058731394574628615,0.8911469240680737,51.321558757722784,130.16880984324615,0.8682672755692855,1483.0052652359009,3930228389
2863,4614,7.1565806008417185,3.1565806008417194,1.360946603932722,-3.6338451146858084,-0.922228693679082,0.08676613994377294,0.8958305684576771,41.16440098555671,121.7848239761038,1.0010957168302752,1483.0052652359009,3930228389
2864,4615,8.235614944324958,4.235614944324958,1.5439664461322922,-6.182690174695327,-2.182690174695327,0.06129815803924231,0.8925573557357521,46.51818318951861,139.49163427538065,0.9331285017905663,1483.0052652359009,3930228389
2865,4616,6.594813759075704,2.5948137590757034,2.5948137590757034,1.7084001248517482,1.7084001248517482,0.004197451806654195,0.8629693101680286,143.1235326098389,284.19370397948717,2.3783930439479595,1483.0052652359009,3930228389
2866,4617,6.12023090748986,2.120230907489861,1.2233383341624633,-0.5030306466115062,0.9329321336558478,0.08358280508281607,0.8952322165946165,48.41698052600711,102.31003289537881,0.8410619667159728,1483.0052652359009,3930228389
2867,4618,5.710963781033662,1.7109637810336626,1.7109637810336626,-2.590418234219863,1.409581765780137,0.051463826454061216,0.88826456916761,64.2487108397389,136.1856257105171,0.9050258114579719,1483.0052652359009,3930228389
2868,4619,3.1348822267081013,1.664644792397088,1.664644792397088,-2.9021022617976135,1.097897738202387,0.06302991950803132,0.8989027670799086,56.959977285317756,125.8084300912731,0.8425037307984686,1483.0052652359009,3930228389
2869,4620,7.335617668343212,3.335617668343212,1.6899434145674173,-1.3508399320585998,-1.3508399320585998,0.04547681237715507,0.8848544939588022,50.148546646869086,148.10378345992254,0.9992952272443747,1483.0052652359009,3930228389
2870,4621,8.113384929744914,4.113384929744914,1.483431784785303,-2.3382492608719927,-0.6185677915263237,0.06896345348805587,0.8997916952446952,45.84294927897968,136.6905581229841,0.9421823198134096,1483.0052652359009,3930228389
2871,4622,5.767022230270617,1.7670222302706167,1.7670222302706167,-1.8993978309504196,1.4309994861188027,0.04643929018871633,0.9026361871135158,69.38343983773116,147.94052829952972,0.9627483085671227,1483.0052652359009,3930228389
2872,4623,2.0525050886133474,2.0525050886133474,1.5622512341600285,-0.7808203650817016,-0.39095528623161546,0.07387941046641444,0.8938347846759778,46.46847463904842,118.4971598944655,0.8624762028425516,1483.0052652359009,3930228389
2873,4624,9.472257335582665,5.472257335582665,1.472257335582665,-3.081191709424969,-0.4453121606995891,0.07042927996092672,0.8970900746993753,44.979241507236466,134.79753205900104,0.9401014668891843,1483.0052652359009,3930228389
2874,4625,1.6429639914236958,1.6429639914236958,1.6429639914236958,-1.6389947030743832,1.2192839337602384,0.0903062182630925,0.9045859067556359,58.94410056318451,115.96963105745024,1.0059917909459601,1483.0052652359009,3930228389
2875,4626,6.484872090651356,2.484872090651356,1.5427099155565753,-2.7267733945817745,0.43715566702652864,0.06020008671207662,0.8970752668388517,48.31641762370741,130.16241975797124,0.8617487211076534,1483.0052652359009,3930228389
2876,4627,6.7611308800272365,2.761130880027236,1.3914831561135874,-0.13158428147531054,0.2129916698118517,0.07472373167502253,0.897900862708733,47.587744675698346,109.55332561773781,0.8056014050025462,1483.0052652359009,3930228389
2877,4628,5.581176220853447,1.581176220853447,1.581176220853447,-2.475118776533809,0.806208078486544,0.0783207871811201,0.9030387660459034,50.768121632681776,116.82448948831006,0.8829275351264031,1483.0052652359009,3930228389
2878,4629,5.750743817702026,1.7507438177020258,1.7507438177020258,-2.287469480941163,0.2592138825010839,0.05980698482059463,0.8942485331144159,51.181022562881104,130.1420567604785,0.8641848238943942,1483.0052652359009,3930228389
2879,4630,6.6623762897569705,2.6623762897569705,1.3663038570542152,-2.375613474237583,0.5200698217782288,0.08034732605107488,0.8958840078190565,43.740613786926836,118.78178614690762,0.9151403208288074,1483.0052652359009,3930228389
2880,4631,6.66450645064665,2.66450645064665,1.6062597276351864,-5.325178077987247,-1.7911457052227249,0.05445715370195442,0.8937880138327385,48.78846754305544,145.09848177299415,0.9502964601514893,1483.0052652359009,3930228389
2881,4632,7.108663794386693,3.1086637943866933,1.2822750267697929,-3.637514527777406,0.36248547222259375,0.09498223550857299,0.893342314296875,40.00279748224233,113.21560893696446,1.0531929415516053,1483.0052652359009,3930228389
2882,4633,6.411320216488523,2.411320216488523,1.238483011850929,-0.7176380204526507,1.238483011850929,0.06356471725581095,0.8905809168866912,56.662998877970786,120.12524835665965,0.8213185149649641,1483.0052652359009,3930228389
2883,4634,6.662056275243654,2.6620562752436543,1.4524176396606985,-0.28394930660008577,0.06818892153771894,0.06925430473289658,0.8969761196132696,47.330499583660334,126.26565663321534,0.8776700015095658,1483.0052652359009,3930228389
2884,4635,9.52158639592841,5.52158639592841,1.5215863959284102,-2.185112401294284,-2.185112401294284,0.06405394056871483,0.8892887160947498,45.19033197055884,135.54557915160498,0.9274462029078965,1483.0052652359009,3930228389
2885,4636,6.760212910862574,2.7602129108625735,1.546624458995647,-2.047194570611196,0.4709206830748984,0.0589467335398315,0.8951231536051192,48.30038114100831,132.67211303240754,0.8766780461844518,1483.0052652359009,3930228389
2886,4637,6.5225926641321745,2.5225926641321745,1.4955748824910828,-0.6988946954945936,0.5831196042718801,0.06322912435305458,0.9066911853733666,50.39280242098813,132.3754183526205,0.8926275483890959,1483.0052652359009,3930228389
2887,4638,6.37381420117583,2.37381420117583,2.37381420117583,1.0095974973813888,1.0095974973813888,0.011216348719302344,0.9129405803755758,109.19736764580975,217.88156222392914,1.6711260186121795,1483.0052652359009,3930228389
2888,4639,5.538177588669849,1.538177588669849,1.538177588669849,-4.079675954681709,-0.07967595468170918,0.09066773942137357,0.9068130688662402,45.95485113694129,118.62816968297608,1.0316642917508336,1483.0052652359009,3930228389
2889,4640,8.154428227879318,4.154428227879318,1.345971318612878,-6.654028681387122,-2.654028681387122,0.08915576813117095,0.8991604811462627,41.28046825615154,123.81353667220851,1.0396518572820823,1483.0052652359009,3930228389
2890,4641,7.055875607089916,3.0558756070899156,1.341367462468993,-3.1910727317956855,-0.8190338978210565,0.0899007902312668,0.9867605481586124,76.07527812976758,224.20766479834862,2.860243114624641,1483.0052652359009,3930228389
2891,4642,5.681205825790816,1.6812058257908156,1.6812058257908156,0.909927743821098,1.6812058257908156,0.03593276582111264,0.9321345846636202,114.88433674036719,227.80476455204249,1.6675029818442744,1483.0052652359009,3930228389
2892,4643,5.691209963472405,1.6912099634724052,1.6912099634724052,-2.2737208392664656,0.6471581521439518,0.06570766438940388,0.9031477322434838,52.345928764316774,125.49207178380402,0.8536552868010131,1483.0052652359009,3930228389
2893,4644,6.8286367208028524,2.8286367208028524,1.6297377107945425,-3.130210572746912,-0.367313921641228,0.05170571472041198,0.881185398406441,47.38791510431732,136.9427721282675,0.9433934573027711,1483.0052652359009,3930228389
2894,4645,7.137423063479935,3.137423063479935,1.558312265599949,-2.2876379373341713,-1.0807024823404188,0.0595950187149803,0.8932134462242414,47.115240500045985,139.61244074838856,0.9269878721166758,1483.0052652359009,3930228389
2895,4646,7.223486300396905,3.223486300396905,1.7916559239764538,-4.395573526641186,-1.2057825582480757,0.03661846352501033,0.8770233161288279,52.28223525395629,155.44230053506138,1.1173708098692177,1483.0052652359009,3930228389
2896,4647,6.391028427288108,2.3910284272881084,1.4412431506320351,-2.2146138339121775,-0.14220955062863205,0.07534930691032109,0.8921311577371366,43.07238276641762,120.31082042889629,0.8890817518546928,1483.0052652359009,3930228389
2897,4648,7.185895308030134,3.185895308030134,1.3760277503624447,-1.912064904962286,0.3195819851358963,0.08160646017813852,0.8969410989022039,42.968400370007984,122.3399858606195,0.9490788895321001,1483.0052652359009,3930228389
2898,4649,6.589537864216871,2.5895378642168714,1.580377534960265,-0.008518452163645884,-0.008518452163645884,0.052650310328383604,0.9297593558355842,62.40858132100764,132.58437050945463,0.9977041966208862,1483.0052652359009,3930228389
2899,4650,6.666146019950249,2.666146019950249,1.5439342919018388,-0.2189954262411129,-0.2189954262411129,0.058274856251875715,0.900988356560619,51.22544698651751,136.61753018007488,0.8969735545234934,1483.0052652359009,3930228389
2900,4651,8.705981774331317,4.705981774331317,1.5010966470736289,-5.0361720512466235,-2.233299541766634,0.06666527105005536,0.8891080748343292,44.48816007939565,133.44089309321893,0.9267597465893183,1483.0052652359009,3930228389
2901,4652,5.55655065400011,1.55655065400011,1.55655065400011,-2.4434493459998903,1.55655065400011,0.05978859877529399,0.8891090093173692,69.47358975455512,138.94150179093566,0.9343982649773097,1483.0052652359009,3930228389
2902,4653,2.4242478032291874,2.4242478032291874,1.4612685454284666,-0.13012811870025365,0.18747577489456435,0.07012048711598921,0.9137657015051648,52.68788994592267,128.1010575684675,0.9226349491447329,1483.0052652359009,3930228389
2903,4654,5.7389167767185505,1.738916776718551,1.738916776718551,-0.7040092968716585,-0.17409339659744627,0.06111570802302948,0.922196636682155,57.35656681270121,145.52642186516374,1.0390562301578594,1483.0052652359009,3930228389
2904,4655,9.531230324039758,5.531230324039758,1.5312303240397578,-0.9654923244436653,0.5075726645964471,0.05992439505594031,0.9004588812175418,49.314193957507364,147.14675890095194,0.9697884667730958,1483.0052652359009,3930228389
2905,4656,6.415039019837447,2.4150390198374474,1.316444029589314,-0.5624152076067783,0.842349438648901,0.07687242964670285,0.9027249623670086,49.27230549770458,107.43515108131926,0.8094154156211968,1483.0052652359009,3930228389
2906,4657,7.52314493308803,3.5231449330880302,1.4915027815305923,-0.017443905494378242,-0.017443905494378242,0.06163977043449302,0.9025963601692328,52.52179927848667,133.11131000317505,0.8854461853734507,1483.0052652359009,3930228389
2907,4658,9.231260862847297,5.2312608628472965,1.2312608628472965,-4.3898427680426995,-1.504385423167236,0.10911249162212026,0.879613471149905,34.6848407758546,104.02786009350194,1.2775592723260276,1483.0052652359009,3930228389
2908,4659,9.501171643568057,5.501171643568057,1.5011716435680569,-3.767575952976097,-1.0898278451090673,0.06665507670687625,0.8819164890336503,43.28143913875106,129.80119532278442,0.9352173865002477,1483.0052652359009,3930228389
2909,4660,9.585218443335714,5.585218443335714,1.585218443335714,-5.70514000882023,-2.414781556664286,0.05645835554812683,0.9095690732264607,51.27585551204329,153.82422518590286,1.0184361076372,1483.0052652359009,3930228389
2910,4661,5.775131309721585,1.7751313097215853,1.7751313097215853,-6.224868690278415,-2.2248686902784147,0.05720446705441496,0.9067944392044254,54.39865511521725,160.41764009114425,1.0557816304226237,1483.0052652359009,3930228389
2911,4662,7.62889156353101,3.6288915635310093,2.191261908021691,-1.2242580512327845,-1.2242580512327845,0.014215006252802085,0.8743928860612603,66.91026088954092,197.99284037786833,1.582900634630435,1483.0052652359009,3930228389
2912,4663,9.554879790409515,5.554879790409516,1.554879790409516,-3.91563496944302,-2.445120209590484,0.059987350404065005,0.9231654835873239,53.33987078422717,160.01601432828764,1.1361575206841994,1483.0052652359009,3930228389
2913,4664,9.520032101435785,5.520032101435786,1.5200321014357856,-3.0958153101707158,-1.3119709565984787,0.06425136479892225,0.88898890210495,45.085536344087586,135.2273232019324,0.9272469402250083,1483.0052652359009,3930228389
2914,4665,5.567420864546011,1.567420864546011,1.567420864546011,-2.583520203136475,0.09320636556814765,0.08564551146999881,0.904292522815017,46.59781794214188,118.27187125604357,0.9659583016859182,1483.0052652359009,3930228389
2915,4666,6.370292454464295,2.3702924544642947,1.543501455722743,-1.980446635552175,-0.34859829771732365,0.06257431481056944,0.8901792035708791,45.91525758300777,129.56840895177672,0.8797791342325253,1483.0052652359009,3930228389
2916,4667,6.1713833639286655,2.1713833639286655,2.1713833639286655,-2.530792532372737,-0.7287924144867821,0.02355419697402906,0.8854075881057488,65.4360777212652,186.5950824566043,1.3511165035683317,1483.0052652359009,3930228389
2917,4668,6.260347369504419,2.2603473695044194,1.309033928075726,-0.5727103274123597,1.0662917967233425,0.0685671661126791,0.9040458001205667,54.84321468149857,115.33290196366909,0.8038543763050249,1483.0052652359009,3930228389
2918,4669,8.042621287120719,4.04262128712072,1.5630322112835013,0.18759591947843268,0.18759591947843268,0.05125770785040494,0.9358281243243387,68.58311260414986,175.10343817927827,1.3340526163624236,1483.0052652359009,3930228389
2919,4670,5.226078953702563,1.226078953702563,1.226078953702563,-1.7926477691677474,-1.7926477691677474,0.15511317986609002,0.8448266398915607,27.01652178828869,75.47334880676988,2.6620191157552626,1483.0052652359009,3930228389
2920,4671,7.288775360389278,3.288775360389278,1.3498866428359753,-3.1071983556353064,0.8928016443646934,0.07188854968400987,0.8828523078269683,46.139701415509016,127.76114836920027,0.9479953792654938,1483.0052652359009,3930228389
2921,4672,6.69454409161763,2.6945440916176304,1.4619850659695484,-2.655256214966517,0.7972160652729351,0.06333852374187973,0.8931784667018886,48.63285455419065,129.22285310513118,0.8728957103048681,1483.0052652359009,3930228389
2922,4673,9.952363079727336,5.952363079727336,1.952363079727336,-4.7076219532675445,-0.7076219532675445,0.02544731075234781,0.9647992161121572,84.90578152584942,254.64258518051187,2.3921119967095956,1483.0052652359009,3930228389
2923,4674,6.880571190550622,2.8805711905506213,1.6659798860556785,-2.3340201139443213,-2.3340201139443213,0.047984660655609225,0.9035489236077058,52.837643913137605,157.5819092712262,1.0248359779084535,1483.0052652359009,3930228389
2924,4675,6.373629924638602,2.3736299246386023,1.638546029154578,-0.4839645181635135,-0.4839645181635135,0.05105785069263549,0.899470162861266,52.061313660723165,139.63434114227897,0.9060543629063175,1483.0052652359009,3930228389
2925,4676,6.700018704378952,2.7000187043789516,1.3382075268882099,-0.1204803105639749,0.47864885304459026,0.07917818184105288,0.9059913030824014,49.19976194247812,111.31110091411115,0.8588702939404737,1483.0052652359009,3930228389
2926,4677,7.8300951852115235,3.8300951852115235,1.5190139380077958,-1.940451416933754,0.06108100904722047,0.06389462576534616,0.8922264375936799,45.85939600917212,134.82022111072598,0.9136834603685818,1483.0052652359009,3930228389
2927,4678,8.12785199475408,4.127851994754081,1.2708589233228291,-2.8479106115318267,-0.7911989461692361,0.10186813294943163,0.8934753222993012,37.992901724448245,113.44651651064834,1.1572230095924572,1483.0052652359009,3930228389
2928,4679,6.881320540445585,2.881320540445585,1.5334368423501212,-3.4507273646352417,0.005961643248903581,0.06232262627967797,0.8940769091578238,46.592576185342296,132.7597988052122,0.8900570638237604,1483.0052652359009,3930228389
2929,4680,7.071096919511078,3.0710969195110778,3.0710969195110778,-2.6473580811450477,-0.9289030804889222,0.001824763143839433,0.8959975486258278,110.27962427688023,325.7665949572183,2.4735465676459034,1483.0052652359009,3930228389
2930,4681,6.395925782212751,2.3959257822127507,1.241999241285888,-0.6797114055682991,1.241999241285888,0.06311956829606138,0.8905112573780233,56.83613088890338,120.23875432773977,0.8204268254744959,1483.0052652359009,3930228389
2931,4682,8.066207596614321,4.066207596614321,1.465372646876741,-3.4833647571081405,-1.3132906336011758,0.07140942573491632,0.8868746249200932,42.953370911602576,128.5508266617552,0.9311499272932209,1483.0052652359009,3930228389
2932,4683,9.741444165084463,5.741444165084462,1.7414441650844623,-3.639377143590931,-1.833528278388031,0.040802875921007044,0.8872064032300652,52.33053761260124,156.9833114702473,1.0566547513245292,1483.0052652359009,3930228389
2933,4684,6.388024341364475,2.388024341364474,1.3297833159084902,-0.38676815783938645,0.9251170500142096,0.07176092447101252,0.9112104900779396,53.88808114004519,115.12215597035797,0.8391908924175703,1483.0052652359009,3930228389
2934,4685,9.830135862250206,5.830135862250206,1.830135862250206,-1.9177793163252514,0.09482954291351176,0.033519345067983326,0.8753121635028047,53.436327860798386,160.08390171099305,1.1743204720561233,1483.0052652359009,3930228389
2935,4686,6.507886256461383,2.507886256461383,1.4021828864802828,-0.1700773030975553,-0.1700773030975553,0.07501438295166574,0.8990574255939128,47.2719187009176,123.3918410284063,0.897061052847927,1483.0052652359009,3930228389
2936,4687,5.688948723937558,1.688948723937558,1.688948723937558,-2.969350551006942,0.48710982226965727,0.06691300845395241,0.9040235510442078,51.6032924645155,126.53098546406949,0.8674241349193041,1483.0052652359009,3930228389
2937,4688,6.283826472509161,2.2838264725091606,1.3212354055032884,-0.7745540916647475,0.9359722695466375,0.07369757290610465,0.897015973950336,49.629322507925906,106.39762417322956,0.7781636866046724,1483.0052652359009,3930228389
2938,4689,6.215198217066254,2.2151982170662547,1.2605849430553255,-0.6309810836050938,1.0044032739377893,0.07617859430654944,0.8955433562513024,50.46709790413544,107.00621416311975,0.8028758172057794,1483.0052652359009,3930228389
2939,4690,9.420797819737068,5.420797819737068,1.4207978197370676,-5.292307497343295,-1.2923074973432944,0.07768757307456886,0.9016068389876811,44.115932991827876,132.3124022573435,0.9769086476536659,1483.0052652359009,3930228389
2940,4691,6.340180132698815,2.340180132698815,1.3654099394548684,-1.0635648762690708,1.104853613061817,0.062396906280358516,0.8984817932170246,54.82555565860543,134.4242721843124,0.8960851989498023,1483.0052652359009,3930228389
2941,4692,6.670786568325414,2.6707865683254135,1.2711108019487058,0.17153023277194368,0.6859022464956769,0.07805197140002113,0.9242508186818931,60.4173368185444,129.83760589147045,1.0542426002274214,1483.0052652359009,3930228389
2942,4693,5.616581216084986,1.6165812160849866,1.6165812160849866,-4.71547553783657,-2.3834187839150136,0.07840951151516307,0.9102233415727659,49.312021962118756,144.89568600513152,1.08049517414081,1483.0052652359009,3930228389
2943,4694,9.570005117466478,5.5700051174664775,1.5700051174664773,-1.4815498895404564,-1.4815498895404564,0.05815809037996232,0.921441622562474,53.496632490881126,160.3682392860577,1.1214723162526632,1483.0052652359009,3930228389
2944,4695,5.945949536774551,1.9459495367745512,1.9459495367745512,-4.712622033105758,-0.7126220331057573,0.039712276825490576,0.9154787102334211,63.13986125840972,177.8123480415636,1.206755115147032,1483.0052652359009,3930228389
2945,4696,5.886347913730368,1.8863479137303674,1.8863479137303674,-1.9092666318336005,0.6639444001392436,0.04439520501161508,0.8890480571763063,55.973350710498345,137.4943637187237,0.9152879283165727,1483.0052652359009,3930228389
2946,4697,5.725804470706566,1.7258044707065665,1.7258044707065665,-3.9841084495215737,-1.838731795688645,0.06325245402930196,0.9068974827156085,52.579674956611655,153.77979754511932,1.03200981151574,1483.0052652359009,3930228389
2947,4698,6.436845065043281,2.436845065043281,1.3402899727544368,-0.7204473847982742,0.82074239143853,0.07545741581539653,0.9000595972509208,48.34362922257598,106.16890707777087,0.7886425778654633,1483.0052652359009,3930228389
2948,4699,6.278073901002124,2.2780739010021227,1.23850575986206,-0.43919479884470736,0.8534900179428989,0.0846485815835783,0.9007137419369096,48.28813533330564,103.85527032675601,0.8588703474937429,1483.0052652359009,3930228389
2949,4700,7.805836608621064,3.805836608621064,3.805836608621064,-3.589160407557637,0.41083959244236334,0.00012717878825950471,0.8684726187464353,143.87104135852692,418.7082958666951,3.2528883194159093,1483.0052652359009,3930228389
2950,4701,5.793500820581881,1.7935008205818812,1.7935008205818812,-2.6836407074438338,1.3163592925561662,0.04656943601438353,0.9605759357534134,88.56249931014999,193.8172830297225,1.8247914080722785,1483.0052652359009,3930228389
2951,4702,5.656253548425478,1.656253548425478,1.656253548425478,-5.63796529488403,-2.343746451574522,0.0726132273661499,0.9120756324666132,51.15861146004312,150.48439983578086,1.077528942386432,1483.0052652359009,3930228389
2952,4703,6.358855492259393,2.3588554922593934,1.2402729662369651,-0.5513192582099584,1.2402729662369651,0.06325312563613247,0.8885833635360194,56.4963265169178,119.16120344951727,0.8201922029704746,1483.0052652359009,3930228389
2953,4704,7.046161872903572,3.046161872903573,1.754300749885059,-1.067973462639549,0.08579222874181713,0.03951200489570284,0.8839245005579697,52.393297411829515,148.8779388331743,1.0225954585564585,1483.0052652359009,3930228389
2954,4705,7.8420279207165695,3.842027920716569,1.467838969237858,-4.495398284988605,-1.0422061041893689,0.07107291317750464,0.8812844002850493,42.117447893603575,125.73480967070569,0.9381164041843523,1483.0052652359009,3930228389
2955,4706,6.262805026650486,2.2628050266504873,1.403066037509117,0.7037830765228076,0.7037830765228076,0.052454827837861456,0.9154275878476864,81.29478019419848,163.24615823589716,1.0966316900000048,1483.0052652359009,3930228389
2956,4707,6.3699345300785915,2.369934530078591,2.369934530078591,-3.053719750906771,-1.630065469921409,0.014301359977225002,0.8880774095034669,74.43242329761063,219.86153681985414,1.644648744138495,1483.0052652359009,3930228389
2957,4708,6.510104232006631,2.510104232006631,1.3679762419869073,-0.8041657501827915,0.8332553045158048,0.07206738587549683,0.8997033791376294,48.89135810732473,125.79996769024365,0.8911715244897506,1483.0052652359009,3930228389
2958,4709,8.027546743651325,4.027546743651325,1.5405749839774,-2.1174318189812484,-2.1174318189812484,0.06170688635271827,0.8948220884761646,46.821381894770795,140.19506051653642,0.9347352960646627,1483.0052652359009,3930228389
2959,4710,5.619390905297364,1.6193909052973645,1.6193909052973645,-1.163021639135607,0.11422422088589612,0.07751347409150675,0.9109738052222276,49.94403460785573,125.2732332718077,0.9479279004436387,1483.0052652359009,3930228389
2960,4711,7.608727849059832,3.608727849059833,1.5545534776344287,-4.58399353003513,-2.4454465223655713,0.060026172242949254,0.9008704615656591,48.443987306251806,145.21116475035737,0.957629184994066,1483.0052652359009,3930228389
2961,4712,6.535758704811419,2.53575870481142,2.53575870481142,0.35806795499837873,0.9812466408428373,0.008733642261037261,0.9156340077478851,94.38222154223564,190.4463039101762,1.5356470865445215,1483.0052652359009,3930228389
2962,4713,8.023316177577325,4.023316177577326,1.3662902868293718,-2.694208700488119,0.6790056443404564,0.07676408395149431,0.8920568495543277,44.70613559285601,129.8894400822232,0.9627667209736593,1483.0052652359009,3930228389
2963,4714,6.4750934135493505,2.475093413549351,1.4716247714179311,-0.5695978801734198,-0.5695978801734198,0.06952697577570077,0.8872280504335354,44.28372535498726,120.88269075922709,0.868115301336929,1483.0052652359009,3930228389
2964,4715,5.748463016023663,1.7484630160236634,1.7484630160236634,-2.494125005413289,1.0121091838129872,0.055504835703710675,0.9021941243286953,57.89143691008544,132.39707277986548,0.8643021623799664,1483.0052652359009,3930228389
2965,4716,9.442372714649132,5.442372714649132,1.442372714649132,-5.144128555644022,-1.747235876957645,0.07459862487796991,0.8861869766496552,42.09949254138457,126.28453123418304,0.9419215950301774,1483.0052652359009,3930228389
2966,4717,8.079722858053815,4.079722858053815,1.4430085136629902,-2.958825333266441,-0.1597534142178194,0.07425351135666639,0.8932850145589006,43.431455574545495,128.81247204242305,0.9332611476127695,1483.0052652359009,3930228389
2967,4718,6.351371396503005,2.3513713965030054,1.4657918995556802,-1.876871605519187,0.800524426402366,0.06381569762613849,0.8956544631731844,49.14831997778156,125.84253581557142,0.8487020374759316,1483.0052652359009,3930228389
2968,4719,6.683841605406211,2.6838416054062106,2.6838416054062106,-1.9952161929045378,2.0047838070954622,0.005145934101491835,0.9291842998626931,115.77694592247144,261.8531979279552,2.1401225421771386,1483.0052652359009,3930228389
2969,4720,9.597830138628359,5.5978301386283595,1.5978301386283593,-4.1342555158820655,-1.5195951020145293,0.05504038614781412,0.8831154044809333,46.65598249262104,139.95023484408358,0.9557504413649608,1483.0052652359009,3930228389
2970,4721,5.650755746328836,1.6507557463288363,1.6507557463288363,-3.0842700400540295,0.9157299599459706,0.06773461583235234,0.9000358916519173,53.43163575871539,122.18343527155018,0.8411134328343743,1483.0052652359009,3930228389
2971,4722,7.282318831249244,3.2823188312492433,3.2823188312492433,0.5275580052301017,0.5275580052301017,0.0008767722175152585,0.9677833599027756,160.0,400.9673070439932,3.6813907621789146,1483.0052652359009,3930228389
2972,4723,5.754825737943186,1.7548257379431864,1.7548257379431864,-2.059514755205317,0.8432361672922277,0.0566996241703865,0.8991103232053035,55.090733847961786,129.46315978243905,0.8468969014502017,1483.0052652359009,3930228389
2973,4724,9.646924897242027,5.646924897242026,1.6469248972420258,-2.45071456334904,-0.7768769786313454,0.04978477582821559,0.8887050200997382,49.30563796827217,147.84990355961384,0.978807716827189,1483.0052652359009,3930228389
2974,4725,5.818427225615899,1.818427225615899,1.818427225615899,-2.9657633040089637,-0.2288045731177366,0.052263706856787814,0.8883667356201097,52.266541424186485,140.79119154886558,0.9349947045406579,1483.0052652359009,3930228389
2975,4726,8.787381653791693,4.787381653791694,0.7873816537916934,-2.132609481031103,0.7873816537916934,0.14439489235053596,0.9086212670903621,42.23560174085437,124.78035393166506,2.1944656870316686,1483.0052652359009,3930228389
2976,4727,7.01500711470316,3.015007114703159,1.369576571412314,0.10362627871186869,0.10362627871186869,0.07376731990481299,0.8823875907536942,47.33876201665707,113.00237142459855,0.8679644675581275,1483.0052652359009,3930228389
2977,4728,5.617711235305837,1.6177112353058374,1.6177112353058374,-2.5274540979859466,1.073011178093723,0.06865021737070423,0.9028304721587644,56.40024093856905,124.89208705036523,0.8650551598224139,1483.0052652359009,3930228389
2978,4729,7.327067978117951,3.327067978117951,2.2253902532557315,0.10886530036664244,0.10886530036664244,0.012432924283884627,0.907654087455184,79.03574941011041,173.5577194401099,1.352486379303518,1483.0052652359009,3930228389
2979,4730,5.605482322339854,1.605482322339854,1.605482322339854,-1.1870326772582371,-0.48097053380981225,0.07993996258536572,0.9032244860771624,47.591208658891986,125.45920904334726,0.9536637354500663,1483.0052652359009,3930228389
2980,4731,9.491080687993842,5.491080687993841,1.491080687993841,-2.7530983518247787,-1.7537921411558484,0.06797002392315413,0.8947937844779178,45.16177267817177,135.46996829805232,0.9327797027954138,1483.0052652359009,3930228389
2981,4732,6.719566068348623,2.719566068348623,1.2117926088971156,-0.8242561425962782,1.2117926088971156,0.06677922075532645,0.8930103969429728,56.0072341227881,123.42432914171533,0.8516111060453135,1483.0052652359009,3930228389
2982,4733,6.399522949493527,2.399522949493526,1.5348836277355227,-1.427374004706148,0.41207311033431004,0.06157697926720751,0.8954389533789202,47.644112896092295,127.27101874803512,0.8495018716306056,1483.0052652359009,3930228389
2983,4734,6.252421577222371,2.2524215772223717,1.4004773164077915,-0.6570741289203101,0.3418400279889755,0.07828347145912647,0.8990998562127868,44.84422705931933,116.18260056809004,0.8771393337919532,1483.0052652359009,3930228389
2984,4735,9.662712517994978,5.6627125179949775,1.662712517994977,-4.741431776287234,-0.7414317762872336,0.04818312096963878,0.8891796910686266,49.93690178758439,149.74147784815182,0.9899623083314824,1483.0052652359009,3930228389
2985,4736,6.331607606460878,2.3316076064608775,2.3316076064608775,-2.6724302774456254,1.3275697225543746,0.01495067001118237,0.9001033082603218,79.36619210028138,189.23262412976476,1.4169606727318649,1483.0052652359009,3930228389
2986,4737,9.148518287600048,5.148518287600048,1.148518287600048,-5.1669715108695495,-1.166971510869549,0.12537336081106348,0.8715774830008516,31.25706244930152,93.72093671284846,1.6082601431754617,1483.0052652359009,3930228389
2987,4738,5.703867740092397,1.7038677400923965,1.7038677400923965,-4.299852217094797,-0.7970938620715335,0.06609657417631093,0.8923593940521455,48.84323767324632,136.21401880653778,0.9325892901640758,1483.0052652359009,3930228389
2988,4739,6.905308937842812,2.905308937842812,1.4154558296821076,-3.9559050660073627,-2.5845441703178924,0.0785092115234538,0.8937300372230036,42.52339837214192,127.30972818194118,0.9572347844525664,1483.0052652359009,3930228389
2989,4740,5.651948683271806,1.6519486832718067,1.6519486832718067,-3.183948291966623,-2.3480513167281933,0.07322581103030186,0.9005687211252156,48.57459369992184,142.81567412981397,1.0096804621372002,1483.0052652359009,3930228389
2990,4741,7.123163099238797,3.123163099238796,1.5550783175629306,-3.1741347410813265,-2.139197480530325,0.059981377728268816,0.8878608711977558,46.054006968513015,137.7532284348603,0.9317081590546963,1483.0052652359009,3930228389
2991,4742,6.893025054740753,2.893025054740753,1.5351060071325326,-3.778514536108764,-1.9683779717008076,0.06245306288528361,0.8828969270251611,44.53881678298517,132.9413950800947,0.9314162419013939,1483.0052652359009,3930228389
2992,4743,5.634097770728015,1.634097770728015,1.634097770728015,-2.052047305458177,0.7454984290399547,0.07210457130807282,0.9076497983110311,52.47996458573856,122.86916140743271,0.8814191011515013,1483.0052652359009,3930228389
2993,4744,5.737542173918371,1.7375421739183705,1.7375421739183705,-3.4695791277146224,0.04863658279910266,0.06164053125648844,0.8980004306708026,51.26370369991927,133.3639227974396,0.8866648683782946,1483.0052652359009,3930228389
2994,4745,9.611550745791954,5.611550745791954,1.611550745791954,-3.039921426713417,-2.388449254208046,0.05352985569666344,0.8905506759888303,48.42870317299034,145.2816373071955,0.9581584626768814,1483.0052652359009,3930228389
2995,4746,7.6304932634401155,3.630493263440116,1.45785550400304,-3.2817602691062686,-2.54214449599696,0.07243985097918859,0.8943001683127578,43.9978542850925,131.89447992506246,0.9382578051493842,1483.0052652359009,3930228389
2996,4747,9.589725435373115,5.589725435373114,1.5897254353731143,-3.124853151125625,0.30491393353520535,0.05500065180395842,0.896317107011998,49.31594156307661,147.53958585477832,0.9630672148477525,1483.0052652359009,3930228389
2997,4748,7.22007413730263,3.22007413730263,1.5906169283626386,-3.8984206246055018,-2.4093830716373614,0.05585809113471941,0.8907261718651357,47.75827549856391,143.03908074615694,0.9464732916169137,1483.0052652359009,3930228389
2998,4749,5.740677755717434,1.740677755717434,1.740677755717434,-1.9590159700997083,0.08447961097814227,0.061224622865674,0.8944293111946109,50.692929642928355,131.17291312655598,0.8751526947598942,1483.0052652359009,3930228389
2999,4750,6.353846895204853,2.3538468952048532,1.2468780338712964,-0.48717000737664384,1.0514161805748876,0.07383883145658925,0.8987835073408217,52.78059784467188,112.64924719851717,0.818609946487481,1483.0052652359009,3930228389
3000,5001,7.182616465483682,3.182616465483683,1.4400322944253567,-6.5599677055746435,-2.5599677055746435,0.07493512859827856,0.9278217534534231,50.46801887074117,151.19613863911783,1.1960056649644877,1357.3802247047424,3310283876
3001,5002,4.242885941292323,4.242885941292323,4.242885941292323,-0.13384143864502107,2.9040641400258647,2.9330656522151854e-05,0.8077696588312819,160.0,391.55785966031806,4.236303549243133,1357.3802247047424,3310283876
3002,5003,10.815994899336115,6.815994899336116,2.8159948993361157,0.5373440737821591,2.0429266951134686,0.0018541203628134983,0.9158364534859836,120.11079443729422,354.38436652036086,2.6949506172227107,1357.3802247047424,3310283876
3003,5004,6.965689764716192,2.9656897647161915,1.0205287300634251,1.0205287300634251,1.0205287300634251,0.055364305009897294,0.9748497088691639,160.0,355.5672574714424,3.1746964637550374,1357.3802247047424,3310283876
3004,5005,5.981176892213647,1.9811768922136461,1.9811768922136461,-1.1817777057066645,0.7799448507147215,0.03589790022389665,0.8741712379805522,56.961593348194754,138.7794398742662,1.0337850097094283,1357.3802247047424,3310283876
3005,5006,9.140355203412511,5.538313541357223,1.538313541357223,-3.3339699672710563,0.6660300327289435,0.05759910570075121,0.9328780088600355,58.40662821513975,174.3492901215823,1.3065733502111339,1357.3802247047424,3310283876
3006,5007,5.44373311344143,2.1785793433018945,2.1785793433018945,-1.8214206566981055,-1.8214206566981055,0.023146130281376544,0.9182965681182513,73.66527294111206,214.96920675619143,1.557317762638616,1357.3802247047424,3310283876
3007,5008,8.269267692642883,7.9853435956215275,3.985343595621528,-1.5063675685312758,2.4936324314687237,3.175063667149133e-05,0.8724830980314101,160.0,479.0275237248284,3.609159149604229,1357.3802247047424,3310283876
3008,5009,5.715149497562657,2.7524716295605995,2.7524716295605995,-2.2236565931643564,-1.2475283704394005,0.0049279159085402115,0.876827779816483,89.35598619486962,263.63404506101455,2.1061756646396486,1357.3802247047424,3310283876
3009,5010,2.944145882422355,1.4639585423961334,1.3160608905994426,-2.6839391094005576,-2.6839391094005576,0.1202615135987679,0.902765653015894,38.759602215348224,113.03518767019081,1.4954486861443823,1357.3802247047424,3310283876
3010,5011,5.398777610652551,3.4861043768053657,3.4861043768053657,-4.513895623194634,-0.5138956231946343,0.00043224139250363884,0.9025767197443528,135.335660684279,399.8357896131152,2.973584872806929,1357.3802247047424,3310283876
3011,5012,4.522585247562155,2.4502021424942635,1.5264054850150943,-1.4706345498691817,-1.4706345498691817,0.06422291288735109,0.9009443116945943,47.41360371739772,137.57188587012268,0.9237794927459653,1357.3802247047424,3310283876
3012,5013,5.994140910619542,2.879668822062932,1.3108739232233242,-5.492883172907195,-1.492883172907195,0.09498264732810904,0.9041901509428674,41.084603684088634,122.06755621627447,1.1064969987831021,1357.3802247047424,3310283876
3013,5014,9.27841232998074,6.001811289893078,2.001811289893078,-1.7544681928081913,0.581388582261124,0.022322840342493815,0.8754892966142942,60.17086657923543,180.10365429454566,1.3790630557595278,1357.3802247047424,3310283876
3014,5015,4.482217526945949,2.686831077926786,2.686831077926786,-1.313168922073214,2.686831077926786,0.0036073612199015673,0.9368818672042364,160.0,319.3953115778197,2.613444231434117,1357.3802247047424,3310283876
3015,5016,4.166629347215289,3.738770333070687,1.082637570821274,-2.359863051570297,1.082637570821274,0.08599850464288235,0.8869385380221901,49.08678678461939,137.82108766869413,1.1201345886569476,1357.3802247047424,3310283876
3016,5017,7.736494548972433,3.883854143105107,1.2963349397729393,-3.9262916637683034,0.07370833623169659,0.09585159144979963,0.9093245856657387,42.14724112721613,124.04497619026151,1.1421884361619474,1357.3802247047424,3310283876
3017,5018,3.1417938976980553,2.5180318334846805,2.5180318334846805,-5.481968166515319,-1.4819681665153195,0.010055473781684629,0.9090040205587901,86.32369537948503,254.70857773571564,1.9108028200619689,1357.3802247047424,3310283876
3018,5019,4.812041094665944,2.617290222131658,2.617290222131658,0.674709111283391,2.617290222131658,0.004307573530678383,0.9152500220098441,145.55352899436483,285.4836910205216,2.2096772160280906,1357.3802247047424,3310283876
3019,5020,5.986942681872717,3.3432827524637796,1.1616968788949344,-2.8383031211050653,1.1616968788949344,0.0738745767113372,0.998865937905408,160.0,435.9294354257692,4.422562009651689,1357.3802247047424,3310283876
3020,5021,6.956434382990596,6.011877769957542,2.0118777699575423,-5.988122230042458,-1.9881222300424577,0.022116411623852666,0.9199273594599455,70.03430443619854,210.09825567279225,1.5440162636024266,1357.3802247047424,3310283876
3021,5022,5.681627170478949,2.0187187472322607,2.0187187472322607,-3.646260858742621,0.3537391412573796,0.033615708977755066,0.9057385166449944,63.87163148957252,165.73600222376464,1.1216226054002811,1357.3802247047424,3310283876
3022,5023,7.710053585970357,6.478841258405639,2.4788412584056387,-3.7144884678050247,0.28551153219497527,0.006587257621003901,0.8817427490761701,80.50152900209278,241.34539162326917,1.9075625012961803,1357.3802247047424,3310283876
3023,5024,4.529062516094334,1.7904348994557389,1.7904348994557389,-2.2095651005442614,-2.2095651005442614,0.05542317846561657,0.9996337472885083,160.0,468.2245583130315,4.572230724544107,1357.3802247047424,3310283876
3024,5025,4.905668357387565,2.301755258245573,2.301755258245573,1.2872092750665538,1.2872092750665538,0.011209029061775127,0.9539108891793813,160.0,310.8532536598079,2.6965445908997614,1357.3802247047424,3310283876
3025,5026,5.805388533522095,5.236849821162975,1.2368498211629757,-6.763150178837025,-2.7631501788370243,0.10807141956117788,0.8715790312116206,33.72279415246235,101.16612738186839,1.3006370822609385,1357.3802247047424,3310283876
3026,5027,10.750725007517607,7.112691626238558,3.1126916262385578,-0.8873083737614422,3.1126916262385578,0.0002625406825526371,0.8634308655895928,160.0,460.66357755837066,3.575906388537865,1357.3802247047424,3310283876
3027,5028,5.365893104100232,4.39992187409002,1.9136595363731033,-1.1476949901452826,-0.25464140070389796,0.027782789790913028,0.8721189217444743,55.89270502127914,166.1797684293305,1.273961968483859,1357.3802247047424,3310283876
3028,5029,8.293204405422115,7.212404022153741,3.2124040221537413,-4.787595977846259,-0.7875959778462587,0.0006581456063275226,0.9056131678239185,122.94221919315497,368.81851781725584,2.7727581130264225,1357.3802247047424,3310283876
3029,5030,7.876299474255786,5.460953701434056,1.4609537014340557,-2.5390462985659443,-2.5390462985659443,0.07201357353046864,0.9179737379223857,48.822769954342974,146.45481602448442,1.0745835605459246,1357.3802247047424,3310283876
3030,5031,7.078113975329251,3.6583802907788003,1.2547567192373021,-5.833647189339458,-2.745243280762698,0.10478299262458936,0.8921286879947445,37.29062628477377,111.82033600430303,1.1975828286448893,1357.3802247047424,3310283876
3031,5032,4.610309631068583,2.3134075865751322,1.6869773306119338,-2.1144651132796044,0.804962402323913,0.0445964153279973,0.8761064951183075,50.85324852754891,129.59291996675907,0.9332023923143231,1357.3802247047424,3310283876
3032,5033,4.729926112148365,2.754911785637536,1.675100668171051,-2.324899331828949,-2.324899331828949,0.047220357109180856,0.9077416339608553,54.02989018939242,160.96298927970096,1.0546318379551969,1357.3802247047424,3310283876
3033,5034,3.935380282764639,3.1209306674570465,1.3095932177906886,-2.6904067822093114,1.3095932177906886,0.05476190901924794,0.9856086090151097,110.67852173563323,290.5762556783543,3.018261611071342,1357.3802247047424,3310283876
3034,5035,2.0707715635641413,2.019539628549289,2.019539628549289,-1.7530144564574779,-1.1299062254667755,0.04521343591357248,0.902573271144871,61.772046006185505,172.83930866630672,1.1257989712902066,1357.3802247047424,3310283876
3035,5036,4.646695075946698,2.161019344246268,1.0241140272361553,-0.4739010826915149,1.0241140272361553,0.09513545950134608,0.9589218010777626,71.36888085511892,168.817416148743,1.9443620297228725,1357.3802247047424,3310283876
3036,5037,9.066570364318773,5.723133562832826,1.7231335628328264,-5.004631021500814,-1.0046310215008143,0.04243202225018289,0.8922569142318707,52.632424893579184,157.85623966578467,1.0421189049149933,1357.3802247047424,3310283876
3037,5038,9.065125073018002,5.280156640184228,1.280156640184228,-2.719843359815772,1.280156640184228,0.05820667479744984,0.9214505001159605,66.74128468559084,197.18108353453786,1.3604665651834378,1357.3802247047424,3310283876
3038,5039,6.956280297180841,6.766892051603488,2.7668920516034876,0.26671250273604175,0.8893874651980043,0.0027233975678139432,0.8979316012101493,100.19625083302115,298.4256841413177,2.2811478109982994,1357.3802247047424,3310283876
3039,5040,7.450892819258007,6.491208844515855,4.345689223373422,0.3061485922206453,2.499765056205578,6.789611577048125e-06,0.7897512046140703,160.0,472.19113659070536,5.322128768458971,1357.3802247047424,3310283876
3040,5041,3.206209191531414,2.4534572969442867,2.4534572969442867,-4.33613472382658,-0.33613472382657994,0.011774052949975761,0.9002200501735111,81.0191733099195,229.16450707641016,1.7118943076596105,1357.3802247047424,3310283876
3041,5042,4.357107830964695,3.589768148582646,3.589768148582646,-1.0289987362805517,2.9710012637194483,0.0002324437339537575,0.8806839218311391,160.0,354.91033168455306,2.7416942619368805,1357.3802247047424,3310283876
3042,5043,8.632865999867176,4.834953120051435,0.8349531200514348,0.8349531200514348,0.8349531200514348,0.08175886949896857,0.963512470095583,125.06945691075992,292.3949665029601,2.6741216458285217,1357.3802247047424,3310283876
3043,5044,8.742828842110487,6.455613588591483,2.4556135885914827,0.506903647938816,2.4556135885914827,0.0026132046750008677,0.8809680004248482,121.27865943833149,351.36476049164315,2.6813591623439885,1357.3802247047424,3310283876
3044,5045,5.800999876225286,2.0012004000086034,1.3615202787871776,-1.4665155969922978,-0.4212597834090177,0.09060408138432091,0.8999920285003946,41.57650589136923,114.27815268292947,0.995491994446517,1357.3802247047424,3310283876
3045,5046,8.921927777275506,7.99991826270111,3.9999182627011094,-8.17372988906051e-05,-8.17372988906051e-05,3.163302206463883e-05,0.8775201140085729,160.0,479.778985414525,3.575215739886735,1357.3802247047424,3310283876
3046,5047,8.423076128518751,6.1630771121341485,2.163077112134148,-1.836922887865852,-1.836922887865852,0.015267038404729991,0.9293528919627829,79.24172821838181,237.69084391892298,1.8607287890399506,1357.3802247047424,3310283876
3047,5048,8.675124017792054,7.038882201532093,3.0388822015320938,-3.604122157732237,0.3958778422677631,0.0011872193113573613,0.9714196493101581,146.48531170261427,439.32300182388866,4.003553461207962,1357.3802247047424,3310283876
3048,5049,4.2590334188566175,3.5014468798268394,2.1470594674115553,-0.7727734406262883,1.2364878186117716,0.014316524890433096,0.8611372659747281,66.43079767209615,181.28714723533145,1.605142800716174,1357.3802247047424,3310283876
3049,5050,2.2813404218188724,1.4601095363944665,1.4601095363944665,-1.327009617816424,0.9266901904700198,0.09539518283218427,0.8901935793817244,47.34320912175104,100.51198394848174,0.9845260301930745,1357.3802247047424,3310283876
3050,5051,6.582513192112911,2.6992095490620356,1.6971796030833155,0.5193335155785241,0.5193335155785241,0.03562540194845634,0.9745447571227491,114.13282137827275,269.6563144357802,2.6377665444144625,1357.3802247047424,3310283876
3051,5052,6.651070579702457,5.718123822583359,1.7181238225833588,-4.0701812608290915,-2.281876177416641,0.04288701611720965,0.9065356027093374,55.371754600044994,166.11162646477098,1.0919860015886702,1357.3802247047424,3310283876
3052,5053,5.971698749171109,2.266700405717479,1.1626611074476032,-1.5620047919790108,-1.5620047919790108,0.1229990741324091,0.8865631797382969,33.730716802909306,97.6705872639246,1.4828824046906093,1357.3802247047424,3310283876
3053,5054,7.517443518540538,5.691471191683516,1.6914711916835163,-3.008131926465392,-1.3263951732627415,0.04537339808071648,0.899427327350056,52.91762260074448,158.7279740094526,1.0330533588756579,1357.3802247047424,3310283876
3054,5055,4.847788935214615,3.859194773702189,3.859194773702189,-0.140805226297811,-0.140805226297811,0.00010302148727929581,0.9081979560340784,160.0,457.5287827502971,3.3622360633094552,1357.3802247047424,3310283876
3055,5056,6.227390319721099,3.0249428825866413,1.5621161830140804,-4.060895748197067,-0.3484342907651834,0.05912179577299824,0.8875044194069883,46.238455745478724,134.47235803951506,0.9092467859978683,1357.3802247047424,3310283876
3056,5057,3.6194610972025685,2.988946868679377,2.988946868679377,-1.0110531313206228,-1.0110531313206228,0.0024685325975257657,0.9176093369747439,112.66775496680931,325.6854320303674,2.5088529767118923,1357.3802247047424,3310283876
3057,5058,6.03413219630634,2.4267981653651973,2.4267981653651973,-5.573201834634803,-1.5732018346348027,0.012313449471656992,0.997314223949476,160.0,472.70582927668886,4.745283250263096,1357.3802247047424,3310283876
3058,5059,6.064227027117759,4.808427165888428,0.808427165888428,-3.191572834111572,0.808427165888428,0.13951308245789368,0.7215915252336329,20.0,59.087606908175296,6.524955872120654,1357.3802247047424,3310283876
3059,5060,5.326860572435275,2.5300324776803893,2.5300324776803893,0.7614978560374919,1.7628382171114088,0.007650553739131411,0.9622556550099589,136.53240305856306,286.36027525766053,2.7315913388306274,1357.3802247047424,3310283876
3060,5061,8.658466745940718,5.996639680033052,1.9966396800330521,-3.8829436821738605,0.11705631782613968,0.02289553199519865,0.8837760463554043,61.130834489321316,183.18999709617296,1.342214417486231,1357.3802247047424,3310283876
3061,5062,7.521916703401686,5.527789740732706,1.527789740732706,-6.472210259267294,-2.4722102592672943,0.0632823748651175,0.9154164089872144,50.55416670894726,151.65920112019228,1.0476777162004445,1357.3802247047424,3310283876
3062,5063,1.8287915740703666,1.6818866252171336,1.6818866252171336,-4.455798133621688,-2.3181133747828664,0.08586258508541215,0.9239762555794252,53.80375004630936,155.52441367749563,1.2957905492035429,1357.3802247047424,3310283876
3063,5064,7.311597290508616,5.261127116316043,1.2611271163160434,-2.738872883683957,-2.738872883683957,0.10363109873120892,0.9979359255985466,102.84652403055208,308.51468644458726,3.9232952601235054,1357.3802247047424,3310283876
3064,5065,3.908066688053426,1.4067859135773477,1.4067859135773477,-0.4212461982870461,1.4067859135773477,0.07894576748695513,0.9972736105989292,160.0,315.1252786027373,3.632026047676108,1357.3802247047424,3310283876
3065,5066,6.554308765736531,5.970385507216946,1.9703855072169456,-6.029614492783054,-2.0296144927830544,0.0243971026173747,0.9992123793182972,160.0,479.98950096763457,4.732149183823975,1357.3802247047424,3310283876
3066,5067,2.996659283533023,2.9265072018875027,2.9265072018875027,0.7655639634359721,0.7655639634359721,0.0037569743270627837,0.9778863422540328,160.0,357.11228106763656,3.5814140004710846,1357.3802247047424,3310283876
3067,5068,5.973093678959361,3.558320218247238,1.3665947708388988,-3.0032594661365755,0.9967405338634245,0.06616162796814128,0.9038098462457385,53.06824260928897,148.57230319807968,1.006322083704339,1357.3802247047424,3310283876
3068,5069,6.168229681197332,3.033117925755007,3.033117925755007,1.3229674193111451,2.9240147266690024,0.001178805725961221,0.8813798931087362,160.0,318.0108657250211,2.483867185557697,1357.3802247047424,3310283876
3069,5070,7.081085846711457,5.153687956231991,1.3248152796927128,-2.505936698637192,0.833332174584903,0.076788005430336,0.9108761202860649,50.25840612242516,149.22519562975222,1.0969079557287755,1357.3802247047424,3310283876
3070,5071,7.00215436608047,3.84352692150837,1.6434343937877738,-1.5680322458445797,1.6434343937877738,0.025843732943562788,0.8961818628790903,77.1800682818118,210.57770702754914,1.4582609521166245,1357.3802247047424,3310283876
3071,5072,4.070252192165071,3.286688166541873,3.286688166541873,-2.07406373923533,1.9259362607646702,0.0008684980651187128,0.9029298358422001,126.54246484590487,315.1510604326168,2.4178788108329563,1357.3802247047424,3310283876
3072,5073,3.112993141356893,2.611834817486071,0.8727512173255235,0.8727512173255235,0.8727512173255235,0.07586252204439516,0.923236190758036,96.49826242031192,201.82688783865726,1.4956294442582863,1357.3802247047424,3310283876
3073,5074,7.346609946813576,6.312457698949925,2.312457698949925,-1.6875423010500752,-1.6875423010500752,0.01037567907172846,0.9977729973199384,160.0,479.9238571453512,4.828997874754141,1357.3802247047424,3310283876
3074,5075,3.975841932423058,1.4931770863038438,1.4931770863038438,-2.739911708689308,-1.9149453519490978,0.09868733129414414,0.9052777737508042,43.97939198744222,127.54781895946455,1.1971285355791503,1357.3802247047424,3310283876
3075,5076,7.248544687981422,3.4541540590737787,1.2776355777458808,-2.7223644222541195,-2.7223644222541195,0.10068788761134279,0.9203757673175151,43.279194926948236,129.6564382631721,1.3011579904045432,1357.3802247047424,3310283876
3076,5077,5.36675768362075,4.072350506318782,1.2522085803541723,-6.243607076182736,-2.2436070761827356,0.10524679783192481,0.9012332557317174,38.74117463054491,116.16123335644473,1.2242935245361044,1357.3802247047424,3310283876
3077,5078,10.65716598830739,6.869765211908474,2.8697652119084736,-1.1302347880915264,-1.1302347880915264,0.002053510198987409,0.893154031555348,101.52129736182596,304.4943597209552,2.3369146918791817,1357.3802247047424,3310283876
3078,5079,7.166971994243635,4.6564552961114,2.9117418215850983,0.25677870216100684,1.4372697202336,0.0017094802230939014,0.8926116547286442,106.04370169183655,257.7190246772783,2.039766562639498,1357.3802247047424,3310283876
3079,5080,6.742749473005853,2.855412542349682,2.855412542349682,-0.31681109308951694,0.021576971059936056,0.003601934746897172,0.9011674778769297,100.92807592818033,274.82404082815395,2.1149034177435824,1357.3802247047424,3310283876
3080,5081,6.04884282926522,2.810538123455734,1.1908685339162677,-2.252872591993737,-0.9624704986176522,0.11686431848405371,0.8786157532259186,33.393737150750994,98.12126742880504,1.3962006674427532,1357.3802247047424,3310283876
3081,5082,7.8482088895278075,5.6322766725529725,1.632276672552973,-2.6906162859607012,-0.2768369835684361,0.05126663953607181,0.8874171108269189,48.59471302753583,145.63045796711785,0.9693903388636758,1357.3802247047424,3310283876
3082,5083,1.8660332507559463,1.6729972506376052,1.6729972506376052,-5.362908633507589,-1.3629086335075893,0.08522365901993444,0.9333085912389061,56.158702874651624,158.26620489970483,1.388984276608388,1357.3802247047424,3310283876
3083,5084,3.302827979823822,1.630763002757709,1.630763002757709,-1.295961381349765,0.5567655907661033,0.07428329510511783,0.8875544475625479,46.88139672847049,111.72265038071919,0.8395442695108607,1357.3802247047424,3310283876
3084,5085,5.854835714737666,1.959843978930172,1.959843978930172,-6.040156021069828,-2.040156021069828,0.03850583848694799,0.9371737447363255,70.05131858001396,206.9482238429946,1.5759009431661757,1357.3802247047424,3310283876
3085,5086,5.760460145902935,2.718235398137677,2.718235398137677,-3.7579841938512044,0.24201580614879603,0.005451324674842724,0.9935495567424873,160.0,445.4801084415519,4.5448895542269625,1357.3802247047424,3310283876
3086,5087,3.793174005827404,2.330844487023816,2.330844487023816,-4.315910925877927,-1.6691555129761841,0.01583859473481315,0.895716780915286,74.50224320597157,220.09352175029932,1.6105153779035375,1357.3802247047424,3310283876
3087,5088,3.6891459808679286,2.1649189033372367,2.1649189033372367,-0.6378361792499612,0.486132950783875,0.023776767345078175,0.8863961100339814,65.84775156215649,166.65576001732478,1.2156621717942868,1357.3802247047424,3310283876
3088,5089,6.463276206920843,3.87253770541578,3.87253770541578,-3.60679365180228,0.3932063481977206,9.730290979269884e-05,0.9061591781359486,160.0,466.8778722578322,3.418461527801064,1357.3802247047424,3310283876
3089,5090,10.30253004011404,8.031792817139916,4.031792817139917,-1.7085079775050955,0.031792817139916885,2.7676481141397856e-05,0.8712210629445967,160.0,479.9888069459905,3.6264098620083445,1357.3802247047424,3310283876
3090,5091,3.4772575961689975,1.476711810758735,1.476711810758735,-1.151943760329594,-0.8532216035815596,0.10140436666395557,0.9084196496696164,44.23093758324528,117.14652564151962,1.178208274277182,1357.3802247047424,3310283876
3091,5092,10.172891571112476,6.185662229888571,2.1856622298885706,-0.6261633561462268,0.35894443756852734,0.014299878287045558,0.8772650043692641,67.5743594898151,202.3074552207724,1.5885525116803003,1357.3802247047424,3310283876
3092,5093,7.210187803578525,3.519882072968505,1.0660313533481205,-2.9339686466518797,-2.9339686466518797,0.14320345578155072,0.7762489526832042,20.0,59.949172831110715,4.088671370429083,1357.3802247047424,3310283876
3093,5094,5.768754894677043,2.535888179161239,2.535888179161239,-3.090780487791085,0.9092195122089148,0.009106301103188255,0.9027374941773577,85.90851701522297,221.9802392939918,1.69897262465388,1357.3802247047424,3310283876
3094,5095,9.953960368732957,6.015739634789841,2.015739634789841,-2.6198574330385167,1.3801425669614835,0.017831566939995786,0.9204477015708007,79.57457246991969,237.09006717859208,1.7620212577019316,1357.3802247047424,3310283876
3095,5096,5.088582054935227,3.75374772836095,1.9720075570365498,-2.756439738372311,-2.02799244296345,0.024305408881355933,0.8908346174704803,61.568811733833776,184.42992912854172,1.3111577685866078,1357.3802247047424,3310283876
3096,5097,10.614328068500857,7.025365462448612,3.025365462448612,-3.258526712630188,0.741473287369812,0.0012409510155982433,0.8654434407075464,102.38160614759856,306.97101935392004,2.541947881421207,1357.3802247047424,3310283876
3097,5098,5.104520795283538,3.6910415498603797,2.163049425761193,0.08439261968435696,0.8479278113245319,0.014230862140795842,0.9627229509232772,99.59815859298479,274.86876871313893,2.5868064833831204,1357.3802247047424,3310283876
3098,5099,4.5959384318947425,4.057355626174174,2.3697401472620276,-1.0357748006607794,-1.0357748006607794,0.008893686396866775,0.8874892516285275,77.08199711537985,228.58146227414323,1.7674557913071038,1357.3802247047424,3310283876
3099,5100,6.137397763019422,5.64567272636852,1.6456727263685207,-1.3584123928378453,-1.3584123928378453,0.04985736167780692,0.9274223352375945,57.81444287614213,173.29252256718365,1.2401075717390753,1357.3802247047424,3310283876
3100,5101,5.825425268207313,1.9347988625672319,1.9347988625672319,-3.041059550007069,-0.9180334855600003,0.040702736162029615,0.8986976082716562,58.76313999930427,167.22849586934728,1.0984339174599678,1357.3802247047424,3310283876
3101,5102,2.0962936104325895,2.0026493636214506,2.0026493636214506,-5.997350636378549,-1.9973506363785494,0.04552565958710275,0.9960978768417493,125.57061981032051,367.2525894948293,3.8090719138933853,1357.3802247047424,3310283876
3102,5103,7.983904397932061,5.896343776564297,1.8963437765642968,-3.4888999551159103,-0.6546616196207085,0.02895672764597447,0.886990261689706,57.92229181405383,173.7038523817164,1.221205512382613,1357.3802247047424,3310283876
3103,5104,9.061660070113083,5.442473066923159,1.442473066923159,-4.736916027566358,-0.7369160275663578,0.07457504699083131,0.8975097314971839,44.06720345591654,132.11240045373953,0.9510938672081798,1357.3802247047424,3310283876
3104,5105,7.383046437850796,3.9028596875956,1.7175289099777498,-3.9120779466228432,0.08792205337715675,0.04276363215902416,0.8880121627690556,51.7632923632449,152.36234037111876,1.0186324570061853,1357.3802247047424,3310283876
3105,5106,9.329401986895427,7.5248419633555805,3.524841963355581,-1.2669204620458205,2.73307953795418,0.00015156127785608277,0.9113187817450791,160.0,477.3368594768884,3.4993780426021557,1357.3802247047424,3310283876
3106,5107,6.9782407397464965,5.390250850334985,2.897966880440311,0.8652471376658402,2.897966880440311,0.0005735744574328088,0.8580776201771565,144.34748865370045,398.96372408818524,3.2356625374601915,1357.3802247047424,3310283876
3107,5108,5.743895240232677,2.5720627083536334,1.0924328107252568,1.0924328107252568,1.0924328107252568,0.0472322261151763,0.9488581135526507,134.4473704533456,276.3207048082819,2.161705904823025,1357.3802247047424,3310283876
3108,5109,7.048310353233022,4.393741141637748,1.5685835892466626,-2.3750435738994904,-1.8051920445596956,0.05837174382944937,0.9017093654216479,49.082269695924545,147.11067209325492,0.96559331922353,1357.3802247047424,3310283876
3109,5110,9.035669190536408,7.584150430669943,3.5841504306699434,0.12394122594448165,0.744347410627181,0.00016810936821828662,0.8826414482680199,136.99532422036253,408.48521182391295,3.0791673789351877,1357.3802247047424,3310283876
3110,5111,3.6035050239368682,3.5072854968151477,3.5072854968151477,-3.327248264695431,0.6727517353045691,0.0005317433208241955,0.8864766395206487,131.2504707549498,370.4547443781207,2.808632101724106,1357.3802247047424,3310283876
3111,5112,6.1074432939538426,3.005764786208096,1.5221558040195033,-0.352683802459818,1.5221558040195033,0.034126146237645184,0.9482435992577372,90.98017326724856,228.84469749586492,1.8821820281642696,1357.3802247047424,3310283876
3112,5113,2.28771593721604,1.8033673132206218,1.8033673132206218,1.8033673132206218,1.8033673132206218,0.01832937756545227,0.8797736609626168,160.0,190.6165739863788,1.4542507759127374,1357.3802247047424,3310283876
3113,5114,3.571233512425829,1.457193428067273,1.45310994613505,-4.484272091545013,-1.7049593572882513,0.1056568472187012,0.9078223880211428,43.167712676044815,124.45613208192985,1.2943123446631244,1357.3802247047424,3310283876
3114,5115,4.919106529336606,1.204960511624892,1.204960511624892,-6.795039488375108,-2.795039488375108,0.16040412715843658,0.9307204791420448,39.864965227094345,114.93832938452707,2.770044395202338,1357.3802247047424,3310283876
3115,5116,6.524239630735023,3.6551813166959546,3.6551813166959546,0.5563890621087704,2.9465756224382846,0.00018355461577744027,0.8793227943358909,160.0,358.7653308416642,2.7758442360623374,1357.3802247047424,3310283876
3116,5117,7.280031885933479,3.348821980795235,1.3325136570255371,-1.70547800416671,1.3325136570255371,0.05217406590448238,0.8852998376805202,59.410658784771,159.5870069374575,1.0693153502399957,1357.3802247047424,3310283876
3117,5118,3.2957894919288715,3.2608376456702475,3.2608376456702475,0.7019369240825339,1.4332947832372303,0.0013326967799945875,0.9169300300485788,131.80064566741083,308.4439695640554,2.4102303249030657,1357.3802247047424,3310283876
3118,5119,2.124331065536841,2.070995442686689,2.070995442686689,-1.9727017487189364,1.2572905376973806,0.037889496964081615,0.9146533187237752,72.8940416720483,156.81947503170832,1.0730293988280417,1357.3802247047424,3310283876
3119,5120,2.1296683342468103,2.128976689611388,1.6291516125811345,1.0441956747939742,1.0441956747939742,0.03947440499044731,0.9734216319258997,160.0,253.54089525865268,2.4928312210543355,1357.3802247047424,3310283876
3120,5121,8.515295537561322,5.814853240662693,1.814853240662693,-1.519499127500903,1.3414762076933646,0.026496035314879807,0.9072152247963108,70.57341718351124,209.9268525108022,1.455024102239779,1357.3802247047424,3310283876
3121,5122,5.582229157478589,5.414112272407371,1.4141122724073705,-4.2845943324878615,-1.29980561878114,0.07866427187829685,0.8927332054592009,42.30451796760776,126.87798594795622,0.9578806334623331,1357.3802247047424,3310283876
3122,5123,5.903440544965354,3.030910370173114,3.030910370173114,-4.969089629826886,-0.9690896298268861,0.0020794499010226434,0.8914668929362743,106.90480539211534,315.8407583207228,2.4141375889004126,1357.3802247047424,3310283876
3123,5124,4.365498338469441,4.058364302398464,1.8272580230560485,-5.3522713121506,-2.1727419769439518,0.03383136261607659,0.9049196742535471,59.07948828719195,177.1182483188933,1.1930342607045024,1357.3802247047424,3310283876
3124,5125,9.224039825200286,7.269062386635263,3.2690623866352633,-2.917589917858403,-0.7309376133647367,0.0005395225351603909,0.8648331339413947,114.65276380045574,343.95079842534983,2.7990232347924096,1357.3802247047424,3310283876
3125,5126,4.110663483348132,1.7386903862502965,1.7386903862502965,-3.740722726128051,-0.3046044587290051,0.06160848223245817,0.8983618992614004,51.29263180823902,138.12226571964942,0.9172157330170055,1357.3802247047424,3310283876
3126,5127,5.7281707784747,2.2380942526612615,2.2380942526612615,-2.767948012954387,0.4049312462578112,0.019966525762705727,0.8948708231217111,70.38359090106442,185.8469292800097,1.3487293110945122,1357.3802247047424,3310283876
3127,5128,2.4212724291609486,2.223754736954397,2.223754736954397,1.5070477516726624,2.223754736954397,0.013670996589730453,0.9221483314644874,160.0,216.38478263275698,1.6827988713597406,1357.3802247047424,3310283876
3128,5129,5.537330647184836,1.7278093942512327,1.7278093942512327,-1.4178579614235263,1.0079655858883454,0.05770000470599464,0.8789430405588512,52.44622855106451,118.64796127149458,0.8471839521148994,1357.3802247047424,3310283876
3129,5130,5.144958138709273,2.7147237606597745,1.2527324156926802,-2.8085328767521176,0.6568378713858685,0.09203646241769901,0.8789697431917733,39.74733253244552,107.17349704476018,1.0358254483095393,1357.3802247047424,3310283876
3130,5131,3.7821710354774214,1.973921302230862,1.973921302230862,-2.026078697769138,1.973921302230862,0.02420404221308146,0.9679278050780463,131.74399808086125,263.0002231062155,2.5199893041631163,1357.3802247047424,3310283876
3131,5132,5.1224864779919645,2.0006279357762606,2.0006279357762606,-0.7465702524097058,2.0006279357762606,0.022705512387221048,0.9267166475661509,107.30280217269197,214.24516361686526,1.6147233983144114,1357.3802247047424,3310283876
3132,5133,4.008720959286213,1.7440940727420782,1.7440940727420782,-2.255905927257922,-2.255905927257922,0.06095453482611865,0.9976555848375729,122.30309122721,357.9269529051095,3.81051062095566,1357.3802247047424,3310283876
3133,5134,8.136885538605817,4.5636053563837695,2.3332640125696402,-5.66673598743036,-1.6667359874303598,0.00981713957283233,0.8953901121671294,77.298021141707,231.74971183715397,1.7555860142556239,1357.3802247047424,3310283876
3134,5135,5.941153885513483,5.7619440814959795,1.7619440814959795,-2.2380559185040205,-2.2380559185040205,0.03903880108339057,0.920490358056817,60.307443725957285,180.90182357462345,1.256790801319908,1357.3802247047424,3310283876
3135,5136,3.1242413614360074,3.1009728799908824,1.3222792411419533,-3.936479512473249,-0.8863854656517935,0.09322963203270314,0.8867130829141461,38.45392654918294,113.05426604083101,1.0486959460895542,1357.3802247047424,3310283876
3136,5137,2.1869853299725452,1.8125875709085582,1.8125875709085582,-1.2453156214871253,-0.028422691600642702,0.059356949520706026,0.886366329687656,51.20645990727798,129.6832376617133,0.8834325467496139,1357.3802247047424,3310283876
3137,5138,8.558149608499015,7.271301461232767,3.271301461232767,-1.6924066311260058,2.3075933688739947,0.00044346541126600214,0.8799115993230907,126.89642611221493,379.02333393897,2.8995809169128672,1357.3802247047424,3310283876
3138,5139,7.106575044442484,3.6431208757453293,0.989749467988477,-3.010250532011523,-3.010250532011523,0.16114727665230602,1.0000578101730562,160.0,479.70948811305095,6.559572207751666,1357.3802247047424,3310283876
3139,5140,2.5031784750777097,1.6968186994974825,0.8739391442061658,-0.9168597835281355,0.8739391442061658,0.12962358650511838,0.8644235183406193,37.12039071629064,82.56164771673816,1.7079933082016745,1357.3802247047424,3310283876
3140,5141,9.45936059341852,6.864461643800274,2.8644616438002735,-5.135538356199726,-1.1355383561997265,0.0020885937015851525,0.9892449314288917,160.0,479.989564568121,4.695393643635052,1357.3802247047424,3310283876
3141,5142,3.231475877330189,2.449486735874531,2.449486735874531,-2.293364170935107,-0.7801191045705194,0.011864616320094338,0.8777245863245922,75.5987674536254,218.17779572386323,1.7160355550884108,1357.3802247047424,3310283876
3142,5143,3.0443296797145747,1.7472495534019177,1.7472495534019177,-1.7045294988046438,-1.7045294988046438,0.06075656638322424,0.9016019910958706,52.24675153152701,149.1398824036533,0.9857343658443897,1357.3802247047424,3310283876
3143,5144,3.0560334122650676,2.2658476487495625,2.2658476487495625,-0.4281213784544047,-0.4281213784544047,0.018993516850688463,0.9981351039496993,160.0,419.06252860126847,4.351284072559485,1357.3802247047424,3310283876
3144,5145,7.170064054360208,5.077690590296123,1.0776905902961225,-5.160727525494722,-2.9223094097038773,0.14058592679089024,0.8417485474946097,25.94269810506494,77.8263900911903,2.2928604864391664,1357.3802247047424,3310283876
3145,5146,2.794032710758164,2.4574889644502793,1.7433020607966891,-1.9833429147751993,-1.1760020919778345,0.043135804189663264,0.8876941322059111,52.105185766206496,151.4170453912669,1.0128821501037222,1357.3802247047424,3310283876
3146,5147,6.18228033219941,4.180386062879628,2.214792508128665,-3.133100642328072,0.8668993576719279,0.013069824470547263,0.8916783218867398,72.27023802844624,209.75193758298803,1.581616284513275,1357.3802247047424,3310283876
3147,5148,3.159036926621581,1.7545490997026112,1.7545490997026112,-2.2454509002973886,1.7545490997026112,0.039808223775110965,0.9231923901864508,91.07713643691449,181.52409785408676,1.2765133363956656,1357.3802247047424,3310283876
3148,5149,3.7914145677055995,1.686793982033038,1.686793982033038,-2.902713432398736,1.0972865676012646,0.06057834748300507,0.9168171624104332,61.9478362066261,138.09867913408354,0.9567219566226258,1357.3802247047424,3310283876
3149,5150,1.3454051106821856,1.2964275460935872,1.2964275460935872,-2.7035724539064128,1.2964275460935872,0.1432917179607685,0.886476225988321,52.0049422411854,99.18666232357866,2.013252432503181,1357.3802247047424,3310283876
3150,5151,5.3416635739960245,1.5011209355959982,1.5011209355959982,-3.6734122451202156,0.326587754879784,0.09567740950716042,0.925451764489193,49.69758562089328,121.40867163276502,1.2090823429387207,1357.3802247047424,3310283876
3151,5152,4.70308448122315,3.5938166716947983,1.969938800400713,-0.9101806586745298,0.4361761069382557,0.02415075318250705,0.8597878310939984,56.164966065199394,161.32654655455593,1.3988228749394165,1357.3802247047424,3310283876
3152,5153,3.1202906444298635,1.4899497366995407,1.4899497366995407,-2.359708816352751,-0.2299504022734531,0.0992036001514223,0.890529682445077,41.229261454358074,107.34547310972056,1.083393248735451,1357.3802247047424,3310283876
3153,5154,2.7342136761724487,1.9752213093058897,1.241674396672161,-4.4022572236752335,-2.758325603327839,0.11127875215956357,0.861165253894579,32.17377682280545,95.50635740064124,1.4308925678813318,1357.3802247047424,3310283876
3154,5155,4.089739823777331,3.959278762961811,1.4838261655173666,-6.516173834482633,-2.5161738344826334,0.0689294359590173,0.9792901070153723,74.63093717304218,223.78010794298197,2.4760701174342925,1357.3802247047424,3310283876
3155,5156,8.613299322842359,5.4493499466579935,1.4493499466579933,-3.70322855359614,-2.5506500533420065,0.07361993887035716,0.894342655720515,43.71824295282078,131.15154800860097,0.9417425811838445,1357.3802247047424,3310283876
3156,5157,4.013739628243844,1.6705266902601899,1.6705266902601899,-1.651804128794461,1.4121517656396811,0.05482745448926414,0.8859790158559654,63.37590246326872,132.96285525821952,0.8964554324491768,1357.3802247047424,3310283876
3157,5158,6.316842676086202,5.591200641992564,1.5912006419925635,-3.1080535236422833,0.18375534933727877,0.05521848246843664,0.889564599992435,47.876421270277724,143.29837063452146,0.9505923094451465,1357.3802247047424,3310283876
3158,5159,9.620744333094986,5.765316936677213,1.7653169366772121,1.0416920232797864,1.0416920232797864,0.021948896987275344,0.9246763891128187,112.70543429206958,312.3578182015085,2.2414934201520693,1357.3802247047424,3310283876
3159,5160,3.8063449291179063,3.1071414795099193,1.512960416086217,-3.2216163777984175,-2.4870395839137833,0.06517154800946226,0.8846981463443103,44.133846408061,132.14025962497973,0.9287978192785966,1357.3802247047424,3310283876
3160,5161,8.615168831482265,5.574213239054405,1.5742132390544048,-4.932303420141871,-2.013607148392242,0.05771907957088172,0.894358171040683,47.859124006248514,143.56993237941853,0.9454610968953893,1357.3802247047424,3310283876
3161,5162,4.550932068505733,3.972453217006116,1.5415286137393573,-4.683303907384669,-1.1483806215340733,0.06159391038080252,0.8999641967727176,47.82129577572653,142.94828064711285,0.9480575894058908,1357.3802247047424,3310283876
3162,5163,4.799958245534935,1.9312596509991486,1.9312596509991486,-0.8593590245608711,1.5408488864085539,0.03305115909978245,0.9347569006508906,86.60194865822072,184.58013286611776,1.4279119965139568,1357.3802247047424,3310283876
3163,5164,7.297758790993525,3.474292102157623,1.4637983177506049,-4.181320873570124,-2.1251949913248067,0.0716247475840542,0.8862282230457883,42.79945807304958,128.1778667674524,0.9328389279959559,1357.3802247047424,3310283876
3164,5165,6.55532634688523,6.289260622462835,2.2892606224628347,-4.467474588471028,-1.7107393775371653,0.011032107077857666,0.8843518793449987,72.92562673863512,218.77203204885066,1.6910428228363394,1357.3802247047424,3310283876
3165,5166,3.14001377612552,1.1295414423086356,1.1295414423086356,-0.5831998905110312,-0.5831998905110312,0.17459271340023766,0.927365897006488,39.185232203561895,91.77963804447572,3.1037477343264337,1357.3802247047424,3310283876
3166,5167,3.5069471729354347,3.174921525088851,1.3920591896082097,-1.8409776146994545,-1.2211905121403865,0.08197429797883642,0.8994538152886016,42.80825446792229,126.68817352597227,0.979495317557758,1357.3802247047424,3310283876
3167,5168,8.700509569940408,7.788379256337581,3.7883792563375813,-4.211620743662419,-0.21162074366241868,7.581662764458876e-05,0.9155257063562399,160.0,479.989570744473,3.5351602025865483,1357.3802247047424,3310283876
3168,5169,6.039927383688739,5.467915367562333,1.4679153675623329,-5.098640451718999,-2.532084632437667,0.07106360624181353,0.897886267195579,44.96462512343357,134.89071913422606,0.9441466385375272,1357.3802247047424,3310283876
3169,5170,2.6177589388373086,2.0303140719748263,2.0303140719748263,-1.3644854446342891,-0.3603049211454379,0.034726817632774395,0.8834643336572933,59.17060202912012,160.29586886922797,1.1179816228719572,1357.3802247047424,3310283876
3170,5171,4.648793994289436,2.0164368577735305,2.0164368577735305,-4.471548000653753,-1.33551874412387,0.03389746380679538,0.907838522193051,64.1076739667117,186.3068345011714,1.25805420886068,1357.3802247047424,3310283876
3171,5172,2.4885415294996704,1.513461908682305,1.513461908682305,-4.598498974144326,-0.5984989741443263,0.09648902326460272,0.9080066474473474,45.155006123064524,121.5570883866542,1.1316013185064842,1357.3802247047424,3310283876
3172,5173,8.17619628480683,5.762371141420964,1.7623711414209642,1.7623711414209642,1.7623711414209642,0.008116987428377955,0.8873582641817693,160.0,386.9806571908124,2.8054700801595125,1357.3802247047424,3310283876
3173,5174,8.496855503404694,6.249175293166882,2.2491752931668816,-1.7508247068331184,2.2491752931668816,0.0050449365210777294,0.9751305881694621,160.0,472.7056149677851,4.248185780997812,1357.3802247047424,3310283876
3174,5175,7.455139873089476,5.670732595147769,1.6707325951477696,-3.9257693842894126,-0.45406623933355994,0.04737540892405393,0.8853861068742941,49.53466631270035,148.49415556386214,0.9972970207183872,1357.3802247047424,3310283876
3175,5176,6.75493830245726,3.5272728328170984,1.4866390236277987,-1.9885905676965758,-0.0023806074111625275,0.06812376638530923,0.8815771218403361,42.948815566887745,125.47908287736266,0.9169625015627103,1357.3802247047424,3310283876
3176,5177,7.918059436363248,5.394146693399866,1.3941466933998654,-5.571758607042178,-1.5717586070421785,0.08163663113827827,0.9121075874796084,45.309611156297194,135.9059767719518,1.0585335300118484,1357.3802247047424,3310283876
3177,5178,4.032376522560886,2.853081802489069,2.853081802489069,-1.4633267450462166,2.536673254953784,0.0026029518942351747,0.9120337309703017,137.58192264287925,290.40875478088924,2.2525609667081343,1357.3802247047424,3310283876
3178,5179,8.313048414775368,5.995336086678206,1.9953360866782064,0.30967712432752226,1.6265019288263383,0.014937478178948966,0.9336169215905499,96.90058582460281,282.1697292456084,2.1942086518638204,1357.3802247047424,3310283876
3179,5180,6.623904586738931,2.7880069181360208,0.7767115407308158,0.7767115407308158,0.7767115407308158,0.09176203986443322,0.8728867998073654,68.44779485709897,143.30513568955564,1.311817677202904,1357.3802247047424,3310283876
3180,5181,6.349725411175826,2.8662672307820083,0.858579537986027,-0.25157213482505925,0.858579537986027,0.12284949445162961,0.9217312145698596,51.558647326286255,118.34276699839172,1.6585894089604307,1357.3802247047424,3310283876
3181,5182,5.597783559334549,3.3910260066190308,1.2984233514958659,-4.7094749564644625,-0.7094749564644625,0.09704210740278045,0.8960018654913114,39.25892873318298,116.1895762528907,1.097337455247044,1357.3802247047424,3310283876
3182,5183,8.84868370533545,5.466068680446101,1.4660686804461014,-0.6486157112630695,-0.6486157112630695,0.06996492681697439,0.994000366196454,98.56280442934398,294.47661661145366,3.3338514179370984,1357.3802247047424,3310283876
3183,5184,3.862064994721869,2.6118049120319933,1.5204293684049088,-2.479570631595091,1.5204293684049088,0.034861831698456865,0.8986155717313246,71.62216727428623,172.334069705759,1.1535898274506475,1357.3802247047424,3310283876
3184,5185,8.397787150301124,4.623990164219418,1.104000108724449,1.104000108724449,1.104000108724449,0.045916237209220494,0.87750535615047,94.11320207249824,234.87778862311782,1.6042753910286218,1357.3802247047424,3310283876
3185,5186,4.637583973125689,2.3719008095190763,2.3719008095190763,-1.0450383315931342,1.5312633488152492,0.012998106964082153,0.9256416524651836,91.98923478774678,212.22123711510753,1.6891298808408988,1357.3802247047424,3310283876
3186,5187,6.7198794847094305,6.525440401437586,2.525440401437586,-5.474559598562414,-1.474559598562414,0.005777668970013597,0.9593320626622943,109.32079076746645,327.9548589251518,2.971622238464761,1357.3802247047424,3310283876
3187,5188,5.6815117410096345,3.601291703319877,2.0692324188456817,-1.9307675811543183,2.0692324188456817,0.008512477746029546,0.9093633785354495,105.33772337038596,269.2591272567264,2.0255816329857406,1357.3802247047424,3310283876
3188,5189,3.6237466599212818,2.8246322438702984,1.417812071026504,-2.074644860133442,-2.074644860133442,0.07821005551700326,0.8829599751489146,40.803581668263675,121.22077998798504,0.9538180237518747,1357.3802247047424,3310283876
3189,5190,9.635368812975035,5.6884846188571,1.6884846188570992,-1.880385679118279,-0.5946206494004924,0.04565003347233889,0.9005945062989982,53.05502840771167,159.064535005852,1.034857843107793,1357.3802247047424,3310283876
3190,5191,4.48595122930536,3.842636665912922,2.1766156926560014,2.1766156926560014,2.1766156926560014,0.002142967757184018,0.7871191033637723,160.0,306.4875464318851,4.305483959949584,1357.3802247047424,3310283876
3191,5192,5.162822317167902,3.6344041901510713,1.8415848680457474,-1.4881247670607811,-1.4881247670607811,0.03275502549158028,0.9007987601574914,58.72540421034231,174.57630424143682,1.1784554293338767,1357.3802247047424,3310283876
3192,5193,9.885931081117288,6.6229249428162,2.6229249428162,-2.554352816525346,1.4456471834746536,0.004091879212906957,0.8972954367665681,93.26916891659498,278.90416046365806,2.1353181067524116,1357.3802247047424,3310283876
3193,5194,6.675494354934998,3.797244789270575,1.490472149059492,1.490472149059492,1.490472149059492,0.017567063243817536,0.9181854099073757,150.30214485949313,344.8547412619535,2.4502757757643807,1357.3802247047424,3310283876
3194,5195,6.203509931837859,3.225704672337569,1.452486364587635,-2.0337610811325675,0.7533294134826068,0.06514915379122867,0.8892696856834704,47.099750865730314,131.08966900002326,0.9035328864956733,1357.3802247047424,3310283876
3195,5196,3.777681440377176,3.57662668932217,1.2662597161310971,-4.7197732119140365,-1.895771036855123,0.10271705019492734,0.8851399347692774,36.53870333857177,109.34539161699941,1.1717812485539219,1357.3802247047424,3310283876
3196,5197,3.8058687992530764,1.8631078049434002,1.8631078049434002,-1.8435892897763466,1.1642304198767117,0.04302499952778644,0.8818518156999692,58.92201783599994,133.65282093866273,0.925304686534248,1357.3802247047424,3310283876
3197,5198,4.852798073561829,2.9310224785145595,2.9310224785145595,0.30888315571394775,0.30888315571394775,0.0028017592326276732,0.9557146472974718,129.66670700175462,322.21271217207175,2.912156859858536,1357.3802247047424,3310283876
3198,5199,5.1294671439315875,1.8458399848624591,1.8458399848624591,-2.636022913671491,1.3639770863285088,0.04162656421905117,0.9337198189468736,78.1432353802755,171.15510995054927,1.2964005508519467,1357.3802247047424,3310283876
3199,5200,1.834267712842892,1.764521911810583,1.764521911810583,-3.872135617030562,0.1278643829694388,0.07633072597199964,0.9074069942236829,52.926815597622905,129.55608139950212,0.955788660781321,1357.3802247047424,3310283876
3200,5201,7.217987221540584,3.3974585263341788,0.9730815724568095,-1.7014075706827105,0.9730815724568095,0.10516714056702062,0.8472878491633054,37.97919793539364,105.34954305392054,1.580880103959212,1357.3802247047424,3310283876
3201,5202,7.037947488888552,3.0379474888885523,3.0379474888885523,-2.705808784840698,-0.5295001761633471,0.002032658921879814,0.8602838125411197,99.58967779104276,291.32502602701385,2.4877173279429754,1357.3802247047424,3310283876
3202,5203,5.502851498238039,1.5718171843940776,1.5718171843940776,-2.079982560934292,1.0458112923474494,0.07468215413122026,0.8830826915123114,50.64392000559136,111.72703089167906,0.8628236139566192,1357.3802247047424,3310283876
3203,5204,6.261942399827621,3.2933113262716875,3.2933113262716875,-0.7066886737283125,-0.7066886737283125,0.0008613218099815744,0.9443865840174284,141.1994999745789,407.2413717936944,3.3177744072207243,1357.3802247047424,3310283876
3204,5205,8.83560794178529,4.835607941785289,4.835607941785289,0.8356079417852893,0.8356079417852893,1.249860999402271e-06,0.6334633662774416,160.0,341.8176986340422,13.553837051164082,1357.3802247047424,3310283876
3205,5206,6.161788657274026,5.797226492287383,1.7972264922873828,-5.615803599874557,-1.6158035998745566,0.03614983474124185,0.9104695595884199,59.191506046140034,177.5613512004602,1.1983459778563685,1357.3802247047424,3310283876
3206,5207,9.079588487195336,5.165231233436485,1.1652312334364845,-2.8347687665635153,1.1652312334364845,0.07336210282981184,0.8788746260132695,50.81459973834115,150.1269990989201,1.1268334983868298,1357.3802247047424,3310283876
3207,5208,3.026329092666538,1.3764274890029382,1.3764274890029382,-1.4338504414438162,0.11932367990412795,0.11989386403951219,0.8960821963013803,39.022939579459404,95.13083281291064,1.3725432010217657,1357.3802247047424,3310283876
3208,5209,6.36206257164538,2.865158400689878,1.5560206736129754,-1.6484202044939154,-0.45760784051514625,0.05989887432637797,0.8809668752711429,44.92360984296129,130.06576990038653,0.9147119845105257,1357.3802247047424,3310283876
3209,5210,7.4198320501041355,6.01518548274014,2.01518548274014,-1.9560694063336475,-0.7461647548356978,0.021941815529612795,0.8820123446507337,61.452814628499766,184.30610000620482,1.3668657645014006,1357.3802247047424,3310283876
3210,5211,8.115169840279814,7.6584321357027445,3.658432135702745,-3.1690418890929357,-0.34156786429725505,0.0001268814573199474,0.8745650311762455,138.62473400491646,415.86507360078434,3.180952616626263,1357.3802247047424,3310283876
3211,5212,5.222785228291803,2.789939661086307,1.4658314163912658,-3.1087847038401923,0.09736617359962718,0.07071072383141794,0.8815861949756608,42.39912826275648,119.63665071348571,0.8944961657355784,1357.3802247047424,3310283876
3212,5213,5.915766811253389,3.8592802189823976,1.3652856110787706,0.624424827428183,0.624424827428183,0.057245746420966304,0.9572531987601448,101.05317204088232,270.3877546934364,2.2674478867003773,1357.3802247047424,3310283876
3213,5214,2.432264391254519,1.832742154708389,1.832742154708389,-0.7722220255556607,-0.5977132308661341,0.053370791106353094,0.9221635672831147,60.509341269157154,156.61182525160297,1.0934484986401427,1357.3802247047424,3310283876
3214,5215,3.054173847412982,1.7935936022563563,1.7935936022563563,-2.863396999731993,-2.2064063977436437,0.0552716528125278,0.8986857530589127,53.355601465165755,157.14684710335837,1.0239961657915553,1357.3802247047424,3310283876
3215,5216,6.732117525830596,3.085659653445494,1.7113684074324422,-4.277916551342173,-1.5763166213730653,0.04354996520861487,0.8939519023166849,52.53859659157699,156.57424499626092,1.0277832230761654,1357.3802247047424,3310283876
3216,5217,9.217676410724145,6.673930402114712,2.6739304021147117,-2.357125977770086,-1.3260695978852883,0.003748398792286716,0.8790972442753466,88.67757258032559,266.02516449719775,2.1228729824816575,1357.3802247047424,3310283876
3217,5218,9.320125347150631,5.6244991318235105,1.6244991318235102,-1.7905090130754953,0.5474508606157042,0.05012021861170768,0.9019517649956421,52.4613157872696,156.79466732993808,1.0177508292206268,1357.3802247047424,3310283876
3218,5219,4.680182774134062,1.729472929678904,1.729472929678904,-1.4182885203324678,-0.6399993549895524,0.06275151898878817,0.8947986583383445,50.26846652814434,136.76394384371264,0.9164528978782928,1357.3802247047424,3310283876
3219,5220,6.381444407700242,5.467669412818049,1.4676694128180494,-3.6910428974465392,-1.960566615894387,0.07109702055320279,0.903655396448949,46.049200268304915,138.13796216373905,0.9668003888842387,1357.3802247047424,3310283876
3220,5221,9.144363843342113,5.64595714164154,1.6459571416415404,-2.783406817355152,-2.051125780124744,0.049886242633324335,0.9071857105899576,52.91121496361438,158.72473067303176,1.037643536004718,1357.3802247047424,3310283876
3221,5222,1.9193923467713936,1.6557490439456575,1.6557490439456575,-2.3442509560543425,-2.3442509560543425,0.085215191410038,0.8807892563782189,44.230357576312365,127.52580524832885,1.075339038377437,1357.3802247047424,3310283876
3222,5223,7.254324106501107,4.036008395208542,1.4476035592006786,-3.23538895425816,-1.1174908924104803,0.07386325120397691,0.9067621113319937,46.00036291202264,137.53934573142524,0.9870775709204362,1357.3802247047424,3310283876
3223,5224,8.057070160863791,5.206311988332689,1.2063119883326892,-3.446353758016077,0.5536462419839232,0.1019906977734774,0.9087563308813865,42.82732099593047,127.62240466865453,1.2564041221135835,1357.3802247047424,3310283876
3224,5225,7.304689197939528,6.101473448332706,2.1014734483327064,-0.6138728397544178,-0.6138728397544178,0.017668780194453025,0.9142095839679282,72.60338794657872,217.3876073299813,1.6024991135303932,1357.3802247047424,3310283876
3225,5226,6.624777408406563,2.9107476954679887,1.7749039512783824,-4.5059857891322785,-0.5059857891322785,0.03810585750745326,0.8814196962796019,52.43402335672216,152.7055123207085,1.0656583230004915,1357.3802247047424,3310283876
3226,5227,2.537086885123736,1.6810555795444695,1.6810555795444695,-3.5770508381307544,-0.8750453258791904,0.07070777212348116,0.9090908624496896,51.30426757507194,142.8463697891032,1.005516222011693,1357.3802247047424,3310283876
3227,5228,1.416188265648733,1.3513558000217143,1.3513558000217143,-1.9756630701213689,-1.435631674850783,0.16169091325363452,0.8914956007835539,35.177537592905004,94.39918101525978,2.546527358535462,1357.3802247047424,3310283876
3228,5229,4.429703649362997,3.5131148930138654,1.470105850818106,-0.9309931771814153,-0.9309931771814153,0.07021858414094327,0.9214528780277749,50.37007948942216,147.5560408441979,1.091186730863677,1357.3802247047424,3310283876
3229,5230,5.855976277092777,3.329413199982415,1.2645615372421264,-1.276463067059154,-0.9113257732380355,0.10265711533148865,0.893056582400062,37.8773564670158,111.4442471969549,1.1578156639408423,1357.3802247047424,3310283876
3230,5231,6.638336769362189,2.8923794968015475,2.8923794968015475,-2.450195818070334,1.5498041819296655,0.003142463169718467,0.9092058046668101,106.78941805648766,266.7505224514379,2.081987322759309,1357.3802247047424,3310283876
3231,5232,4.158561096965119,2.617036163603909,1.4715814766770643,-4.5107463211456755,-2.5284185233229355,0.07086158628911587,0.8825912618158422,42.409927477834124,126.79849142152742,0.9363733773483623,1357.3802247047424,3310283876
3232,5233,4.072120380517875,3.7864751391538336,1.369269119492138,-1.735265230770188,-1.735265230770188,0.08542131251646051,0.919805283803504,46.172097922888014,137.75427796682231,1.1475134845448554,1357.3802247047424,3310283876
3233,5234,8.823474816687007,5.602463610367019,1.6024636103670193,-4.176499747359542,-1.3278357867783543,0.05452653143186457,0.9063477652491726,51.19614416200052,153.56083425609242,1.0055525511545393,1357.3802247047424,3310283876
3234,5235,4.379920957182043,1.749883909738102,1.749883909738102,-3.227044809405281,-1.6745873267702216,0.06024059382543659,0.9041635609375532,52.88819760031773,154.03103421561696,1.0180709029090533,1357.3802247047424,3310283876
3235,5236,7.792989739975548,6.134051452175976,2.1340514521759757,-4.886223030384974,-0.8862230303849734,0.0164192724875961,0.9126482432141325,73.13556692902804,219.37338471115348,1.621612503054207,1357.3802247047424,3310283876
3236,5237,6.422571301759138,3.7579903475204075,1.3853176904312305,-5.048428260425007,-1.0484282604250068,0.08297583186664342,0.9366150239788171,50.900640478164036,151.87146570848842,1.359507975351329,1357.3802247047424,3310283876
3237,5238,3.7743145895711874,2.9268121979749275,2.9268121979749275,-0.3487733930892416,0.7838661333422516,0.0029290602496838134,0.8850216900293877,100.10309969390019,265.1747269002994,2.096374340602677,1357.3802247047424,3310283876
3238,5239,9.858168377396686,6.846636909076553,2.846636909076553,-1.223937864405075,-0.3525564623080064,0.002208910929266704,0.8806737345101362,97.20926894917962,291.5638214615278,2.3010889586333088,1357.3802247047424,3310283876
3239,5240,8.369674593314528,4.402883238821137,2.7802887748123,0.37069982009125413,0.6140919580885549,0.0025919825300680277,0.9143238832435607,106.67159436885908,248.36317767615895,1.98926730005137,1357.3802247047424,3310283876
3240,5241,5.583216414689616,5.170180613087264,1.170180613087264,-5.791281388358587,-1.7912813883585865,0.12096412087711027,0.8630962110279828,30.768518234890248,92.28958980439938,1.5849182894476672,1357.3802247047424,3310283876
3241,5242,6.9514832423441675,4.729364547402344,2.3810669903458517,-5.618933009654148,-1.6189330096541483,0.008631280432151212,0.992314945925468,138.72425316941795,415.96193962029145,4.2759103825540326,1357.3802247047424,3310283876
3242,5243,8.403623095225473,5.48949923666107,1.4894992366610702,-2.7050951805846,1.2949048194153994,0.04494783950320676,0.881902488865781,58.534530487663744,173.49335718834902,1.1799109547565878,1357.3802247047424,3310283876
3243,5244,6.034599383030075,3.1627968687404313,0.8764694060164082,0.8764694060164082,0.8764694060164082,0.07516591574664853,0.8920659236874098,82.24640750336711,173.26947461494646,1.2313670187753278,1357.3802247047424,3310283876
3244,5245,2.6877304830779187,1.4400525771866333,1.4400525771866333,-0.9644917698167887,1.4400525771866333,0.0754928099650036,0.8847988978134956,62.64976028950803,121.04585332658276,0.9210498346700038,1357.3802247047424,3310283876
3245,5246,4.585384825210452,1.6107760618287001,1.6107760618287001,-1.3132427105897382,1.1994021568538533,0.06630404756891842,0.8854495224185153,55.622975185314075,119.47071243158814,0.848644889756266,1357.3802247047424,3310283876
3246,5247,6.379363466696098,3.7584351999800147,1.4839688995387599,-3.3709202352215,0.6290797647785002,0.0639835796767932,0.8908764797989951,46.83082878150978,134.9780856760003,0.9186060315066708,1357.3802247047424,3310283876
3247,5248,4.147840795996753,2.9949109732679413,1.6459964768806676,-1.216635227744646,-0.7545586445110342,0.049842801579248745,0.9018855153813494,51.891849695609906,150.85543520473124,0.9791841219540981,1357.3802247047424,3310283876
3248,5249,2.743413918484656,1.875470203837465,1.1545041297521084,-1.2824280330766729,1.1545041297521084,0.07969437518403136,0.8833381875158051,51.08794787854988,113.69593107619961,0.9162867484718775,1357.3802247047424,3310283876
3249,5250,6.080420559167014,2.4973259130208008,1.5504089548981366,-2.1520728020007986,-2.1520728020007986,0.061219732262466166,0.8978259553493251,47.601437322600894,141.0532833804014,0.9351768364431755,1357.3802247047424,3310283876
3250,5251,4.493022203524041,2.087096286506803,2.087096286506803,-4.4272912777239615,-0.427291277723961,0.02879074077220628,0.9011296018582134,65.42126932290589,182.6034844895188,1.254126908609756,1357.3802247047424,3310283876
3251,5252,7.203305247068778,5.798873648314112,1.798873648314112,-2.6514344040153883,0.6886848907027405,0.0345823423287345,0.8919379717613785,56.71454085888307,169.53852692649534,1.1464946495473298,1357.3802247047424,3310283876
3252,5253,4.716803063862002,2.4130635827877125,1.4585224329820394,-1.420454610603597,1.1900118172522776,0.05185935572092108,0.8827962405062972,54.99037308601294,135.01695601444075,0.9220409767295594,1357.3802247047424,3310283876
3253,5254,5.715574784077811,1.715574784077811,1.715574784077811,-2.9270526825555576,0.32219982943986025,0.06404208665707412,0.8912278161014554,49.471381305663186,124.36331655379709,0.8490292551685973,1357.3802247047424,3310283876
3254,5255,6.098059105917166,5.720641500449446,1.720641500449446,-5.370285285829542,-2.279358499550554,0.042657948797185756,0.9037749147585556,54.86848370359477,164.60178920791614,1.078314048547177,1357.3802247047424,3310283876
3255,5256,5.561696193236143,1.5616961932361435,1.5616961932361435,-2.073473756038943,0.5583474520296592,0.08421241222897458,0.8881858244046403,44.90658181527631,106.95443382872982,0.8957822340836478,1357.3802247047424,3310283876
3256,5257,5.636184556040805,1.8363943380808754,1.8363943380808754,-3.2247062079093958,0.7752937920906038,0.04872417800022179,0.901535570199059,57.545227197170696,138.35256757954852,0.8981378347137062,1357.3802247047424,3310283876
3257,5258,2.6400302159896247,1.5804309263390202,1.5804309263390202,-1.5735694446121895,1.5804309263390202,0.05802142167860282,0.9163691899357117,78.749716112381,154.7281984738852,1.0549785583573268,1357.3802247047424,3310283876
3258,5259,5.253957415887983,4.232508944472975,2.5817118947532283,-1.4182881052467717,-1.4182881052467717,0.0049155239569638465,0.8995349096133307,89.4481509270769,267.00017183058213,2.0454473122496024,1357.3802247047424,3310283876
3259,5260,2.629288789675952,1.8666381832871006,1.8666381832871006,-0.0029993071740577193,1.300373244377719,0.04143135540915511,0.9755944818769418,105.33314295568742,212.13215139075882,2.2683555382354785,1357.3802247047424,3310283876
3260,5261,5.055074153176006,2.5862590733648165,1.163392053495625,-4.022414340390893,-0.022414340390892518,0.12044875041862917,0.9999027001255841,160.0,449.2457974563819,5.217897050224446,1357.3802247047424,3310283876
3261,5262,3.524198026528853,1.6884903132156217,1.6884903132156217,-0.825642626783051,0.023576089798801325,0.0676698695412311,0.9025070904327666,50.78628615645391,127.32164380839743,0.8750614674541348,1357.3802247047424,3310283876
3262,5263,5.775414934677588,1.7754149346775887,1.7754149346775887,-1.0677308338414497,0.8843197778302597,0.054087397944042916,0.8845261940130229,53.20248100792945,122.85958424612238,0.8365016987152598,1357.3802247047424,3310283876
3263,5264,7.728369472702151,3.728369472702151,1.5532136435136892,-2.446786356486311,-2.446786356486311,0.06018529607546723,0.8798268686206964,44.640689184268616,133.71090011856603,0.9461352551046986,1357.3802247047424,3310283876
3264,5265,5.014926033287271,4.268445880211955,1.5401965794644525,-4.148444847880072,-2.4598034205355477,0.06175615651996074,0.8895097504730177,45.849898590209726,137.51347521551003,0.9303480114152781,1357.3802247047424,3310283876
3265,5266,7.995933750914759,7.3964947865323065,3.396494786532307,0.5125182962791182,1.9026124330652663,0.000321791950962439,0.8740786712144714,126.69823840784066,377.728261120438,2.9344099872655023,1357.3802247047424,3310283876
3266,5267,5.669721450733588,1.669721450733588,1.669721450733588,-1.3546799034253152,0.12027344437052534,0.07040367844931986,0.8862588079515491,46.75181519729451,118.60316665450895,0.8626851550703656,1357.3802247047424,3310283876
3267,5268,2.037095345673703,1.5604304367204127,1.5604304367204127,-3.3423519104759265,-2.439569563279587,0.0948851088246675,0.9032663955849638,45.403515068844676,131.79840944105536,1.1672101879459098,1357.3802247047424,3310283876
3268,5269,5.386289621000911,1.9869611699412124,1.9869611699412124,-2.606952074330497,0.673415462942244,0.035721231100509364,0.8881556640828885,59.40865517960346,147.83559751971615,1.012095721695502,1357.3802247047424,3310283876
3269,5270,4.24055375518007,2.688109902369044,1.507622448999875,-5.335308802883788,-2.2610897984758287,0.06604976614148252,0.9021516081357297,47.06848900420919,140.57335896635976,0.9523518999429008,1357.3802247047424,3310283876
3270,5271,8.017068752671367,5.611245825544906,1.6112458255449056,-4.008688389915016,-0.00868838991501586,0.053356869594022666,0.8914644848808471,48.700683314016985,145.8590493032016,0.9591872240728392,1357.3802247047424,3310283876
3271,5272,6.747474364460427,4.148806778397912,1.4396178817650567,-2.813915703346434,0.5614770092431278,0.07017756952095078,0.8945192444257698,45.760220283373265,133.94175345948625,0.9362994141218439,1357.3802247047424,3310283876
3272,5273,7.054051965015275,3.054051965015275,1.5434609290440102,-3.1933726502751156,-0.4104567202834808,0.061352058320432216,0.8810512262824121,44.52671800025594,129.86916213024355,0.9177030441168788,1357.3802247047424,3310283876
3273,5274,2.80146887652823,2.2104963742703,2.2104963742703,-2.9274273183890305,-1.7895036257297,0.0225918308811562,0.8900598742348784,67.86537580865689,200.02297531781798,1.4286218969233764,1357.3802247047424,3310283876
3274,5275,5.245164683487819,3.172244293028668,1.4342126254195946,-1.7159484971228773,-0.396630173512702,0.07565720790267297,0.8782157971121084,40.6151843843849,118.63760402139593,0.9442551776449521,1357.3802247047424,3310283876
3275,5276,7.950520478248627,5.390806625605196,1.3908066256051952,-5.683231949393546,-2.227345199055178,0.08214203614868978,0.8934428947148162,41.68694737017282,125.05487441424614,0.9771393444849303,1357.3802247047424,3310283876
3276,5277,4.5867222187285766,3.7767570872281664,1.3253923770700071,-4.0152363195044805,-2.674607622929993,0.09252020128008898,0.878146339433166,37.24414742709649,111.683940260066,1.0768340325350714,1357.3802247047424,3310283876
3277,5278,9.523980402578351,5.893362869797743,1.8933628697977425,-4.128325646363603,-1.5411905973533648,0.029154814481756535,0.8960495478237387,59.63843720864079,178.90298792729928,1.2299697793784965,1357.3802247047424,3310283876
3278,5279,6.408702830385863,2.95999904554912,1.5794528064084097,-3.3720284354484016,-1.5117072754371628,0.05717443802941416,0.8921998169309789,47.63487236073378,141.68993861640834,0.9364870376529176,1357.3802247047424,3310283876
3279,5280,7.979570754358139,3.9795707543581402,1.6422694205683155,-2.194311530565932,0.3502960932613992,0.04939691771731881,0.8803063044306193,48.222984775525624,141.3038474878002,0.9765106072709853,1357.3802247047424,3310283876
3280,5281,7.652490279913469,6.678877434348854,2.6788774343488533,-0.14222023847367637,2.1606199326994213,0.0024651797151398138,0.8756209013098658,105.47985171452143,312.69648890330524,2.468457176714877,1357.3802247047424,3310283876
3281,5282,8.355375260409856,6.308195155256646,2.308195155256646,0.9931678962795916,1.6450076125096396,0.006751509148542982,0.9227497786803367,117.0723458431104,337.40140898175173,2.5569029303470345,1357.3802247047424,3310283876
3282,5283,6.2692827830449165,3.8673606455840726,1.21606543850206,1.21606543850206,1.21606543850206,0.035321603426118384,0.9006015517602304,113.73338662065596,239.6276180685902,1.5877849600255172,1357.3802247047424,3310283876
3283,5284,9.223465158546016,5.713307564587975,1.713307564587975,-1.384165989393492,0.09364281201780233,0.043106740568868755,0.8985351334761293,53.688087678021546,160.77113682559522,1.0506131094801299,1357.3802247047424,3310283876
3284,5285,4.335504218710562,3.236104641846677,3.236104641846677,0.11658602017589637,3.236104641846677,0.0006092548415704338,0.8365028415142625,160.0,314.4062806902561,3.0371739101110395,1357.3802247047424,3310283876
3285,5286,5.826860250195273,1.826860250195273,1.826860250195273,-0.8224469634504985,-0.11934068635197415,0.051124002638843556,0.9065807570205644,56.66998540922227,146.1560205314562,0.9550165456177916,1357.3802247047424,3310283876
3286,5287,5.275178515799158,2.8123084145670223,2.8123084145670223,-4.364843737378383,-0.3648437373783828,0.0041195771304586805,0.877874166352203,92.48026066980071,267.0582482194472,2.1324157793628435,1357.3802247047424,3310283876
3287,5288,3.722936999721493,1.8808837843811548,1.8808837843811548,0.994678480949547,1.8808837843811548,0.023758223446051822,0.9710942012326335,160.0,292.3869974429066,2.7820602304485025,1357.3802247047424,3310283876
3288,5289,9.499754754399738,6.172547605760703,2.1725476057607027,-0.599110573222486,1.2127309961978716,0.013560460584620782,0.8886288442618184,72.69479374180568,216.77352892734444,1.6308749512069507,1357.3802247047424,3310283876
3289,5290,9.455315941807118,5.737783596551217,1.7377835965512167,-0.9812186383184911,-0.5483150778161825,0.040954687922803185,0.9374498990250423,64.46034741248282,193.06155816574153,1.481238339013222,1357.3802247047424,3310283876
3290,5291,2.025585964813307,1.4298773667153992,1.4298773667153992,-1.5729951698524975,1.4298773667153992,0.08415461873332146,0.8780861043908734,59.60819902015572,114.92248306768735,0.999373676376466,1357.3802247047424,3310283876
3291,5292,5.517246952723537,3.6215470202527777,1.4750389124457008,-4.932312797720977,-1.7103496130416271,0.0701009089293854,0.895417377220474,44.75625433336164,133.92232778644706,0.934304178279544,1357.3802247047424,3310283876
3292,5293,5.627207257737088,2.4022864095110905,1.5980597224809696,-1.1146156569828658,-0.35029164027345083,0.05606906156163206,0.8838543919195364,46.74995247734473,130.39486658454888,0.8917616778007765,1357.3802247047424,3310283876
3293,5294,4.994041751861342,2.3851501243150466,1.472341385021469,-6.527658614978531,-2.527658614978531,0.07144139770318857,0.9997982619970507,160.0,477.7060465841283,4.705130695638795,1357.3802247047424,3310283876
3294,5295,5.484877186646256,3.606873632866777,1.990954957358779,-5.351027183758232,-1.3510271837582317,0.023246760565845716,0.8996744490530396,64.19306747214614,191.7294548317287,1.3541374927478462,1357.3802247047424,3310283876
3295,5296,4.123695393585977,2.5991508029041412,1.504410327881187,-4.116683155085581,-1.0151484014309664,0.06660095062169057,0.8867119430026709,44.137486248345695,129.27688937435036,0.9083482735219995,1357.3802247047424,3310283876
3296,5297,3.149277234974263,1.652668473216771,1.652668473216771,-5.831234606563351,-2.347331526783229,0.0732182101274684,0.9315675635719672,55.94643240169227,164.4993758919851,1.3038545505515131,1357.3802247047424,3310283876
3297,5298,2.8095541935238373,2.635682667969048,1.668382459414724,-3.2067771789368615,0.6022339875027036,0.047158866474215605,0.8892584354130141,51.41870583030652,135.48071201162045,0.897923311731095,1357.3802247047424,3310283876
3298,5299,8.204993921817072,5.708222726315392,1.7082227263153922,1.1638916736785223,1.7082227263153922,0.015592666217562215,0.9169196725983387,122.91660736285925,329.8039780503052,2.3661316939816053,1357.3802247047424,3310283876
3299,5300,5.0709005624947485,4.214507180856346,1.2734859105567282,-3.0935700294593462,0.9064299705406536,0.07925407010964153,0.8955864192159939,47.692201579677274,138.3624711518699,1.0325114949133891,1357.3802247047424,3310283876
3300,5301,8.387827570596547,6.833528238639212,2.8335282386392118,0.21357422595595832,0.21357422595595832,0.0022383910887694876,0.9803490341951943,147.4674939577601,440.9037947844589,4.207062973330403,1357.3802247047424,3310283876
3301,5302,1.9703400755232614,1.719752796293152,1.719752796293152,-1.4023977088561574,1.027715464250078,0.06996419632770008,0.8854655570621881,52.97485643558073,111.88599377806057,0.8198321434056006,1357.3802247047424,3310283876
3302,5303,5.296252663865376,4.194637463742948,1.4555969500555672,-5.039679726665899,-1.0396797266658988,0.07275093268628406,0.878189219193659,41.24019257313692,123.35218989212562,0.9533314828076552,1357.3802247047424,3310283876
3303,5304,3.620653871804791,1.850224170501208,1.850224170501208,-2.1497758294987923,1.850224170501208,0.03215655292401027,0.9909560727911645,160.0,319.37089983989415,3.3961862915855883,1357.3802247047424,3310283876
3304,5305,5.888837111243138,5.502797303455518,1.502797303455518,-2.417949749489625,-1.3234138669224056,0.06644480239589584,0.9112145723402887,48.77277984625917,146.2819572555625,1.0100367818277394,1357.3802247047424,3310283876
3305,5306,6.268305543692389,2.2683055436923887,1.314141730085005,-1.9724342806156552,0.9809343956561856,0.07283308700430008,0.8811718742397541,47.136275257540284,116.86445931971191,0.893136714797242,1357.3802247047424,3310283876
3306,5307,2.53385507783194,1.5560637266301445,1.5560637266301445,-3.432501645491321,-0.1082917140800137,0.08900514268683325,0.8942972572475747,44.062635719696175,113.31435174848542,0.9746310270674456,1357.3802247047424,3310283876
3307,5308,6.273061974604932,5.282906312781317,1.282906312781317,-1.938313078248341,1.282906312781317,0.05787635050172229,0.8775077427061616,55.51584374859291,164.01363196700427,1.1515396943717096,1357.3802247047424,3310283876
3308,5309,8.624048822301603,5.352185106098135,1.3521851060981354,-6.14720946554805,-2.647814893901865,0.08815805282477453,0.9173832468364627,45.042412820030435,135.12429136407607,1.147608321235623,1357.3802247047424,3310283876
3309,5310,3.27886703441195,1.6739261970861554,1.6739261970861554,-2.7419884374381764,0.7904652964266837,0.0666202491574059,0.8928336359690792,50.92885571199778,118.83052329320734,0.8213773301569746,1357.3802247047424,3310283876
3310,5311,9.437306464755746,5.437306464755746,1.4373064647557467,-3.4515339725304828,-0.4958633347862147,0.07527227613775399,0.8961055198264408,43.65852301911588,130.84295321438103,0.9495981739665347,1357.3802247047424,3310283876
3311,5312,6.350180843763004,5.535097153016485,1.5350971530164848,-2.987736570223102,-0.8556624785836173,0.062377779127773474,0.8945791825339944,46.58387354324763,139.68553165972784,0.9343175057844305,1357.3802247047424,3310283876
3312,5313,5.097095387560013,2.8889524596570597,1.2041733080591561,-1.0770121669331838,1.2041733080591561,0.06788209942323827,0.8953291323714556,56.11499782026247,145.5761914387578,0.9970399754402659,1357.3802247047424,3310283876
3313,5314,5.759268890749928,1.7592688907499272,1.7592688907499272,-1.0771276176341638,-1.0771276176341638,0.05898552206563113,0.9045908941388127,53.46671254938903,145.42389093848146,0.9590915148547716,1357.3802247047424,3310283876
3314,5315,4.360322475704585,1.939636537363357,1.939636537363357,-3.1006550124495322,-0.17243203381616423,0.040260766662932525,0.8871369281695602,56.592573410934946,153.2977497282357,1.034602905659089,1357.3802247047424,3310283876
3315,5316,4.461918833605114,2.249127937249624,1.4520510712965713,-2.7819721122776784,0.5779784433082739,0.07020428032588376,0.8836030131964137,44.07019870899016,114.41590215658368,0.8466115145393174,1357.3802247047424,3310283876
3316,5317,6.163226371090179,2.163226371090179,2.163226371090179,-0.6182056875678974,-0.6182056875678974,0.023919049412253653,0.9050614126230598,69.89448258572764,186.94383897084145,1.3215494395722363,1357.3802247047424,3310283876
3317,5318,5.62851966955323,2.762981028787697,2.762981028787697,1.5263933665492497,2.1326483887257166,0.002999200201122843,0.9189869143145837,160.0,314.75375971592905,2.4379751976206396,1357.3802247047424,3310283876
3318,5319,6.968818462999099,6.688916672776617,2.688916672776618,-1.3110833272233822,-1.3110833272233822,0.0035837758086760397,0.9720382786775295,127.00630674522453,380.94172611756403,3.6033214494982717,1357.3802247047424,3310283876
3319,5320,7.151535334174167,3.780353096241858,1.5380231081066433,-5.262918991889481,-2.4619768918933564,0.062021229719532806,0.8954848937484727,46.85922452355572,140.49234886359721,0.936823290775662,1357.3802247047424,3310283876
3320,5321,7.243090416458547,3.2430904164585477,1.610627615663483,-3.2811668998667907,-1.9755620038352513,0.05364015234839961,0.892387482801503,48.74152334771674,145.77230235661756,0.9566324893527041,1357.3802247047424,3310283876
3321,5322,6.70444154832584,5.549088462555703,1.5490884625557033,-5.891386320229261,-1.8913863202292602,0.06068022749272827,0.8890726815460139,46.061154505336326,138.17399703815423,0.9323547889919219,1357.3802247047424,3310283876
3322,5323,4.037093562193027,1.6713080087073153,1.6713080087073153,-1.593987048922861,1.6713080087073153,0.04733045604582953,0.952647389963133,100.57187219727703,200.65169121389772,1.7300328878866291,1357.3802247047424,3310283876
3323,5324,3.452179863259569,1.6378799285294305,1.6378799285294305,-1.4604032776190783,-0.28312358548875416,0.0751958314982488,0.8928227119257417,46.657632099368826,122.81339005058919,0.9025167107486274,1357.3802247047424,3310283876
3324,5325,7.602908281265998,3.6029082812659974,2.019863712042024,-0.9046171265543834,-0.6383420036110894,0.021635917415483596,0.889707786640493,63.32441472644064,185.56522544741784,1.3441476220425832,1357.3802247047424,3310283876
3325,5326,2.2666493700104224,1.9852190094110584,1.9852190094110584,-2.0147809905889416,-2.0147809905889416,0.04248402007976671,0.8896047470981534,58.182148783741894,168.72112976907934,1.1198964143933254,1357.3802247047424,3310283876
3326,5327,9.075681052887141,6.337684908165634,2.3376849081656337,-3.0889454250799195,-0.5710887099082265,0.00970177397085222,0.8897023795932795,76.15449171241139,228.42078790137438,1.7484920946703617,1357.3802247047424,3310283876
3327,5328,6.743008526975231,3.7465401277663224,1.5899561981177859,-5.896127295304192,-1.8961272953041923,0.05592222153388135,0.9077882443173128,51.0730717125113,152.97312530960104,1.007126830535335,1357.3802247047424,3310283876
3328,5329,5.002595321763534,4.953558021384196,3.7994548312001246,-1.698671267416021,2.3013287325839795,6.926606921666067e-05,0.8676999280417774,146.97915400644646,412.49435326515476,3.2210705462075575,1357.3802247047424,3310283876
3329,5330,6.719534691575897,6.15839178929646,2.15839178929646,-1.8416082107035399,-1.8416082107035399,0.015448108815071138,0.8686776049030996,64.49518365940327,193.45774832867176,1.5902659908325767,1357.3802247047424,3310283876
3330,5331,4.419868339399276,1.8265139011204328,1.8265139011204328,-1.5676148590233847,1.695606878815357,0.03665530492915391,0.8854252885932035,76.20915393398217,156.15677727063087,1.07321901535146,1357.3802247047424,3310283876
3331,5332,4.564662802531136,2.111859840649943,1.3097958670496321,-3.977927937062514,0.022072062937485537,0.09620181203103899,0.8744298668050072,36.38285636604581,98.3720314775808,1.067996747755508,1357.3802247047424,3310283876
3332,5333,4.2750794340211975,2.980006803554204,1.4799822698462544,-4.057905213128554,-0.05790521312855379,0.06913495967155038,0.8855551963785513,43.34233289280087,124.41336324360418,0.8957016086472661,1357.3802247047424,3310283876
3333,5334,5.903573662093076,5.463070243010404,1.4630702430104041,-3.3166702555382246,0.6833297444617757,0.06539886992206749,0.8959323007312956,47.78633177938706,142.54444379617158,0.9638203149356925,1357.3802247047424,3310283876
3334,5335,2.9061016229466556,2.223226913566527,2.223226913566527,-3.3311695455507353,-0.5695179556700958,0.021546462734054216,0.8966874908826943,69.95747002508816,197.62911617268477,1.4085546645561073,1357.3802247047424,3310283876
3335,5336,1.983742456183729,1.6718140121069764,1.6718140121069764,-1.0611153591231635,1.4443608900002447,0.06505747442114161,0.9014543305696001,67.35212211498772,130.08405061715786,0.8791596775820416,1357.3802247047424,3310283876
3336,5337,4.133619945264683,1.7154616039171666,1.7154616039171666,-1.4914830011394515,1.2157195117341033,0.0554025450412856,0.8799499049946722,56.579154771316354,123.94899088617262,0.8705524844093164,1357.3802247047424,3310283876
3337,5338,9.778506462707444,5.778506462707444,1.7785064627074438,-6.221493537292556,-2.221493537292556,0.03766035566229162,0.8862848789032346,53.48017827074839,160.4369316583325,1.0932575466688412,1357.3802247047424,3310283876
3338,5339,3.1642029445590043,1.772722841785912,1.772722841785912,-0.987950362379074,0.5282689252899169,0.0566040273901019,0.8887592804463852,51.63038334914554,124.85879824937487,0.8361866808421945,1357.3802247047424,3310283876
3339,5340,8.14017506343233,6.005564467322334,2.0055644673223343,-3.184409141518411,-1.9944355326776657,0.02245136757165785,0.8869415455552602,62.0559121242651,186.16335270310486,1.3509565702739028,1357.3802247047424,3310283876
3340,5341,3.4796622916925197,1.7458746485267047,1.7458746485267047,-1.4524073623721356,0.7316321668974453,0.05860629828645203,0.880764436503312,50.226320542791775,119.1898819116266,0.8416647700226112,1357.3802247047424,3310283876
3341,5342,7.530689431998303,3.5306894319983027,1.7649215524968518,-2.9227440967740286,1.077255903225971,0.03334562326676401,0.9025544369356979,62.22964861211295,172.9974870320819,1.1660345887373125,1357.3802247047424,3310283876
3342,5343,6.732369537090938,2.7323695370909387,1.6088894458479148,-1.3872939850061943,0.08251224167310522,0.05369439320936361,0.8812465553402868,46.88577628616759,131.49576705181144,0.9093587968487042,1357.3802247047424,3310283876
3343,5344,5.103511218044648,4.410970760544048,1.4954995431837026,-3.9758134298424292,-0.7493646480941352,0.06738605782862013,0.8891509951467724,44.31540505881826,132.50208043108324,0.9243090224379887,1357.3802247047424,3310283876
3344,5345,7.105157339073845,5.651700028074958,1.6517000280749583,-3.1354458307546285,-2.3482999719250417,0.04929785313065294,0.8860561231838524,48.992971826054855,146.97490472047392,0.9835059324978007,1357.3802247047424,3310283876
3345,5346,3.580986197008634,2.6849556854861163,1.3365347628839115,-3.5027238468762927,-0.1837293708982375,0.09042680937911148,0.8793317630356476,37.86572176770283,107.70404657133773,1.016478902527389,1357.3802247047424,3310283876
3346,5347,4.241134345454503,2.1917877429993764,2.1917877429993764,-2.9380404310249704,1.0619595689750299,0.021685485356524817,0.9174782803114009,76.30972624292181,185.19045226108477,1.3720454343336284,1357.3802247047424,3310283876
3347,5348,5.508371159996473,1.5083711599964738,1.5083711599964738,-0.7002546480051879,1.1034059787917654,0.08044904294753592,0.9186402955650885,59.923025218875694,126.79253216074265,1.0190103402157893,1357.3802247047424,3310283876
3348,5349,6.344225287403113,3.6682519524587915,3.6682519524587915,-2.2242881081450365,-0.33174804754120846,0.00021793641932885762,0.9362776888001668,160.0,472.6408383941648,3.6510170482559046,1357.3802247047424,3310283876
3349,5350,7.616145165336546,5.730854362596893,1.7308543625968928,-2.889341775853552,0.01780989432268787,0.041622829872927904,0.8854528410060202,51.716146019568896,154.9252320896628,1.048472719169029,1357.3802247047424,3310283876
3350,5351,2.9173618924827984,1.6513144048817912,1.6513144048817912,-1.204761040913619,0.9591850906146534,0.06723508717278232,0.8902481882409707,52.09076817869792,116.15390627151538,0.8139648813309276,1357.3802247047424,3310283876
3351,5352,2.8080820422974964,2.2782918334409765,2.2782918334409765,-0.8268585116330267,1.0899638085370553,0.01880486124076655,0.873597977220469,69.02268616429498,163.31758403797716,1.316937597290441,1357.3802247047424,3310283876
3352,5353,7.731836223490458,3.7318362234904576,1.4431947487862506,-2.6363614323842146,-0.5617983689902026,0.07445445684284448,0.885668933280142,42.05477424453477,124.81891157490794,0.9335711473347327,1357.3802247047424,3310283876
3353,5354,4.8318425634490065,1.8788964263220553,1.8788964263220553,-1.184446959131033,1.1133831499809768,0.0422445155393332,0.8781281104633109,57.716778455865274,131.54135510401284,0.9363511620326825,1357.3802247047424,3310283876
3354,5355,5.6283262649615775,1.6283262649615773,1.6283262649615773,-3.2453104386891036,0.754689561310896,0.07275195141992952,0.8943755970757038,49.59680776487506,115.9437899724717,0.8368246916485832,1357.3802247047424,3310283876
3355,5356,6.264650091129821,5.530648415941649,1.5306484159416491,-2.244370824967981,-0.04738665578059309,0.06265629382142884,0.8963259380218765,46.88857163731536,140.41466329288303,0.9376734293971211,1357.3802247047424,3310283876
3356,5357,4.157331898434103,3.273141425213566,3.273141425213566,-4.726858574786434,-0.726858574786434,0.0009332160543012807,0.9727251645749619,160.0,472.5923089029867,4.252219476030725,1357.3802247047424,3310283876
3357,5358,7.284702007729334,3.284702007729334,1.479908478568845,-1.6004700419450142,-0.7468148200438396,0.06940354338066942,0.8966323143274124,45.161077629087096,133.09636857440353,0.923210388360964,1357.3802247047424,3310283876
3358,5359,8.012288781281134,5.473331630933587,1.4733316309335869,-4.103759200751455,-1.6832836360648502,0.07033081308548558,0.8950601526480335,44.62715711874697,133.86574706562865,0.9358943723185171,1357.3802247047424,3310283876
3359,5360,5.767349035999858,5.665393594021643,1.6653935940216433,-4.485054588058028,-0.4850545880580275,0.04790700653215902,0.8940479747279166,50.94553775899029,152.72498940695866,0.9968967484381872,1357.3802247047424,3310283876
3360,5361,4.387476949662897,2.3818140032474813,1.4456815144075492,-0.9454377758758301,1.4456815144075492,0.04172285778487438,0.8972248509235029,67.60426430277558,158.75837290028596,1.0416484812829605,1357.3802247047424,3310283876
3361,5362,9.615361059960737,5.615361059960738,1.6153610599607375,-4.002498466229151,-2.0687997698726024,0.053116263696585966,0.8889195834316034,48.26345320659636,144.78423829730633,0.9596698311105067,1357.3802247047424,3310283876
3362,5363,5.163824826432367,1.534608135593165,1.534608135593165,-2.9046372600235326,0.5250919784732495,0.08867768826845132,0.8903044255204446,44.29118017594392,105.68384037805647,0.9306865832301835,1357.3802247047424,3310283876
3363,5364,1.1850194758417265,0.8732667899234174,0.8732667899234174,0.3177918457018283,0.8732667899234174,0.19611611130740336,0.9043907992873627,55.49761725503908,74.11300158662834,3.7748330478024243,1357.3802247047424,3310283876
3364,5365,3.164113386948861,1.7264303902450973,1.7264303902450973,-3.492022171237317,0.5079778287626826,0.06222517569668899,0.8975042103017385,51.59136064154487,126.33511379636874,0.8435621394358016,1357.3802247047424,3310283876
3365,5366,5.861065481753899,2.6451782588038606,0.9933567353101047,-1.415518278811562,0.9933567353101047,0.10141755655530324,0.9130059697706683,51.47067045350186,133.18364748575212,1.2976010964964433,1357.3802247047424,3310283876
3366,5367,5.233891311066866,3.835605184367069,1.4975750428689607,-0.291526659414159,1.042738625868878,0.05207809282310202,0.9492505352302506,72.71362567755976,204.28641603143024,1.6998232361253658,1357.3802247047424,3310283876
3367,5368,4.609161146471963,1.5983824129041868,1.5983824129041868,-0.2610905971371862,-0.2610905971371862,0.07833065581926944,0.9807859337886065,83.81123252897639,198.04628443584062,2.4145284880634352,1357.3802247047424,3310283876
3368,5369,5.0790420025168315,3.494952155620033,1.3398727695207302,-4.915631455378402,-2.6601272304792696,0.09014285203039207,0.8861185602941966,38.903949742913774,116.62977589463051,1.034710214468444,1357.3802247047424,3310283876
3369,5370,5.5545353581593435,1.554535358159344,1.554535358159344,-1.2873492279836958,1.206897831531748,0.07215092018267999,0.8862253084316939,55.23962078328354,117.2926669278775,0.8657872316427937,1357.3802247047424,3310283876
3370,5371,9.192172016823838,5.558401685227484,1.5584016852274838,-2.2573274369327647,0.8748768801953882,0.05220684164482475,0.9044926308424417,54.39690595034798,162.1428153044822,1.0557180330451021,1357.3802247047424,3310283876
3371,5372,5.724348973124443,4.11822384656095,1.28056007172487,-2.71943992827513,1.28056007172487,0.058159117417330104,0.882811458765375,56.55138980699712,160.82617814731688,1.0991193544447055,1357.3802247047424,3310283876
3372,5373,5.733512910777733,1.7335129107777338,1.7335129107777338,-2.5634627298187396,0.9802786437903049,0.057481212900212915,0.8941977394856163,55.219785445347895,126.63664822971333,0.8353368379607022,1357.3802247047424,3310283876
3373,5374,3.2513547953450876,1.7022045491726596,1.7022045491726596,-2.5626453533397457,-0.7919356714790553,0.06638195686280837,0.9003114223666404,50.34119897361113,140.1284128746483,0.9504274954809989,1357.3802247047424,3310283876
3374,5375,3.6215236896457927,2.7102095729089686,1.582929745957606,-1.2823615718216677,-1.2823615718216677,0.056899683364468906,0.9226797439259201,54.2780469622686,157.45811336795035,1.1080935514034271,1357.3802247047424,3310283876
3375,5376,4.165341720604108,1.6899420510733365,1.6899420510733365,-1.5209932241888917,0.37409183640735555,0.06719088204187956,0.8904022421646929,48.57733587151102,120.31202349050756,0.8402454144783147,1357.3802247047424,3310283876
3376,5377,2.982972370134963,2.676128993832792,1.4240082181564635,-3.4515688570703835,0.5484311429296164,0.07287205449546919,0.8889076934380927,44.18511892603022,118.1810338528806,0.8662729243275253,1357.3802247047424,3310283876
3377,5378,5.651023727084401,1.6510237270844008,1.6510237270844008,-1.3009117784153201,0.8515265935908986,0.06860809254368931,0.8900088077270372,50.47682742164754,115.93434692992486,0.8208552034369015,1357.3802247047424,3310283876
3378,5379,3.073219341293879,1.8444419293476753,1.8444419293476753,-0.5537117530614466,0.6494378754900016,0.04834385010565441,0.9125836947251126,60.2995603257049,141.86962045295672,0.94517157859655,1357.3802247047424,3310283876
3379,5380,2.231973692249091,1.735248911256406,1.735248911256406,-0.9662459299422268,0.7364256296517424,0.06478725289505252,0.8983560265369244,53.10218574992181,119.55299896100564,0.8096898444431078,1357.3802247047424,3310283876
3380,5381,5.806731274789087,1.8067312747890871,1.8067312747890871,-0.9466841526965966,0.32634934487071177,0.05312779505239992,0.8911141779363301,52.83234358993571,131.7512530822034,0.8683786166727228,1357.3802247047424,3310283876
3381,5382,6.625983305454739,5.6729857248241595,1.6729857248241593,-2.3270142751758405,1.6729857248241593,0.024060594095837388,0.9095938430618359,82.80196174236178,244.62840088839027,1.7048660073505573,1357.3802247047424,3310283876
3382,5383,4.5298200583290935,1.4166784206791312,1.4166784206791312,-2.0656315495833004,0.8198525163832131,0.10206470538483983,0.8885145093102287,44.3271311039105,98.95559171115954,1.0801390001310531,1357.3802247047424,3310283876
3383,5384,6.03425271765229,3.6845905166300845,1.7198351370709983,-6.280164862929002,-2.2801648629290017,0.04273146814834951,0.9092485382420327,56.049723255198856,167.98743160459796,1.1111004752539693,1357.3802247047424,3310283876
3384,5385,7.5807517185498625,3.6425497125791324,3.6425497125791324,0.6060656700569296,0.9684796906270599,0.0002371373073349328,0.8979016214682205,144.73945535145154,378.7190791397919,2.839238802166767,1357.3802247047424,3310283876
3385,5386,3.56408497283609,2.6560095356884683,1.5201943314615218,-2.6899798205417116,0.907610938965802,0.05525915927337046,0.8857550002126786,50.170082577190875,130.69555297143611,0.8833942554899066,1357.3802247047424,3310283876
3386,5387,4.175858005330406,1.8249515573162265,1.8249515573162265,-4.0428553618754535,-0.8807248747163077,0.051568682092456436,0.90332311657698,55.53551336399459,156.81798474067386,1.0193942634829571,1357.3802247047424,3310283876
3387,5388,5.599224534717278,5.490550010768382,1.4905500107683816,-6.509449989231618,-2.5094499892316184,0.06803983791607707,0.8803577818230178,42.68836905597527,128.0620727899954,0.9404057853824855,1357.3802247047424,3310283876
3388,5389,5.581915311169111,3.2976749685561417,1.5009719391228427,-3.9359013366057107,-1.3579921846607632,0.06668510272697138,0.8903742324035726,44.70784952532754,133.22973262804297,0.9214872690182319,1357.3802247047424,3310283876
3389,5390,4.674380854125886,1.7637200399119524,1.7637200399119524,-2.2549718346192433,-1.69491319917629,0.05856095404028584,0.8983324337610319,52.18569865703236,151.3836220374538,0.9937849932507762,1357.3802247047424,3310283876
3390,5391,3.061003240163522,2.6489166749004647,1.2367155654627806,-1.623702833035847,1.2367155654627806,0.06395471340209391,0.8579259029821948,49.75344200855381,122.5863443257092,1.0981421750390599,1357.3802247047424,3310283876
3391,5392,6.708394167727242,2.708394167727242,1.5560702517102147,-3.6372273692676016,0.3627726307323986,0.05867624326013102,0.8842245196282361,46.18123851905493,127.41681512871791,0.8765472160913829,1357.3802247047424,3310283876
3392,5393,3.4237095569911498,1.7449772074188188,1.7449772074188188,-2.998619787002508,0.5947896976113587,0.05954295128958318,0.8928329214163777,51.651901025137334,125.51263020604557,0.8361841919497002,1357.3802247047424,3310283876
3393,5394,4.587852850011363,1.644318343676597,1.644318343676597,-1.0688728462528754,0.33873828293383124,0.07336179667967836,0.9100325362639499,51.05102476383006,124.91109213607311,0.9099716248828222,1357.3802247047424,3310283876
3394,5395,5.863592948307243,2.7214912353355296,1.4914817609103859,-2.0259133776863276,0.3525259094432702,0.06624540382636818,0.8812773323491132,43.71907243723537,120.78349433220956,0.8782662403183856,1357.3802247047424,3310283876
3395,5396,6.7380795327099605,4.835607941785289,4.835607941785289,-0.9837971687876195,3.0162028312123805,1.231861915479937e-06,0.6287815396545073,160.0,421.8968896020983,14.46142649020662,1357.3802247047424,3310283876
3396,5397,9.883757000309712,6.299803280880948,2.299803280880947,-2.054288031751064,1.0554398044775233,0.010324966702960684,0.8767153076009865,73.1053157001035,218.67354439767215,1.7448070071869937,1357.3802247047424,3310283876
3397,5398,4.468921442557014,1.6961864094823416,1.6961864094823416,-3.6505364807796674,-1.4041096871581937,0.06711676076888577,0.902534444216792,50.57249524703645,145.58314981337028,0.9905831656109642,1357.3802247047424,3310283876
3398,5399,8.171899117660923,4.171899117660923,1.3433280893489903,-4.83453571063774,-1.3527655922998758,0.08958258287685004,0.8935505411371023,40.220737778755755,120.42984664720808,1.029184839275899,1357.3802247047424,3310283876
3399,5400,5.4581865779270355,4.068901943147829,1.5492688605435379,-2.080519087774211,-2.080519087774211,0.06065488139946533,0.8998523752904432,48.0643473702597,143.91423854773083,0.9511066055946037,1357.3802247047424,3310283876
3400,5401,5.364455596116715,2.866326141892857,2.866326141892857,-0.1498529338130048,2.162342708285232,0.0029680253426635243,0.9200564624914573,122.40064661433745,275.39214320734817,2.1895167262031476,1357.3802247047424,3310283876
3401,5402,5.571141902018576,1.7326420101228837,1.7326420101228837,-1.0378316072481781,0.9642357819954994,0.05772735821845641,0.8910121966784468,54.35998037756688,123.21089281635727,0.8209529186966733,1357.3802247047424,3310283876
3402,5403,6.566842313437727,4.5069187240607045,1.529001617094227,-5.966965021093349,-2.4709983829057727,0.06313199279989666,0.8920392398730491,45.92470859337999,137.7514018498471,0.9299754778706242,1357.3802247047424,3310283876
3403,5404,2.165317722244711,1.7725935384108846,1.7725935384108846,-2.042446114551691,1.3191233352258869,0.05513210804994854,0.8937285129071092,62.7847722366892,129.95359063747182,0.8531604315972701,1357.3802247047424,3310283876
3404,5405,5.849947828243742,2.707082512381226,1.559886588987257,-4.338240732677717,-2.0074077276375473,0.059632529182311364,0.8897730670057801,46.51096148846385,138.673366861628,0.9300298661275277,1357.3802247047424,3310283876
3405,5406,7.50068990349293,5.552859577634483,1.552859577634483,-5.0420858612061785,-1.5704425195139906,0.06022833663283928,0.8924992139342535,46.79850025582363,140.3779341747905,0.9354620733518012,1357.3802247047424,3310283876
3406,5407,5.317640382907507,2.1851770185518746,2.1851770185518746,0.07648054674325433,2.1851770185518746,0.014298600608290312,0.9412571002145085,127.35217496293293,253.58242822816987,2.1039067883513787,1357.3802247047424,3310283876
3407,5408,3.282846137089109,1.730917831882488,1.730917831882488,-1.0778524104843306,-0.3504042260349953,0.06252623347702177,0.8977868402389166,51.02382226856093,134.12283249810133,0.8950262817842832,1357.3802247047424,3310283876
3408,5409,8.253450733443698,4.464480825612543,1.5861590201144382,-1.9957186123995483,-0.3102473143658062,0.05629891974590706,0.8885393901251206,47.23644806419177,140.88730988975988,0.9403297801647058,1357.3802247047424,3310283876
3409,5410,4.876456391993861,3.77564303203277,1.4389728198341205,-2.9281819695932025,-2.270127813798241,0.07507877494971608,0.891617328275367,42.91647349876924,128.62114383524062,0.9421768993846495,1357.3802247047424,3310283876
3410,5411,3.5894056294847205,1.7048249015738846,1.7048249015738846,-2.8408402324791293,-0.31225454445738854,0.06595981006957871,0.8909582694515094,48.636679201790734,130.60418550916225,0.8991243456526596,1357.3802247047424,3310283876
3411,5412,5.641006308903772,1.6410063089037716,1.6410063089037716,-1.2695785304045801,1.2703965167047984,0.061341132615759145,0.886879861165535,58.45373551031112,124.69940115471444,0.8553141842445404,1357.3802247047424,3310283876
3412,5413,2.89556542104033,2.5614855976734585,1.5405260181360039,-3.021795284740204,-0.7914379405662919,0.06284006431362181,0.8883911673553673,45.54026678732515,131.6410368546982,0.9001723577956726,1357.3802247047424,3310283876
3413,5414,6.581456374441067,2.5814563744410672,1.6326808973859308,-3.804376902090344,-0.5636136010596389,0.05184123407730269,0.8822808130741221,47.59194490162526,137.25887250697545,0.9393491674794547,1357.3802247047424,3310283876
3414,5415,4.564415308435463,1.6747503666636556,1.6747503666636556,-2.4520208209723684,1.0463774915288393,0.06280014905742079,0.8918044739130631,54.49279764240908,122.39810284774595,0.8296334216227726,1357.3802247047424,3310283876
3415,5416,6.0845267448467135,3.7431915350731373,1.5262140521409033,-4.468397335795443,-0.46839733579544385,0.06344976152243686,0.8841153248870469,44.47352610622637,131.85041500190704,0.9221229360687546,1357.3802247047424,3310283876
3416,5417,3.608201324118065,2.9098689093625234,1.3944881069049424,-3.0881548097253653,0.3960788381862803,0.07826992283438758,0.8847536049440345,41.740926288571416,116.15162434155948,0.9125277597352086,1357.3802247047424,3310283876
3417,5418,3.829354980235232,1.846909651707433,1.846909651707433,-3.3981987817383104,0.14671602801110395,0.049123670205654904,0.8873231860208526,53.22598539003567,138.58772905542182,0.9239393994227056,1357.3802247047424,3310283876
3418,5419,9.553016230191934,5.553016230191934,1.5530162301919341,-4.410186984970683,-2.4469837698080656,0.060209628361526144,0.8834232798148515,45.22024497255478,135.6577731889112,0.938468011701083,1357.3802247047424,3310283876
3419,5420,4.179353038948397,2.6595813191199844,1.5278110089184949,-2.472188991081505,-2.472188991081505,0.06355962180598614,0.8912932674706084,45.71259414517116,136.2867538042554,0.9241500742724854,1357.3802247047424,3310283876
3420,5421,7.819962501399814,3.8199625013998144,1.5611033253900912,-2.416159006505376,-1.0748397146513844,0.059248642854343385,0.8977136686839567,48.05235199016982,143.438305531043,0.9445070511406504,1357.3802247047424,3310283876
3421,5422,2.7481031158297347,2.041781319982784,2.041781319982784,-1.4403679969581464,-1.4403679969581464,0.033152862332657976,0.896224849929017,62.33782813165509,176.99980005732772,1.194184984525632,1357.3802247047424,3310283876
3422,5423,7.882158942878172,5.95795436840762,1.9579543684076204,-1.4760006838819604,-1.4760006838819604,0.02510875573597274,0.9137111481945346,66.22813870853392,198.598249446079,1.4128366447351246,1357.3802247047424,3310283876
3423,5424,8.345876939692468,4.345876939692468,1.5620803123215468,-3.039681992864716,-2.4379196876784532,0.0591344666197694,0.8984360918612176,48.22329363797476,144.62744735688517,0.9514689623624463,1357.3802247047424,3310283876
3424,5425,5.6808206722951615,5.555462292847208,1.555462292847208,-3.746031224124259,-0.8463477386938589,0.05991600246525367,0.9018663098486701,48.65855292367547,145.90585247488926,0.962217226610169,1357.3802247047424,3310283876
3425,5426,7.260172598583308,3.260172598583309,1.2586731969276017,-6.741326803072399,-2.7413268030723983,0.10407423885876042,0.9995726513647635,124.85453297775331,374.2242804123769,4.406756550149181,1357.3802247047424,3310283876
3426,5427,4.022195309921683,2.046348860560948,2.046348860560948,-1.7193602575548366,1.7119318075845618,0.024594241388856377,0.9218252455445989,90.19180806356388,191.9414622933875,1.418090045877043,1357.3802247047424,3310283876
3427,5428,5.819599051271361,5.409155716060229,1.409155716060229,-4.193365003465286,-0.19336500346528607,0.07913221362662763,0.8886662670075819,41.55443975512504,124.44816472932801,0.9579478362618561,1357.3802247047424,3310283876
3428,5429,6.666771840918721,4.160262824952998,1.462975739383191,-2.8629190050726523,-0.07373330541107714,0.07138952032106229,0.8891999931550799,43.411039510082084,128.74181090504933,0.9236814160070385,1357.3802247047424,3310283876
3429,5430,4.940499092308256,4.113638463254619,1.4711991196324838,-4.786286111878228,-2.0362257105875026,0.07061853712811256,0.8945628746557936,44.47554799875731,133.33114587028996,0.935037948148937,1357.3802247047424,3310283876
3430,5431,3.3791367654776283,1.938790081606708,1.938790081606708,-0.7565956612675011,0.42282597214597994,0.04002596127890774,0.8834118481730263,56.39392240864749,140.0977575712465,0.9665966169992146,1357.3802247047424,3310283876
3431,5432,5.229290395420088,3.767035519807253,1.5122911201564067,-5.494724881697305,-1.4947248816973049,0.06522973559203633,0.8932182898311527,45.58553662245884,136.36596037494633,0.9274795801328891,1357.3802247047424,3310283876
3432,5433,5.776217527839539,1.7762175278395393,1.7762175278395393,-1.0941774630981833,0.7470882655110109,0.05507150020635716,0.8870330301972773,52.494700709272664,124.41679742837161,0.8370027928713412,1357.3802247047424,3310283876
3433,5434,5.696960101330733,2.0148868723218705,1.3825498722335756,-1.2584291362217828,1.1233494646733124,0.06347498678130459,0.9024755388318407,56.26443206425271,131.215280172549,0.8801566576324822,1357.3802247047424,3310283876
3434,5435,2.759223344411388,2.7179978563080502,2.7179978563080502,-4.132272338721421,-1.2820021436919498,0.007596202755388615,0.8811911178838623,87.99048200920193,258.42569572693145,2.0081711569364757,1357.3802247047424,3310283876
3435,5436,2.384378817238143,1.7014469687224454,1.7014469687224454,-3.1703231406320977,0.8296768593679028,0.06570643281504925,0.9031621886077509,54.09519058849648,122.95355243695957,0.8371954525945238,1357.3802247047424,3310283876
3436,5437,3.942172976573338,1.6900854228872368,1.6900854228872368,-1.4180880543902077,-0.05257127138998863,0.06779876318473113,0.8989294201607124,49.73411945542935,128.87464436575868,0.8850486151567347,1357.3802247047424,3310283876
3437,5438,8.41200021364217,5.5937245424188635,1.5937245424188635,-5.061616208025666,-1.061616208025666,0.055498568816726004,0.9819102683371959,81.64991433408146,244.87716486836493,2.627464805503097,1357.3802247047424,3310283876
3438,5439,5.885345631374014,5.513083459489349,1.513083459489349,-5.141101080048675,-1.1411010800486754,0.06512891759891644,0.8873284900515954,44.571478290756176,133.67427043708236,0.9272079316054369,1357.3802247047424,3310283876
3439,5440,7.836066946687152,3.836066946687152,1.5808931858834452,-1.6488624590068133,-1.2441330929532373,0.05692815335133595,0.8992377151026834,49.037754441710824,146.18843810200627,0.9558450830069489,1357.3802247047424,3310283876
3440,5441,3.8483484610949077,1.620684957729207,1.620684957729207,-1.8309401511438745,1.4382929101880062,0.05839249500762804,0.8963259039104703,66.56529762476215,137.65934333854372,0.905964546937397,1357.3802247047424,3310283876
3441,5442,8.849778611762732,5.755051477518349,1.7550514775183494,-2.1882264532792863,-0.25000626425978845,0.03960162196272258,0.8880153363841146,52.98148030094477,158.79981445972817,1.0689775897866705,1357.3802247047424,3310283876
3442,5443,4.9139469734284,2.7612505603741537,1.6222981571283226,-2.1862040554799975,-1.875492241868348,0.05258493869180914,0.8869633340035199,48.117639991699626,142.9207355180148,0.9543865444255878,1357.3802247047424,3310283876
3443,5444,6.999259224659931,5.549458076731257,1.5494580767312576,-5.679093638769462,-2.4505419232687427,0.06063582074330892,0.8832452656547104,45.073239357205665,135.21676869217876,0.937891247342407,1357.3802247047424,3310283876
3444,5445,4.440660872029035,1.8673207923204767,1.8673207923204767,-1.3860806528620033,1.3911935986735005,0.03960366283391792,0.892414563965607,66.82260609605807,145.4460236019754,0.9690708571805334,1357.3802247047424,3310283876
3445,5446,6.633526282467603,5.705818389575403,1.7058183895754027,-2.3136196061608647,-1.4172469727524686,0.04402043595687256,0.9114478410411451,56.01924375443687,168.03052987646046,1.1157642584203615,1357.3802247047424,3310283876
3446,5447,3.556786874555061,1.775635488069469,1.775635488069469,-2.714701133726157,0.8442444333608987,0.05447813524992316,0.8951797153568053,54.88194276681457,129.20207797942854,0.8448351521668797,1357.3802247047424,3310283876
3447,5448,7.3818594328413845,3.451200803605004,1.768530246468942,-2.2314697535310577,-2.2314697535310577,0.03848979486599536,0.8781353379416694,51.66953924287739,154.48657601642688,1.0963038520254742,1357.3802247047424,3310283876
3448,5449,5.592801441781157,4.021238481408785,1.4601780473528558,-3.2551025219171708,-1.668518369850355,0.07212043595669025,0.8951385746797442,44.21829074715175,132.45546643063253,0.9383380727767276,1357.3802247047424,3310283876
3449,5450,3.7713445871153484,2.3518707022975986,1.5535660111269334,-1.4859415807916168,0.8881203739342282,0.053806526005494654,0.8840873521166634,50.14349368763619,126.70481388645918,0.8632279737889378,1357.3802247047424,3310283876
3450,5451,3.2273634129068665,1.6523890779022463,1.6523890779022463,-1.4467107418545786,1.0114237754840276,0.06599188142706815,0.8865597430333674,52.26904671745453,116.63728359785071,0.8239194045068594,1357.3802247047424,3310283876
3451,5452,2.369440540217939,1.6768204145741628,1.6768204145741628,-3.1579697081215885,0.48955940764986083,0.07137840091406697,0.8941836653012558,49.00761316834557,117.24271541470856,0.8362457948611053,1357.3802247047424,3310283876
3452,5453,5.7446632958889685,2.8598966285158998,1.3568434969721175,-2.198697200554637,-0.3285678895301545,0.08728170618341907,0.8845612787960979,39.222025510143105,113.26808171993531,0.9857929850506453,1357.3802247047424,3310283876
3453,5454,5.000235228124526,1.9794930068002803,1.9794930068002803,-4.352419153561279,-2.02050699319972,0.03685097738569315,0.9041213606408598,61.73548566237559,182.38876369715146,1.2124661338350782,1357.3802247047424,3310283876
3454,5455,2.1754050920635484,1.65158115527736,1.65158115527736,-1.3506739811179411,0.703473029507269,0.07578419563356573,0.8951555299692588,49.5709606388599,111.84240949635036,0.8316461831542866,1357.3802247047424,3310283876
3455,5456,2.557860236519673,2.557860236519673,1.646590955835675,-3.4475616476395654,0.07782087716458364,0.05271295673256751,0.8778636364760308,47.22105063257733,128.4350614905553,0.9098569642660906,1357.3802247047424,3310283876
3456,5457,6.916518922151873,5.496653330035862,1.4966533300358622,-2.70510883576139,0.3018004544988524,0.06575396866866197,0.897364932266437,46.559825698015324,139.23980323801828,0.9426074046346093,1357.3802247047424,3310283876
3457,5458,3.66734736997968,1.5668524286654317,1.5668524286654317,-1.3080386268027782,1.2978953504393298,0.06795025464306104,0.8928088599272396,59.875104930634116,125.32645268134686,0.8706603050164636,1357.3802247047424,3310283876
3458,5459,6.571878500733562,5.519848251922544,1.5198482519225438,-3.7412365906237355,-2.480151748077456,0.06427455892213332,0.9129226217870744,49.72670333902744,149.17678814672738,1.0248944777025966,1357.3802247047424,3310283876
3459,5460,9.231671635478701,5.486703489754096,1.486703489754096,-6.164210032654439,-2.164210032654439,0.06854656995635133,0.8990075564076794,45.79307966162847,137.37309208721817,0.9443447272467873,1357.3802247047424,3310283876
3460,5461,8.376409705917187,5.425178336230834,1.425178336230834,-2.1059683613512776,-2.1059683613512776,0.07704728195367204,0.8950526592674793,43.06658563376563,129.1666851064531,0.9544743208656373,1357.3802247047424,3310283876
3461,5462,4.277652863362173,1.6839452334658276,1.6839452334658276,-1.8551195817870307,1.0256306411283194,0.062151660095876915,0.8823945413914367,52.38454144836218,118.13032323082959,0.8368783217407744,1357.3802247047424,3310283876
3462,5463,7.463869601584095,3.6781059857407215,1.3847677743219917,-2.7008001298931994,0.8322019210575469,0.07031739803914136,0.8892995907211139,46.84966744315784,133.29453875988625,0.9459930954022172,1357.3802247047424,3310283876
3463,5464,8.429219764757672,5.411154107947556,1.4111541079475556,-2.5888458920524444,-2.5888458920524444,0.07909910435564751,0.8777965769690588,39.79047961993612,119.36067300835747,0.9808402985062252,1357.3802247047424,3310283876
3464,5465,9.534389439115325,5.5343894391153245,1.534389439115325,-3.6876308987130577,0.31236910128694206,0.06117815225599502,0.8951191425657538,47.34485939286432,141.60490154494767,0.9415554248221353,1357.3802247047424,3310283876
3465,5466,7.219515491740177,5.4669051337946115,1.466905133794612,-2.8349597710895043,-2.219208645496386,0.07120084189838019,0.8932324707121727,44.091523848074374,132.26640092810234,0.934387438867347,1357.3802247047424,3310283876
3466,5467,4.409930003625652,3.746132805554494,1.402745112664309,-2.8961610531699375,-2.597254887335691,0.08034625609641179,0.8763313271111611,39.31862065945348,117.86245695340257,0.9929102653642518,1357.3802247047424,3310283876
3467,5468,5.620082946156155,4.030830882205992,1.3170363688437998,-2.260083942383249,-2.260083942383249,0.09390890826317295,0.8902731557296818,38.870647333043856,116.4416336190654,1.0671652612304663,1357.3802247047424,3310283876
3468,5469,5.687782748746475,3.7547657855934116,1.7257655860266565,-4.370603310416549,-2.2742344139733435,0.04219485010711639,0.8840094699499009,51.20657651617609,153.48664052763976,1.044507830029996,1357.3802247047424,3310283876
3469,5470,9.610809506733998,5.610809506733998,1.6108095067339978,-2.3891904932660024,-2.3891904932660024,0.053610075072852,0.8849197876539435,47.402935952518646,142.19433192317658,0.9595102958759928,1357.3802247047424,3310283876
3470,5471,6.81846560165024,2.8184656016502396,1.59663812268193,-1.038634654611069,-0.23911607058827822,0.05502511813142286,0.9119643736594852,52.42350788101491,148.87563595972802,0.9917473277688442,1357.3802247047424,3310283876
3471,5472,6.395696312478117,2.395696312478117,1.5919188956148531,-3.210052699918622,0.7899473000813781,0.05191825340943727,0.8910829376499257,51.11467634736754,131.76921024538578,0.8676400060545504,1357.3802247047424,3310283876
3472,5473,5.702205921861238,1.702205921861238,1.702205921861238,-1.1421707640170455,1.036935089981438,0.05995701182416574,0.8895053899485132,54.47428421016256,121.76832541051218,0.8221980167871874,1357.3802247047424,3310283876
3473,5474,3.4622832854419228,2.0139941163706863,2.0139941163706863,-0.48721654199878506,-0.009088125143692505,0.033817906023784566,0.9150091788848045,66.61404508620501,169.33373274363387,1.1735966450751654,1357.3802247047424,3310283876
3474,5475,5.069714597762728,4.205853986610494,1.3152616481178367,-1.4419305520501968,-1.4419305520501968,0.09405473459969765,0.8919503554602412,39.15531531568068,116.8801319598741,1.0673913155276042,1357.3802247047424,3310283876
3475,5476,4.993156498998684,2.508227539986569,1.5143616477633557,-1.957855054386423,-0.4772388669935128,0.06553168824743719,0.8854333285552147,44.22389131692641,126.47954072631124,0.8903950615331012,1357.3802247047424,3310283876
3476,5477,9.360048065265513,5.4259445693448,1.4259445693447996,-3.1061926323870392,-1.274097281437875,0.07694192922603535,0.890364473068422,42.275956543295784,126.79307145741939,0.9487381340843966,1357.3802247047424,3310283876
3477,5478,4.841411153764545,2.1993482653827665,1.4142107693051433,-5.255106200011863,-2.5857892306948567,0.08064845049671923,0.8946540042651543,42.41063199139231,126.4323671728154,0.9693966580060621,1357.3802247047424,3310283876
3478,5479,6.941494703777679,5.5485151173764935,1.5485151173764935,-3.3666750675126558,-1.2909756815617044,0.060749090037472496,0.899966230587075,48.049686742476055,144.11835676322107,0.9527384141837105,1357.3802247047424,3310283876
3479,5480,5.7289117223720325,5.539749509668935,1.5397495096689355,-2.1061002791013723,-0.5620579844253317,0.0617928388274709,0.8848659903175125,45.03499487828167,134.99463686198638,0.9324835824022484,1357.3802247047424,3310283876
3480,5481,5.66219610846527,5.484879105281086,1.4848791052810868,-2.5656488576818446,-1.768434408321002,0.0687875434144526,0.8959977381846019,45.17637027245281,135.51118963757602,0.9359703158903365,1357.3802247047424,3310283876
3481,5482,7.64587392049275,4.524495795431622,1.498948560036127,-3.7476636727679855,-0.21441272339315876,0.06680352145948139,0.8859623251960776,43.94047571571182,131.03566751013477,0.9239585167174852,1357.3802247047424,3310283876
3482,5483,8.258154969343526,5.476023690963155,1.4760236909631552,-3.054141427919079,-2.523976309036845,0.06996874308494715,0.889171376022723,43.680888903530175,131.038223526004,0.9296162132089448,1357.3802247047424,3310283876
3483,5484,3.74116723190825,3.016095323309519,1.4337999061569524,-5.563057730810663,-2.082531436977969,0.07584871700539939,0.8960844440951466,43.540116006079856,130.12726943769084,0.9495232552551595,1357.3802247047424,3310283876
3484,5485,4.840012824232529,1.8762570547770803,1.8762570547770803,1.290869768980273,1.290869768980273,0.02411057106006671,0.9309440402209755,139.32038538551137,268.42305593969525,1.9922427812780188,1357.3802247047424,3310283876
3485,5486,5.1861965870895395,1.9000205675591337,1.9000205675591337,-4.120226190194648,-0.12022619019464797,0.04390284890309781,0.891525990288087,55.951631228345,150.37052805782037,0.9922864035139677,1357.3802247047424,3310283876
3486,5487,6.920432837426392,5.577664437568431,1.5776644375684308,-1.974220173105604,-1.974220173105604,0.05731611382343795,0.901229545548706,49.296716584808074,147.85053841843066,0.9676228210753424,1357.3802247047424,3310283876
3487,5488,7.368811679350495,3.368811679350495,1.310372354992645,-3.47667734246079,0.5233226575392099,0.08776139201067838,0.89038983903237,41.421936030319884,117.8496902892325,0.9985581879987886,1357.3802247047424,3310283876
3488,5489,5.6053878131174395,4.134977276555324,1.0147931056114239,-1.3836478354520765,-1.3836478354520765,0.15453374118122892,0.8266759133541204,23.066237767416528,68.78624339402988,2.9594384203231723,1357.3802247047424,3310283876
3489,5490,5.976079948904648,2.2566943878316956,2.2566943878316956,0.3222435258672387,0.3222435258672387,0.017985097559532176,0.9803774269452118,122.14818286039664,273.56280449435644,2.928543772731448,1357.3802247047424,3310283876
3490,5491,6.776680058061155,4.977778296938639,3.060089764436604,-1.8824501522651773,-0.9399102355633961,0.001106356939214878,0.8695156417347176,105.05790700086469,314.76678278453886,2.553718841463727,1357.3802247047424,3310283876
3491,5492,3.3113970917961826,1.7261435765068613,1.7261435765068613,-3.557271030419625,0.44272896958037533,0.06244215320216616,0.897124151327207,51.285594796863144,126.84917809562123,0.8480367352134927,1357.3802247047424,3310283876
3492,5493,6.992589405981596,5.675589822261358,1.675589822261358,0.28818842915240683,0.28818842915240683,0.04021975396797469,0.9962119613290453,160.0,473.07742793205614,4.510621659194566,1357.3802247047424,3310283876
3493,5494,3.8740801317850035,2.2720165108362735,2.2720165108362735,-3.6961205303103775,0.303879469689623,0.018368289115898852,0.8856498779187539,69.7436383453532,186.44475163556933,1.3954876922553043,1357.3802247047424,3310283876
3494,5495,5.156235766490471,1.6934910935626082,1.6934910935626082,-2.306508906437392,-2.306508906437392,0.06747669580214986,0.9137765280123775,52.919636651611,154.83930493229326,1.0808154900390339,1357.3802247047424,3310283876
3495,5496,4.921245992607589,1.9680184351317884,1.9680184351317884,-3.1394246798300633,-1.5245350876467414,0.03781026180878708,0.8966199185897259,59.618371365261346,174.00077649286823,1.1534473315534932,1357.3802247047424,3310283876
3496,5497,5.784186134634913,1.7841861346349133,1.7841861346349133,-1.343231712659663,0.9098799551121344,0.052979513268805914,0.8801979202625874,52.852409719820855,123.00920200478758,0.8598014943774411,1357.3802247047424,3310283876
3497,5498,3.037511209490013,1.6514678714388191,1.6514678714388191,-1.5164714903063485,0.45811167249366314,0.07217847406042296,0.8923373160462886,47.92663028617284,116.24219052452922,0.8389633781555962,1357.3802247047424,3310283876
3498,5499,4.313086216982781,2.784565343707065,2.784565343707065,-1.2154346562929348,-1.2154346562929348,0.004479923225671044,0.9921991575207714,160.0,464.24878245757156,4.641467010357158,1357.3802247047424,3310283876
3499,5500,6.396783683774007,5.751701598403539,1.751701598403539,1.1484832787981376,1.1484832787981376,0.02020394375244404,0.9432447786461264,135.27274812005672,388.30240104094526,2.9441334844003495,1357.3802247047424,3310283876
3500,5501,3.387710960516668,2.969348765601266,1.475006718920676,-3.8536080144193634,0.14639198558063682,0.06934012543091543,0.8848504328478006,43.307704486175176,122.48237146039435,0.8876067563719868,1357.3802247047424,3310283876
3501,5502,5.80561667078827,1.8056166707882702,1.8056166707882702,-1.4997230875945553,-0.8883024579234811,0.05368431489436813,0.9032873561502252,54.8093874876817,152.29812205029225,0.9917496075508722,1357.3802247047424,3310283876
3502,5503,3.996769565450103,3.9838228330977774,1.4569018422203157,-2.36068753731731,-0.8732710188441575,0.07257059244117985,0.8879094357244429,42.85893579946974,127.78395205317126,0.9300248296223571,1357.3802247047424,3310283876
3503,5504,7.585302749150487,5.5151541142607785,1.5151541142607787,-1.6405366341755128,-0.9676145203918509,0.06483428250359857,0.9001789816442746,46.98456559993516,140.85429934346726,0.947679121213131,1357.3802247047424,3310283876
3504,5505,5.638077206523846,1.7741162742304957,1.7741162742304957,-1.0629684946540106,0.614017926455847,0.05601722031060835,0.8883349898364529,51.91176336046399,125.10328537743996,0.8381291846624407,1357.3802247047424,3310283876
3505,5506,5.606006330968452,1.606006330968452,1.606006330968452,-1.270164695072571,-0.08304769729808159,0.07977534267393967,0.8943969048307725,45.94232105377361,117.76581716744062,0.9054764057894646,1357.3802247047424,3310283876
3506,5507,2.904291951230424,2.7330537721851,1.6482462156555855,-3.381030771795504,-1.0870337082457613,0.05064084601611983,0.8888827052401116,49.27322810253077,144.34731719600762,0.9555279643223052,1357.3802247047424,3310283876
3507,5508,2.49335771457932,2.2973355957157446,2.2973355957157446,-5.154545423121122,-1.1545454231211214,0.021121330496253032,0.8943694781241494,72.0685871614889,208.30854246389208,1.4847871661448493,1357.3802247047424,3310283876
3508,5509,3.432908719144688,2.4932510918099213,1.554671912104195,-1.907620313087033,0.14822751143866242,0.06021086818952164,0.8793194786896206,44.78447094877607,123.13479177952979,0.8808014399264418,1357.3802247047424,3310283876
3509,5510,6.370146293065413,3.888647734638102,1.5167837260781336,-1.4859169996101163,-0.7204253282453192,0.06459567736552733,0.892246867797379,45.59723539789783,135.50982316984818,0.9211870115283924,1357.3802247047424,3310283876
3510,5511,6.412353897874327,2.4123538978743277,1.5775593302885493,-2.969725436485092,0.585296941764549,0.05563813252915467,0.8810037550881259,47.14964012842319,124.42619353019481,0.8677060659319084,1357.3802247047424,3310283876
3511,5512,2.3444662520552955,1.877509888632822,1.877509888632822,-2.955203335247125,1.0447966647528748,0.04720442431989465,0.9035892425736357,61.7741326224494,138.05355133365816,0.8987742251328488,1357.3802247047424,3310283876
3512,5513,4.786365556838402,2.941551267988693,1.5568359915184262,-4.985065219993951,-0.98506521999395,0.05981459613737184,0.8885060088013774,46.21499183143988,136.34701468516,0.9197265481195255,1357.3802247047424,3310283876
3513,5514,3.1644979013461545,2.7439848629842083,1.467373338856151,-3.838502252289444,-2.2407241308895443,0.07147485824987096,0.885287971139002,42.72928674550451,127.54914940474166,0.9318928880305668,1357.3802247047424,3310283876
3514,5515,1.891175774599581,1.7271568203684728,1.7271568203684728,-2.420614305561365,1.157826436115164,0.07041219179383731,0.8944230081220876,57.333957610401725,118.66693273501882,0.8388403454692389,1357.3802247047424,3310283876
3515,5516,4.136655842391451,1.8443754484537414,1.8443754484537414,-2.556952796015149,1.0003536730853608,0.04634250425885646,0.8973284703241429,59.15039221279371,137.57873782559966,0.89566571019873,1357.3802247047424,3310283876
3516,5517,6.737643724092302,5.250062320494313,1.2500623204943127,-0.6498333682486248,1.2500623204943127,0.06160854075508212,0.9469615408262875,75.50539926220365,222.9128544600257,1.806816095314294,1357.3802247047424,3310283876
3517,5518,7.32705598520314,4.205125996619541,1.4172476114519235,-6.5827523885480765,-2.5827523885480765,0.07820517957029428,0.8935540616970494,42.55325862873898,127.62963065886936,0.9569970062333691,1357.3802247047424,3310283876
3518,5519,5.713375854829907,1.7133758548299076,1.7133758548299076,-3.2078469141205295,0.7921530858794711,0.0618360072500022,0.903036138496676,54.211118380759586,127.66132361255796,0.8511829007791615,1357.3802247047424,3310283876
3519,5520,8.004547134852372,5.578847954321455,1.578847954321455,-3.3061867143877652,-2.0103167148330305,0.057185465282470406,0.8884699820811904,46.94913523079615,140.8400385628451,0.9421118825119297,1357.3802247047424,3310283876
3520,5521,3.095933179216139,1.6473252183149143,1.6473252183149143,-2.352674781685086,1.6473252183149143,0.04989704406110095,0.8896085079148575,74.20513894972076,147.93010488915678,0.9763021762910323,1357.3802247047424,3310283876
3521,5522,2.0693671395161326,1.505455170532987,1.505455170532987,-2.4945448294670127,1.505455170532987,0.07357368628870602,0.9372744738878268,81.9242545820535,161.75027948153283,1.349146025038081,1357.3802247047424,3310283876
3522,5523,4.909091632890043,2.7044772165450612,1.594428868152852,-4.6237486426462,-1.3264156860686125,0.055691863219479,0.8917356020589672,48.02011275162196,141.94974619578278,0.9363815855457298,1357.3802247047424,3310283876
3523,5524,2.836718324919145,1.616506074829657,1.616506074829657,-1.2763529221417098,1.0501577977523815,0.06967155030249428,0.8901063516964456,53.01432194500755,115.5839976167016,0.8245586440882293,1357.3802247047424,3310283876
3524,5525,5.07268422803989,1.7080586789359693,1.7080586789359693,-2.6802583998819385,1.3197416001180615,0.053850237283004615,0.890946830175966,61.83276788066864,133.17699707841336,0.8788675954815889,1357.3802247047424,3310283876
3525,5526,8.302285851296336,5.374953905224527,1.3749539052245272,-3.0815079187636476,0.9184920812363526,0.06839677809433135,0.9003607743530655,50.580971037442744,150.4308099822508,1.0280682086271031,1357.3802247047424,3310283876
3526,5527,2.6750577014541976,1.6605926228864234,1.6605926228864234,-1.9737673358924608,1.2975577437477392,0.059656220899344595,0.8787913624375576,57.68405757008907,121.19492168721175,0.8699286146917552,1357.3802247047424,3310283876
3527,5528,7.002824411306259,6.513408336274575,2.5134083362745754,-0.5425327423260242,-0.5425327423260242,0.005952382321712119,0.902162062135358,87.21343034274533,261.3056018196372,1.9949465502219585,1357.3802247047424,3310283876
3528,5529,6.760104605288726,2.760104605288726,1.4625906892412472,-2.265991870782893,0.4907488085813766,0.06846409619705934,0.8823875443422048,43.730440919164046,119.9568064119914,0.8785559896332263,1357.3802247047424,3310283876
3529,5530,3.804038635466412,1.872572824473966,1.872572824473966,-3.4641860791496835,0.5358139208503163,0.04605777125054331,0.8919553524660493,55.63037977880045,138.76921218061773,0.9125979442168742,1357.3802247047424,3310283876
3530,5531,2.894501342835838,1.727607122465746,1.727607122465746,-1.27591552200632,-0.26392593988287905,0.0633226703642914,0.9018676393867241,51.638639696473575,135.6895410812263,0.908145987384295,1357.3802247047424,3310283876
3531,5532,7.869040848698663,3.8690408486986634,1.5393774082001346,-1.6331176251720874,-1.6331176251720874,0.061826651282933937,0.8936559005403563,46.58435178906813,138.98995507559783,0.929423258666215,1357.3802247047424,3310283876
3532,5533,2.3860971717803867,2.3860971717803867,1.3260724487341253,-1.4329143259591883,0.901815559291906,0.07780551372344133,0.8978788604523329,48.646688146974434,117.36228477159338,0.8812283980038206,1357.3802247047424,3310283876
3533,5534,3.339527537835382,1.6784512425604912,1.6784512425604912,-3.004018955074075,0.995981044925925,0.06329104649261409,0.8969283580779905,54.752219045051,123.68451858604718,0.8310537489771793,1357.3802247047424,3310283876
3534,5535,7.38054780835223,5.628722202321233,1.6287222023212329,-2.3196197107139827,0.14391639921966615,0.05130064633744367,0.8868544066243239,48.57769720633464,145.4344948804218,0.9703642410734896,1357.3802247047424,3310283876
3535,5536,5.614127402565522,1.6141274025655217,1.6141274025655217,-1.2944978772588551,0.7675011809450669,0.07442824655911426,0.8964014518186335,49.79238036492244,115.12957992499362,0.8408538988163221,1357.3802247047424,3310283876
3536,5537,7.701291740903857,3.701291740903856,1.4350054317742518,-3.5814707252172426,-1.0353259485347954,0.07564136971356684,0.8854012860875298,41.74256382094334,124.47887999796292,0.9417244808487503,1357.3802247047424,3310283876
3537,5538,3.1560341301263986,1.7401341373210404,1.7401341373210404,-1.358252706705963,1.1664973538583105,0.05408169981569033,0.879331672380961,55.758305579743165,122.689395318847,0.8643306197985203,1357.3802247047424,3310283876
3538,5539,3.875992046857929,1.4754481432571296,1.4754481432571296,-1.2869223648017025,1.1817259130160558,0.08201195310137589,0.8862821951599605,53.53512500032908,112.59514934705619,0.9174037269994428,1357.3802247047424,3310283876
3539,5540,6.792086426315932,5.304741891106578,1.304741891106578,-4.935950212520214,-0.9359502125202142,0.09598382767376937,0.8911248777128117,38.62871482793965,115.81558552907246,1.0894136015947997,1357.3802247047424,3310283876
3540,5541,4.6255091187422535,1.8631707693921744,1.8631707693921744,-0.8631767744608043,0.9608213240928059,0.044896819259582284,0.8878837069353932,57.310211131334626,132.28671502016925,0.8848171643527114,1357.3802247047424,3310283876
3541,5542,6.291712654812898,2.291712654812897,1.6490586493479762,-4.072467175239685,-0.0724671752396846,0.05179170525484278,0.8828082691506959,48.02605528132993,132.6845137161551,0.9068080615185001,1357.3802247047424,3310283876
3542,5543,6.004320382402416,5.371201058884642,1.3712010588846424,-4.556164456815898,-2.211977598422566,0.08515614344340383,0.8869115982475584,39.984346518199686,119.94644911873893,0.9950470980250393,1357.3802247047424,3310283876
3543,5544,5.564827976388699,1.6034232870037348,1.6034232870037348,-1.5037894193371502,1.6034232870037348,0.05441879905381051,0.8745457403331329,68.14182551783625,136.25539106147284,0.9868047647354168,1357.3802247047424,3310283876
3544,5545,4.824343927838693,1.6161255619083192,1.6161255619083192,-3.5857556498839234,-0.6500005498948935,0.0784731555559374,0.892207780645334,45.72900829826032,125.42104426920642,0.9479655270747677,1357.3802247047424,3310283876
3545,5546,1.787334756828034,1.787334756828034,1.787334756828034,-2.206304939429709,1.3940639324603552,0.06732766593591127,0.9015567210740308,65.86564579426741,131.16883379918136,0.8975775542457953,1357.3802247047424,3310283876
3546,5547,6.484623636245594,2.4846236362455936,1.4697874212012993,-1.7764620856521747,0.901156164108763,0.06035656328648924,0.8864070563927196,49.1090805936999,126.20742352815282,0.8637508994460108,1357.3802247047424,3310283876
3547,5548,4.017314130505575,1.6806760188044787,1.6806760188044787,-2.745506023021817,0.8653218958747183,0.06487653522313803,0.890661607691527,51.530795647504895,119.31600255876876,0.8215867159900712,1357.3802247047424,3310283876
3548,5549,5.293902685908399,4.231115584646275,1.473020316215225,-2.3201089787782188,-2.3201089787782188,0.07037119722983814,0.8911307519949659,43.92863243718858,131.65643463842883,0.9301798205089203,1357.3802247047424,3310283876
3549,5550,5.727552305710718,1.7275523057107185,1.7275523057107185,-3.053778443898791,0.9462215561012092,0.05855523394764995,0.8995742430924547,55.72801761787603,128.3927475255494,0.8442223446785391,1357.3802247047424,3310283876
3550,5551,4.9468177834381,2.780605653165189,1.4368862586909925,-1.467892183662697,-0.5589297178588164,0.07536405521421397,0.8858295629454596,41.911497321635466,121.07417076561065,0.9155577168005892,1357.3802247047424,3310283876
3551,5552,5.323982618928174,1.6543981608566443,1.6543981608566443,-2.363926156178082,0.30386783255954697,0.07220377771726877,0.88699680640391,46.58728907732094,116.43725214599343,0.8574147858537796,1357.3802247047424,3310283876
3552,5553,4.773306139819793,2.6107175225639256,1.5028175539229607,-2.742508669308194,-0.04524336900413939,0.06646488494866105,0.8763521768280434,42.53735737127428,119.76571395573774,0.9049384178790933,1357.3802247047424,3310283876
3553,5554,5.1099346154398795,1.670534001094638,1.670534001094638,-1.6194158066163624,0.7881866505223728,0.06700282892813963,0.8845679775466132,49.21660344259494,114.90013199826765,0.82665654301508,1357.3802247047424,3310283876
3554,5555,4.022374518597297,1.746572515710932,1.746572515710932,-1.249001900679967,0.3994562671533941,0.0599894877667848,0.8900090435793367,50.525240432675446,125.09704231607856,0.8423015333151391,1357.3802247047424,3310283876
3555,5556,1.7207135072756643,1.7207135072756643,1.7207135072756643,-1.215322276735831,0.7619219319158547,0.08488721679852718,0.8976212546089304,51.37528783121397,109.69177410179219,0.9000846470082023,1357.3802247047424,3310283876
3556,5557,4.522327598680905,2.8931557950433384,1.3639770837211649,-4.801816264010613,-2.2837741097814814,0.08632403341669247,0.8883530547610964,39.99893064559318,119.60876759173038,1.0002288345057915,1357.3802247047424,3310283876
3557,5558,6.3344233286758405,5.472566858468153,1.4725668584681533,-2.953806625591252,-0.644777104488895,0.07042003123829824,0.8882607347419739,43.41888029168478,130.1589708547171,0.9298899430252855,1357.3802247047424,3310283876
3558,5559,4.3219372731605485,2.579657459729521,1.6665065877112601,-5.0601527796720305,-1.9226682867406821,0.04844764876310975,0.8931000612626769,50.688390159576535,150.8246013129405,0.986142643554666,1357.3802247047424,3310283876
3559,5560,6.016595832178712,2.4970961352481913,1.278178734649396,-1.2255564001321546,1.278178734649396,0.05872763922044584,0.9058990746607509,62.05774889068461,152.19665995709005,1.0044391661982046,1357.3802247047424,3310283876
3560,5561,6.582912840800187,5.957112947908695,1.9571129479086953,-4.627519222045161,-0.6275192220451615,0.025166665967538384,0.8856131926549629,59.938524796667274,179.75402791841577,1.2930726335944343,1357.3802247047424,3310283876
3561,5562,7.614839623368875,5.52627801976219,1.5262780197621901,-3.8116026250488484,-0.33948641942721247,0.06340999291848069,0.8918379805026191,45.820319726227986,137.305797999617,0.9287223580647481,1357.3802247047424,3310283876
3562,5563,5.679129694935921,1.6791296949359207,1.6791296949359207,-2.450434564231645,0.7632796217603772,0.0662136888387563,0.8852722554936518,49.34160768249757,116.07709964361928,0.8269768926205667,1357.3802247047424,3310283876
3563,5564,9.16620224097716,5.5808612284860395,1.5808612284860395,-5.507068658901819,-1.5070686589018187,0.056954877105625266,0.907595367307559,50.70293357159049,152.08805819300073,1.0029776391749092,1357.3802247047424,3310283876
3564,5565,6.029928311503973,2.9595688122865536,1.4257728791293438,-4.29320678633666,-0.29320678633666053,0.0768573253553746,0.882011541930657,40.950297090569485,118.59359129426569,0.9304132690627573,1357.3802247047424,3310283876
3565,5566,5.43079878197031,5.331062601127474,3.687450705667371,0.6083079942165579,1.6607641270104487,0.00011035782289907467,0.8559623275215907,136.84445007758575,395.08248113788244,3.2456047387613873,1357.3802247047424,3310283876
3566,5567,2.5531473987175475,1.7344537031993128,1.7344537031993128,-3.167271691948977,-0.01528096544121027,0.06365054795922809,0.88935260790816,49.32803572782892,127.77132340953622,0.8750798032712112,1357.3802247047424,3310283876
3567,5568,5.109225373181302,1.6136367481671585,1.6136367481671585,-1.6667951296478014,0.9543157974478063,0.07156845695487202,0.8856439509784528,50.21844251236381,113.16390801316098,0.8375986266985707,1357.3802247047424,3310283876
3568,5569,1.8605059868790301,1.6621063797355347,1.6621063797355347,-3.1655982442587107,0.44734192047976773,0.0856641148735526,0.8960507190209351,47.92152310897197,111.09798152718282,0.9191881229354052,1357.3802247047424,3310283876
3569,5570,4.608850750007633,1.738418844160283,1.738418844160283,-0.49787699209224034,0.9477490099479782,0.05690177933617113,0.9478565106066769,71.43079680933238,158.46947456613304,1.3884087085555725,1357.3802247047424,3310283876
3570,5571,3.9919620503511455,1.4351981407728733,1.4351981407728733,1.4351981407728733,1.4351981407728733,0.03337825972019672,0.8791302269656802,123.26229758534782,221.72854831925704,1.5481297236828966,1357.3802247047424,3310283876
3571,5572,2.9155316601507826,1.7438222305291746,1.7438222305291746,-1.0062317612852625,0.19917540968587688,0.06095371353492587,0.8992680644725201,52.004162867020995,129.75389770517742,0.8603199870816008,1357.3802247047424,3310283876
3572,5573,4.298694295400025,2.5405259663083575,1.5569462897210364,-1.626045194268415,-0.1211418840873022,0.060135228763636,0.8791277263431658,44.645824899063506,125.39951411199928,0.8964841971490669,1357.3802247047424,3310283876
3573,5574,7.2642753534254325,7.150923935574129,3.1509239355741294,-0.10538972130824176,-0.10538972130824176,0.0008089252519668836,0.9039227192634305,119.45099872554701,357.9063045255188,2.6971931595857743,1357.3802247047424,3310283876
3574,5575,8.547611488149297,4.547611488149296,1.5689457200107038,-5.60405508617021,-2.102709286537217,0.05833027177699971,0.8989964273065661,48.562737481217326,145.6446945124939,0.955681266461882,1357.3802247047424,3310283876
3575,5576,4.059436579164744,1.6550406317541957,1.6550406317541957,-2.5331077840037195,1.0802557422486445,0.06431829599616529,0.8926427752007748,54.96917885340107,122.30396919135536,0.8333592662631495,1357.3802247047424,3310283876
3576,5577,4.274760889722824,3.9549049339174664,2.5089456467320645,-1.4910543532679355,2.5089456467320645,0.002249609994521376,0.9238139122613709,140.34098822770508,347.1530380015199,2.690951962226639,1357.3802247047424,3310283876
3577,5578,3.6827175584436476,1.5544554274089535,1.5544554274089535,1.5544554274089535,1.5544554274089535,0.02502832646653963,0.8965323958411741,143.53157191590086,245.82556320493063,1.6927029453513605,1357.3802247047424,3310283876
3578,5579,5.547026586547825,1.8605415029150638,1.3163246093614178,0.72985903768851,1.3163246093614178,0.04806667649004963,0.940045668559941,101.55659095740626,201.90320267521233,1.5575688239374939,1357.3802247047424,3310283876
3579,5580,5.972326075874495,5.55165545144419,1.5516554514441898,-2.408343937947981,-0.9216927630706819,0.06037050350874757,0.8966300852213196,47.52091205195554,142.5019617320703,0.9427703837286593,1357.3802247047424,3310283876
3580,5581,3.8954985063723337,2.3318924474085434,1.500508916819863,-1.7132226671238908,0.5450208452369907,0.06460044745016075,0.8874502879188247,45.84264472337609,120.2431325411947,0.8371818137864281,1357.3802247047424,3310283876
3581,5582,5.70339530886068,1.7033953088606797,1.7033953088606797,-0.8257503280831813,-0.48039550095140093,0.06580762962926157,0.9083443486490546,52.478089641326854,136.23452086276006,0.9330353300013013,1357.3802247047424,3310283876
3582,5583,3.0906360267827138,1.6671791659982869,1.6671791659982869,-1.114365224666342,1.109721383034826,0.06251483585409459,0.8917317577782642,55.6962176374311,121.59845233488207,0.8235170843366605,1357.3802247047424,3310283876
3583,5584,3.2017842611656944,1.7337185189200477,1.7337185189200477,-1.7331477838081313,1.220061131157157,0.053691724877618544,0.8787049420064579,56.749091765903664,124.00129176122432,0.876427968810326,1357.3802247047424,3310283876
3584,5585,5.569066345428159,1.5690663454281593,1.5690663454281593,-1.5670650213965698,0.6948824545823044,0.08159630368860324,0.898123690390964,48.12961689826596,112.10248756012086,0.8816673749058085,1357.3802247047424,3310283876
3585,5586,5.608703132635432,5.427966264428635,1.4279662644286346,-4.9750141294683665,-1.766806746434415,0.0766507807842687,0.8902560907504258,42.32201711065426,126.95159997332668,0.9476850589143786,1357.3802247047424,3310283876
3586,5587,3.592993164393663,2.719186757763235,1.4851916932916323,-3.9919444409380027,-0.6182007251692829,0.06893494923855215,0.8813352428775413,42.66195374722193,123.80778939653823,0.9121372253903486,1357.3802247047424,3310283876
3587,5588,4.00134822276248,2.450603542332641,1.6009132498000018,-1.434590478207069,-0.6200794876694298,0.055656862347731,0.8900904596396686,47.867472916124754,136.43819056060696,0.9051745500275368,1357.3802247047424,3310283876
3588,5589,4.148928169669887,2.49967322478567,1.6320346564859975,-3.3898541304917145,0.6101458695082858,0.04979808980981022,0.8845130132596829,49.53531002605711,131.4662380069277,0.8898287952812505,1357.3802247047424,3310283876
3589,5590,5.723184731041141,3.1952245263598016,1.5119290588401268,-5.709618057561587,-2.488070941159873,0.06528415580916064,0.8944185178091583,45.792319869745505,137.16988850901114,0.9306634475342589,1357.3802247047424,3310283876
3590,5591,6.593908231375658,3.232806230491067,1.8460981870593283,-3.4904182069158063,-0.018731013050753642,0.032421193473563086,0.8734029737134088,53.63012391401589,155.3077736921486,1.1641953866084278,1357.3802247047424,3310283876
3591,5592,6.0200735282507125,5.515927232146867,1.5159272321468664,-4.433730017673886,-0.9682080586483941,0.06476775247531702,0.8913936686955344,45.37258730385139,136.06290545794468,0.9277054466083101,1357.3802247047424,3310283876
3592,5593,7.047855219283326,3.047855219283325,1.4859298570705373,-3.909104204798741,-2.5140701429294627,0.06867041253609342,0.8822661682898412,42.854256039559736,128.3276652260825,0.9347019239495769,1357.3802247047424,3310283876
3593,5594,2.3131246918930994,2.062034500509227,2.062034500509227,-4.675527617972042,-0.6755276179720426,0.03619428657495136,0.9901626267292936,111.97941626956681,311.88980394184426,3.3058034452104996,1357.3802247047424,3310283876
3594,5595,5.1772076720414875,3.8735792319445754,1.4656624476902778,-2.065852057773302,0.43130785542652883,0.06859047894711395,0.8946826299494599,45.662130122409074,133.07564496295748,0.9209242619156984,1357.3802247047424,3310283876
3595,5596,5.340816804483852,3.2135571900033897,1.5099881898770837,-1.1291035625812111,-1.1291035625812111,0.0652920706443148,0.892917499469509,45.61421360870364,133.54902893431688,0.9101416456872894,1357.3802247047424,3310283876
3596,5597,1.629604107944556,1.629604107944556,1.629604107944556,-2.969065225009623,1.0309347749903774,0.09616609049823283,0.9097949140061871,55.47325554335886,113.16311421748495,1.077442587966924,1357.3802247047424,3310283876
3597,5598,8.121214775477295,7.651164732950413,3.6511647329504124,-0.34883526704958756,-0.34883526704958756,0.00013041849763489576,0.8889846651298832,142.48068342138416,427.2833688650131,3.173950366084647,1357.3802247047424,3310283876
3598,5599,4.184798046316363,1.820648522877652,1.820648522877652,-1.5117913467175517,0.9964989518621234,0.04857437704479113,0.8764479391414699,54.17649482148939,125.30860184223965,0.8987241936673575,1357.3802247047424,3310283876
3599,5600,7.877109273580105,6.557249877219835,2.5572498772198347,-5.442750122780165,-1.4427501227801653,0.005275170036520027,0.8716973771457995,81.77225560901807,245.3113710979248,2.0232144883022425,1357.3802247047424,3310283876
3600,5601,6.881161189625363,2.881161189625363,1.3645052728155114,-2.1677200287660785,0.7163780649737993,0.07604077396320266,0.889462273528155,44.67395425703332,121.53828988608261,0.9100948214581978,1357.3802247047424,3310283876
3601,5602,6.579221899044441,2.5792218990444407,1.5092275158694661,-2.7512102856151444,0.3696484483067999,0.06421997586403888,0.8789033922243554,43.881410958847745,119.82309042028281,0.8770955526243343,1357.3802247047424,3310283876
3602,5603,3.474780771843813,1.8707474655125733,1.8707474655125733,-5.052682912876503,-1.052682912876503,0.04681650829687821,0.96194649517986,76.55496800150297,218.58719225796395,2.011112738626397,1357.3802247047424,3310283876
3603,5604,2.8561572462368368,1.657111583784962,1.657111583784962,-1.469682148327138,0.31207681693840184,0.07217362022785964,0.8928890356052205,47.775500535852906,117.81877874075442,0.8479014099271449,1357.3802247047424,3310283876
3604,5605,4.868275862205112,1.8056235354031993,1.8056235354031993,-2.7260642754334747,-0.4907942671187233,0.05369669146413648,0.8917132602779662,52.424784026887025,144.07944901680028,0.9473669465800832,1357.3802247047424,3310283876
3605,5606,9.517036323243127,5.517036323243127,1.517036323243127,-4.33938234978187,-0.33938234978187,0.0645648085066981,0.9004426770617217,47.106692116854596,141.15767845077093,0.9484512623013711,1357.3802247047424,3310283876
3606,5607,8.32002605121448,4.32002605121448,1.444744811246869,-1.7617209453467735,-1.22705891674948,0.0742394947654595,0.9029386643796071,45.17033298540916,135.10843492789436,0.9683801087632509,1357.3802247047424,3310283876
3607,5608,4.629195143396283,2.639629895273898,1.497395232037586,-1.251796131953678,1.0910332644819247,0.05200895737965318,0.8933382228171189,55.1082668054959,140.8305907512696,0.9210620866435804,1357.3802247047424,3310283876
3608,5609,7.753205878907011,3.7532058789070106,1.5063272890211463,-4.0789046745435575,-1.6806030534234346,0.06599140458274698,0.8892912179498237,44.69600374853766,133.79154491113985,0.9250324389355189,1357.3802247047424,3310283876
3609,5610,7.770707382924506,5.589000585452522,1.5890005854525227,-4.21251640044462,-1.8510179139281397,0.05603012979442823,0.8951079934056686,48.501910962905995,145.49579129530272,0.9531574058449592,1357.3802247047424,3310283876
3610,5611,5.765390258777044,1.765390258777044,1.765390258777044,-2.7761927713894554,0.8615495722826645,0.05539809562172325,0.8907519598807467,53.83939891423206,126.4449738923818,0.8379519003905256,1357.3802247047424,3310283876
3611,5612,5.693878938222932,1.6938789382229322,1.6938789382229322,-1.0968140097346712,0.9922972386892209,0.06155154778413506,0.892630242251856,54.170576305634086,121.6041982818065,0.817814864884966,1357.3802247047424,3310283876
3612,5613,4.79532191826366,1.7575138725461898,1.7575138725461898,-3.8730542136286146,-0.5415027766903924,0.05930652781529351,0.8984384048329463,51.9837975588391,142.93331880197218,0.9409667770049652,1357.3802247047424,3310283876
3613,5614,6.124165229709575,2.2188101436666114,2.2188101436666114,-1.300303113223674,-0.4520902642372522,0.020971917730166975,0.8863389773916339,67.616178506916,188.25984135525113,1.379941466186317,1357.3802247047424,3310283876
3614,5615,5.735846051612074,1.7358460516120742,1.7358460516120742,-3.36064969790731,0.6393503020926903,0.06034827330634067,0.8990309810551793,52.84355195908729,127.69384347189633,0.8450300518334123,1357.3802247047424,3310283876
3615,5616,1.9130957371099482,1.8418937945324096,1.8418937945324096,-0.8279998690314565,0.06264793176420658,0.06504535977444384,0.9052180594351189,55.67450882034279,133.6242036433508,0.9059403710401654,1357.3802247047424,3310283876
3616,5617,4.571111067853499,3.352940776531537,1.7376349536673013,-3.221485754576463,-1.5472156225745477,0.041145779015023004,0.8882709377573587,52.401657055997724,156.446785718535,1.0481959288029072,1357.3802247047424,3310283876
3617,5618,2.063734872829343,1.6361564199703684,1.6361564199703684,-1.1318559563048942,1.3353424361044697,0.06828204716004531,0.8898443991259412,60.40889706179051,119.47966313028782,0.8425109509264709,1357.3802247047424,3310283876
3618,5619,6.576737187403202,5.770123239735357,1.7701232397353563,-3.514803462914886,0.4851965370851137,0.037579442828845705,0.8933347019490673,55.20711408707634,165.16395200679858,1.102083679548798,1357.3802247047424,3310283876
3619,5620,3.9256387706110347,1.7043643455679403,1.7043643455679403,-1.9929108555133601,-0.021210406752578015,0.06592040272606556,0.8878308993694237,48.108195258954055,125.38185311058447,0.875277625166568,1357.3802247047424,3310283876
3620,5621,6.717979843040661,2.717979843040661,1.6213380034931513,-1.485263079252888,0.4719788842653412,0.05117952230907005,0.8801163087428385,47.87354449995163,130.86766469912544,0.9101263298669724,1357.3802247047424,3310283876
3621,5622,7.966369322066056,3.9663693220660563,1.5034214636687762,-3.7565213707127367,0.2434786292872635,0.06522573238185508,0.8888586304899884,45.07099657691145,132.38364324861618,0.9136716166155163,1357.3802247047424,3310283876
3622,5623,8.12028293006895,4.340687001285695,1.428360846256494,-5.709992351789039,-1.7099923517890392,0.07659396299468771,0.8893247069779058,42.18079554116496,126.43662319883019,0.9468095798407992,1357.3802247047424,3310283876
3623,5624,5.60805235580138,1.6080523558013806,1.6080523558013806,-1.4922336071223596,1.0573401311233779,0.07010699628621381,0.8860388579890293,52.17100817246983,114.77531376860222,0.8369395968882163,1357.3802247047424,3310283876
3624,5625,9.651742627152371,5.651742627152371,1.6517426271523714,-4.820304766804067,-2.3482573728476286,0.04929351430773734,0.8842171697504747,48.66979447208568,146.0062081414188,0.9856494551689012,1357.3802247047424,3310283876
3625,5626,6.730693380544067,2.730693380544067,1.5635975291435489,-2.589472361741377,-0.42047667273473044,0.05914070586448078,0.8778140677341465,44.62461459209782,128.71633090100417,0.9237652833660291,1357.3802247047424,3310283876
3626,5627,6.078613050223419,2.0786130502234186,2.0786130502234186,-1.625920221241603,1.1686310033384424,0.027590329720202367,0.88204353293566,64.88861493672475,152.3656326030783,1.1155450623428933,1357.3802247047424,3310283876
3627,5628,5.7896114406672154,1.7896114406672157,1.7896114406672157,-1.1350102494140575,0.5672627242254609,0.05450642114280118,0.8894140700506827,52.410762052285975,127.579815710961,0.8480429360272118,1357.3802247047424,3310283876
3628,5629,5.338145999690152,3.5089858484672867,1.444371361036447,-4.847620905596628,-0.8476209055966282,0.0743131273213201,0.8845087895710246,41.894679622936415,124.44945315109688,0.9354452221823742,1357.3802247047424,3310283876
3629,5630,2.1697633397920457,1.6253799122656196,1.6253799122656196,-1.9535619793718624,-1.9535619793718624,0.08251124909022406,0.9048256380097851,48.119279394017255,137.5718189157933,1.0589810744818267,1357.3802247047424,3310283876
3630,5631,8.85793048380392,5.47606242870634,1.4760624287063409,-1.5583798759251835,-1.5583798759251835,0.06991118422824961,0.9054816482232285,46.72065589469561,140.0577930993226,0.9743308445155648,1357.3802247047424,3310283876
3631,5632,2.0174007692351017,1.7357283417327571,1.7357283417327571,-1.2243687378234087,0.2175266779856284,0.0718582220736955,0.8946891229918795,49.97573688848174,120.46707007043747,0.859493860261114,1357.3802247047424,3310283876
3632,5633,2.692125750606158,2.024405377625945,2.024405377625945,-0.6525551736706312,0.8146207188755321,0.033870384661178324,0.881443385685917,60.10869130393244,141.18224000067636,1.009065286311411,1357.3802247047424,3310283876
3633,5634,6.436338035110035,2.4363380351100354,1.4678541573878354,-3.3838058112724134,0.2384924899731944,0.07049573333025218,0.882440116551807,42.78996025459071,116.73659639179974,0.8695820037247945,1357.3802247047424,3310283876
3634,5635,5.712342024247724,1.7123420242477243,1.7123420242477243,-1.4939799590801766,1.3367565470028324,0.053076447432522766,0.8789296195884073,59.70069406398025,127.7733946707499,0.898789223616387,1357.3802247047424,3310283876
3635,5636,9.162043342095357,7.176461402165742,3.1764614021657422,0.2440865057751176,2.580155699253162,0.0004797803859846981,0.8546943867651611,126.65840340507962,375.84249311805104,3.1325920372410487,1357.3802247047424,3310283876
3636,5637,2.4725005638376585,1.654790779322987,1.654790779322987,-2.378741188548032,0.8711457981626916,0.06981840411701931,0.8882656661485826,50.32343280140919,113.29196690062724,0.8167204185453623,1357.3802247047424,3310283876
3637,5638,2.3423742639173906,1.5283181821311282,1.5283181821311282,-0.7236570158891629,1.5283181821311282,0.0660606921337834,0.9117462716569054,74.2845913870421,139.25843111980123,0.9644308622719638,1357.3802247047424,3310283876
3638,5639,4.878851293762484,1.8962623183694032,1.8962623183694032,-4.567233319699073,-0.5672333196990731,0.044279767636307074,0.9994626246748569,160.0,445.10069242366353,4.41747955172309,1357.3802247047424,3310283876
3639,5640,4.752176344227323,2.6095880904022435,1.5165579329366867,-2.41557699579113,0.780922866789916,0.05831981700114408,0.8816422531780437,47.516578380998354,125.39941393653103,0.8761129630843286,1357.3802247047424,3310283876
3640,5641,5.672282526730884,3.297979702192811,1.3375566874647498,-1.8009286045832402,0.9730875634850462,0.06985786779986262,0.8939643545349991,49.892420827739144,137.4227665166708,0.9578935567267312,1357.3802247047424,3310283876
3641,5642,3.5919780182255696,1.7225708623612603,1.7225708623612603,-2.669846611835974,-1.1721288376979868,0.06367663092345911,0.8987342475928243,50.7647446810708,144.6476411491802,0.9674415856092166,1357.3802247047424,3310283876
3642,5643,5.798956173981886,1.7989561739818862,1.7989561739818862,-2.4752096768689933,1.1529238734067264,0.04871575257776181,0.8922635825602694,59.447251144021635,133.94017225402243,0.8783796683804392,1357.3802247047424,3310283876
3643,5644,2.140406699239021,1.695162337188318,1.695162337188318,-1.4890259085771573,0.7935682773761866,0.07055541469270957,0.8879921073696775,50.133329668572856,112.01289265273894,0.8140108211497418,1357.3802247047424,3310283876
3644,5645,3.9479930867010546,3.8666156044527433,1.6714346613122533,-5.169012739075007,-1.1690127390750076,0.04732478115744041,0.898643965893222,52.06650185855768,155.47154140905286,1.0099646480785909,1357.3802247047424,3310283876
3645,5646,1.8966440518237242,1.8405549568653756,1.8405549568653756,-1.1058026527996392,-0.36420707983789113,0.06609291587433695,0.9013564712675275,54.457932440828664,138.524294331101,0.9388429809469337,1357.3802247047424,3310283876
3646,5647,9.16238297045328,5.428274400290233,1.4282744002902334,-4.3972766692959215,-2.5717255997097666,0.07660644613232484,0.8846714190733508,41.40547689361128,124.21372868039859,0.9511441483626444,1357.3802247047424,3310283876
3647,5648,3.4023699030493724,1.723047816263966,1.723047816263966,-1.123650212817266,0.9639190561978469,0.058809954235180165,0.8901223684360404,53.90758069196774,122.33341104107753,0.8206079743164835,1357.3802247047424,3310283876
3648,5649,1.7298820171800524,1.6573144627192442,1.6573144627192442,-2.1640968215167184,-0.4768876385682521,0.09405998639058466,0.9004583189097979,47.31738665365375,122.5460773931803,1.0942628852945655,1357.3802247047424,3310283876
3649,5650,3.8023083352400637,1.633345942887296,1.633345942887296,-1.7466406687973928,0.8847440870176285,0.07033385847899037,0.8849724882907144,49.47552943990027,113.09113947225578,0.8321933889637436,1357.3802247047424,3310283876
3650,5651,9.561808745589987,5.561808745589987,1.561808745589987,-2.0322297548311132,-0.26326842553387797,0.0590890163671565,0.8940587543502777,47.422633652326496,142.09306176592165,0.9399643737372017,1357.3802247047424,3310283876
3651,5652,4.042533884154604,3.5764192202543192,1.4368295204221475,-3.066716546006387,-0.42265824219327963,0.07532032024611506,0.8849503346917553,41.751604081051475,123.25323489654765,0.9333123540825914,1357.3802247047424,3310283876
3652,5653,2.432372969164634,1.8312522705618832,1.8312522705618832,-1.2328061815923976,-1.2328061815923976,0.05372653161886266,0.91527129350035,58.334103479556674,160.3388592107688,1.078243531542603,1357.3802247047424,3310283876
3653,5654,6.670386175282415,2.670386175282415,1.662487594234087,-0.9019849370489694,-0.9019849370489694,0.048313427656459094,0.8917763386616852,50.622151230669886,143.7667260893462,0.9435096564384494,1357.3802247047424,3310283876
3654,5655,7.393351893652434,4.790343028275086,0.7903430282750863,0.7903430282750863,0.7903430282750863,0.08933404791146297,0.8689645071017409,68.1503550654825,188.72247737216998,1.611255618481857,1357.3802247047424,3310283876
3655,5656,6.449611042404449,5.420158496346981,1.4201584963469809,-5.715699488200497,-2.579841503653019,0.07778077124654428,0.8762510058201977,39.83385065592035,119.49893351640935,0.9811261935981475,1357.3802247047424,3310283876
3656,5657,1.863231812680536,1.4710641188513833,1.4710641188513833,-1.2369821089710114,1.4710641188513833,0.08430716533395405,0.908144015516861,68.76755761193645,129.2020539005164,1.0298168337495983,1357.3802247047424,3310283876
3657,5658,2.6733743185520753,2.2058294629973254,1.5060702957120136,-2.241347475777597,0.24505507999551202,0.06861511210035919,0.8816985726069664,43.535213384231035,114.57478197802351,0.8483189986790507,1357.3802247047424,3310283876
3658,5659,2.159102754773912,1.6463801365213626,1.6463801365213626,-1.6875047805499215,0.48292234534165734,0.07838100775543247,0.8922547562162592,47.44241094019043,111.3708260821034,0.8558985844771718,1357.3802247047424,3310283876
3659,5660,6.921417128980202,2.921417128980202,1.6134397278865356,-3.849942694147134,-0.882732305627183,0.0534077645566031,0.8902321542150646,48.42405017330901,142.4995952138441,0.9409237387831335,1357.3802247047424,3310283876
3660,5661,7.150465903005388,3.1504659030053883,1.4751743313344525,-2.5248256686655477,-2.5248256686655477,0.0700918922834962,0.8800022141152183,42.14945428607917,126.06673958401242,0.9416962394654853,1357.3802247047424,3310283876
3661,5662,7.667544966365869,3.6675449663658686,1.4911728146164636,-4.918369505086234,-2.508827185383536,0.0679577723649938,0.8886035604308314,44.08577814409368,132.1676239912334,0.9271313781858749,1357.3802247047424,3310283876
3662,5663,5.72411239579437,1.7241123957943696,1.7241123957943696,-2.83860956973607,0.7842352774781258,0.060664733086059644,0.8930084169015181,52.33261090345248,123.58303430237797,0.8267778027215104,1357.3802247047424,3310283876
3663,5664,6.511616982349654,5.5601029967114055,1.560102996711406,-2.903167218235534,0.4999816837905937,0.057071086523524175,0.8961817711759935,49.082153580306944,146.6836883736096,0.9615240752855523,1357.3802247047424,3310283876
3664,5665,6.508786056683966,3.1673288608602483,1.4563040196399413,-4.713418146484912,-1.349354839254327,0.07266254248061128,0.8918239761027342,43.506138473723766,129.47434130154727,0.9294025561211,1357.3802247047424,3310283876
3665,5666,5.714504074892501,1.714504074892501,1.714504074892501,-2.151024824472948,1.4605297428356097,0.04990899135410373,0.8992630409101692,69.02947422911429,144.99761834425576,0.940716340328129,1357.3802247047424,3310283876
3666,5667,3.822381725428544,2.706689598861053,1.6680179109428257,-1.2130529101160097,-0.16476563970158176,0.04785193256277111,0.8766608097359584,47.989087684630775,135.55393132211705,0.9640471917874788,1357.3802247047424,3310283876
3667,5668,5.671469523111555,1.6714695231115553,1.6714695231115553,-1.1125111879474303,0.6082663228392164,0.06840714216773135,0.9014030821644736,51.19522937159294,121.73582884856663,0.8422597730761856,1357.3802247047424,3310283876
3668,5669,5.9773074022490285,5.090491913175193,1.0904919131751933,-1.1017612811959876,1.0904919131751933,0.08463222798213806,0.9096752160349327,54.77779090059849,161.79667249375876,1.2489256320884898,1357.3802247047424,3310283876
3669,5670,6.4288337693719315,5.446734357234651,1.4467343572346512,-1.512408932906226,0.8438203207734644,0.06352955033718986,0.9177200945572132,54.532012222900946,162.41982150406926,1.1302729562176632,1357.3802247047424,3310283876
3670,5671,5.643196420510867,1.6431964205108667,1.6431964205108667,-1.1838079229054688,1.0872023841397986,0.06545120211176667,0.8910341478418045,54.57086342854822,119.881241769264,0.8268889593402305,1357.3802247047424,3310283876
3671,5672,4.811287480074664,2.542739572557195,2.542739572557195,-0.6846003577496496,-0.6846003577496496,0.008976550186748049,0.8976342165055051,84.65117488129373,234.73410433695096,1.7830557568491574,1357.3802247047424,3310283876
3672,5673,6.770155178948261,5.608591919317164,1.6085919193171645,-3.7241309667795655,-2.3914080806828357,0.053852800868678004,0.8792400823859119,46.36379599360334,139.0883151325621,0.971018948612733,1357.3802247047424,3310283876
3673,5674,3.4715490899067736,1.6648577996349365,1.6648577996349365,-2.430925438031001,0.5597012217635065,0.06968898264130502,0.8866746709188624,47.748480477046456,115.31863515958887,0.8352255792286782,1357.3802247047424,3310283876
3674,5675,1.9936631063507921,1.7940449171834836,1.7940449171834836,-3.0325593958575014,0.534109522746604,0.06589292927069892,0.8948759570386781,52.519344456611364,123.12213451783,0.8417034178596616,1357.3802247047424,3310283876
3675,5676,2.7687848078068846,1.6859209083119593,1.6859209083119593,-3.7754804269839006,0.22451957301609915,0.06870096771312502,0.8952074445194991,49.012477681768424,123.32802462976233,0.8575065597652317,1357.3802247047424,3310283876
3676,5677,5.671480167269676,1.671480167269676,1.671480167269676,-2.8658569501938658,-0.007683925177855544,0.0703333124577001,0.8897505612584171,47.30914378660662,122.9347114530421,0.8774299824258802,1357.3802247047424,3310283876
3677,5678,2.633485563880196,2.3035388245266573,1.588517722113504,-3.826634501329776,-1.9444132765027273,0.05967885353815744,0.8866347492985078,46.532634749085744,137.61223227064988,0.9346971281894285,1357.3802247047424,3310283876
3678,5679,5.315335496248952,2.3818427706013368,1.4894134764574922,-3.536564975437309,0.46343502456269126,0.06644714590504408,0.883047867895469,44.32136346598206,118.00500419820516,0.8515216447971207,1357.3802247047424,3310283876
3679,5680,5.705884195168727,3.935858152259622,1.1732591719737244,-1.3984398260041981,1.1732591719737244,0.07220034633975995,0.9126963865125357,59.17248759798334,167.57371471259557,1.1879093058272883,1357.3802247047424,3310283876
3680,5681,4.886661634266427,4.262593570876306,1.4725875093271454,-3.579159898678892,-2.162569280521719,0.07043109267987722,0.887372905856774,43.27006499800858,129.75086881764997,0.9306468864919689,1357.3802247047424,3310283876
3681,5682,5.615127142728481,1.6151271427284806,1.6151271427284806,-1.5062330493343776,0.2502781752577634,0.07794291049759808,0.8958001502884227,46.815382342985984,116.54876630093813,0.8791571000010369,1357.3802247047424,3310283876
3682,5683,4.908787758175157,1.3376262895772415,1.3376262895772415,-0.9810612995384189,1.3376262895772415,0.09039806517375837,0.8764816605823468,56.09272396827874,112.00321049592635,1.0634233766472776,1357.3802247047424,3310283876
3683,5684,9.50300062075561,5.598426856683265,1.5984268566832642,-1.3715011555723415,-0.40974026293704924,0.05488321375043493,0.897341710880937,49.31400917614949,147.75560712603885,0.9632881262213387,1357.3802247047424,3310283876
3684,5685,4.489052141219373,3.6991947373617684,1.4716767631703456,-1.5264178288740458,-0.2841218389013944,0.07038562260771476,0.8914232388694,44.01263077573315,129.77157394290734,0.9172563634325128,1357.3802247047424,3310283876
3685,5686,2.0713187381395004,1.7718002412540557,1.7718002412540557,-1.2898003440550698,0.7166768597333584,0.06479552278155908,0.88903238486761,51.787201498471674,117.11967093160811,0.8120678076357141,1357.3802247047424,3310283876
3686,5687,6.303432186661314,2.8369892812097124,1.470805032521698,-3.3966245338281373,-1.3096610484349813,0.07075476309566885,0.8916453965665858,43.93186304969258,130.1135499300428,0.9212360148360085,1357.3802247047424,3310283876
3687,5688,5.695324080216911,1.695324080216911,1.695324080216911,-3.366320841778866,0.1915529556214166,0.06690307983957701,0.8915340236309298,48.62998783896187,123.90068851135632,0.8588618518964366,1357.3802247047424,3310283876
3688,5689,1.889056989295082,1.7216752052909652,1.7216752052909652,-2.2317396669196805,0.9934953590785254,0.07345988802872423,0.8893082048454394,53.008571453399824,112.70445076139396,0.8335985377166452,1357.3802247047424,3310283876
3689,5690,6.882158942713435,5.394786558769244,1.3947865587692445,-3.8872012996863963,-1.540177177861621,0.08154007460156266,0.8989499639650915,42.786055439330354,128.33530959728188,0.9860532783791687,1357.3802247047424,3310283876
3690,5691,5.72213288695733,1.7221328869573302,1.7221328869573302,-1.3453171868049891,0.9170074431681547,0.05949124504606853,0.8844604345477133,52.07114673588442,119.85374837576254,0.8286275537251852,1357.3802247047424,3310283876
3691,5692,5.806124924037664,3.9652843598743956,0.9607038984347099,0.3452960287095793,0.9607038984347099,0.09086896657795923,0.9270045376346694,69.28958576753736,173.73400954767612,1.4969344402923292,1357.3802247047424,3310283876
3692,5693,7.045587577812491,3.0455875778124906,1.5423563818218227,-1.1648617527130007,-0.6869232084651344,0.06133251129905988,0.890805616486552,46.276758022562184,134.47250378880275,0.9051806280442689,1357.3802247047424,3310283876
3693,5694,6.974166342379492,2.974166342379492,1.5873014347131205,-2.7693869798064448,-1.6522249780186693,0.056276990393308586,0.8892932512665892,47.376292738400835,141.10389926316662,0.9391163262465427,1357.3802247047424,3310283876
3694,5695,5.7975098978032715,1.7975098978032713,1.7975098978032713,-1.1129556356574686,0.6288561790281786,0.053401336319521535,0.8880757280033378,52.68308172457514,127.31572820327925,0.8496266260864138,1357.3802247047424,3310283876
3695,5696,1.5892679307916084,1.5892679307916084,1.5892679307916084,-1.6449137110473215,1.0719790483132088,0.10204612197130428,0.8945807402597726,51.880530637485656,103.17096358289571,1.0913790878175502,1357.3802247047424,3310283876
3696,5697,3.1401206559381056,1.6780358422481514,1.6780358422481514,-2.952647318242744,0.6937026700797793,0.06710231619251904,0.8924005471174569,50.08348078028854,118.53687039132286,0.8229640431331194,1357.3802247047424,3310283876
3697,5698,7.427807706325969,3.427807706325969,1.5327628397355795,-3.162274605408908,0.8377253945910917,0.055297110745409085,0.890656661319001,50.362284190087784,141.24683279710763,0.9340814262838455,1357.3802247047424,3310283876
3698,5699,4.708012380411205,1.643435174336972,1.643435174336972,-3.48101063464843,0.5189893653515698,0.0727941902548778,0.8937212668429098,48.18752908407147,116.9015659180692,0.8445351530723199,1357.3802247047424,3310283876
3699,5700,5.500602533785724,1.5006025337857238,1.5006025337857238,-2.6708879289989342,0.2667845362396235,0.09609976791486,0.8903478999394495,42.14748598652298,103.77516259097166,1.0151694807384597,1357.3802247047424,3310283876
3700,5701,2.368457472547105,1.7768094341912193,1.7768094341912193,-1.1047914230524827,1.0697103168501658,0.05528738551292574,0.8872205080910426,56.035734195046565,121.70286771142474,0.818997602643915,1357.3802247047424,3310283876
3701,5702,8.516646780868557,5.671795128285121,1.6717951282851202,-5.066530017586631,-1.6986900025250402,0.047282363209291405,0.8914582866677668,50.67354826274978,152.00883231406328,0.9984999661544494,1357.3802247047424,3310283876
3702,5703,5.610385562677176,1.610385562677176,1.610385562677176,-0.9109210790346975,1.3585188037236957,0.06172555117209359,0.9020030129314996,64.92226626382556,135.02100174343587,0.8977230577185533,1357.3802247047424,3310283876
3703,5704,6.557141678257595,2.5571416782575946,1.6386955327013046,-3.6581898987828767,0.34181010121712374,0.05045136613677218,0.8842266803383014,48.65245081331552,132.9147507473602,0.9006305033538597,1357.3802247047424,3310283876
3704,5705,5.281261068653512,3.7503963034045142,1.8042611683938006,-5.329148422332871,-1.329148422332871,0.035595574605456766,0.998774027946351,140.547655640051,420.0755071244344,4.261033638548152,1357.3802247047424,3310283876
3705,5706,4.10120058555518,1.6746253660557835,1.6746253660557835,-1.038740148365776,1.6746253660557835,0.046989203853113594,0.8839214977858314,74.12447542049809,147.49249311640418,0.9980638824140614,1357.3802247047424,3310283876
3706,5707,7.137559687708161,5.550167134090425,1.5501671340904248,-4.871176185572867,-0.8711761855728672,0.0605489563906586,0.8983050032886402,47.78736419776609,143.2980267436098,0.9472023962630037,1357.3802247047424,3310283876
3707,5708,5.815430666610718,5.568660179014467,1.5686601790144665,-6.431339820985533,-2.4313398209855333,0.0583635706685933,0.8977034613732945,48.30012883512557,144.89709863722328,0.9515748818769246,1357.3802247047424,3310283876
3708,5709,5.71596786271196,1.7159678627119597,1.7159678627119597,-4.1755377089666394,-0.17553770896663967,0.06447120144963642,0.8951908642657971,49.853386410488575,132.39462622673915,0.8947193706218655,1357.3802247047424,3310283876
3709,5710,7.092512076560754,3.092512076560755,1.359868187031439,-2.939147361939656,0.3382167469812074,0.08372923745204916,0.8860317570217505,40.7166998075144,115.28651906469526,0.9533349312323441,1357.3802247047424,3310283876
3710,5711,5.03601632033839,1.722371641754982,1.231321948167283,-1.5885181885861874,0.8580320001690247,0.0954050236273154,0.8882599964445836,43.93665202209682,102.29589589531474,1.0026585326661714,1357.3802247047424,3310283876
3711,5712,9.409704567885578,5.409704567885577,1.4097045678855775,-6.209963281928606,-2.209963281928606,0.07931346717985768,0.8872237332000674,41.237214483375716,123.70537095001802,0.9601233806410623,1357.3802247047424,3310283876
3712,5713,6.460181760417364,2.460181760417364,1.4163263776319905,-1.6536065955664545,0.6542287009744999,0.07189068288422455,0.8933591756845845,45.76716758694924,120.38213441385116,0.8616119980930621,1357.3802247047424,3310283876
3713,5714,7.038617154706507,3.0386171547065066,1.6900038161263389,-3.4686846371144515,-2.309996183873661,0.04556681473863841,0.8844839244574607,50.03086569859917,149.70860203309422,1.0113332601990144,1357.3802247047424,3310283876
3714,5715,5.763136302800985,1.7631363028009854,1.7631363028009854,-3.272812979555165,0.7271870204448352,0.056687947283323534,0.9066659702372557,55.978139836158924,134.09541239618912,0.883650876073172,1357.3802247047424,3310283876
3715,5716,6.9232259274576196,2.9232259274576196,1.1311192346232755,-1.0081220170024183,1.1311192346232755,0.07829018862394335,0.8795223968012655,49.62084726637844,115.96012425909683,0.9402695095165517,1357.3802247047424,3310283876
3716,5717,7.117118655824125,5.660006893259074,1.660006893259074,-1.575547883722161,-0.9646172759608778,0.04843392542871463,0.8976301883179304,51.46486576601484,154.29885475933312,1.002214272069306,1357.3802247047424,3310283876
3717,5718,6.518703621522284,2.5187036215222838,1.3245719999331413,-1.156013904539336,1.0073625377461877,0.0697873605334019,0.9022582297713921,52.42937859815318,133.26216604302928,0.9256425335336324,1357.3802247047424,3310283876
3718,5719,6.401110872020382,5.522458242695681,1.5224582426956812,-3.1646037367675617,-1.610084450804636,0.06394713591151735,0.8911128046362004,45.538185249029986,136.5974423967856,0.9282981273322445,1357.3802247047424,3310283876
3719,5720,4.313341047751885,1.7962796410644755,1.7962796410644755,-4.261538586437253,-1.677231272505903,0.05475548666422454,0.9055395601939853,54.92792180240969,160.24978300237066,1.047791848209452,1357.3802247047424,3310283876
3720,5721,5.85133984841482,1.8513398484148196,1.8513398484148196,-2.7133302416622325,1.286669758337768,0.042382884104423243,0.8979962869128398,64.98584809478922,144.41435239056636,0.9464102679446499,1357.3802247047424,3310283876
3721,5722,6.968521455047393,2.9685214550473926,1.4915306709359692,-5.9442569704560135,-1.9442569704560129,0.06794980210396975,0.8973977343420151,45.6544481604687,136.3198766619741,0.9350469758772303,1357.3802247047424,3310283876
3722,5723,7.004164465223749,3.0041644652237487,1.4633214708141393,-1.8408377649101797,0.16476974830261115,0.07070114108428333,0.892433647722152,44.286779845792495,125.88531079574437,0.8915293058452837,1357.3802247047424,3310283876
3723,5724,7.0027273997087525,3.0027273997087534,1.6325658354584374,-1.55489372340909,-1.55489372340909,0.051307254525576336,0.8909702215616149,49.24213401817676,145.2729330409278,0.9552496504193937,1357.3802247047424,3310283876
3724,5725,9.658926273410561,6.129714052184486,2.129714052184486,-2.8889963350281294,-0.04331572738667644,0.01659179809106702,0.8730950758276698,64.20081280135805,192.47106311402078,1.5322339777083183,1357.3802247047424,3310283876
3725,5726,5.72999754344153,1.7299975434415302,1.7299975434415302,-1.3013663089271266,0.8078525234241776,0.059757573810604245,0.8858970288207237,51.35583365778262,120.25646422567645,0.82546597031654,1357.3802247047424,3310283876
3726,5727,4.511057373646333,4.338887766394855,2.294281357213909,-0.4639613090556933,0.8709437907261357,0.010610086053112327,0.8539253026940885,68.17083742478363,197.50556273136527,1.8476745416305662,1357.3802247047424,3310283876
3727,5728,9.553033890317852,5.553033890317852,1.5530338903178527,-3.1401977284113256,-0.21226575021500693,0.06010491237373394,0.8894027895158346,46.29940586323062,138.71419359806166,0.9329205500049127,1357.3802247047424,3310283876
3728,5729,5.758213713785813,1.758213713785813,1.758213713785813,-2.68441511707871,0.9365690238810664,0.05540530221366778,0.8892075875189456,54.204209207177996,125.68065118739574,0.8377764800041682,1357.3802247047424,3310283876
3729,5730,7.7919826887901475,3.7919826887901467,1.299433121245524,-4.2391458827911475,-0.23914588279114835,0.09651387201644288,0.8830931343369566,37.31747346617672,110.31290284270563,1.0931944540600116,1357.3802247047424,3310283876
3730,5731,9.542641926746406,5.5426419267464055,1.5426419267464058,-3.764326225452712,-1.1228067003472868,0.061458555049148475,0.8860518997244385,45.3239456068298,135.93226836824743,0.9320516539974284,1357.3802247047424,3310283876
3731,5732,6.881202926589548,2.881202926589549,1.5648110411838174,-1.6802699940945232,0.6816361602698308,0.054793951027788404,0.8820248715866836,47.83589977025865,130.43788401119943,0.8995282389867142,1357.3802247047424,3310283876
3732,5733,3.0479835791410697,1.7767885074408523,1.7767885074408523,-2.3421205103471805,0.7001162515493853,0.05555843374476736,0.8818020253110824,51.13552461258412,122.42546894415614,0.8500125200353408,1357.3802247047424,3310283876
3733,5734,5.793040584485443,1.7930405844854431,1.7930405844854431,-1.0646443250132154,0.3826198532454368,0.054598729697469324,0.8888392785628441,51.93566648979677,129.04509494092838,0.8596049168566047,1357.3802247047424,3310283876
3734,5735,6.5853870632311,2.5853870632311002,1.6227121198293226,-5.138072478504356,-2.3772878801706776,0.05287629273930369,0.8846051315819278,47.659910380203996,142.35315722203333,0.9612851076553989,1357.3802247047424,3310283876
3735,5736,7.929088885080224,3.9290888850802244,1.4366174873993518,-5.749714575273473,-2.285097694869526,0.07541314923450389,0.8916072935176469,42.83769149662651,128.43127942053374,0.9435736891118619,1357.3802247047424,3310283876
3736,5737,6.585992411335779,3.0240256898258853,1.2977292229374482,-1.6152562889286257,-0.47635306160649926,0.09701061361899282,0.8855499449351345,37.593846864535486,109.47244488991134,1.0830282559272093,1357.3802247047424,3310283876
3737,5738,4.239242548292409,1.6876080584192519,1.6876080584192519,-3.58110022777423,-0.16286437300900092,0.06821174704931957,0.890491077396205,47.958927311267566,126.8506679953928,0.8879725456081317,1357.3802247047424,3310283876
3738,5739,3.583430035162016,2.6655010825260304,1.4788672839570793,-3.4020442765237178,-0.8064467702604579,0.06984406516779473,0.8844740707632879,42.95867576580607,125.23351820432438,0.9102776198087139,1357.3802247047424,3310283876
3739,5740,3.1804188287525736,2.7356121331778436,1.437998398903497,-3.61549965006731,0.38450034993268933,0.07286326113764603,0.8891974430604835,43.633424501916416,119.47198998367085,0.8736077188343776,1357.3802247047424,3310283876
3740,5741,5.6775144860124875,1.677514486012487,1.677514486012487,-2.869561108978069,0.7193371188986523,0.06683378239377263,0.8916142258787538,50.11839415158311,118.68063620461756,0.8244295056238429,1357.3802247047424,3310283876
3741,5742,6.705773482201838,5.8775088900986505,1.8775088900986503,-1.0461179721259384,0.03898618602603898,0.030103516530924815,0.8832692757482644,56.664569165891834,169.7160038662645,1.2051570204658741,1357.3802247047424,3310283876
3742,5743,6.532875222621488,2.532875222621488,1.61172604328328,-1.3924879606077605,-0.9534965967979789,0.05415002325457517,0.8949469087645452,49.182229493977424,141.80831099947872,0.9265324785101297,1357.3802247047424,3310283876
3743,5744,5.769381214013284,1.7693812140132836,1.7693812140132836,-2.4734049902211597,1.087633881633383,0.05239507173806056,0.8902056229420409,57.05021042774403,129.30665518359595,0.8545123924643505,1357.3802247047424,3310283876
3744,5745,9.314159226409839,5.3141592264098385,1.314159226409838,-3.3811115085505032,-2.685840773590162,0.09439630574168358,0.8928024855012435,39.19116891527961,117.5703589381781,1.074523382503568,1357.3802247047424,3310283876
3745,5746,5.636462270281275,3.900853374847059,1.4554050650866437,-5.796976896280188,-1.796976896280187,0.0727783937110013,0.912964983503889,47.54395812890517,142.42171622648,1.0298131168673808,1357.3802247047424,3310283876
3746,5747,6.421405214634019,2.421405214634019,1.518261808158454,-4.059885960249591,-0.05988596024959114,0.06513756622701206,0.8871916893971207,44.71244963614008,124.53264740514834,0.8684818804601044,1357.3802247047424,3310283876
3747,5748,5.7110935283005775,1.7110935283005777,1.7110935283005777,-1.5951455605371143,0.6325913499169309,0.06334566135483743,0.8844608391008829,49.18278550650616,118.1676835407853,0.8312564143966131,1357.3802247047424,3310283876
3748,5749,9.389292095484993,5.3892920954849926,1.3892920954849928,-2.1926188419523553,-1.164492460477142,0.08236703542853802,0.8889540161600828,40.8837044571402,122.59968914735147,0.9756300033549201,1357.3802247047424,3310283876
3749,5750,5.421947461036446,4.062007431670444,1.4535171083661436,-1.8424361340669895,-0.7514214669675863,0.07301579592022191,0.8852847005346499,42.32047098863201,126.19519046614337,0.9336923560190066,1357.3802247047424,3310283876
